task,caseid,user,Activity_1,Resource_1,creator,variant,variant_index,end_timestamp,start_timestamp
Start,100101,Start,Start,Start,Fluxicon Disco,Variant 6,6,2016-03-12T23:59:55.000,2016-03-12T23:59:55.000
Traer informacion estudiante - banner,100101,7071,Traer informacion estudiante - banner,7071,Fluxicon Disco,Variant 6,6,2016-03-12T23:59:55.000,2016-03-12T23:59:55.000
Radicar Solicitud Homologacion,100101,7071,Radicar Solicitud Homologacion,7071,Fluxicon Disco,Variant 6,6,2016-03-13T00:00:02.000,2016-03-13T00:00:02.000
Validar solicitud,100101,22475,Validar solicitud,22475,Fluxicon Disco,Variant 6,6,2016-03-13T00:19:56.000,2016-03-13T00:19:49.000
Homologacion por grupo de cursos,100101,22478,Homologacion por grupo de cursos,22478,Fluxicon Disco,Variant 6,6,2016-03-14T14:15:32.000,2016-03-14T14:07:40.000
Revisar curso,100101,22475,Revisar curso,22475,Fluxicon Disco,Variant 6,6,2016-03-14T14:07:40.000,2016-03-14T14:07:40.000
Evaluacion curso,100101,22478,Evaluacion curso,22478,Fluxicon Disco,Variant 6,6,2016-03-14T14:15:55.000,2016-03-14T14:08:04.000
End,100101,End,End,End,Fluxicon Disco,Variant 6,6,2016-03-14T14:15:55.000,2016-03-14T14:15:55.000
Start,100102,Start,Start,Start,Fluxicon Disco,Variant 7,7,2016-03-13T00:20:48.000,2016-03-13T00:20:48.000
Traer informacion estudiante - banner,100102,7071,Traer informacion estudiante - banner,7071,Fluxicon Disco,Variant 7,7,2016-03-13T00:20:48.000,2016-03-13T00:20:48.000
Radicar Solicitud Homologacion,100102,7071,Radicar Solicitud Homologacion,7071,Fluxicon Disco,Variant 7,7,2016-03-13T00:20:49.000,2016-03-13T00:20:49.000
Cancelar Solicitud,100102,7071,Cancelar Solicitud,7071,Fluxicon Disco,Variant 7,7,2016-03-13T02:13:42.000,2016-03-13T00:26:08.000
Validar solicitud,100102,22475,Validar solicitud,22475,Fluxicon Disco,Variant 7,7,2016-03-13T00:26:11.000,2016-03-13T00:26:08.000
Notificacion estudiante cancelacion soli,100102,7071,Notificacion estudiante cancelacion soli,7071,Fluxicon Disco,Variant 7,7,2016-04-07T18:34:20.000,2016-04-07T18:34:20.000
End,100102,End,End,End,Fluxicon Disco,Variant 7,7,2016-04-07T18:34:20.000,2016-04-07T18:34:20.000
Start,100952,Start,Start,Start,Fluxicon Disco,Variant 3,3,2016-03-14T16:21:52.000,2016-03-14T16:21:52.000
Traer informacion estudiante - banner,100952,5641,Traer informacion estudiante - banner,5641,Fluxicon Disco,Variant 3,3,2016-03-14T16:21:52.000,2016-03-14T16:21:52.000
Radicar Solicitud Homologacion,100952,5641,Radicar Solicitud Homologacion,5641,Fluxicon Disco,Variant 3,3,2016-03-14T17:25:21.000,2016-03-14T16:21:53.000
Validar solicitud,100952,1707,Validar solicitud,1707,Fluxicon Disco,Variant 3,3,2016-03-31T18:16:14.000,2016-03-31T16:50:05.000
Homologacion por grupo de cursos,100952,15930,Homologacion por grupo de cursos,15930,Fluxicon Disco,Variant 3,3,2016-04-15T18:22:48.000,2016-04-15T13:34:48.000
Revisar curso,100952,1707,Revisar curso,1707,Fluxicon Disco,Variant 3,3,2016-04-15T15:03:41.000,2016-04-15T13:34:48.000
Evaluacion curso,100952,1707,Evaluacion curso,1707,Fluxicon Disco,Variant 3,3,2016-05-02T18:48:36.000,2016-05-02T15:53:02.000
Validacion final,100952,1707,Validacion final,1707,Fluxicon Disco,Variant 3,3,2016-06-03T15:27:14.000,2016-06-03T15:27:05.000
Visto Bueno Cierre Proceso,100952,15930,Visto Bueno Cierre Proceso,15930,Fluxicon Disco,Variant 3,3,2016-06-03T16:00:01.000,2016-06-03T15:36:38.000
End,100952,End,End,End,Fluxicon Disco,Variant 3,3,2016-06-03T16:00:01.000,2016-06-03T16:00:01.000
Start,100953,Start,Start,Start,Fluxicon Disco,Variant 1,1,2016-03-14T17:04:43.000,2016-03-14T17:04:43.000
Traer informacion estudiante - banner,100953,7736,Traer informacion estudiante - banner,7736,Fluxicon Disco,Variant 1,1,2016-03-14T17:04:43.000,2016-03-14T17:04:43.000
Radicar Solicitud Homologacion,100953,7736,Radicar Solicitud Homologacion,7736,Fluxicon Disco,Variant 1,1,2016-03-14T17:05:06.000,2016-03-14T17:04:46.000
Cancelar Solicitud,100953,7736,Cancelar Solicitud,7736,Fluxicon Disco,Variant 1,1,2016-03-14T17:26:03.000,2016-03-14T17:25:47.000
Notificacion estudiante cancelacion soli,100953,7736,Notificacion estudiante cancelacion soli,7736,Fluxicon Disco,Variant 1,1,2016-03-14T17:42:07.000,2016-03-14T17:42:07.000
End,100953,End,End,End,Fluxicon Disco,Variant 1,1,2016-03-14T17:42:07.000,2016-03-14T17:42:07.000
Start,100954,Start,Start,Start,Fluxicon Disco,Variant 1,1,2016-03-14T17:42:41.000,2016-03-14T17:42:41.000
Traer informacion estudiante - banner,100954,7736,Traer informacion estudiante - banner,7736,Fluxicon Disco,Variant 1,1,2016-03-14T17:42:41.000,2016-03-14T17:42:41.000
Radicar Solicitud Homologacion,100954,7736,Radicar Solicitud Homologacion,7736,Fluxicon Disco,Variant 1,1,2016-03-14T17:42:58.000,2016-03-14T17:42:43.000
Cancelar Solicitud,100954,22475,Cancelar Solicitud,22475,Fluxicon Disco,Variant 1,1,2016-03-14T17:58:33.000,2016-03-14T17:58:32.000
Notificacion estudiante cancelacion soli,100954,22475,Notificacion estudiante cancelacion soli,22475,Fluxicon Disco,Variant 1,1,2016-03-14T18:26:56.000,2016-03-14T18:26:56.000
End,100954,End,End,End,Fluxicon Disco,Variant 1,1,2016-03-14T18:26:56.000,2016-03-14T18:26:56.000
Start,101002,Start,Start,Start,Fluxicon Disco,Variant 1,1,2016-03-14T19:49:01.000,2016-03-14T19:49:01.000
Traer informacion estudiante - banner,101002,15862,Traer informacion estudiante - banner,15862,Fluxicon Disco,Variant 1,1,2016-03-14T19:49:01.000,2016-03-14T19:49:01.000
Radicar Solicitud Homologacion,101002,15862,Radicar Solicitud Homologacion,15862,Fluxicon Disco,Variant 1,1,2016-03-14T19:49:35.000,2016-03-14T19:49:02.000
Cancelar Solicitud,101002,6400,Cancelar Solicitud,6400,Fluxicon Disco,Variant 1,1,2016-03-14T22:21:22.000,2016-03-14T20:33:52.000
Notificacion estudiante cancelacion soli,101002,6400,Notificacion estudiante cancelacion soli,6400,Fluxicon Disco,Variant 1,1,2016-04-08T15:04:50.000,2016-04-08T15:04:50.000
End,101002,End,End,End,Fluxicon Disco,Variant 1,1,2016-04-08T15:04:50.000,2016-04-08T15:04:50.000
Start,101051,Start,Start,Start,Fluxicon Disco,Variant 6,6,2016-03-14T19:41:54.000,2016-03-14T19:41:54.000
Traer informacion estudiante - banner,101051,1471,Traer informacion estudiante - banner,1471,Fluxicon Disco,Variant 6,6,2016-03-14T19:41:54.000,2016-03-14T19:41:54.000
Radicar Solicitud Homologacion,101051,1471,Radicar Solicitud Homologacion,1471,Fluxicon Disco,Variant 6,6,2016-03-14T19:41:58.000,2016-03-14T19:41:58.000
Validar solicitud,101051,677,Validar solicitud,677,Fluxicon Disco,Variant 6,6,2016-03-14T19:52:36.000,2016-03-14T19:52:36.000
Homologacion por grupo de cursos,101051,7331,Homologacion por grupo de cursos,7331,Fluxicon Disco,Variant 6,6,2016-03-15T01:14:05.000,2016-03-14T19:58:05.000
Revisar curso,101051,677,Revisar curso,677,Fluxicon Disco,Variant 6,6,2016-03-14T19:58:06.000,2016-03-14T19:58:06.000
Evaluacion curso,101051,7331,Evaluacion curso,7331,Fluxicon Disco,Variant 6,6,2016-03-15T01:15:00.000,2016-03-14T19:59:00.000
End,101051,End,End,End,Fluxicon Disco,Variant 6,6,2016-03-15T01:15:00.000,2016-03-15T01:15:00.000
Start,101101,Start,Start,Start,Fluxicon Disco,Variant 2,2,2016-03-14T22:04:31.000,2016-03-14T22:04:31.000
Traer informacion estudiante - banner,101101,3149,Traer informacion estudiante - banner,3149,Fluxicon Disco,Variant 2,2,2016-03-14T22:04:31.000,2016-03-14T22:04:31.000
Radicar Solicitud Homologacion,101101,3149,Radicar Solicitud Homologacion,3149,Fluxicon Disco,Variant 2,2,2016-03-14T22:25:41.000,2016-03-14T22:04:34.000
Validar solicitud,101101,186,Validar solicitud,186,Fluxicon Disco,Variant 2,2,2016-03-17T21:25:20.000,2016-03-17T17:12:33.000
Homologacion por grupo de cursos,101101,186,Homologacion por grupo de cursos,186,Fluxicon Disco,Variant 2,2,2016-05-10T03:57:40.000,2016-05-10T03:42:02.000
End,101101,End,End,End,Fluxicon Disco,Variant 2,2,2016-05-10T03:57:40.000,2016-05-10T03:57:40.000
Start,101102,Start,Start,Start,Fluxicon Disco,Variant 1,1,2016-03-14T22:44:54.000,2016-03-14T22:44:54.000
Traer informacion estudiante - banner,101102,5275,Traer informacion estudiante - banner,5275,Fluxicon Disco,Variant 1,1,2016-03-14T22:44:54.000,2016-03-14T22:44:54.000
Radicar Solicitud Homologacion,101102,5275,Radicar Solicitud Homologacion,5275,Fluxicon Disco,Variant 1,1,2016-03-14T22:45:12.000,2016-03-14T22:44:55.000
Cancelar Solicitud,101102,19019,Cancelar Solicitud,19019,Fluxicon Disco,Variant 1,1,2016-03-14T23:17:19.000,2016-03-14T23:02:02.000
Notificacion estudiante cancelacion soli,101102,19019,Notificacion estudiante cancelacion soli,19019,Fluxicon Disco,Variant 1,1,2016-03-16T22:19:51.000,2016-03-16T22:19:51.000
End,101102,End,End,End,Fluxicon Disco,Variant 1,1,2016-03-16T22:19:51.000,2016-03-16T22:19:51.000
Start,101103,Start,Start,Start,Fluxicon Disco,Variant 1,1,2016-03-14T22:47:34.000,2016-03-14T22:47:34.000
Traer informacion estudiante - banner,101103,9427,Traer informacion estudiante - banner,9427,Fluxicon Disco,Variant 1,1,2016-03-14T22:47:34.000,2016-03-14T22:47:34.000
Radicar Solicitud Homologacion,101103,9427,Radicar Solicitud Homologacion,9427,Fluxicon Disco,Variant 1,1,2016-03-14T22:48:10.000,2016-03-14T22:47:35.000
Cancelar Solicitud,101103,677,Cancelar Solicitud,677,Fluxicon Disco,Variant 1,1,2016-03-14T23:39:55.000,2016-03-14T23:23:19.000
Notificacion estudiante cancelacion soli,101103,677,Notificacion estudiante cancelacion soli,677,Fluxicon Disco,Variant 1,1,2016-03-17T00:34:13.000,2016-03-17T00:34:13.000
End,101103,End,End,End,Fluxicon Disco,Variant 1,1,2016-03-17T00:34:13.000,2016-03-17T00:34:13.000
Start,101201,Start,Start,Start,Fluxicon Disco,Variant 1,1,2016-03-14T21:54:24.000,2016-03-14T21:54:24.000
Traer informacion estudiante - banner,101201,9437,Traer informacion estudiante - banner,9437,Fluxicon Disco,Variant 1,1,2016-03-14T21:54:24.000,2016-03-14T21:54:24.000
Radicar Solicitud Homologacion,101201,9437,Radicar Solicitud Homologacion,9437,Fluxicon Disco,Variant 1,1,2016-03-14T21:54:54.000,2016-03-14T21:54:28.000
Cancelar Solicitud,101201,9437,Cancelar Solicitud,9437,Fluxicon Disco,Variant 1,1,2016-03-14T22:21:50.000,2016-03-14T22:21:22.000
Notificacion estudiante cancelacion soli,101201,9437,Notificacion estudiante cancelacion soli,9437,Fluxicon Disco,Variant 1,1,2016-03-14T22:50:01.000,2016-03-14T22:50:01.000
End,101201,End,End,End,Fluxicon Disco,Variant 1,1,2016-03-14T22:50:01.000,2016-03-14T22:50:01.000
Start,101202,Start,Start,Start,Fluxicon Disco,Variant 1,1,2016-03-14T22:18:17.000,2016-03-14T22:18:17.000
Traer informacion estudiante - banner,101202,8556,Traer informacion estudiante - banner,8556,Fluxicon Disco,Variant 1,1,2016-03-14T22:18:17.000,2016-03-14T22:18:17.000
Radicar Solicitud Homologacion,101202,8556,Radicar Solicitud Homologacion,8556,Fluxicon Disco,Variant 1,1,2016-03-14T22:18:34.000,2016-03-14T22:18:18.000
Cancelar Solicitud,101202,241,Cancelar Solicitud,241,Fluxicon Disco,Variant 1,1,2016-03-14T23:12:46.000,2016-03-14T22:34:34.000
Notificacion estudiante cancelacion soli,101202,241,Notificacion estudiante cancelacion soli,241,Fluxicon Disco,Variant 1,1,2016-03-28T21:47:27.000,2016-03-28T21:47:27.000
End,101202,End,End,End,Fluxicon Disco,Variant 1,1,2016-03-28T21:47:27.000,2016-03-28T21:47:27.000
Start,101203,Start,Start,Start,Fluxicon Disco,Variant 1,1,2016-03-14T22:34:08.000,2016-03-14T22:34:08.000
Traer informacion estudiante - banner,101203,8955,Traer informacion estudiante - banner,8955,Fluxicon Disco,Variant 1,1,2016-03-14T22:34:08.000,2016-03-14T22:34:08.000
Radicar Solicitud Homologacion,101203,8955,Radicar Solicitud Homologacion,8955,Fluxicon Disco,Variant 1,1,2016-03-14T22:34:20.000,2016-03-14T22:34:08.000
Cancelar Solicitud,101203,241,Cancelar Solicitud,241,Fluxicon Disco,Variant 1,1,2016-03-14T23:24:43.000,2016-03-14T22:46:40.000
Notificacion estudiante cancelacion soli,101203,241,Notificacion estudiante cancelacion soli,241,Fluxicon Disco,Variant 1,1,2016-03-28T21:50:36.000,2016-03-28T21:50:36.000
End,101203,End,End,End,Fluxicon Disco,Variant 1,1,2016-03-28T21:50:36.000,2016-03-28T21:50:36.000
Start,101204,Start,Start,Start,Fluxicon Disco,Variant 1,1,2016-03-14T22:50:50.000,2016-03-14T22:50:50.000
Traer informacion estudiante - banner,101204,9437,Traer informacion estudiante - banner,9437,Fluxicon Disco,Variant 1,1,2016-03-14T22:50:50.000,2016-03-14T22:50:50.000
Radicar Solicitud Homologacion,101204,9437,Radicar Solicitud Homologacion,9437,Fluxicon Disco,Variant 1,1,2016-03-14T22:50:59.000,2016-03-14T22:50:51.000
Cancelar Solicitud,101204,241,Cancelar Solicitud,241,Fluxicon Disco,Variant 1,1,2016-03-14T23:37:41.000,2016-03-14T22:59:50.000
Notificacion estudiante cancelacion soli,101204,241,Notificacion estudiante cancelacion soli,241,Fluxicon Disco,Variant 1,1,2016-03-28T21:51:32.000,2016-03-28T21:51:32.000
End,101204,End,End,End,Fluxicon Disco,Variant 1,1,2016-03-28T21:51:32.000,2016-03-28T21:51:32.000
Start,101205,Start,Start,Start,Fluxicon Disco,Variant 1,1,2016-03-14T23:10:27.000,2016-03-14T23:10:27.000
Traer informacion estudiante - banner,101205,7573,Traer informacion estudiante - banner,7573,Fluxicon Disco,Variant 1,1,2016-03-14T23:10:27.000,2016-03-14T23:10:27.000
Radicar Solicitud Homologacion,101205,7573,Radicar Solicitud Homologacion,7573,Fluxicon Disco,Variant 1,1,2016-03-14T23:11:17.000,2016-03-14T23:10:28.000
Cancelar Solicitud,101205,241,Cancelar Solicitud,241,Fluxicon Disco,Variant 1,1,2016-03-15T12:57:22.000,2016-03-15T12:20:24.000
Notificacion estudiante cancelacion soli,101205,241,Notificacion estudiante cancelacion soli,241,Fluxicon Disco,Variant 1,1,2016-03-28T21:58:53.000,2016-03-28T21:58:53.000
End,101205,End,End,End,Fluxicon Disco,Variant 1,1,2016-03-28T21:58:53.000,2016-03-28T21:58:53.000
Start,101207,Start,Start,Start,Fluxicon Disco,Variant 12,12,2016-03-14T23:27:30.000,2016-03-14T23:27:30.000
Traer informacion estudiante - banner,101207,26321,Traer informacion estudiante - banner,26321,Fluxicon Disco,Variant 12,12,2016-03-14T23:27:30.000,2016-03-14T23:27:30.000
Radicar Solicitud Homologacion,101207,26321,Radicar Solicitud Homologacion,26321,Fluxicon Disco,Variant 12,12,2016-03-14T23:28:03.000,2016-03-14T23:27:31.000
Validar solicitud,101207,49,Validar solicitud,49,Fluxicon Disco,Variant 12,12,2016-03-15T00:28:03.000,2016-03-15T00:04:19.000
Homologacion por grupo de cursos,101207,2541,Homologacion por grupo de cursos,2541,Fluxicon Disco,Variant 12,12,2016-03-18T03:40:13.000,2016-03-17T23:44:19.000
Revisar curso,101207,1707,Revisar curso,1707,Fluxicon Disco,Variant 12,12,2016-03-18T03:13:23.000,2016-03-17T23:44:19.000
Evaluacion curso,101207,1707,Evaluacion curso,1707,Fluxicon Disco,Variant 12,12,2016-05-02T16:03:31.000,2016-05-02T15:48:20.000
Validacion final,101207,49,Validacion final,49,Fluxicon Disco,Variant 12,12,2016-05-04T14:08:41.000,2016-05-04T13:57:34.000
Visto Bueno Cierre Proceso,101207,2541,Visto Bueno Cierre Proceso,2541,Fluxicon Disco,Variant 12,12,2016-05-05T18:07:37.000,2016-05-05T18:07:06.000
Transferir Creditos,101207,2541,Transferir Creditos,2541,Fluxicon Disco,Variant 12,12,2016-05-05T18:38:37.000,2016-05-05T18:38:37.000
End,101207,End,End,End,Fluxicon Disco,Variant 12,12,2016-05-05T18:38:37.000,2016-05-05T18:38:37.000
Start,101251,Start,Start,Start,Fluxicon Disco,Variant 1,1,2016-03-14T22:11:45.000,2016-03-14T22:11:45.000
Traer informacion estudiante - banner,101251,25141,Traer informacion estudiante - banner,25141,Fluxicon Disco,Variant 1,1,2016-03-14T22:11:45.000,2016-03-14T22:11:45.000
Radicar Solicitud Homologacion,101251,25141,Radicar Solicitud Homologacion,25141,Fluxicon Disco,Variant 1,1,2016-03-14T22:45:36.000,2016-03-14T22:11:48.000
Cancelar Solicitud,101251,25141,Cancelar Solicitud,25141,Fluxicon Disco,Variant 1,1,2016-03-20T19:54:18.000,2016-03-20T15:50:18.000
Notificacion estudiante cancelacion soli,101251,25141,Notificacion estudiante cancelacion soli,25141,Fluxicon Disco,Variant 1,1,2016-05-10T20:08:41.000,2016-05-10T20:08:41.000
End,101251,End,End,End,Fluxicon Disco,Variant 1,1,2016-05-10T20:08:41.000,2016-05-10T20:08:41.000
Start,101301,Start,Start,Start,Fluxicon Disco,Variant 41,41,2016-03-14T22:56:19.000,2016-03-14T22:56:19.000
Revisar curso,101301,22534,Revisar curso,22534,Fluxicon Disco,Variant 41,41,2016-03-15T02:37:22.000,2016-03-14T22:56:19.000
Traer informacion estudiante - banner,101301,11760,Traer informacion estudiante - banner,11760,Fluxicon Disco,Variant 41,41,2016-03-15T00:17:20.000,2016-03-15T00:17:20.000
Radicar Solicitud Homologacion,101301,11760,Radicar Solicitud Homologacion,11760,Fluxicon Disco,Variant 41,41,2016-03-15T00:17:25.000,2016-03-15T00:17:25.000
Cancelar Solicitud,101301,22475,Cancelar Solicitud,22475,Fluxicon Disco,Variant 41,41,2016-03-15T07:00:19.000,2016-03-15T00:26:43.000
Validar solicitud,101301,22475,Validar solicitud,22475,Fluxicon Disco,Variant 41,41,2016-03-15T00:26:43.000,2016-03-15T00:26:43.000
Notificacion estudiante cancelacion soli,101301,22475,Notificacion estudiante cancelacion soli,22475,Fluxicon Disco,Variant 41,41,2016-06-01T16:36:32.000,2016-06-01T16:36:32.000
End,101301,End,End,End,Fluxicon Disco,Variant 41,41,2016-06-01T16:36:32.000,2016-06-01T16:36:32.000
Start,101351,Start,Start,Start,Fluxicon Disco,Variant 5,5,2016-03-15T01:57:53.000,2016-03-15T01:57:53.000
Traer informacion estudiante - banner,101351,11775,Traer informacion estudiante - banner,11775,Fluxicon Disco,Variant 5,5,2016-03-15T01:57:53.000,2016-03-15T01:57:53.000
Radicar Solicitud Homologacion,101351,11775,Radicar Solicitud Homologacion,11775,Fluxicon Disco,Variant 5,5,2016-03-15T01:57:57.000,2016-03-15T01:57:57.000
Notificacion estudiante cancelacion soli,101351,1,Notificacion estudiante cancelacion soli,1,Fluxicon Disco,Variant 5,5,2016-03-30T23:24:15.000,2016-03-30T23:24:15.000
End,101351,End,End,End,Fluxicon Disco,Variant 5,5,2016-03-30T23:24:15.000,2016-03-30T23:24:15.000
Start,101352,Start,Start,Start,Fluxicon Disco,Variant 5,5,2016-03-15T02:01:00.000,2016-03-15T02:01:00.000
Traer informacion estudiante - banner,101352,11775,Traer informacion estudiante - banner,11775,Fluxicon Disco,Variant 5,5,2016-03-15T02:01:00.000,2016-03-15T02:01:00.000
Radicar Solicitud Homologacion,101352,11775,Radicar Solicitud Homologacion,11775,Fluxicon Disco,Variant 5,5,2016-03-15T02:01:01.000,2016-03-15T02:01:01.000
Notificacion estudiante cancelacion soli,101352,1,Notificacion estudiante cancelacion soli,1,Fluxicon Disco,Variant 5,5,2016-03-30T23:24:16.000,2016-03-30T23:24:16.000
End,101352,End,End,End,Fluxicon Disco,Variant 5,5,2016-03-30T23:24:16.000,2016-03-30T23:24:16.000
Start,101353,Start,Start,Start,Fluxicon Disco,Variant 5,5,2016-03-15T02:01:34.000,2016-03-15T02:01:34.000
Traer informacion estudiante - banner,101353,11775,Traer informacion estudiante - banner,11775,Fluxicon Disco,Variant 5,5,2016-03-15T02:01:34.000,2016-03-15T02:01:34.000
Radicar Solicitud Homologacion,101353,11775,Radicar Solicitud Homologacion,11775,Fluxicon Disco,Variant 5,5,2016-03-15T02:01:35.000,2016-03-15T02:01:35.000
Notificacion estudiante cancelacion soli,101353,1,Notificacion estudiante cancelacion soli,1,Fluxicon Disco,Variant 5,5,2016-03-30T23:24:16.000,2016-03-30T23:24:16.000
End,101353,End,End,End,Fluxicon Disco,Variant 5,5,2016-03-30T23:24:16.000,2016-03-30T23:24:16.000
Start,101451,Start,Start,Start,Fluxicon Disco,Variant 1,1,2016-03-15T09:22:47.000,2016-03-15T09:22:47.000
Traer informacion estudiante - banner,101451,7573,Traer informacion estudiante - banner,7573,Fluxicon Disco,Variant 1,1,2016-03-15T09:22:47.000,2016-03-15T09:22:47.000
Radicar Solicitud Homologacion,101451,7573,Radicar Solicitud Homologacion,7573,Fluxicon Disco,Variant 1,1,2016-03-15T09:22:51.000,2016-03-15T09:22:51.000
Cancelar Solicitud,101451,241,Cancelar Solicitud,241,Fluxicon Disco,Variant 1,1,2016-03-15T13:00:24.000,2016-03-15T12:21:31.000
Notificacion estudiante cancelacion soli,101451,241,Notificacion estudiante cancelacion soli,241,Fluxicon Disco,Variant 1,1,2016-03-28T23:53:43.000,2016-03-28T23:53:43.000
End,101451,End,End,End,Fluxicon Disco,Variant 1,1,2016-03-28T23:53:43.000,2016-03-28T23:53:43.000
Start,101452,Start,Start,Start,Fluxicon Disco,Variant 1,1,2016-03-15T09:40:21.000,2016-03-15T09:40:21.000
Traer informacion estudiante - banner,101452,7573,Traer informacion estudiante - banner,7573,Fluxicon Disco,Variant 1,1,2016-03-15T09:40:21.000,2016-03-15T09:40:21.000
Radicar Solicitud Homologacion,101452,7573,Radicar Solicitud Homologacion,7573,Fluxicon Disco,Variant 1,1,2016-03-15T09:40:22.000,2016-03-15T09:40:22.000
Cancelar Solicitud,101452,241,Cancelar Solicitud,241,Fluxicon Disco,Variant 1,1,2016-03-15T13:01:45.000,2016-03-15T12:22:51.000
Notificacion estudiante cancelacion soli,101452,241,Notificacion estudiante cancelacion soli,241,Fluxicon Disco,Variant 1,1,2016-03-28T23:54:37.000,2016-03-28T23:54:37.000
End,101452,End,End,End,Fluxicon Disco,Variant 1,1,2016-03-28T23:54:37.000,2016-03-28T23:54:37.000
Start,101501,Start,Start,Start,Fluxicon Disco,Variant 1,1,2016-03-15T12:12:38.000,2016-03-15T12:12:38.000
Traer informacion estudiante - banner,101501,7573,Traer informacion estudiante - banner,7573,Fluxicon Disco,Variant 1,1,2016-03-15T12:12:38.000,2016-03-15T12:12:38.000
Radicar Solicitud Homologacion,101501,7573,Radicar Solicitud Homologacion,7573,Fluxicon Disco,Variant 1,1,2016-03-15T12:12:42.000,2016-03-15T12:12:42.000
Cancelar Solicitud,101501,241,Cancelar Solicitud,241,Fluxicon Disco,Variant 1,1,2016-03-15T13:02:14.000,2016-03-15T12:23:19.000
Notificacion estudiante cancelacion soli,101501,241,Notificacion estudiante cancelacion soli,241,Fluxicon Disco,Variant 1,1,2016-03-28T23:55:30.000,2016-03-28T23:55:30.000
End,101501,End,End,End,Fluxicon Disco,Variant 1,1,2016-03-28T23:55:30.000,2016-03-28T23:55:30.000
Start,101551,Start,Start,Start,Fluxicon Disco,Variant 37,37,2016-03-15T11:48:34.000,2016-03-15T11:48:34.000
Traer informacion estudiante - banner,101551,7492,Traer informacion estudiante - banner,7492,Fluxicon Disco,Variant 37,37,2016-03-15T11:48:34.000,2016-03-15T11:48:34.000
Radicar Solicitud Homologacion,101551,7492,Radicar Solicitud Homologacion,7492,Fluxicon Disco,Variant 37,37,2016-03-15T11:48:39.000,2016-03-15T11:48:39.000
Validar solicitud,101551,19019,Validar solicitud,19019,Fluxicon Disco,Variant 37,37,2016-03-15T12:14:04.000,2016-03-15T11:59:43.000
Homologacion por grupo de cursos,101551,19019,Homologacion por grupo de cursos,19019,Fluxicon Disco,Variant 37,37,2016-03-16T22:21:44.000,2016-03-16T22:21:44.000
Validar solicitud / pre-homologacion,101551,19019,Validar solicitud / pre-homologacion,19019,Fluxicon Disco,Variant 37,37,2016-03-16T22:21:45.000,2016-03-16T22:21:45.000
End,101551,End,End,End,Fluxicon Disco,Variant 37,37,2016-03-16T22:21:45.000,2016-03-16T22:21:45.000
Start,101552,Start,Start,Start,Fluxicon Disco,Variant 37,37,2016-03-15T12:03:22.000,2016-03-15T12:03:22.000
Traer informacion estudiante - banner,101552,7492,Traer informacion estudiante - banner,7492,Fluxicon Disco,Variant 37,37,2016-03-15T12:03:22.000,2016-03-15T12:03:22.000
Radicar Solicitud Homologacion,101552,7492,Radicar Solicitud Homologacion,7492,Fluxicon Disco,Variant 37,37,2016-03-15T12:03:23.000,2016-03-15T12:03:23.000
Validar solicitud,101552,19019,Validar solicitud,19019,Fluxicon Disco,Variant 37,37,2016-03-15T12:21:37.000,2016-03-15T12:07:13.000
Homologacion por grupo de cursos,101552,19019,Homologacion por grupo de cursos,19019,Fluxicon Disco,Variant 37,37,2016-03-16T22:24:01.000,2016-03-16T22:24:01.000
Validar solicitud / pre-homologacion,101552,19019,Validar solicitud / pre-homologacion,19019,Fluxicon Disco,Variant 37,37,2016-03-16T22:24:02.000,2016-03-16T22:24:02.000
End,101552,End,End,End,Fluxicon Disco,Variant 37,37,2016-03-16T22:24:02.000,2016-03-16T22:24:02.000
Start,101751,Start,Start,Start,Fluxicon Disco,Variant 14,14,2016-03-15T19:59:32.000,2016-03-15T19:59:32.000
Radicar Solicitud Homologacion,101751,410,Radicar Solicitud Homologacion,410,Fluxicon Disco,Variant 14,14,2016-03-15T19:59:40.000,2016-03-15T19:59:32.000
End,101751,End,End,End,Fluxicon Disco,Variant 14,14,2016-03-15T19:59:40.000,2016-03-15T19:59:40.000
Start,101801,Start,Start,Start,Fluxicon Disco,Variant 7,7,2016-03-15T21:09:17.000,2016-03-15T21:09:17.000
Traer informacion estudiante - banner,101801,9335,Traer informacion estudiante - banner,9335,Fluxicon Disco,Variant 7,7,2016-03-15T21:09:17.000,2016-03-15T21:09:17.000
Radicar Solicitud Homologacion,101801,9335,Radicar Solicitud Homologacion,9335,Fluxicon Disco,Variant 7,7,2016-03-15T21:09:48.000,2016-03-15T21:09:25.000
Cancelar Solicitud,101801,9335,Cancelar Solicitud,9335,Fluxicon Disco,Variant 7,7,2016-03-16T02:44:58.000,2016-03-15T21:33:19.000
Validar solicitud,101801,920,Validar solicitud,920,Fluxicon Disco,Variant 7,7,2016-03-15T21:35:45.000,2016-03-15T21:33:19.000
Notificacion estudiante cancelacion soli,101801,9335,Notificacion estudiante cancelacion soli,9335,Fluxicon Disco,Variant 7,7,2016-05-17T22:12:19.000,2016-05-17T22:12:19.000
End,101801,End,End,End,Fluxicon Disco,Variant 7,7,2016-05-17T22:12:19.000,2016-05-17T22:12:19.000
Start,101802,Start,Start,Start,Fluxicon Disco,Variant 1,1,2016-03-15T21:32:06.000,2016-03-15T21:32:06.000
Traer informacion estudiante - banner,101802,8824,Traer informacion estudiante - banner,8824,Fluxicon Disco,Variant 1,1,2016-03-15T21:32:06.000,2016-03-15T21:32:06.000
Radicar Solicitud Homologacion,101802,8824,Radicar Solicitud Homologacion,8824,Fluxicon Disco,Variant 1,1,2016-03-15T21:32:09.000,2016-03-15T21:32:07.000
Cancelar Solicitud,101802,677,Cancelar Solicitud,677,Fluxicon Disco,Variant 1,1,2016-03-15T21:45:19.000,2016-03-15T21:34:54.000
Notificacion estudiante cancelacion soli,101802,677,Notificacion estudiante cancelacion soli,677,Fluxicon Disco,Variant 1,1,2016-03-17T00:37:37.000,2016-03-17T00:37:37.000
End,101802,End,End,End,Fluxicon Disco,Variant 1,1,2016-03-17T00:37:37.000,2016-03-17T00:37:37.000
Start,101803,Start,Start,Start,Fluxicon Disco,Variant 3,3,2016-03-15T21:37:51.000,2016-03-15T21:37:51.000
Traer informacion estudiante - banner,101803,8824,Traer informacion estudiante - banner,8824,Fluxicon Disco,Variant 3,3,2016-03-15T21:37:51.000,2016-03-15T21:37:51.000
Radicar Solicitud Homologacion,101803,8824,Radicar Solicitud Homologacion,8824,Fluxicon Disco,Variant 3,3,2016-03-15T21:37:54.000,2016-03-15T21:37:52.000
Validar solicitud,101803,677,Validar solicitud,677,Fluxicon Disco,Variant 3,3,2016-03-15T21:50:41.000,2016-03-15T21:40:22.000
Homologacion por grupo de cursos,101803,3445,Homologacion por grupo de cursos,3445,Fluxicon Disco,Variant 3,3,2016-03-17T00:59:31.000,2016-03-17T00:39:31.000
Revisar curso,101803,677,Revisar curso,677,Fluxicon Disco,Variant 3,3,2016-03-17T00:39:32.000,2016-03-17T00:39:32.000
Evaluacion curso,101803,6995,Evaluacion curso,6995,Fluxicon Disco,Variant 3,3,2016-03-17T00:40:52.000,2016-03-17T00:40:52.000
Validacion final,101803,677,Validacion final,677,Fluxicon Disco,Variant 3,3,2016-03-17T13:05:43.000,2016-03-17T12:45:43.000
Visto Bueno Cierre Proceso,101803,3445,Visto Bueno Cierre Proceso,3445,Fluxicon Disco,Variant 3,3,2016-03-28T20:14:06.000,2016-03-28T20:14:06.000
End,101803,End,End,End,Fluxicon Disco,Variant 3,3,2016-03-28T20:14:06.000,2016-03-28T20:14:06.000
Start,101852,Start,Start,Start,Fluxicon Disco,Variant 1,1,2016-03-16T00:09:56.000,2016-03-16T00:09:56.000
Traer informacion estudiante - banner,101852,8824,Traer informacion estudiante - banner,8824,Fluxicon Disco,Variant 1,1,2016-03-16T00:09:56.000,2016-03-16T00:09:56.000
Radicar Solicitud Homologacion,101852,8824,Radicar Solicitud Homologacion,8824,Fluxicon Disco,Variant 1,1,2016-03-16T00:09:57.000,2016-03-16T00:09:57.000
Cancelar Solicitud,101852,677,Cancelar Solicitud,677,Fluxicon Disco,Variant 1,1,2016-03-16T00:20:18.000,2016-03-16T00:12:18.000
Notificacion estudiante cancelacion soli,101852,677,Notificacion estudiante cancelacion soli,677,Fluxicon Disco,Variant 1,1,2016-03-17T00:43:35.000,2016-03-17T00:43:35.000
End,101852,End,End,End,Fluxicon Disco,Variant 1,1,2016-03-17T00:43:35.000,2016-03-17T00:43:35.000
Start,101853,Start,Start,Start,Fluxicon Disco,Variant 1,1,2016-03-16T00:12:44.000,2016-03-16T00:12:44.000
Traer informacion estudiante - banner,101853,8824,Traer informacion estudiante - banner,8824,Fluxicon Disco,Variant 1,1,2016-03-16T00:12:44.000,2016-03-16T00:12:44.000
Radicar Solicitud Homologacion,101853,8824,Radicar Solicitud Homologacion,8824,Fluxicon Disco,Variant 1,1,2016-03-16T00:12:45.000,2016-03-16T00:12:45.000
Cancelar Solicitud,101853,677,Cancelar Solicitud,677,Fluxicon Disco,Variant 1,1,2016-03-16T00:22:36.000,2016-03-16T00:14:36.000
Notificacion estudiante cancelacion soli,101853,677,Notificacion estudiante cancelacion soli,677,Fluxicon Disco,Variant 1,1,2016-03-17T00:48:40.000,2016-03-17T00:48:40.000
End,101853,End,End,End,Fluxicon Disco,Variant 1,1,2016-03-17T00:48:40.000,2016-03-17T00:48:40.000
Start,101854,Start,Start,Start,Fluxicon Disco,Variant 1,1,2016-03-16T00:50:38.000,2016-03-16T00:50:38.000
Traer informacion estudiante - banner,101854,8824,Traer informacion estudiante - banner,8824,Fluxicon Disco,Variant 1,1,2016-03-16T00:50:38.000,2016-03-16T00:50:38.000
Radicar Solicitud Homologacion,101854,8824,Radicar Solicitud Homologacion,8824,Fluxicon Disco,Variant 1,1,2016-03-16T00:50:39.000,2016-03-16T00:50:39.000
Cancelar Solicitud,101854,677,Cancelar Solicitud,677,Fluxicon Disco,Variant 1,1,2016-03-16T01:05:45.000,2016-03-16T00:57:45.000
Notificacion estudiante cancelacion soli,101854,677,Notificacion estudiante cancelacion soli,677,Fluxicon Disco,Variant 1,1,2016-03-17T00:52:58.000,2016-03-17T00:52:58.000
End,101854,End,End,End,Fluxicon Disco,Variant 1,1,2016-03-17T00:52:58.000,2016-03-17T00:52:58.000
Start,101901,Start,Start,Start,Fluxicon Disco,Variant 1,1,2016-03-16T01:34:37.000,2016-03-16T01:34:37.000
Traer informacion estudiante - banner,101901,8824,Traer informacion estudiante - banner,8824,Fluxicon Disco,Variant 1,1,2016-03-16T01:34:37.000,2016-03-16T01:34:37.000
Radicar Solicitud Homologacion,101901,8824,Radicar Solicitud Homologacion,8824,Fluxicon Disco,Variant 1,1,2016-03-16T01:34:42.000,2016-03-16T01:34:42.000
Cancelar Solicitud,101901,677,Cancelar Solicitud,677,Fluxicon Disco,Variant 1,1,2016-03-16T01:45:02.000,2016-03-16T01:37:02.000
Notificacion estudiante cancelacion soli,101901,677,Notificacion estudiante cancelacion soli,677,Fluxicon Disco,Variant 1,1,2016-03-17T00:55:10.000,2016-03-17T00:55:10.000
End,101901,End,End,End,Fluxicon Disco,Variant 1,1,2016-03-17T00:55:10.000,2016-03-17T00:55:10.000
Start,102001,Start,Start,Start,Fluxicon Disco,Variant 3,3,2016-03-16T02:09:28.000,2016-03-16T02:09:28.000
Traer informacion estudiante - banner,102001,11342,Traer informacion estudiante - banner,11342,Fluxicon Disco,Variant 3,3,2016-03-16T02:09:28.000,2016-03-16T02:09:28.000
Radicar Solicitud Homologacion,102001,11342,Radicar Solicitud Homologacion,11342,Fluxicon Disco,Variant 3,3,2016-03-16T02:09:32.000,2016-03-16T02:09:32.000
Validar solicitud,102001,18929,Validar solicitud,18929,Fluxicon Disco,Variant 3,3,2016-03-16T03:35:10.000,2016-03-16T02:51:10.000
Homologacion por grupo de cursos,102001,957,Homologacion por grupo de cursos,957,Fluxicon Disco,Variant 3,3,2016-03-31T01:31:39.000,2016-03-30T19:39:15.000
Revisar curso,102001,18929,Revisar curso,18929,Fluxicon Disco,Variant 3,3,2016-03-30T19:39:16.000,2016-03-30T19:39:16.000
Evaluacion curso,102001,436,Evaluacion curso,436,Fluxicon Disco,Variant 3,3,2016-03-31T01:35:08.000,2016-03-30T19:45:08.000
Validacion final,102001,18929,Validacion final,18929,Fluxicon Disco,Variant 3,3,2016-06-02T17:02:40.000,2016-06-02T17:00:28.000
Visto Bueno Cierre Proceso,102001,957,Visto Bueno Cierre Proceso,957,Fluxicon Disco,Variant 3,3,2016-06-02T21:13:36.000,2016-06-02T21:13:25.000
End,102001,End,End,End,Fluxicon Disco,Variant 3,3,2016-06-02T21:13:36.000,2016-06-02T21:13:36.000
Start,102002,Start,Start,Start,Fluxicon Disco,Variant 5,5,2016-03-16T02:51:22.000,2016-03-16T02:51:22.000
Traer informacion estudiante - banner,102002,11349,Traer informacion estudiante - banner,11349,Fluxicon Disco,Variant 5,5,2016-03-16T02:51:22.000,2016-03-16T02:51:22.000
Radicar Solicitud Homologacion,102002,11349,Radicar Solicitud Homologacion,11349,Fluxicon Disco,Variant 5,5,2016-03-16T02:51:23.000,2016-03-16T02:51:23.000
Notificacion estudiante cancelacion soli,102002,1,Notificacion estudiante cancelacion soli,1,Fluxicon Disco,Variant 5,5,2016-03-31T23:24:05.000,2016-03-31T23:24:05.000
End,102002,End,End,End,Fluxicon Disco,Variant 5,5,2016-03-31T23:24:05.000,2016-03-31T23:24:05.000
Start,102102,Start,Start,Start,Fluxicon Disco,Variant 1,1,2016-03-16T07:30:13.000,2016-03-16T07:30:13.000
Traer informacion estudiante - banner,102102,24544,Traer informacion estudiante - banner,24544,Fluxicon Disco,Variant 1,1,2016-03-16T07:30:13.000,2016-03-16T07:30:13.000
Radicar Solicitud Homologacion,102102,24544,Radicar Solicitud Homologacion,24544,Fluxicon Disco,Variant 1,1,2016-03-16T07:30:14.000,2016-03-16T07:30:14.000
Cancelar Solicitud,102102,24544,Cancelar Solicitud,24544,Fluxicon Disco,Variant 1,1,2016-03-16T07:50:52.000,2016-03-16T07:50:52.000
Notificacion estudiante cancelacion soli,102102,24544,Notificacion estudiante cancelacion soli,24544,Fluxicon Disco,Variant 1,1,2016-03-16T08:24:38.000,2016-03-16T08:24:38.000
End,102102,End,End,End,Fluxicon Disco,Variant 1,1,2016-03-16T08:24:38.000,2016-03-16T08:24:38.000
Start,102103,Start,Start,Start,Fluxicon Disco,Variant 5,5,2016-03-16T07:52:27.000,2016-03-16T07:52:27.000
Traer informacion estudiante - banner,102103,24544,Traer informacion estudiante - banner,24544,Fluxicon Disco,Variant 5,5,2016-03-16T07:52:27.000,2016-03-16T07:52:27.000
Radicar Solicitud Homologacion,102103,24544,Radicar Solicitud Homologacion,24544,Fluxicon Disco,Variant 5,5,2016-03-16T07:52:28.000,2016-03-16T07:52:28.000
Notificacion estudiante cancelacion soli,102103,1,Notificacion estudiante cancelacion soli,1,Fluxicon Disco,Variant 5,5,2016-03-31T23:24:06.000,2016-03-31T23:24:06.000
End,102103,End,End,End,Fluxicon Disco,Variant 5,5,2016-03-31T23:24:06.000,2016-03-31T23:24:06.000
Start,102202,Start,Start,Start,Fluxicon Disco,Variant 1,1,2016-03-16T12:12:28.000,2016-03-16T12:12:28.000
Traer informacion estudiante - banner,102202,8655,Traer informacion estudiante - banner,8655,Fluxicon Disco,Variant 1,1,2016-03-16T12:12:28.000,2016-03-16T12:12:28.000
Radicar Solicitud Homologacion,102202,8655,Radicar Solicitud Homologacion,8655,Fluxicon Disco,Variant 1,1,2016-03-16T12:29:32.000,2016-03-16T12:12:29.000
Cancelar Solicitud,102202,6400,Cancelar Solicitud,6400,Fluxicon Disco,Variant 1,1,2016-03-18T15:04:04.000,2016-03-18T15:03:31.000
Notificacion estudiante cancelacion soli,102202,6400,Notificacion estudiante cancelacion soli,6400,Fluxicon Disco,Variant 1,1,2016-03-18T15:37:07.000,2016-03-18T15:37:07.000
End,102202,End,End,End,Fluxicon Disco,Variant 1,1,2016-03-18T15:37:07.000,2016-03-18T15:37:07.000
Start,102203,Start,Start,Start,Fluxicon Disco,Variant 4,4,2016-03-16T12:13:28.000,2016-03-16T12:13:28.000
Traer informacion estudiante - banner,102203,7492,Traer informacion estudiante - banner,7492,Fluxicon Disco,Variant 4,4,2016-03-16T12:13:28.000,2016-03-16T12:13:28.000
Radicar Solicitud Homologacion,102203,7492,Radicar Solicitud Homologacion,7492,Fluxicon Disco,Variant 4,4,2016-03-16T12:13:29.000,2016-03-16T12:13:29.000
Validar solicitud,102203,19019,Validar solicitud,19019,Fluxicon Disco,Variant 4,4,2016-03-16T12:26:31.000,2016-03-16T12:20:03.000
Homologacion por grupo de cursos,102203,19019,Homologacion por grupo de cursos,19019,Fluxicon Disco,Variant 4,4,2016-03-16T22:30:35.000,2016-03-16T22:28:05.000
Revisar curso,102203,19019,Revisar curso,19019,Fluxicon Disco,Variant 4,4,2016-03-16T22:28:05.000,2016-03-16T22:28:05.000
Evaluacion curso,102203,19019,Evaluacion curso,19019,Fluxicon Disco,Variant 4,4,2016-03-16T22:28:34.000,2016-03-16T22:28:33.000
Validar solicitud / pre-homologacion,102203,19019,Validar solicitud / pre-homologacion,19019,Fluxicon Disco,Variant 4,4,2016-03-16T22:32:02.000,2016-03-16T22:29:33.000
End,102203,End,End,End,Fluxicon Disco,Variant 4,4,2016-03-16T22:32:02.000,2016-03-16T22:32:02.000
Start,102204,Start,Start,Start,Fluxicon Disco,Variant 1,1,2016-03-16T12:26:23.000,2016-03-16T12:26:23.000
Traer informacion estudiante - banner,102204,2274,Traer informacion estudiante - banner,2274,Fluxicon Disco,Variant 1,1,2016-03-16T12:26:23.000,2016-03-16T12:26:23.000
Radicar Solicitud Homologacion,102204,2274,Radicar Solicitud Homologacion,2274,Fluxicon Disco,Variant 1,1,2016-03-16T12:26:35.000,2016-03-16T12:26:24.000
Cancelar Solicitud,102204,677,Cancelar Solicitud,677,Fluxicon Disco,Variant 1,1,2016-03-16T15:48:22.000,2016-03-16T14:11:41.000
Notificacion estudiante cancelacion soli,102204,677,Notificacion estudiante cancelacion soli,677,Fluxicon Disco,Variant 1,1,2016-04-08T15:52:51.000,2016-04-08T15:52:51.000
End,102204,End,End,End,Fluxicon Disco,Variant 1,1,2016-04-08T15:52:51.000,2016-04-08T15:52:51.000
Start,102251,Start,Start,Start,Fluxicon Disco,Variant 3,3,2016-03-16T14:51:02.000,2016-03-16T14:51:02.000
Traer informacion estudiante - banner,102251,1515,Traer informacion estudiante - banner,1515,Fluxicon Disco,Variant 3,3,2016-03-16T14:51:02.000,2016-03-16T14:51:02.000
Radicar Solicitud Homologacion,102251,1515,Radicar Solicitud Homologacion,1515,Fluxicon Disco,Variant 3,3,2016-03-16T14:51:15.000,2016-03-16T14:51:05.000
Validar solicitud,102251,1707,Validar solicitud,1707,Fluxicon Disco,Variant 3,3,2016-03-16T17:16:32.000,2016-03-16T15:01:34.000
Homologacion por grupo de cursos,102251,15930,Homologacion por grupo de cursos,15930,Fluxicon Disco,Variant 3,3,2016-04-15T15:47:23.000,2016-04-15T13:39:23.000
Revisar curso,102251,1707,Revisar curso,1707,Fluxicon Disco,Variant 3,3,2016-04-15T15:08:16.000,2016-04-15T13:39:23.000
Evaluacion curso,102251,15930,Evaluacion curso,15930,Fluxicon Disco,Variant 3,3,2016-05-02T16:16:19.000,2016-05-02T15:53:13.000
Validacion final,102251,1707,Validacion final,1707,Fluxicon Disco,Variant 3,3,2016-05-05T03:43:15.000,2016-05-05T03:43:15.000
Visto Bueno Cierre Proceso,102251,15930,Visto Bueno Cierre Proceso,15930,Fluxicon Disco,Variant 3,3,2016-05-05T15:14:34.000,2016-05-05T14:58:34.000
End,102251,End,End,End,Fluxicon Disco,Variant 3,3,2016-05-05T15:14:34.000,2016-05-05T15:14:34.000
Start,102252,Start,Start,Start,Fluxicon Disco,Variant 1,1,2016-03-16T15:01:49.000,2016-03-16T15:01:49.000
Traer informacion estudiante - banner,102252,1515,Traer informacion estudiante - banner,1515,Fluxicon Disco,Variant 1,1,2016-03-16T15:01:49.000,2016-03-16T15:01:49.000
Radicar Solicitud Homologacion,102252,1515,Radicar Solicitud Homologacion,1515,Fluxicon Disco,Variant 1,1,2016-03-16T15:02:00.000,2016-03-16T15:01:50.000
Cancelar Solicitud,102252,677,Cancelar Solicitud,677,Fluxicon Disco,Variant 1,1,2016-03-16T16:48:24.000,2016-03-16T15:12:44.000
Notificacion estudiante cancelacion soli,102252,677,Notificacion estudiante cancelacion soli,677,Fluxicon Disco,Variant 1,1,2016-04-08T15:53:33.000,2016-04-08T15:53:33.000
End,102252,End,End,End,Fluxicon Disco,Variant 1,1,2016-04-08T15:53:33.000,2016-04-08T15:53:33.000
Start,102253,Start,Start,Start,Fluxicon Disco,Variant 69,69,2016-03-16T15:08:28.000,2016-03-16T15:08:28.000
Traer informacion estudiante - banner,102253,24544,Traer informacion estudiante - banner,24544,Fluxicon Disco,Variant 69,69,2016-03-16T15:08:28.000,2016-03-16T15:08:28.000
Radicar Solicitud Homologacion,102253,24544,Radicar Solicitud Homologacion,24544,Fluxicon Disco,Variant 69,69,2016-03-16T15:08:36.000,2016-03-16T15:08:29.000
Validar solicitud,102253,7080,Validar solicitud,7080,Fluxicon Disco,Variant 69,69,2016-03-16T15:15:59.000,2016-03-16T15:15:49.000
Homologacion por grupo de cursos,102253,6889,Homologacion por grupo de cursos,6889,Fluxicon Disco,Variant 69,69,2016-03-16T20:22:10.000,2016-03-16T15:25:58.000
Revisar curso,102253,22534,Revisar curso,22534,Fluxicon Disco,Variant 69,69,2016-03-16T18:56:34.000,2016-03-16T15:26:00.000
Evaluacion curso,102253,22534,Evaluacion curso,22534,Fluxicon Disco,Variant 69,69,2016-04-28T20:53:16.000,2016-04-28T20:34:59.000
Visto Bueno Cierre Proceso,102253,6889,Visto Bueno Cierre Proceso,6889,Fluxicon Disco,Variant 69,69,2016-05-02T22:54:20.000,2016-05-02T21:45:28.000
Validacion final,102253,7080,Validacion final,7080,Fluxicon Disco,Variant 69,69,2016-05-02T23:17:28.000,2016-05-02T23:17:28.000
Transferir Creditos,102253,6889,Transferir Creditos,6889,Fluxicon Disco,Variant 69,69,2016-05-16T16:38:24.000,2016-05-16T16:38:24.000
End,102253,End,End,End,Fluxicon Disco,Variant 69,69,2016-05-16T16:38:24.000,2016-05-16T16:38:24.000
Start,102257,Start,Start,Start,Fluxicon Disco,Variant 3,3,2016-03-16T16:11:55.000,2016-03-16T16:11:55.000
Traer informacion estudiante - banner,102257,2274,Traer informacion estudiante - banner,2274,Fluxicon Disco,Variant 3,3,2016-03-16T16:11:55.000,2016-03-16T16:11:55.000
Radicar Solicitud Homologacion,102257,2274,Radicar Solicitud Homologacion,2274,Fluxicon Disco,Variant 3,3,2016-03-16T16:12:19.000,2016-03-16T16:11:55.000
Validar solicitud,102257,677,Validar solicitud,677,Fluxicon Disco,Variant 3,3,2016-03-16T16:41:43.000,2016-03-16T16:36:20.000
Homologacion por grupo de cursos,102257,3445,Homologacion por grupo de cursos,3445,Fluxicon Disco,Variant 3,3,2016-03-17T07:09:18.000,2016-03-17T01:06:14.000
Revisar curso,102257,677,Revisar curso,677,Fluxicon Disco,Variant 3,3,2016-03-17T01:06:15.000,2016-03-17T01:06:15.000
Evaluacion curso,102257,22491,Evaluacion curso,22491,Fluxicon Disco,Variant 3,3,2016-03-17T07:04:27.000,2016-03-17T01:16:27.000
Validacion final,102257,677,Validacion final,677,Fluxicon Disco,Variant 3,3,2016-05-25T20:59:47.000,2016-05-25T20:53:15.000
Visto Bueno Cierre Proceso,102257,3445,Visto Bueno Cierre Proceso,3445,Fluxicon Disco,Variant 3,3,2016-05-26T17:41:06.000,2016-05-26T17:32:34.000
End,102257,End,End,End,Fluxicon Disco,Variant 3,3,2016-05-26T17:41:06.000,2016-05-26T17:41:06.000
Start,102303,Start,Start,Start,Fluxicon Disco,Variant 4,4,2016-03-16T14:42:07.000,2016-03-16T14:42:07.000
Traer informacion estudiante - banner,102303,11218,Traer informacion estudiante - banner,11218,Fluxicon Disco,Variant 4,4,2016-03-16T14:42:07.000,2016-03-16T14:42:07.000
Radicar Solicitud Homologacion,102303,11218,Radicar Solicitud Homologacion,11218,Fluxicon Disco,Variant 4,4,2016-03-16T14:42:10.000,2016-03-16T14:42:08.000
Validar solicitud,102303,19019,Validar solicitud,19019,Fluxicon Disco,Variant 4,4,2016-03-16T14:53:12.000,2016-03-16T14:45:00.000
Homologacion por grupo de cursos,102303,19019,Homologacion por grupo de cursos,19019,Fluxicon Disco,Variant 4,4,2016-03-17T23:08:50.000,2016-03-17T14:57:27.000
Revisar curso,102303,19019,Revisar curso,19019,Fluxicon Disco,Variant 4,4,2016-03-17T14:57:27.000,2016-03-17T14:57:27.000
Evaluacion curso,102303,19295,Evaluacion curso,19295,Fluxicon Disco,Variant 4,4,2016-03-17T23:03:36.000,2016-03-17T14:58:03.000
Validar solicitud / pre-homologacion,102303,19019,Validar solicitud / pre-homologacion,19019,Fluxicon Disco,Variant 4,4,2016-06-21T23:37:23.000,2016-06-21T23:31:34.000
End,102303,End,End,End,Fluxicon Disco,Variant 4,4,2016-06-21T23:37:23.000,2016-06-21T23:37:23.000
Start,102305,Start,Start,Start,Fluxicon Disco,Variant 1,1,2016-03-16T14:51:14.000,2016-03-16T14:51:14.000
Traer informacion estudiante - banner,102305,7682,Traer informacion estudiante - banner,7682,Fluxicon Disco,Variant 1,1,2016-03-16T14:51:14.000,2016-03-16T14:51:14.000
Radicar Solicitud Homologacion,102305,7682,Radicar Solicitud Homologacion,7682,Fluxicon Disco,Variant 1,1,2016-03-16T14:54:23.000,2016-03-16T14:51:15.000
Cancelar Solicitud,102305,22404,Cancelar Solicitud,22404,Fluxicon Disco,Variant 1,1,2016-03-16T20:54:02.000,2016-03-16T19:06:02.000
Notificacion estudiante cancelacion soli,102305,22404,Notificacion estudiante cancelacion soli,22404,Fluxicon Disco,Variant 1,1,2016-04-12T14:45:01.000,2016-04-12T14:45:01.000
End,102305,End,End,End,Fluxicon Disco,Variant 1,1,2016-04-12T14:45:01.000,2016-04-12T14:45:01.000
Start,102306,Start,Start,Start,Fluxicon Disco,Variant 70,70,2016-03-16T15:35:12.000,2016-03-16T15:35:12.000
Traer informacion estudiante - banner,102306,7736,Traer informacion estudiante - banner,7736,Fluxicon Disco,Variant 70,70,2016-03-16T15:35:12.000,2016-03-16T15:35:12.000
Radicar Solicitud Homologacion,102306,7736,Radicar Solicitud Homologacion,7736,Fluxicon Disco,Variant 70,70,2016-03-16T15:35:20.000,2016-03-16T15:35:13.000
Validar solicitud,102306,22475,Validar solicitud,22475,Fluxicon Disco,Variant 70,70,2016-03-16T15:46:42.000,2016-03-16T15:42:24.000
Homologacion por grupo de cursos,102306,1343,Homologacion por grupo de cursos,1343,Fluxicon Disco,Variant 70,70,2016-03-17T00:13:55.000,2016-03-16T22:00:27.000
Revisar curso,102306,22475,Revisar curso,22475,Fluxicon Disco,Variant 70,70,2016-03-16T22:00:28.000,2016-03-16T22:00:28.000
Revisar curso,102306,659,Revisar curso,659,Fluxicon Disco,Variant 70,70,2016-03-16T22:04:18.000,2016-03-16T22:00:29.000
Evaluacion curso,102306,7374,Evaluacion curso,7374,Fluxicon Disco,Variant 70,70,2016-03-16T23:23:35.000,2016-03-16T22:01:25.000
Evaluacion curso,102306,659,Evaluacion curso,659,Fluxicon Disco,Variant 70,70,2016-03-17T15:57:16.000,2016-03-17T15:50:18.000
Validacion final,102306,22475,Validacion final,22475,Fluxicon Disco,Variant 70,70,2016-03-18T14:52:35.000,2016-03-18T14:48:32.000
Visto Bueno Cierre Proceso,102306,1343,Visto Bueno Cierre Proceso,1343,Fluxicon Disco,Variant 70,70,2016-03-18T22:50:09.000,2016-03-18T20:51:32.000
Validacion final,102306,22475,Validacion final,22475,Fluxicon Disco,Variant 70,70,2016-04-07T15:12:38.000,2016-04-07T15:12:21.000
Visto Bueno Cierre Proceso,102306,1343,Visto Bueno Cierre Proceso,1343,Fluxicon Disco,Variant 70,70,2016-04-07T16:20:58.000,2016-04-07T15:29:59.000
Transferir Creditos,102306,1343,Transferir Creditos,1343,Fluxicon Disco,Variant 70,70,2016-04-15T18:29:00.000,2016-04-15T18:29:00.000
Transferir creditos homologables,102306,1343,Transferir creditos homologables,1343,Fluxicon Disco,Variant 70,70,2016-04-15T18:29:01.000,2016-04-15T18:29:01.000
Transferir Creditos,102306,1343,Transferir Creditos,1343,Fluxicon Disco,Variant 70,70,2016-04-15T18:29:23.000,2016-04-15T18:29:23.000
Transferir creditos homologables,102306,1343,Transferir creditos homologables,1343,Fluxicon Disco,Variant 70,70,2016-04-15T18:29:23.000,2016-04-15T18:29:23.000
End,102306,End,End,End,Fluxicon Disco,Variant 70,70,2016-04-15T18:29:23.000,2016-04-15T18:29:23.000
Start,102311,Start,Start,Start,Fluxicon Disco,Variant 4,4,2016-03-16T17:29:50.000,2016-03-16T17:29:50.000
Traer informacion estudiante - banner,102311,1934,Traer informacion estudiante - banner,1934,Fluxicon Disco,Variant 4,4,2016-03-16T17:29:50.000,2016-03-16T17:29:50.000
Radicar Solicitud Homologacion,102311,1934,Radicar Solicitud Homologacion,1934,Fluxicon Disco,Variant 4,4,2016-03-16T17:30:00.000,2016-03-16T17:29:52.000
Validar solicitud,102311,387,Validar solicitud,387,Fluxicon Disco,Variant 4,4,2016-03-16T17:54:20.000,2016-03-16T17:37:58.000
Homologacion por grupo de cursos,102311,22491,Homologacion por grupo de cursos,22491,Fluxicon Disco,Variant 4,4,2016-03-19T03:15:30.000,2016-03-18T19:18:25.000
Revisar curso,102311,387,Revisar curso,387,Fluxicon Disco,Variant 4,4,2016-03-18T19:18:25.000,2016-03-18T19:18:25.000
Evaluacion curso,102311,19295,Evaluacion curso,19295,Fluxicon Disco,Variant 4,4,2016-03-19T03:13:36.000,2016-03-18T19:19:03.000
Validar solicitud / pre-homologacion,102311,22491,Validar solicitud / pre-homologacion,22491,Fluxicon Disco,Variant 4,4,2016-06-21T23:35:41.000,2016-06-21T23:33:09.000
End,102311,End,End,End,Fluxicon Disco,Variant 4,4,2016-06-21T23:35:41.000,2016-06-21T23:35:41.000
Start,102351,Start,Start,Start,Fluxicon Disco,Variant 22,22,2016-03-16T20:30:33.000,2016-03-16T20:30:33.000
Traer informacion estudiante - banner,102351,8065,Traer informacion estudiante - banner,8065,Fluxicon Disco,Variant 22,22,2016-03-16T20:30:33.000,2016-03-16T20:30:33.000
Radicar Solicitud Homologacion,102351,8065,Radicar Solicitud Homologacion,8065,Fluxicon Disco,Variant 22,22,2016-03-16T20:35:00.000,2016-03-16T20:30:38.000
Notificacion estudiante cancelacion soli,102351,22475,Notificacion estudiante cancelacion soli,22475,Fluxicon Disco,Variant 22,22,2016-03-17T13:24:14.000,2016-03-17T13:24:14.000
Cancelar Solicitud,102351,22475,Cancelar Solicitud,22475,Fluxicon Disco,Variant 22,22,2016-03-17T14:53:03.000,2016-03-17T14:53:03.000
End,102351,End,End,End,Fluxicon Disco,Variant 22,22,2016-03-17T14:53:03.000,2016-03-17T14:53:03.000
Start,102353,Start,Start,Start,Fluxicon Disco,Variant 8,8,2016-03-16T20:37:12.000,2016-03-16T20:37:12.000
Traer informacion estudiante - banner,102353,8651,Traer informacion estudiante - banner,8651,Fluxicon Disco,Variant 8,8,2016-03-16T20:37:12.000,2016-03-16T20:37:12.000
Radicar Solicitud Homologacion,102353,8651,Radicar Solicitud Homologacion,8651,Fluxicon Disco,Variant 8,8,2016-03-16T20:44:10.000,2016-03-16T20:37:13.000
Cancelar Solicitud,102353,19019,Cancelar Solicitud,19019,Fluxicon Disco,Variant 8,8,2016-03-17T17:35:19.000,2016-03-17T17:34:27.000
Validar solicitud,102353,19019,Validar solicitud,19019,Fluxicon Disco,Variant 8,8,2016-03-17T17:35:13.000,2016-03-17T17:34:27.000
Revisar curso,102353,19019,Revisar curso,19019,Fluxicon Disco,Variant 8,8,2016-03-17T20:20:38.000,2016-03-17T20:20:38.000
Notificacion estudiante cancelacion soli,102353,19019,Notificacion estudiante cancelacion soli,19019,Fluxicon Disco,Variant 8,8,2016-03-17T20:27:21.000,2016-03-17T20:27:21.000
End,102353,End,End,End,Fluxicon Disco,Variant 8,8,2016-03-17T20:27:21.000,2016-03-17T20:27:21.000
Start,102354,Start,Start,Start,Fluxicon Disco,Variant 20,20,2016-03-16T21:00:15.000,2016-03-16T21:00:15.000
Traer informacion estudiante - banner,102354,19214,Traer informacion estudiante - banner,19214,Fluxicon Disco,Variant 20,20,2016-03-16T21:00:15.000,2016-03-16T21:00:15.000
Radicar Solicitud Homologacion,102354,19214,Radicar Solicitud Homologacion,19214,Fluxicon Disco,Variant 20,20,2016-03-16T21:01:02.000,2016-03-16T21:00:16.000
Validar solicitud,102354,448,Validar solicitud,448,Fluxicon Disco,Variant 20,20,2016-03-16T23:44:30.000,2016-03-16T21:46:24.000
Homologacion por grupo de cursos,102354,1,Homologacion por grupo de cursos,1,Fluxicon Disco,Variant 20,20,2016-04-13T20:54:18.000,2016-04-13T18:53:09.000
Revisar curso,102354,448,Revisar curso,448,Fluxicon Disco,Variant 20,20,2016-04-13T18:53:11.000,2016-04-13T18:53:10.000
Evaluacion curso,102354,448,Evaluacion curso,448,Fluxicon Disco,Variant 20,20,2016-04-13T19:19:09.000,2016-04-13T18:55:05.000
Validacion final,102354,448,Validacion final,448,Fluxicon Disco,Variant 20,20,2016-04-18T20:13:48.000,2016-04-18T20:13:48.000
Visto Bueno Cierre Proceso,102354,7177,Visto Bueno Cierre Proceso,7177,Fluxicon Disco,Variant 20,20,2016-04-18T20:17:30.000,2016-04-18T20:15:06.000
Transferir Creditos,102354,1,Transferir Creditos,1,Fluxicon Disco,Variant 20,20,2016-04-19T00:59:06.000,2016-04-18T23:24:28.000
Transferir creditos homologables,102354,1,Transferir creditos homologables,1,Fluxicon Disco,Variant 20,20,2016-04-19T00:59:07.000,2016-04-18T23:24:29.000
Transferir creditos homologables,102354,1,Transferir creditos homologables,1,Fluxicon Disco,Variant 20,20,2016-04-19T00:59:07.000,2016-04-18T23:24:29.000
End,102354,End,End,End,Fluxicon Disco,Variant 20,20,2016-04-19T00:59:07.000,2016-04-19T00:59:07.000
Start,102358,Start,Start,Start,Fluxicon Disco,Variant 3,3,2016-03-16T23:00:59.000,2016-03-16T23:00:59.000
Traer informacion estudiante - banner,102358,3480,Traer informacion estudiante - banner,3480,Fluxicon Disco,Variant 3,3,2016-03-16T23:00:59.000,2016-03-16T23:00:59.000
Radicar Solicitud Homologacion,102358,3480,Radicar Solicitud Homologacion,3480,Fluxicon Disco,Variant 3,3,2016-03-16T23:01:10.000,2016-03-16T23:01:00.000
Validar solicitud,102358,559,Validar solicitud,559,Fluxicon Disco,Variant 3,3,2016-03-16T23:50:05.000,2016-03-16T23:11:10.000
Homologacion por grupo de cursos,102358,7186,Homologacion por grupo de cursos,7186,Fluxicon Disco,Variant 3,3,2016-03-31T06:00:50.000,2016-03-30T23:06:12.000
Revisar curso,102358,22534,Revisar curso,22534,Fluxicon Disco,Variant 3,3,2016-03-31T01:52:05.000,2016-03-30T23:06:12.000
Evaluacion curso,102358,22534,Evaluacion curso,22534,Fluxicon Disco,Variant 3,3,2016-04-28T20:55:23.000,2016-04-28T20:37:17.000
Validacion final,102358,559,Validacion final,559,Fluxicon Disco,Variant 3,3,2016-05-03T00:36:19.000,2016-05-02T23:06:26.000
Visto Bueno Cierre Proceso,102358,7186,Visto Bueno Cierre Proceso,7186,Fluxicon Disco,Variant 3,3,2016-05-19T16:55:19.000,2016-05-19T14:34:35.000
End,102358,End,End,End,Fluxicon Disco,Variant 3,3,2016-05-19T16:55:19.000,2016-05-19T16:55:19.000
Start,102360,Start,Start,Start,Fluxicon Disco,Variant 3,3,2016-03-17T00:14:21.000,2016-03-17T00:14:21.000
Traer informacion estudiante - banner,102360,397,Traer informacion estudiante - banner,397,Fluxicon Disco,Variant 3,3,2016-03-17T00:14:21.000,2016-03-17T00:14:21.000
Radicar Solicitud Homologacion,102360,397,Radicar Solicitud Homologacion,397,Fluxicon Disco,Variant 3,3,2016-03-17T00:14:22.000,2016-03-17T00:14:22.000
Validar solicitud,102360,241,Validar solicitud,241,Fluxicon Disco,Variant 3,3,2016-03-17T00:49:47.000,2016-03-17T00:26:51.000
Homologacion por grupo de cursos,102360,6979,Homologacion por grupo de cursos,6979,Fluxicon Disco,Variant 3,3,2016-03-29T02:17:32.000,2016-03-28T23:56:29.000
Revisar curso,102360,241,Revisar curso,241,Fluxicon Disco,Variant 3,3,2016-03-28T23:56:31.000,2016-03-28T23:56:29.000
Evaluacion curso,102360,6979,Evaluacion curso,6979,Fluxicon Disco,Variant 3,3,2016-03-29T00:51:55.000,2016-03-28T23:58:57.000
Validacion final,102360,241,Validacion final,241,Fluxicon Disco,Variant 3,3,2016-04-06T18:58:47.000,2016-04-06T18:57:40.000
Visto Bueno Cierre Proceso,102360,6979,Visto Bueno Cierre Proceso,6979,Fluxicon Disco,Variant 3,3,2016-04-06T23:32:03.000,2016-04-06T22:05:09.000
End,102360,End,End,End,Fluxicon Disco,Variant 3,3,2016-04-06T23:32:03.000,2016-04-06T23:32:03.000
Start,102361,Start,Start,Start,Fluxicon Disco,Variant 3,3,2016-03-17T00:46:53.000,2016-03-17T00:46:53.000
Traer informacion estudiante - banner,102361,8824,Traer informacion estudiante - banner,8824,Fluxicon Disco,Variant 3,3,2016-03-17T00:46:53.000,2016-03-17T00:46:53.000
Radicar Solicitud Homologacion,102361,8824,Radicar Solicitud Homologacion,8824,Fluxicon Disco,Variant 3,3,2016-03-17T00:46:54.000,2016-03-17T00:46:54.000
Validar solicitud,102361,677,Validar solicitud,677,Fluxicon Disco,Variant 3,3,2016-03-17T00:49:56.000,2016-03-17T00:49:56.000
Homologacion por grupo de cursos,102361,3445,Homologacion por grupo de cursos,3445,Fluxicon Disco,Variant 3,3,2016-03-17T01:38:17.000,2016-03-17T01:18:17.000
Revisar curso,102361,677,Revisar curso,677,Fluxicon Disco,Variant 3,3,2016-03-17T01:18:17.000,2016-03-17T01:18:17.000
Evaluacion curso,102361,6995,Evaluacion curso,6995,Fluxicon Disco,Variant 3,3,2016-03-17T01:19:53.000,2016-03-17T01:19:53.000
Validacion final,102361,677,Validacion final,677,Fluxicon Disco,Variant 3,3,2016-03-17T12:45:08.000,2016-03-17T12:41:08.000
Visto Bueno Cierre Proceso,102361,3445,Visto Bueno Cierre Proceso,3445,Fluxicon Disco,Variant 3,3,2016-03-17T19:43:13.000,2016-03-17T19:27:13.000
End,102361,End,End,End,Fluxicon Disco,Variant 3,3,2016-03-17T19:43:13.000,2016-03-17T19:43:13.000
Start,102362,Start,Start,Start,Fluxicon Disco,Variant 1,1,2016-03-17T00:50:23.000,2016-03-17T00:50:23.000
Traer informacion estudiante - banner,102362,8824,Traer informacion estudiante - banner,8824,Fluxicon Disco,Variant 1,1,2016-03-17T00:50:23.000,2016-03-17T00:50:23.000
Radicar Solicitud Homologacion,102362,8824,Radicar Solicitud Homologacion,8824,Fluxicon Disco,Variant 1,1,2016-03-17T00:50:24.000,2016-03-17T00:50:24.000
Cancelar Solicitud,102362,677,Cancelar Solicitud,677,Fluxicon Disco,Variant 1,1,2016-03-17T00:55:22.000,2016-03-17T00:55:22.000
Notificacion estudiante cancelacion soli,102362,677,Notificacion estudiante cancelacion soli,677,Fluxicon Disco,Variant 1,1,2016-03-17T01:22:05.000,2016-03-17T01:22:05.000
End,102362,End,End,End,Fluxicon Disco,Variant 1,1,2016-03-17T01:22:05.000,2016-03-17T01:22:05.000
Start,102364,Start,Start,Start,Fluxicon Disco,Variant 20,20,2016-03-17T01:53:22.000,2016-03-17T01:53:22.000
Traer informacion estudiante - banner,102364,9427,Traer informacion estudiante - banner,9427,Fluxicon Disco,Variant 20,20,2016-03-17T01:53:22.000,2016-03-17T01:53:22.000
Radicar Solicitud Homologacion,102364,9427,Radicar Solicitud Homologacion,9427,Fluxicon Disco,Variant 20,20,2016-03-17T01:53:23.000,2016-03-17T01:53:23.000
Validar solicitud,102364,677,Validar solicitud,677,Fluxicon Disco,Variant 20,20,2016-03-17T02:11:21.000,2016-03-17T02:07:21.000
Homologacion por grupo de cursos,102364,3445,Homologacion por grupo de cursos,3445,Fluxicon Disco,Variant 20,20,2016-03-17T20:33:44.000,2016-03-17T19:29:33.000
Revisar curso,102364,677,Revisar curso,677,Fluxicon Disco,Variant 20,20,2016-03-17T19:29:33.000,2016-03-17T19:29:33.000
Evaluacion curso,102364,677,Evaluacion curso,677,Fluxicon Disco,Variant 20,20,2016-03-17T20:33:02.000,2016-03-17T19:30:45.000
Validacion final,102364,677,Validacion final,677,Fluxicon Disco,Variant 20,20,2016-04-05T17:17:20.000,2016-04-05T17:17:20.000
Visto Bueno Cierre Proceso,102364,3445,Visto Bueno Cierre Proceso,3445,Fluxicon Disco,Variant 20,20,2016-04-05T17:19:59.000,2016-04-05T17:18:06.000
Transferir Creditos,102364,3445,Transferir Creditos,3445,Fluxicon Disco,Variant 20,20,2016-04-05T21:11:52.000,2016-04-05T21:11:52.000
Transferir creditos homologables,102364,3445,Transferir creditos homologables,3445,Fluxicon Disco,Variant 20,20,2016-04-05T21:11:52.000,2016-04-05T21:11:52.000
Transferir creditos homologables,102364,3445,Transferir creditos homologables,3445,Fluxicon Disco,Variant 20,20,2016-04-05T21:11:52.000,2016-04-05T21:11:52.000
End,102364,End,End,End,Fluxicon Disco,Variant 20,20,2016-04-05T21:11:52.000,2016-04-05T21:11:52.000
Start,102365,Start,Start,Start,Fluxicon Disco,Variant 1,1,2016-03-17T02:10:40.000,2016-03-17T02:10:40.000
Traer informacion estudiante - banner,102365,7682,Traer informacion estudiante - banner,7682,Fluxicon Disco,Variant 1,1,2016-03-17T02:10:40.000,2016-03-17T02:10:40.000
Radicar Solicitud Homologacion,102365,7682,Radicar Solicitud Homologacion,7682,Fluxicon Disco,Variant 1,1,2016-03-17T02:11:20.000,2016-03-17T02:10:41.000
Cancelar Solicitud,102365,7682,Cancelar Solicitud,7682,Fluxicon Disco,Variant 1,1,2016-03-17T14:55:09.000,2016-03-17T14:39:49.000
Notificacion estudiante cancelacion soli,102365,7682,Notificacion estudiante cancelacion soli,7682,Fluxicon Disco,Variant 1,1,2016-03-22T02:38:22.000,2016-03-22T02:38:22.000
End,102365,End,End,End,Fluxicon Disco,Variant 1,1,2016-03-22T02:38:22.000,2016-03-22T02:38:22.000
Start,102401,Start,Start,Start,Fluxicon Disco,Variant 12,12,2016-03-16T21:45:07.000,2016-03-16T21:45:07.000
Traer informacion estudiante - banner,102401,7137,Traer informacion estudiante - banner,7137,Fluxicon Disco,Variant 12,12,2016-03-16T21:45:07.000,2016-03-16T21:45:07.000
Radicar Solicitud Homologacion,102401,7137,Radicar Solicitud Homologacion,7137,Fluxicon Disco,Variant 12,12,2016-03-16T21:45:35.000,2016-03-16T21:45:10.000
Validar solicitud,102401,677,Validar solicitud,677,Fluxicon Disco,Variant 12,12,2016-03-16T23:29:13.000,2016-03-16T22:10:12.000
Homologacion por grupo de cursos,102401,3445,Homologacion por grupo de cursos,3445,Fluxicon Disco,Variant 12,12,2016-04-06T23:13:18.000,2016-04-06T22:11:41.000
Revisar curso,102401,26757,Revisar curso,26757,Fluxicon Disco,Variant 12,12,2016-04-06T23:06:38.000,2016-04-06T22:11:41.000
Evaluacion curso,102401,26757,Evaluacion curso,26757,Fluxicon Disco,Variant 12,12,2016-04-15T21:10:22.000,2016-04-15T21:09:33.000
Validacion final,102401,677,Validacion final,677,Fluxicon Disco,Variant 12,12,2016-04-15T22:03:12.000,2016-04-15T21:59:27.000
Visto Bueno Cierre Proceso,102401,3445,Visto Bueno Cierre Proceso,3445,Fluxicon Disco,Variant 12,12,2016-04-18T15:47:14.000,2016-04-18T15:45:11.000
Transferir Creditos,102401,3445,Transferir Creditos,3445,Fluxicon Disco,Variant 12,12,2016-04-18T17:49:19.000,2016-04-18T17:49:19.000
End,102401,End,End,End,Fluxicon Disco,Variant 12,12,2016-04-18T17:49:19.000,2016-04-18T17:49:19.000
Start,102402,Start,Start,Start,Fluxicon Disco,Variant 1,1,2016-03-16T22:33:33.000,2016-03-16T22:33:33.000
Traer informacion estudiante - banner,102402,8651,Traer informacion estudiante - banner,8651,Fluxicon Disco,Variant 1,1,2016-03-16T22:33:33.000,2016-03-16T22:33:33.000
Radicar Solicitud Homologacion,102402,8651,Radicar Solicitud Homologacion,8651,Fluxicon Disco,Variant 1,1,2016-03-16T22:39:01.000,2016-03-16T22:33:35.000
Cancelar Solicitud,102402,19019,Cancelar Solicitud,19019,Fluxicon Disco,Variant 1,1,2016-03-17T18:18:59.000,2016-03-17T18:02:59.000
Notificacion estudiante cancelacion soli,102402,19019,Notificacion estudiante cancelacion soli,19019,Fluxicon Disco,Variant 1,1,2016-03-28T19:29:18.000,2016-03-28T19:29:18.000
End,102402,End,End,End,Fluxicon Disco,Variant 1,1,2016-03-28T19:29:18.000,2016-03-28T19:29:18.000
Start,102403,Start,Start,Start,Fluxicon Disco,Variant 1,1,2016-03-16T22:40:11.000,2016-03-16T22:40:11.000
Traer informacion estudiante - banner,102403,7682,Traer informacion estudiante - banner,7682,Fluxicon Disco,Variant 1,1,2016-03-16T22:40:11.000,2016-03-16T22:40:11.000
Radicar Solicitud Homologacion,102403,7682,Radicar Solicitud Homologacion,7682,Fluxicon Disco,Variant 1,1,2016-03-16T22:40:54.000,2016-03-16T22:40:12.000
Cancelar Solicitud,102403,7682,Cancelar Solicitud,7682,Fluxicon Disco,Variant 1,1,2016-03-16T23:23:38.000,2016-03-16T23:22:44.000
Notificacion estudiante cancelacion soli,102403,7682,Notificacion estudiante cancelacion soli,7682,Fluxicon Disco,Variant 1,1,2016-03-17T14:16:58.000,2016-03-17T14:16:58.000
End,102403,End,End,End,Fluxicon Disco,Variant 1,1,2016-03-17T14:16:58.000,2016-03-17T14:16:58.000
Start,102404,Start,Start,Start,Fluxicon Disco,Variant 4,4,2016-03-16T23:06:41.000,2016-03-16T23:06:41.000
Traer informacion estudiante - banner,102404,8164,Traer informacion estudiante - banner,8164,Fluxicon Disco,Variant 4,4,2016-03-16T23:06:41.000,2016-03-16T23:06:41.000
Radicar Solicitud Homologacion,102404,8164,Radicar Solicitud Homologacion,8164,Fluxicon Disco,Variant 4,4,2016-03-16T23:15:35.000,2016-03-16T23:06:42.000
Validar solicitud,102404,1707,Validar solicitud,1707,Fluxicon Disco,Variant 4,4,2016-03-18T12:55:04.000,2016-03-18T10:55:04.000
Homologacion por grupo de cursos,102404,1707,Homologacion por grupo de cursos,1707,Fluxicon Disco,Variant 4,4,2016-04-15T16:08:36.000,2016-04-15T13:44:36.000
Revisar curso,102404,186,Revisar curso,186,Fluxicon Disco,Variant 4,4,2016-04-15T16:04:03.000,2016-04-15T13:44:36.000
Evaluacion curso,102404,186,Evaluacion curso,186,Fluxicon Disco,Variant 4,4,2016-05-11T18:31:55.000,2016-05-11T18:27:23.000
Validar solicitud / pre-homologacion,102404,1707,Validar solicitud / pre-homologacion,1707,Fluxicon Disco,Variant 4,4,2016-05-12T02:01:46.000,2016-05-12T02:01:46.000
End,102404,End,End,End,Fluxicon Disco,Variant 4,4,2016-05-12T02:01:46.000,2016-05-12T02:01:46.000
Start,102405,Start,Start,Start,Fluxicon Disco,Variant 1,1,2016-03-16T23:23:12.000,2016-03-16T23:23:12.000
Traer informacion estudiante - banner,102405,7682,Traer informacion estudiante - banner,7682,Fluxicon Disco,Variant 1,1,2016-03-16T23:23:12.000,2016-03-16T23:23:12.000
Radicar Solicitud Homologacion,102405,7682,Radicar Solicitud Homologacion,7682,Fluxicon Disco,Variant 1,1,2016-03-16T23:23:49.000,2016-03-16T23:23:13.000
Cancelar Solicitud,102405,22404,Cancelar Solicitud,22404,Fluxicon Disco,Variant 1,1,2016-03-17T04:03:27.000,2016-03-17T02:19:27.000
Notificacion estudiante cancelacion soli,102405,22404,Notificacion estudiante cancelacion soli,22404,Fluxicon Disco,Variant 1,1,2016-04-12T14:43:56.000,2016-04-12T14:43:56.000
End,102405,End,End,End,Fluxicon Disco,Variant 1,1,2016-04-12T14:43:56.000,2016-04-12T14:43:56.000
Start,102501,Start,Start,Start,Fluxicon Disco,Variant 12,12,2016-03-17T11:33:16.000,2016-03-17T11:33:16.000
Traer informacion estudiante - banner,102501,23335,Traer informacion estudiante - banner,23335,Fluxicon Disco,Variant 12,12,2016-03-17T11:33:16.000,2016-03-17T11:33:16.000
Radicar Solicitud Homologacion,102501,23335,Radicar Solicitud Homologacion,23335,Fluxicon Disco,Variant 12,12,2016-03-17T11:33:22.000,2016-03-17T11:33:22.000
Validar solicitud,102501,677,Validar solicitud,677,Fluxicon Disco,Variant 12,12,2016-03-17T13:06:34.000,2016-03-17T11:49:20.000
Homologacion por grupo de cursos,102501,3445,Homologacion por grupo de cursos,3445,Fluxicon Disco,Variant 12,12,2016-04-07T03:00:15.000,2016-04-06T22:14:24.000
Revisar curso,102501,12521,Revisar curso,12521,Fluxicon Disco,Variant 12,12,2016-04-06T23:13:10.000,2016-04-06T22:14:25.000
Evaluacion curso,102501,12521,Evaluacion curso,12521,Fluxicon Disco,Variant 12,12,2016-04-18T18:14:10.000,2016-04-18T14:42:10.000
Validacion final,102501,677,Validacion final,677,Fluxicon Disco,Variant 12,12,2016-05-25T20:52:28.000,2016-05-25T20:45:55.000
Visto Bueno Cierre Proceso,102501,3445,Visto Bueno Cierre Proceso,3445,Fluxicon Disco,Variant 12,12,2016-05-26T17:41:58.000,2016-05-26T17:33:26.000
Transferir Creditos,102501,3445,Transferir Creditos,3445,Fluxicon Disco,Variant 12,12,2016-05-27T18:05:27.000,2016-05-27T18:05:27.000
End,102501,End,End,End,Fluxicon Disco,Variant 12,12,2016-05-27T18:05:27.000,2016-05-27T18:05:27.000
Start,102506,Start,Start,Start,Fluxicon Disco,Variant 2,2,2016-03-17T14:11:07.000,2016-03-17T14:11:07.000
Traer informacion estudiante - banner,102506,24517,Traer informacion estudiante - banner,24517,Fluxicon Disco,Variant 2,2,2016-03-17T14:11:07.000,2016-03-17T14:11:07.000
Radicar Solicitud Homologacion,102506,24517,Radicar Solicitud Homologacion,24517,Fluxicon Disco,Variant 2,2,2016-03-17T14:30:33.000,2016-03-17T14:11:10.000
Validar solicitud,102506,261,Validar solicitud,261,Fluxicon Disco,Variant 2,2,2016-03-28T22:04:15.000,2016-03-28T18:34:57.000
Homologacion por grupo de cursos,102506,308,Homologacion por grupo de cursos,308,Fluxicon Disco,Variant 2,2,2016-05-04T02:05:57.000,2016-05-03T21:53:02.000
End,102506,End,End,End,Fluxicon Disco,Variant 2,2,2016-05-04T02:05:57.000,2016-05-04T02:05:57.000
Start,102554,Start,Start,Start,Fluxicon Disco,Variant 1,1,2016-03-17T18:20:53.000,2016-03-17T18:20:53.000
Traer informacion estudiante - banner,102554,15057,Traer informacion estudiante - banner,15057,Fluxicon Disco,Variant 1,1,2016-03-17T18:20:53.000,2016-03-17T18:20:53.000
Radicar Solicitud Homologacion,102554,15057,Radicar Solicitud Homologacion,15057,Fluxicon Disco,Variant 1,1,2016-03-17T18:24:54.000,2016-03-17T18:20:54.000
Cancelar Solicitud,102554,677,Cancelar Solicitud,677,Fluxicon Disco,Variant 1,1,2016-03-18T13:23:36.000,2016-03-18T13:11:36.000
Notificacion estudiante cancelacion soli,102554,677,Notificacion estudiante cancelacion soli,677,Fluxicon Disco,Variant 1,1,2016-03-28T19:58:41.000,2016-03-28T19:58:41.000
End,102554,End,End,End,Fluxicon Disco,Variant 1,1,2016-03-28T19:58:41.000,2016-03-28T19:58:41.000
Start,102556,Start,Start,Start,Fluxicon Disco,Variant 1,1,2016-03-17T19:04:54.000,2016-03-17T19:04:54.000
Traer informacion estudiante - banner,102556,10183,Traer informacion estudiante - banner,10183,Fluxicon Disco,Variant 1,1,2016-03-17T19:04:54.000,2016-03-17T19:04:54.000
Radicar Solicitud Homologacion,102556,10183,Radicar Solicitud Homologacion,10183,Fluxicon Disco,Variant 1,1,2016-03-17T19:04:55.000,2016-03-17T19:04:55.000
Cancelar Solicitud,102556,22475,Cancelar Solicitud,22475,Fluxicon Disco,Variant 1,1,2016-03-17T21:16:22.000,2016-03-17T19:17:25.000
Notificacion estudiante cancelacion soli,102556,22475,Notificacion estudiante cancelacion soli,22475,Fluxicon Disco,Variant 1,1,2016-04-14T17:57:06.000,2016-04-14T17:57:06.000
End,102556,End,End,End,Fluxicon Disco,Variant 1,1,2016-04-14T17:57:06.000,2016-04-14T17:57:06.000
Start,102557,Start,Start,Start,Fluxicon Disco,Variant 2,2,2016-03-17T19:21:24.000,2016-03-17T19:21:24.000
Traer informacion estudiante - banner,102557,3149,Traer informacion estudiante - banner,3149,Fluxicon Disco,Variant 2,2,2016-03-17T19:21:24.000,2016-03-17T19:21:24.000
Radicar Solicitud Homologacion,102557,3149,Radicar Solicitud Homologacion,3149,Fluxicon Disco,Variant 2,2,2016-03-17T19:21:25.000,2016-03-17T19:21:25.000
Validar solicitud,102557,186,Validar solicitud,186,Fluxicon Disco,Variant 2,2,2016-03-17T23:39:29.000,2016-03-17T19:27:29.000
Homologacion por grupo de cursos,102557,186,Homologacion por grupo de cursos,186,Fluxicon Disco,Variant 2,2,2016-05-10T04:00:58.000,2016-05-10T03:45:23.000
End,102557,End,End,End,Fluxicon Disco,Variant 2,2,2016-05-10T04:00:58.000,2016-05-10T04:00:58.000
Start,102601,Start,Start,Start,Fluxicon Disco,Variant 3,3,2016-03-17T21:43:15.000,2016-03-17T21:43:15.000
Traer informacion estudiante - banner,102601,1515,Traer informacion estudiante - banner,1515,Fluxicon Disco,Variant 3,3,2016-03-17T21:43:15.000,2016-03-17T21:43:15.000
Radicar Solicitud Homologacion,102601,1515,Radicar Solicitud Homologacion,1515,Fluxicon Disco,Variant 3,3,2016-03-17T21:43:28.000,2016-03-17T21:43:21.000
Validar solicitud,102601,1707,Validar solicitud,1707,Fluxicon Disco,Variant 3,3,2016-03-17T23:53:11.000,2016-03-17T21:51:03.000
Homologacion por grupo de cursos,102601,15930,Homologacion por grupo de cursos,15930,Fluxicon Disco,Variant 3,3,2016-04-15T20:12:54.000,2016-04-15T13:46:12.000
Revisar curso,102601,1707,Revisar curso,1707,Fluxicon Disco,Variant 3,3,2016-04-15T15:15:05.000,2016-04-15T13:46:12.000
Evaluacion curso,102601,7763,Evaluacion curso,7763,Fluxicon Disco,Variant 3,3,2016-05-02T20:40:29.000,2016-05-02T15:53:23.000
Validacion final,102601,1707,Validacion final,1707,Fluxicon Disco,Variant 3,3,2016-06-24T04:11:51.000,2016-06-24T04:11:51.000
Visto Bueno Cierre Proceso,102601,15930,Visto Bueno Cierre Proceso,15930,Fluxicon Disco,Variant 3,3,2016-06-24T14:06:19.000,2016-06-24T13:55:37.000
End,102601,End,End,End,Fluxicon Disco,Variant 3,3,2016-06-24T14:06:19.000,2016-06-24T14:06:19.000
Start,102602,Start,Start,Start,Fluxicon Disco,Variant 3,3,2016-03-17T21:54:25.000,2016-03-17T21:54:25.000
Traer informacion estudiante - banner,102602,1515,Traer informacion estudiante - banner,1515,Fluxicon Disco,Variant 3,3,2016-03-17T21:54:25.000,2016-03-17T21:54:25.000
Radicar Solicitud Homologacion,102602,1515,Radicar Solicitud Homologacion,1515,Fluxicon Disco,Variant 3,3,2016-03-17T21:54:30.000,2016-03-17T21:54:25.000
Validar solicitud,102602,677,Validar solicitud,677,Fluxicon Disco,Variant 3,3,2016-03-17T22:13:30.000,2016-03-17T21:59:30.000
Homologacion por grupo de cursos,102602,3445,Homologacion por grupo de cursos,3445,Fluxicon Disco,Variant 3,3,2016-03-28T20:49:12.000,2016-03-28T20:01:00.000
Revisar curso,102602,677,Revisar curso,677,Fluxicon Disco,Variant 3,3,2016-03-28T20:01:00.000,2016-03-28T20:01:00.000
Evaluacion curso,102602,3445,Evaluacion curso,3445,Fluxicon Disco,Variant 3,3,2016-03-28T20:01:51.000,2016-03-28T20:01:51.000
Validacion final,102602,677,Validacion final,677,Fluxicon Disco,Variant 3,3,2016-03-28T21:11:33.000,2016-03-28T20:25:17.000
Visto Bueno Cierre Proceso,102602,3445,Visto Bueno Cierre Proceso,3445,Fluxicon Disco,Variant 3,3,2016-04-05T17:18:48.000,2016-04-05T17:16:53.000
End,102602,End,End,End,Fluxicon Disco,Variant 3,3,2016-04-05T17:18:48.000,2016-04-05T17:18:48.000
Start,102603,Start,Start,Start,Fluxicon Disco,Variant 3,3,2016-03-17T21:59:36.000,2016-03-17T21:59:36.000
Traer informacion estudiante - banner,102603,1515,Traer informacion estudiante - banner,1515,Fluxicon Disco,Variant 3,3,2016-03-17T21:59:36.000,2016-03-17T21:59:36.000
Radicar Solicitud Homologacion,102603,1515,Radicar Solicitud Homologacion,1515,Fluxicon Disco,Variant 3,3,2016-03-17T21:59:39.000,2016-03-17T21:59:37.000
Validar solicitud,102603,1707,Validar solicitud,1707,Fluxicon Disco,Variant 3,3,2016-03-18T00:04:05.000,2016-03-17T22:02:08.000
Homologacion por grupo de cursos,102603,15930,Homologacion por grupo de cursos,15930,Fluxicon Disco,Variant 3,3,2016-04-15T15:57:07.000,2016-04-15T13:49:07.000
Revisar curso,102603,1707,Revisar curso,1707,Fluxicon Disco,Variant 3,3,2016-04-15T15:18:00.000,2016-04-15T13:49:07.000
Evaluacion curso,102603,15930,Evaluacion curso,15930,Fluxicon Disco,Variant 3,3,2016-05-02T16:16:40.000,2016-05-02T15:53:34.000
Validacion final,102603,1707,Validacion final,1707,Fluxicon Disco,Variant 3,3,2016-05-05T03:53:08.000,2016-05-05T03:53:08.000
Visto Bueno Cierre Proceso,102603,15930,Visto Bueno Cierre Proceso,15930,Fluxicon Disco,Variant 3,3,2016-05-05T15:14:06.000,2016-05-05T14:58:06.000
End,102603,End,End,End,Fluxicon Disco,Variant 3,3,2016-05-05T15:14:06.000,2016-05-05T15:14:06.000
Start,102651,Start,Start,Start,Fluxicon Disco,Variant 7,7,2016-03-17T19:47:36.000,2016-03-17T19:47:36.000
Traer informacion estudiante - banner,102651,5506,Traer informacion estudiante - banner,5506,Fluxicon Disco,Variant 7,7,2016-03-17T19:47:36.000,2016-03-17T19:47:36.000
Radicar Solicitud Homologacion,102651,5506,Radicar Solicitud Homologacion,5506,Fluxicon Disco,Variant 7,7,2016-03-17T19:47:44.000,2016-03-17T19:47:40.000
Cancelar Solicitud,102651,5506,Cancelar Solicitud,5506,Fluxicon Disco,Variant 7,7,2016-03-17T21:33:57.000,2016-03-17T20:04:49.000
Validar solicitud,102651,22475,Validar solicitud,22475,Fluxicon Disco,Variant 7,7,2016-03-17T20:08:44.000,2016-03-17T20:04:49.000
Notificacion estudiante cancelacion soli,102651,5506,Notificacion estudiante cancelacion soli,5506,Fluxicon Disco,Variant 7,7,2016-04-08T22:12:54.000,2016-04-08T22:12:54.000
End,102651,End,End,End,Fluxicon Disco,Variant 7,7,2016-04-08T22:12:54.000,2016-04-08T22:12:54.000
Start,102652,Start,Start,Start,Fluxicon Disco,Variant 1,1,2016-03-17T20:05:36.000,2016-03-17T20:05:36.000
Traer informacion estudiante - banner,102652,5506,Traer informacion estudiante - banner,5506,Fluxicon Disco,Variant 1,1,2016-03-17T20:05:36.000,2016-03-17T20:05:36.000
Radicar Solicitud Homologacion,102652,5506,Radicar Solicitud Homologacion,5506,Fluxicon Disco,Variant 1,1,2016-03-17T20:05:43.000,2016-03-17T20:05:37.000
Cancelar Solicitud,102652,5506,Cancelar Solicitud,5506,Fluxicon Disco,Variant 1,1,2016-03-17T20:15:10.000,2016-03-17T20:12:22.000
Notificacion estudiante cancelacion soli,102652,5506,Notificacion estudiante cancelacion soli,5506,Fluxicon Disco,Variant 1,1,2016-03-17T23:00:29.000,2016-03-17T23:00:29.000
End,102652,End,End,End,Fluxicon Disco,Variant 1,1,2016-03-17T23:00:29.000,2016-03-17T23:00:29.000
Start,102701,Start,Start,Start,Fluxicon Disco,Variant 71,71,2016-03-17T22:55:26.000,2016-03-17T22:55:26.000
Traer informacion estudiante - banner,102701,5506,Traer informacion estudiante - banner,5506,Fluxicon Disco,Variant 71,71,2016-03-17T22:55:26.000,2016-03-17T22:55:26.000
Radicar Solicitud Homologacion,102701,5506,Radicar Solicitud Homologacion,5506,Fluxicon Disco,Variant 71,71,2016-03-17T22:55:32.000,2016-03-17T22:55:29.000
Validar solicitud,102701,22475,Validar solicitud,22475,Fluxicon Disco,Variant 71,71,2016-03-17T22:59:49.000,2016-03-17T22:58:48.000
Cancelar Solicitud,102701,5506,Cancelar Solicitud,5506,Fluxicon Disco,Variant 71,71,2016-03-18T00:25:04.000,2016-03-17T22:58:49.000
Revisar curso,102701,22475,Revisar curso,22475,Fluxicon Disco,Variant 71,71,2016-03-18T13:21:20.000,2016-03-18T13:21:20.000
Evaluacion curso,102701,22478,Evaluacion curso,22478,Fluxicon Disco,Variant 71,71,2016-03-18T14:47:06.000,2016-03-18T13:23:31.000
Validacion final,102701,22475,Validacion final,22475,Fluxicon Disco,Variant 71,71,2016-04-08T18:36:25.000,2016-04-08T18:35:57.000
Notificacion estudiante cancelacion soli,102701,5506,Notificacion estudiante cancelacion soli,5506,Fluxicon Disco,Variant 71,71,2016-04-08T22:13:55.000,2016-04-08T22:13:55.000
End,102701,End,End,End,Fluxicon Disco,Variant 71,71,2016-04-08T22:13:55.000,2016-04-08T22:13:55.000
Start,102751,Start,Start,Start,Fluxicon Disco,Variant 1,1,2016-03-18T02:47:42.000,2016-03-18T02:47:42.000
Traer informacion estudiante - banner,102751,8064,Traer informacion estudiante - banner,8064,Fluxicon Disco,Variant 1,1,2016-03-18T02:47:42.000,2016-03-18T02:47:42.000
Radicar Solicitud Homologacion,102751,8064,Radicar Solicitud Homologacion,8064,Fluxicon Disco,Variant 1,1,2016-03-18T02:49:47.000,2016-03-18T02:47:46.000
Cancelar Solicitud,102751,8064,Cancelar Solicitud,8064,Fluxicon Disco,Variant 1,1,2016-03-18T16:04:57.000,2016-03-18T16:01:50.000
Notificacion estudiante cancelacion soli,102751,8064,Notificacion estudiante cancelacion soli,8064,Fluxicon Disco,Variant 1,1,2016-03-18T21:09:37.000,2016-03-18T21:09:37.000
End,102751,End,End,End,Fluxicon Disco,Variant 1,1,2016-03-18T21:09:37.000,2016-03-18T21:09:37.000
Start,102951,Start,Start,Start,Fluxicon Disco,Variant 3,3,2016-03-18T15:14:14.000,2016-03-18T15:14:14.000
Traer informacion estudiante - banner,102951,8824,Traer informacion estudiante - banner,8824,Fluxicon Disco,Variant 3,3,2016-03-18T15:14:14.000,2016-03-18T15:14:14.000
Radicar Solicitud Homologacion,102951,8824,Radicar Solicitud Homologacion,8824,Fluxicon Disco,Variant 3,3,2016-03-18T15:14:22.000,2016-03-18T15:14:18.000
Validar solicitud,102951,677,Validar solicitud,677,Fluxicon Disco,Variant 3,3,2016-03-18T15:29:30.000,2016-03-18T15:18:49.000
Homologacion por grupo de cursos,102951,3445,Homologacion por grupo de cursos,3445,Fluxicon Disco,Variant 3,3,2016-03-28T20:51:15.000,2016-03-28T20:03:03.000
Revisar curso,102951,677,Revisar curso,677,Fluxicon Disco,Variant 3,3,2016-03-28T20:03:03.000,2016-03-28T20:03:03.000
Evaluacion curso,102951,3445,Evaluacion curso,3445,Fluxicon Disco,Variant 3,3,2016-03-28T20:03:57.000,2016-03-28T20:03:57.000
Validacion final,102951,677,Validacion final,677,Fluxicon Disco,Variant 3,3,2016-03-28T21:13:33.000,2016-03-28T20:27:17.000
Visto Bueno Cierre Proceso,102951,3445,Visto Bueno Cierre Proceso,3445,Fluxicon Disco,Variant 3,3,2016-04-05T17:18:20.000,2016-04-05T17:16:24.000
End,102951,End,End,End,Fluxicon Disco,Variant 3,3,2016-04-05T17:18:20.000,2016-04-05T17:18:20.000
Start,102952,Start,Start,Start,Fluxicon Disco,Variant 3,3,2016-03-18T15:23:19.000,2016-03-18T15:23:19.000
Traer informacion estudiante - banner,102952,8824,Traer informacion estudiante - banner,8824,Fluxicon Disco,Variant 3,3,2016-03-18T15:23:19.000,2016-03-18T15:23:19.000
Radicar Solicitud Homologacion,102952,8824,Radicar Solicitud Homologacion,8824,Fluxicon Disco,Variant 3,3,2016-03-18T15:23:21.000,2016-03-18T15:23:19.000
Validar solicitud,102952,677,Validar solicitud,677,Fluxicon Disco,Variant 3,3,2016-03-18T15:36:18.000,2016-03-18T15:25:44.000
Homologacion por grupo de cursos,102952,3445,Homologacion por grupo de cursos,3445,Fluxicon Disco,Variant 3,3,2016-03-28T20:53:14.000,2016-03-28T20:05:02.000
Revisar curso,102952,677,Revisar curso,677,Fluxicon Disco,Variant 3,3,2016-03-28T20:05:03.000,2016-03-28T20:05:03.000
Evaluacion curso,102952,3445,Evaluacion curso,3445,Fluxicon Disco,Variant 3,3,2016-03-28T20:05:38.000,2016-03-28T20:05:38.000
Validacion final,102952,677,Validacion final,677,Fluxicon Disco,Variant 3,3,2016-03-28T21:15:03.000,2016-03-28T20:28:48.000
Visto Bueno Cierre Proceso,102952,3445,Visto Bueno Cierre Proceso,3445,Fluxicon Disco,Variant 3,3,2016-04-05T17:17:41.000,2016-04-05T17:15:44.000
End,102952,End,End,End,Fluxicon Disco,Variant 3,3,2016-04-05T17:17:41.000,2016-04-05T17:17:41.000
Start,102953,Start,Start,Start,Fluxicon Disco,Variant 3,3,2016-03-18T15:27:09.000,2016-03-18T15:27:09.000
Traer informacion estudiante - banner,102953,8824,Traer informacion estudiante - banner,8824,Fluxicon Disco,Variant 3,3,2016-03-18T15:27:09.000,2016-03-18T15:27:09.000
Radicar Solicitud Homologacion,102953,8824,Radicar Solicitud Homologacion,8824,Fluxicon Disco,Variant 3,3,2016-03-18T15:27:11.000,2016-03-18T15:27:10.000
Validar solicitud,102953,677,Validar solicitud,677,Fluxicon Disco,Variant 3,3,2016-03-18T15:39:30.000,2016-03-18T15:28:59.000
Homologacion por grupo de cursos,102953,3445,Homologacion por grupo de cursos,3445,Fluxicon Disco,Variant 3,3,2016-03-28T20:55:33.000,2016-03-28T20:07:20.000
Revisar curso,102953,677,Revisar curso,677,Fluxicon Disco,Variant 3,3,2016-03-28T20:07:20.000,2016-03-28T20:07:20.000
Evaluacion curso,102953,3445,Evaluacion curso,3445,Fluxicon Disco,Variant 3,3,2016-03-28T20:22:26.000,2016-03-28T20:07:57.000
Validacion final,102953,677,Validacion final,677,Fluxicon Disco,Variant 3,3,2016-03-30T18:01:49.000,2016-03-30T17:30:00.000
Visto Bueno Cierre Proceso,102953,3445,Visto Bueno Cierre Proceso,3445,Fluxicon Disco,Variant 3,3,2016-04-05T17:21:42.000,2016-04-05T17:19:49.000
End,102953,End,End,End,Fluxicon Disco,Variant 3,3,2016-04-05T17:21:42.000,2016-04-05T17:21:42.000
Start,103051,Start,Start,Start,Fluxicon Disco,Variant 1,1,2016-03-18T21:11:16.000,2016-03-18T21:11:16.000
Traer informacion estudiante - banner,103051,8064,Traer informacion estudiante - banner,8064,Fluxicon Disco,Variant 1,1,2016-03-18T21:11:16.000,2016-03-18T21:11:16.000
Radicar Solicitud Homologacion,103051,8064,Radicar Solicitud Homologacion,8064,Fluxicon Disco,Variant 1,1,2016-03-18T21:11:40.000,2016-03-18T21:11:23.000
Cancelar Solicitud,103051,22475,Cancelar Solicitud,22475,Fluxicon Disco,Variant 1,1,2016-03-18T21:35:27.000,2016-03-18T21:28:29.000
Notificacion estudiante cancelacion soli,103051,22475,Notificacion estudiante cancelacion soli,22475,Fluxicon Disco,Variant 1,1,2016-03-28T21:26:47.000,2016-03-28T21:26:47.000
End,103051,End,End,End,Fluxicon Disco,Variant 1,1,2016-03-28T21:26:47.000,2016-03-28T21:26:47.000
Start,103052,Start,Start,Start,Fluxicon Disco,Variant 1,1,2016-03-18T21:28:47.000,2016-03-18T21:28:47.000
Traer informacion estudiante - banner,103052,8064,Traer informacion estudiante - banner,8064,Fluxicon Disco,Variant 1,1,2016-03-18T21:28:47.000,2016-03-18T21:28:47.000
Radicar Solicitud Homologacion,103052,8064,Radicar Solicitud Homologacion,8064,Fluxicon Disco,Variant 1,1,2016-03-18T21:28:58.000,2016-03-18T21:28:51.000
Cancelar Solicitud,103052,22475,Cancelar Solicitud,22475,Fluxicon Disco,Variant 1,1,2016-03-18T21:43:04.000,2016-03-18T21:36:15.000
Notificacion estudiante cancelacion soli,103052,22475,Notificacion estudiante cancelacion soli,22475,Fluxicon Disco,Variant 1,1,2016-03-28T21:25:45.000,2016-03-28T21:25:45.000
End,103052,End,End,End,Fluxicon Disco,Variant 1,1,2016-03-28T21:25:45.000,2016-03-28T21:25:45.000
Start,103053,Start,Start,Start,Fluxicon Disco,Variant 1,1,2016-03-18T22:10:35.000,2016-03-18T22:10:35.000
Traer informacion estudiante - banner,103053,11611,Traer informacion estudiante - banner,11611,Fluxicon Disco,Variant 1,1,2016-03-18T22:10:35.000,2016-03-18T22:10:35.000
Radicar Solicitud Homologacion,103053,11611,Radicar Solicitud Homologacion,11611,Fluxicon Disco,Variant 1,1,2016-03-18T22:11:04.000,2016-03-18T22:10:38.000
Cancelar Solicitud,103053,11611,Cancelar Solicitud,11611,Fluxicon Disco,Variant 1,1,2016-03-19T00:53:22.000,2016-03-18T22:36:41.000
Notificacion estudiante cancelacion soli,103053,11611,Notificacion estudiante cancelacion soli,11611,Fluxicon Disco,Variant 1,1,2016-04-20T00:17:53.000,2016-04-20T00:17:53.000
End,103053,End,End,End,Fluxicon Disco,Variant 1,1,2016-04-20T00:17:53.000,2016-04-20T00:17:53.000
Start,103054,Start,Start,Start,Fluxicon Disco,Variant 1,1,2016-03-18T22:28:57.000,2016-03-18T22:28:57.000
Traer informacion estudiante - banner,103054,9404,Traer informacion estudiante - banner,9404,Fluxicon Disco,Variant 1,1,2016-03-18T22:28:57.000,2016-03-18T22:28:57.000
Radicar Solicitud Homologacion,103054,9404,Radicar Solicitud Homologacion,9404,Fluxicon Disco,Variant 1,1,2016-03-18T22:29:48.000,2016-03-18T22:28:57.000
Cancelar Solicitud,103054,19019,Cancelar Solicitud,19019,Fluxicon Disco,Variant 1,1,2016-03-18T23:25:33.000,2016-03-18T23:20:54.000
Notificacion estudiante cancelacion soli,103054,19019,Notificacion estudiante cancelacion soli,19019,Fluxicon Disco,Variant 1,1,2016-03-28T19:04:54.000,2016-03-28T19:04:54.000
End,103054,End,End,End,Fluxicon Disco,Variant 1,1,2016-03-28T19:04:54.000,2016-03-28T19:04:54.000
Start,103102,Start,Start,Start,Fluxicon Disco,Variant 1,1,2016-03-18T20:49:48.000,2016-03-18T20:49:48.000
Traer informacion estudiante - banner,103102,22829,Traer informacion estudiante - banner,22829,Fluxicon Disco,Variant 1,1,2016-03-18T20:49:48.000,2016-03-18T20:49:48.000
Radicar Solicitud Homologacion,103102,22829,Radicar Solicitud Homologacion,22829,Fluxicon Disco,Variant 1,1,2016-03-18T21:05:44.000,2016-03-18T20:49:49.000
Cancelar Solicitud,103102,22475,Cancelar Solicitud,22475,Fluxicon Disco,Variant 1,1,2016-03-29T22:08:55.000,2016-03-29T21:45:29.000
Notificacion estudiante cancelacion soli,103102,22475,Notificacion estudiante cancelacion soli,22475,Fluxicon Disco,Variant 1,1,2016-04-01T21:12:26.000,2016-04-01T21:12:26.000
End,103102,End,End,End,Fluxicon Disco,Variant 1,1,2016-04-01T21:12:26.000,2016-04-01T21:12:26.000
Start,103452,Start,Start,Start,Fluxicon Disco,Variant 12,12,2016-03-19T23:33:32.000,2016-03-19T23:33:32.000
Traer informacion estudiante - banner,103452,7682,Traer informacion estudiante - banner,7682,Fluxicon Disco,Variant 12,12,2016-03-19T23:33:32.000,2016-03-19T23:33:32.000
Radicar Solicitud Homologacion,103452,7682,Radicar Solicitud Homologacion,7682,Fluxicon Disco,Variant 12,12,2016-03-19T23:33:33.000,2016-03-19T23:33:33.000
Validar solicitud,103452,22404,Validar solicitud,22404,Fluxicon Disco,Variant 12,12,2016-03-23T15:25:13.000,2016-03-23T14:45:13.000
Homologacion por grupo de cursos,103452,4560,Homologacion por grupo de cursos,4560,Fluxicon Disco,Variant 12,12,2016-04-03T18:06:21.000,2016-04-03T15:58:03.000
Revisar curso,103452,26757,Revisar curso,26757,Fluxicon Disco,Variant 12,12,2016-04-03T17:14:04.000,2016-04-03T15:58:04.000
Evaluacion curso,103452,26757,Evaluacion curso,26757,Fluxicon Disco,Variant 12,12,2016-04-15T20:41:52.000,2016-04-15T20:41:36.000
Validacion final,103452,22404,Validacion final,22404,Fluxicon Disco,Variant 12,12,2016-04-15T21:19:44.000,2016-04-15T21:16:01.000
Visto Bueno Cierre Proceso,103452,4560,Visto Bueno Cierre Proceso,4560,Fluxicon Disco,Variant 12,12,2016-04-18T03:22:31.000,2016-04-18T02:34:13.000
Transferir Creditos,103452,4560,Transferir Creditos,4560,Fluxicon Disco,Variant 12,12,2016-04-26T15:18:42.000,2016-04-26T15:18:42.000
End,103452,End,End,End,Fluxicon Disco,Variant 12,12,2016-04-26T15:18:42.000,2016-04-26T15:18:42.000
Start,103801,Start,Start,Start,Fluxicon Disco,Variant 4,4,2016-03-21T14:32:16.000,2016-03-21T14:32:16.000
Traer informacion estudiante - banner,103801,26248,Traer informacion estudiante - banner,26248,Fluxicon Disco,Variant 4,4,2016-03-21T14:32:16.000,2016-03-21T14:32:16.000
Radicar Solicitud Homologacion,103801,26248,Radicar Solicitud Homologacion,26248,Fluxicon Disco,Variant 4,4,2016-03-21T14:32:21.000,2016-03-21T14:32:21.000
Validar solicitud,103801,7080,Validar solicitud,7080,Fluxicon Disco,Variant 4,4,2016-03-21T18:34:28.000,2016-03-21T17:50:28.000
Homologacion por grupo de cursos,103801,7080,Homologacion por grupo de cursos,7080,Fluxicon Disco,Variant 4,4,2016-04-04T20:39:53.000,2016-04-04T19:35:53.000
Revisar curso,103801,659,Revisar curso,659,Fluxicon Disco,Variant 4,4,2016-04-04T19:36:23.000,2016-04-04T19:35:54.000
Evaluacion curso,103801,659,Evaluacion curso,659,Fluxicon Disco,Variant 4,4,2016-04-04T22:05:58.000,2016-04-04T21:29:54.000
Validar solicitud / pre-homologacion,103801,7080,Validar solicitud / pre-homologacion,7080,Fluxicon Disco,Variant 4,4,2016-04-11T16:02:10.000,2016-04-11T15:34:45.000
End,103801,End,End,End,Fluxicon Disco,Variant 4,4,2016-04-11T16:02:10.000,2016-04-11T16:02:10.000
Start,104001,Start,Start,Start,Fluxicon Disco,Variant 1,1,2016-03-22T13:35:32.000,2016-03-22T13:35:32.000
Traer informacion estudiante - banner,104001,14126,Traer informacion estudiante - banner,14126,Fluxicon Disco,Variant 1,1,2016-03-22T13:35:32.000,2016-03-22T13:35:32.000
Radicar Solicitud Homologacion,104001,14126,Radicar Solicitud Homologacion,14126,Fluxicon Disco,Variant 1,1,2016-03-22T13:35:37.000,2016-03-22T13:35:37.000
Cancelar Solicitud,104001,6767,Cancelar Solicitud,6767,Fluxicon Disco,Variant 1,1,2016-03-22T18:10:01.000,2016-03-22T17:03:32.000
Notificacion estudiante cancelacion soli,104001,6767,Notificacion estudiante cancelacion soli,6767,Fluxicon Disco,Variant 1,1,2016-04-07T17:29:11.000,2016-04-07T17:29:11.000
End,104001,End,End,End,Fluxicon Disco,Variant 1,1,2016-04-07T17:29:11.000,2016-04-07T17:29:11.000
Start,104053,Start,Start,Start,Fluxicon Disco,Variant 4,4,2016-03-22T15:04:09.000,2016-03-22T15:04:09.000
Traer informacion estudiante - banner,104053,7518,Traer informacion estudiante - banner,7518,Fluxicon Disco,Variant 4,4,2016-03-22T15:04:09.000,2016-03-22T15:04:09.000
Radicar Solicitud Homologacion,104053,7518,Radicar Solicitud Homologacion,7518,Fluxicon Disco,Variant 4,4,2016-03-22T15:04:09.000,2016-03-22T15:04:09.000
Validar solicitud,104053,22404,Validar solicitud,22404,Fluxicon Disco,Variant 4,4,2016-03-22T16:34:59.000,2016-03-22T15:06:59.000
Homologacion por grupo de cursos,104053,22404,Homologacion por grupo de cursos,22404,Fluxicon Disco,Variant 4,4,2016-04-12T13:33:13.000,2016-04-12T13:05:13.000
Revisar curso,104053,22404,Revisar curso,22404,Fluxicon Disco,Variant 4,4,2016-04-12T13:05:13.000,2016-04-12T13:05:13.000
Evaluacion curso,104053,22404,Evaluacion curso,22404,Fluxicon Disco,Variant 4,4,2016-04-12T13:35:21.000,2016-04-12T13:07:21.000
Validar solicitud / pre-homologacion,104053,22404,Validar solicitud / pre-homologacion,22404,Fluxicon Disco,Variant 4,4,2016-04-15T19:40:31.000,2016-04-15T19:40:31.000
End,104053,End,End,End,Fluxicon Disco,Variant 4,4,2016-04-15T19:40:31.000,2016-04-15T19:40:31.000
Start,104054,Start,Start,Start,Fluxicon Disco,Variant 4,4,2016-03-22T15:10:13.000,2016-03-22T15:10:13.000
Traer informacion estudiante - banner,104054,7518,Traer informacion estudiante - banner,7518,Fluxicon Disco,Variant 4,4,2016-03-22T15:10:13.000,2016-03-22T15:10:13.000
Radicar Solicitud Homologacion,104054,7518,Radicar Solicitud Homologacion,7518,Fluxicon Disco,Variant 4,4,2016-03-22T15:10:14.000,2016-03-22T15:10:14.000
Validar solicitud,104054,22404,Validar solicitud,22404,Fluxicon Disco,Variant 4,4,2016-03-22T16:50:48.000,2016-03-22T15:22:48.000
Homologacion por grupo de cursos,104054,22404,Homologacion por grupo de cursos,22404,Fluxicon Disco,Variant 4,4,2016-04-12T13:44:04.000,2016-04-12T13:12:04.000
Revisar curso,104054,26757,Revisar curso,26757,Fluxicon Disco,Variant 4,4,2016-04-12T13:40:47.000,2016-04-12T13:12:04.000
Evaluacion curso,104054,26757,Evaluacion curso,26757,Fluxicon Disco,Variant 4,4,2016-04-15T21:44:07.000,2016-04-15T21:43:51.000
Validar solicitud / pre-homologacion,104054,22404,Validar solicitud / pre-homologacion,22404,Fluxicon Disco,Variant 4,4,2016-04-15T22:02:52.000,2016-04-15T21:59:52.000
End,104054,End,End,End,Fluxicon Disco,Variant 4,4,2016-04-15T22:02:52.000,2016-04-15T22:02:52.000
Start,104101,Start,Start,Start,Fluxicon Disco,Variant 11,11,2016-03-22T18:14:01.000,2016-03-22T18:14:01.000
Traer informacion estudiante - banner,104101,7682,Traer informacion estudiante - banner,7682,Fluxicon Disco,Variant 11,11,2016-03-22T18:14:01.000,2016-03-22T18:14:01.000
Radicar Solicitud Homologacion,104101,7682,Radicar Solicitud Homologacion,7682,Fluxicon Disco,Variant 11,11,2016-03-22T18:14:05.000,2016-03-22T18:14:05.000
Validar solicitud,104101,22404,Validar solicitud,22404,Fluxicon Disco,Variant 11,11,2016-03-22T19:11:05.000,2016-03-22T18:38:04.000
Homologacion por grupo de cursos,104101,4560,Homologacion por grupo de cursos,4560,Fluxicon Disco,Variant 11,11,2016-04-01T18:16:16.000,2016-04-01T16:01:00.000
Revisar curso,104101,241,Revisar curso,241,Fluxicon Disco,Variant 11,11,2016-04-01T17:50:42.000,2016-04-01T16:01:01.000
Evaluacion curso,104101,241,Evaluacion curso,241,Fluxicon Disco,Variant 11,11,2016-04-20T23:49:27.000,2016-04-20T23:42:21.000
Validacion final,104101,22404,Validacion final,22404,Fluxicon Disco,Variant 11,11,2016-04-21T22:50:55.000,2016-04-21T22:48:44.000
Visto Bueno Cierre Proceso,104101,4560,Visto Bueno Cierre Proceso,4560,Fluxicon Disco,Variant 11,11,2016-04-22T12:49:05.000,2016-04-22T12:32:48.000
Transferir Creditos,104101,4560,Transferir Creditos,4560,Fluxicon Disco,Variant 11,11,2016-04-26T15:17:36.000,2016-04-26T15:17:36.000
Transferir creditos homologables,104101,4560,Transferir creditos homologables,4560,Fluxicon Disco,Variant 11,11,2016-04-26T15:17:36.000,2016-04-26T15:17:36.000
End,104101,End,End,End,Fluxicon Disco,Variant 11,11,2016-04-26T15:17:36.000,2016-04-26T15:17:36.000
Start,104102,Start,Start,Start,Fluxicon Disco,Variant 11,11,2016-03-22T18:40:09.000,2016-03-22T18:40:09.000
Traer informacion estudiante - banner,104102,7682,Traer informacion estudiante - banner,7682,Fluxicon Disco,Variant 11,11,2016-03-22T18:40:09.000,2016-03-22T18:40:09.000
Radicar Solicitud Homologacion,104102,7682,Radicar Solicitud Homologacion,7682,Fluxicon Disco,Variant 11,11,2016-03-22T18:40:09.000,2016-03-22T18:40:09.000
Validar solicitud,104102,22404,Validar solicitud,22404,Fluxicon Disco,Variant 11,11,2016-03-23T15:09:46.000,2016-03-23T14:36:44.000
Homologacion por grupo de cursos,104102,4560,Homologacion por grupo de cursos,4560,Fluxicon Disco,Variant 11,11,2016-04-01T18:18:08.000,2016-04-01T16:02:53.000
Revisar curso,104102,241,Revisar curso,241,Fluxicon Disco,Variant 11,11,2016-04-01T17:52:35.000,2016-04-01T16:02:53.000
Evaluacion curso,104102,241,Evaluacion curso,241,Fluxicon Disco,Variant 11,11,2016-04-20T23:52:20.000,2016-04-20T23:45:15.000
Validacion final,104102,22404,Validacion final,22404,Fluxicon Disco,Variant 11,11,2016-04-21T22:52:37.000,2016-04-21T22:50:28.000
Visto Bueno Cierre Proceso,104102,4560,Visto Bueno Cierre Proceso,4560,Fluxicon Disco,Variant 11,11,2016-04-22T12:50:42.000,2016-04-22T12:34:24.000
Transferir Creditos,104102,4560,Transferir Creditos,4560,Fluxicon Disco,Variant 11,11,2016-04-26T15:18:31.000,2016-04-26T15:18:31.000
Transferir creditos homologables,104102,4560,Transferir creditos homologables,4560,Fluxicon Disco,Variant 11,11,2016-04-26T15:18:31.000,2016-04-26T15:18:31.000
End,104102,End,End,End,Fluxicon Disco,Variant 11,11,2016-04-26T15:18:31.000,2016-04-26T15:18:31.000
Start,104202,Start,Start,Start,Fluxicon Disco,Variant 1,1,2016-03-22T23:13:31.000,2016-03-22T23:13:31.000
Traer informacion estudiante - banner,104202,9987,Traer informacion estudiante - banner,9987,Fluxicon Disco,Variant 1,1,2016-03-22T23:13:31.000,2016-03-22T23:13:31.000
Radicar Solicitud Homologacion,104202,9987,Radicar Solicitud Homologacion,9987,Fluxicon Disco,Variant 1,1,2016-03-22T23:13:32.000,2016-03-22T23:13:32.000
Cancelar Solicitud,104202,669,Cancelar Solicitud,669,Fluxicon Disco,Variant 1,1,2016-03-23T02:38:46.000,2016-03-23T02:34:03.000
Notificacion estudiante cancelacion soli,104202,669,Notificacion estudiante cancelacion soli,669,Fluxicon Disco,Variant 1,1,2016-03-28T21:43:35.000,2016-03-28T21:43:35.000
End,104202,End,End,End,Fluxicon Disco,Variant 1,1,2016-03-28T21:43:35.000,2016-03-28T21:43:35.000
Start,104206,Start,Start,Start,Fluxicon Disco,Variant 4,4,2016-03-23T01:03:00.000,2016-03-23T01:03:00.000
Traer informacion estudiante - banner,104206,5183,Traer informacion estudiante - banner,5183,Fluxicon Disco,Variant 4,4,2016-03-23T01:03:00.000,2016-03-23T01:03:00.000
Radicar Solicitud Homologacion,104206,5183,Radicar Solicitud Homologacion,5183,Fluxicon Disco,Variant 4,4,2016-03-23T01:03:00.000,2016-03-23T01:03:00.000
Validar solicitud,104206,22475,Validar solicitud,22475,Fluxicon Disco,Variant 4,4,2016-03-23T01:17:33.000,2016-03-23T01:14:22.000
Homologacion por grupo de cursos,104206,22475,Homologacion por grupo de cursos,22475,Fluxicon Disco,Variant 4,4,2016-03-28T18:53:19.000,2016-03-28T18:11:16.000
Revisar curso,104206,22475,Revisar curso,22475,Fluxicon Disco,Variant 4,4,2016-03-28T18:11:18.000,2016-03-28T18:11:17.000
Evaluacion curso,104206,22438,Evaluacion curso,22438,Fluxicon Disco,Variant 4,4,2016-03-28T18:57:11.000,2016-03-28T18:13:11.000
Validar solicitud / pre-homologacion,104206,22475,Validar solicitud / pre-homologacion,22475,Fluxicon Disco,Variant 4,4,2016-04-05T00:13:39.000,2016-04-05T00:13:39.000
End,104206,End,End,End,Fluxicon Disco,Variant 4,4,2016-04-05T00:13:39.000,2016-04-05T00:13:39.000
Start,104351,Start,Start,Start,Fluxicon Disco,Variant 72,72,2016-03-23T15:43:38.000,2016-03-23T15:43:38.000
Traer informacion estudiante - banner,104351,7783,Traer informacion estudiante - banner,7783,Fluxicon Disco,Variant 72,72,2016-03-23T15:43:38.000,2016-03-23T15:43:38.000
Radicar Solicitud Homologacion,104351,7783,Radicar Solicitud Homologacion,7783,Fluxicon Disco,Variant 72,72,2016-03-23T15:43:43.000,2016-03-23T15:43:43.000
Validar solicitud,104351,1646,Validar solicitud,1646,Fluxicon Disco,Variant 72,72,2016-03-24T22:38:39.000,2016-03-24T20:04:25.000
Recepcion de documentos,104351,26789,Recepcion de documentos,26789,Fluxicon Disco,Variant 72,72,2016-04-22T21:13:52.000,2016-04-22T17:15:05.000
Homologacion por grupo de cursos,104351,12535,Homologacion por grupo de cursos,12535,Fluxicon Disco,Variant 72,72,2016-04-22T22:04:50.000,2016-04-22T17:15:06.000
Revisar curso,104351,1646,Revisar curso,1646,Fluxicon Disco,Variant 72,72,2016-04-22T17:15:07.000,2016-04-22T17:15:06.000
Revisar curso,104351,49,Revisar curso,49,Fluxicon Disco,Variant 72,72,2016-04-22T17:20:00.000,2016-04-22T17:15:06.000
Revisar curso,104351,26757,Revisar curso,26757,Fluxicon Disco,Variant 72,72,2016-04-22T18:29:37.000,2016-04-22T17:15:06.000
Evaluacion curso,104351,10665,Evaluacion curso,10665,Fluxicon Disco,Variant 72,72,2016-04-22T17:29:47.000,2016-04-22T17:16:46.000
Evaluacion curso,104351,49,Evaluacion curso,49,Fluxicon Disco,Variant 72,72,2016-04-23T00:57:22.000,2016-04-23T00:09:47.000
Validar solicitud / pre-homologacion,104351,1646,Validar solicitud / pre-homologacion,1646,Fluxicon Disco,Variant 72,72,2016-04-26T02:55:42.000,2016-04-26T00:18:02.000
Validar solicitud / pre-homologacion,104351,1646,Validar solicitud / pre-homologacion,1646,Fluxicon Disco,Variant 72,72,2016-05-03T01:43:26.000,2016-05-02T23:45:12.000
Evaluacion curso,104351,26757,Evaluacion curso,26757,Fluxicon Disco,Variant 72,72,2016-05-05T21:46:28.000,2016-05-05T21:46:07.000
Validar solicitud / pre-homologacion,104351,1646,Validar solicitud / pre-homologacion,1646,Fluxicon Disco,Variant 72,72,2016-05-05T23:43:38.000,2016-05-05T22:07:47.000
Avanzar recepcion documentos,104351,26789,Avanzar recepcion documentos,26789,Fluxicon Disco,Variant 72,72,2016-05-24T23:06:25.000,2016-05-24T21:58:21.000
Validacion final,104351,1646,Validacion final,1646,Fluxicon Disco,Variant 72,72,2016-06-08T16:53:36.000,2016-06-08T16:02:39.000
Visto Bueno Cierre Proceso,104351,12535,Visto Bueno Cierre Proceso,12535,Fluxicon Disco,Variant 72,72,2016-06-16T20:28:19.000,2016-06-16T20:28:19.000
Transferir Creditos,104351,12535,Transferir Creditos,12535,Fluxicon Disco,Variant 72,72,2016-06-16T20:29:44.000,2016-06-16T20:29:44.000
Transferir creditos homologables,104351,12535,Transferir creditos homologables,12535,Fluxicon Disco,Variant 72,72,2016-06-16T20:29:45.000,2016-06-16T20:29:45.000
Transferir creditos homologables,104351,12535,Transferir creditos homologables,12535,Fluxicon Disco,Variant 72,72,2016-06-16T20:29:45.000,2016-06-16T20:29:45.000
End,104351,End,End,End,Fluxicon Disco,Variant 72,72,2016-06-16T20:29:45.000,2016-06-16T20:29:45.000
Start,104401,Start,Start,Start,Fluxicon Disco,Variant 5,5,2016-03-23T21:01:04.000,2016-03-23T21:01:04.000
Traer informacion estudiante - banner,104401,17965,Traer informacion estudiante - banner,17965,Fluxicon Disco,Variant 5,5,2016-03-23T21:01:04.000,2016-03-23T21:01:04.000
Radicar Solicitud Homologacion,104401,17965,Radicar Solicitud Homologacion,17965,Fluxicon Disco,Variant 5,5,2016-03-23T21:01:11.000,2016-03-23T21:01:11.000
Notificacion estudiante cancelacion soli,104401,1,Notificacion estudiante cancelacion soli,1,Fluxicon Disco,Variant 5,5,2016-04-05T23:24:12.000,2016-04-05T23:24:12.000
End,104401,End,End,End,Fluxicon Disco,Variant 5,5,2016-04-05T23:24:12.000,2016-04-05T23:24:12.000
Start,104452,Start,Start,Start,Fluxicon Disco,Variant 4,4,2016-03-24T13:30:48.000,2016-03-24T13:30:48.000
Traer informacion estudiante - banner,104452,11469,Traer informacion estudiante - banner,11469,Fluxicon Disco,Variant 4,4,2016-03-24T13:30:48.000,2016-03-24T13:30:48.000
Radicar Solicitud Homologacion,104452,11469,Radicar Solicitud Homologacion,11469,Fluxicon Disco,Variant 4,4,2016-03-24T13:30:49.000,2016-03-24T13:30:49.000
Validar solicitud,104452,19019,Validar solicitud,19019,Fluxicon Disco,Variant 4,4,2016-03-24T13:49:47.000,2016-03-24T13:45:47.000
Homologacion por grupo de cursos,104452,19019,Homologacion por grupo de cursos,19019,Fluxicon Disco,Variant 4,4,2016-03-28T21:41:51.000,2016-03-28T19:43:32.000
Revisar curso,104452,26757,Revisar curso,26757,Fluxicon Disco,Variant 4,4,2016-03-28T21:35:32.000,2016-03-28T19:43:32.000
Evaluacion curso,104452,26757,Evaluacion curso,26757,Fluxicon Disco,Variant 4,4,2016-04-15T19:06:34.000,2016-04-15T19:05:59.000
Validar solicitud / pre-homologacion,104452,19019,Validar solicitud / pre-homologacion,19019,Fluxicon Disco,Variant 4,4,2016-04-15T21:41:24.000,2016-04-15T21:35:40.000
End,104452,End,End,End,Fluxicon Disco,Variant 4,4,2016-04-15T21:41:24.000,2016-04-15T21:41:24.000
Start,104453,Start,Start,Start,Fluxicon Disco,Variant 4,4,2016-03-24T13:47:53.000,2016-03-24T13:47:53.000
Traer informacion estudiante - banner,104453,11469,Traer informacion estudiante - banner,11469,Fluxicon Disco,Variant 4,4,2016-03-24T13:47:53.000,2016-03-24T13:47:53.000
Radicar Solicitud Homologacion,104453,11469,Radicar Solicitud Homologacion,11469,Fluxicon Disco,Variant 4,4,2016-03-24T13:47:54.000,2016-03-24T13:47:54.000
Validar solicitud,104453,387,Validar solicitud,387,Fluxicon Disco,Variant 4,4,2016-03-24T13:58:18.000,2016-03-24T13:54:18.000
Homologacion por grupo de cursos,104453,387,Homologacion por grupo de cursos,387,Fluxicon Disco,Variant 4,4,2016-03-28T22:56:27.000,2016-03-28T19:32:27.000
Revisar curso,104453,26757,Revisar curso,26757,Fluxicon Disco,Variant 4,4,2016-03-28T21:24:27.000,2016-03-28T19:32:27.000
Evaluacion curso,104453,26757,Evaluacion curso,26757,Fluxicon Disco,Variant 4,4,2016-04-15T19:05:30.000,2016-04-15T19:04:55.000
Validar solicitud / pre-homologacion,104453,387,Validar solicitud / pre-homologacion,387,Fluxicon Disco,Variant 4,4,2016-04-15T23:06:36.000,2016-04-15T21:35:12.000
End,104453,End,End,End,Fluxicon Disco,Variant 4,4,2016-04-15T23:06:36.000,2016-04-15T23:06:36.000
Start,104601,Start,Start,Start,Fluxicon Disco,Variant 5,5,2016-03-25T17:02:05.000,2016-03-25T17:02:05.000
Traer informacion estudiante - banner,104601,8033,Traer informacion estudiante - banner,8033,Fluxicon Disco,Variant 5,5,2016-03-25T17:02:05.000,2016-03-25T17:02:05.000
Radicar Solicitud Homologacion,104601,8033,Radicar Solicitud Homologacion,8033,Fluxicon Disco,Variant 5,5,2016-03-25T17:02:11.000,2016-03-25T17:02:11.000
Notificacion estudiante cancelacion soli,104601,1,Notificacion estudiante cancelacion soli,1,Fluxicon Disco,Variant 5,5,2016-04-05T23:24:13.000,2016-04-05T23:24:13.000
End,104601,End,End,End,Fluxicon Disco,Variant 5,5,2016-04-05T23:24:13.000,2016-04-05T23:24:13.000
Start,104651,Start,Start,Start,Fluxicon Disco,Variant 1,1,2016-03-27T21:23:15.000,2016-03-27T21:23:15.000
Traer informacion estudiante - banner,104651,8416,Traer informacion estudiante - banner,8416,Fluxicon Disco,Variant 1,1,2016-03-27T21:23:15.000,2016-03-27T21:23:15.000
Radicar Solicitud Homologacion,104651,8416,Radicar Solicitud Homologacion,8416,Fluxicon Disco,Variant 1,1,2016-03-27T21:23:23.000,2016-03-27T21:23:23.000
Cancelar Solicitud,104651,677,Cancelar Solicitud,677,Fluxicon Disco,Variant 1,1,2016-03-28T02:56:30.000,2016-03-28T01:43:33.000
Notificacion estudiante cancelacion soli,104651,677,Notificacion estudiante cancelacion soli,677,Fluxicon Disco,Variant 1,1,2016-04-08T15:57:13.000,2016-04-08T15:57:13.000
End,104651,End,End,End,Fluxicon Disco,Variant 1,1,2016-04-08T15:57:13.000,2016-04-08T15:57:13.000
Start,104701,Start,Start,Start,Fluxicon Disco,Variant 1,1,2016-03-28T00:20:45.000,2016-03-28T00:20:45.000
Traer informacion estudiante - banner,104701,8416,Traer informacion estudiante - banner,8416,Fluxicon Disco,Variant 1,1,2016-03-28T00:20:45.000,2016-03-28T00:20:45.000
Radicar Solicitud Homologacion,104701,8416,Radicar Solicitud Homologacion,8416,Fluxicon Disco,Variant 1,1,2016-03-28T00:20:54.000,2016-03-28T00:20:54.000
Cancelar Solicitud,104701,677,Cancelar Solicitud,677,Fluxicon Disco,Variant 1,1,2016-03-28T02:59:40.000,2016-03-28T01:46:42.000
Notificacion estudiante cancelacion soli,104701,677,Notificacion estudiante cancelacion soli,677,Fluxicon Disco,Variant 1,1,2016-04-08T15:58:17.000,2016-04-08T15:58:17.000
End,104701,End,End,End,Fluxicon Disco,Variant 1,1,2016-04-08T15:58:17.000,2016-04-08T15:58:17.000
Start,104751,Start,Start,Start,Fluxicon Disco,Variant 12,12,2016-03-28T13:39:07.000,2016-03-28T13:39:07.000
Traer informacion estudiante - banner,104751,26344,Traer informacion estudiante - banner,26344,Fluxicon Disco,Variant 12,12,2016-03-28T13:39:07.000,2016-03-28T13:39:07.000
Radicar Solicitud Homologacion,104751,26344,Radicar Solicitud Homologacion,26344,Fluxicon Disco,Variant 12,12,2016-03-28T13:39:16.000,2016-03-28T13:39:16.000
Validar solicitud,104751,294,Validar solicitud,294,Fluxicon Disco,Variant 12,12,2016-03-28T14:23:36.000,2016-03-28T14:15:25.000
Homologacion por grupo de cursos,104751,7311,Homologacion por grupo de cursos,7311,Fluxicon Disco,Variant 12,12,2016-03-29T18:59:24.000,2016-03-29T15:11:36.000
Revisar curso,104751,22534,Revisar curso,22534,Fluxicon Disco,Variant 12,12,2016-03-29T18:11:24.000,2016-03-29T15:11:36.000
Evaluacion curso,104751,22534,Evaluacion curso,22534,Fluxicon Disco,Variant 12,12,2016-04-28T21:06:22.000,2016-04-28T20:36:21.000
Validacion final,104751,294,Validacion final,294,Fluxicon Disco,Variant 12,12,2016-05-04T17:09:20.000,2016-05-04T17:01:31.000
Visto Bueno Cierre Proceso,104751,7311,Visto Bueno Cierre Proceso,7311,Fluxicon Disco,Variant 12,12,2016-05-05T17:00:44.000,2016-05-05T16:50:35.000
Transferir Creditos,104751,7311,Transferir Creditos,7311,Fluxicon Disco,Variant 12,12,2016-05-06T20:08:38.000,2016-05-06T20:08:38.000
End,104751,End,End,End,Fluxicon Disco,Variant 12,12,2016-05-06T20:08:38.000,2016-05-06T20:08:38.000
Start,104753,Start,Start,Start,Fluxicon Disco,Variant 23,23,2016-03-28T14:09:17.000,2016-03-28T14:09:17.000
Traer informacion estudiante - banner,104753,8033,Traer informacion estudiante - banner,8033,Fluxicon Disco,Variant 23,23,2016-03-28T14:09:17.000,2016-03-28T14:09:17.000
Radicar Solicitud Homologacion,104753,8033,Radicar Solicitud Homologacion,8033,Fluxicon Disco,Variant 23,23,2016-03-28T14:09:19.000,2016-03-28T14:09:19.000
Radicar Solicitud Homologacion,104753,8033,Radicar Solicitud Homologacion,8033,Fluxicon Disco,Variant 23,23,2016-03-28T23:33:51.000,2016-03-28T23:24:10.000
Notificacion estudiante cancelacion soli,104753,1,Notificacion estudiante cancelacion soli,1,Fluxicon Disco,Variant 23,23,2016-04-07T23:30:16.000,2016-04-07T23:30:16.000
End,104753,End,End,End,Fluxicon Disco,Variant 23,23,2016-04-07T23:30:16.000,2016-04-07T23:30:16.000
Start,104803,Start,Start,Start,Fluxicon Disco,Variant 3,3,2016-03-28T17:03:20.000,2016-03-28T17:03:20.000
Traer informacion estudiante - banner,104803,1515,Traer informacion estudiante - banner,1515,Fluxicon Disco,Variant 3,3,2016-03-28T17:03:20.000,2016-03-28T17:03:20.000
Radicar Solicitud Homologacion,104803,1515,Radicar Solicitud Homologacion,1515,Fluxicon Disco,Variant 3,3,2016-03-28T17:03:41.000,2016-03-28T17:03:22.000
Validar solicitud,104803,1707,Validar solicitud,1707,Fluxicon Disco,Variant 3,3,2016-03-28T19:12:56.000,2016-03-28T17:23:20.000
Homologacion por grupo de cursos,104803,15930,Homologacion por grupo de cursos,15930,Fluxicon Disco,Variant 3,3,2016-04-15T20:26:11.000,2016-04-15T13:59:26.000
Revisar curso,104803,1707,Revisar curso,1707,Fluxicon Disco,Variant 3,3,2016-04-15T15:28:20.000,2016-04-15T13:59:26.000
Evaluacion curso,104803,7763,Evaluacion curso,7763,Fluxicon Disco,Variant 3,3,2016-05-02T20:41:59.000,2016-05-02T15:54:54.000
Validacion final,104803,1707,Validacion final,1707,Fluxicon Disco,Variant 3,3,2016-06-24T04:16:54.000,2016-06-24T04:16:54.000
Visto Bueno Cierre Proceso,104803,15930,Visto Bueno Cierre Proceso,15930,Fluxicon Disco,Variant 3,3,2016-06-24T13:40:09.000,2016-06-24T13:29:24.000
End,104803,End,End,End,Fluxicon Disco,Variant 3,3,2016-06-24T13:40:09.000,2016-06-24T13:40:09.000
Start,104805,Start,Start,Start,Fluxicon Disco,Variant 1,1,2016-03-28T19:47:21.000,2016-03-28T19:47:21.000
Traer informacion estudiante - banner,104805,2091,Traer informacion estudiante - banner,2091,Fluxicon Disco,Variant 1,1,2016-03-28T19:47:21.000,2016-03-28T19:47:21.000
Radicar Solicitud Homologacion,104805,2091,Radicar Solicitud Homologacion,2091,Fluxicon Disco,Variant 1,1,2016-03-28T19:47:24.000,2016-03-28T19:47:24.000
Cancelar Solicitud,104805,18929,Cancelar Solicitud,18929,Fluxicon Disco,Variant 1,1,2016-03-28T20:16:21.000,2016-03-28T20:00:21.000
Notificacion estudiante cancelacion soli,104805,18929,Notificacion estudiante cancelacion soli,18929,Fluxicon Disco,Variant 1,1,2016-03-30T19:42:41.000,2016-03-30T19:42:41.000
End,104805,End,End,End,Fluxicon Disco,Variant 1,1,2016-03-30T19:42:41.000,2016-03-30T19:42:41.000
Start,104807,Start,Start,Start,Fluxicon Disco,Variant 1,1,2016-03-28T23:26:06.000,2016-03-28T23:26:06.000
Traer informacion estudiante - banner,104807,15315,Traer informacion estudiante - banner,15315,Fluxicon Disco,Variant 1,1,2016-03-28T23:26:06.000,2016-03-28T23:26:06.000
Radicar Solicitud Homologacion,104807,15315,Radicar Solicitud Homologacion,15315,Fluxicon Disco,Variant 1,1,2016-03-28T23:27:43.000,2016-03-28T23:26:10.000
Cancelar Solicitud,104807,6694,Cancelar Solicitud,6694,Fluxicon Disco,Variant 1,1,2016-03-29T13:47:49.000,2016-03-29T13:20:21.000
Notificacion estudiante cancelacion soli,104807,6694,Notificacion estudiante cancelacion soli,6694,Fluxicon Disco,Variant 1,1,2016-04-01T18:28:30.000,2016-04-01T18:28:30.000
End,104807,End,End,End,Fluxicon Disco,Variant 1,1,2016-04-01T18:28:30.000,2016-04-01T18:28:30.000
Start,104901,Start,Start,Start,Fluxicon Disco,Variant 73,73,2016-03-28T18:56:27.000,2016-03-28T18:56:27.000
Traer informacion estudiante - banner,104901,4126,Traer informacion estudiante - banner,4126,Fluxicon Disco,Variant 73,73,2016-03-28T18:56:27.000,2016-03-28T18:56:27.000
Radicar Solicitud Homologacion,104901,4126,Radicar Solicitud Homologacion,4126,Fluxicon Disco,Variant 73,73,2016-03-28T19:04:14.000,2016-03-28T18:56:33.000
Homologacion por grupo de cursos,104901,19019,Homologacion por grupo de cursos,19019,Fluxicon Disco,Variant 73,73,2016-03-29T17:33:42.000,2016-03-29T16:43:00.000
Revisar curso,104901,19019,Revisar curso,19019,Fluxicon Disco,Variant 73,73,2016-03-29T16:43:07.000,2016-03-29T16:43:00.000
Cancelar curso,104901,19019,Cancelar curso,19019,Fluxicon Disco,Variant 73,73,2016-03-29T17:33:42.000,2016-03-29T16:43:00.000
Validar solicitud,104901,19019,Validar solicitud,19019,Fluxicon Disco,Variant 73,73,2016-03-29T18:37:44.000,2016-03-29T18:37:44.000
End,104901,End,End,End,Fluxicon Disco,Variant 73,73,2016-03-29T18:37:44.000,2016-03-29T18:37:44.000
Start,105151,Start,Start,Start,Fluxicon Disco,Variant 1,1,2016-03-29T19:23:11.000,2016-03-29T19:23:11.000
Traer informacion estudiante - banner,105151,8268,Traer informacion estudiante - banner,8268,Fluxicon Disco,Variant 1,1,2016-03-29T19:23:11.000,2016-03-29T19:23:11.000
Radicar Solicitud Homologacion,105151,8268,Radicar Solicitud Homologacion,8268,Fluxicon Disco,Variant 1,1,2016-03-29T19:23:46.000,2016-03-29T19:23:18.000
Cancelar Solicitud,105151,18929,Cancelar Solicitud,18929,Fluxicon Disco,Variant 1,1,2016-03-29T21:35:38.000,2016-03-29T21:28:07.000
Notificacion estudiante cancelacion soli,105151,18929,Notificacion estudiante cancelacion soli,18929,Fluxicon Disco,Variant 1,1,2016-03-30T19:44:09.000,2016-03-30T19:44:09.000
End,105151,End,End,End,Fluxicon Disco,Variant 1,1,2016-03-30T19:44:09.000,2016-03-30T19:44:09.000
Start,105202,Start,Start,Start,Fluxicon Disco,Variant 10,10,2016-03-29T21:07:24.000,2016-03-29T21:07:24.000
Notificacion estudiante cancelacion soli,105202,8121,Notificacion estudiante cancelacion soli,8121,Fluxicon Disco,Variant 10,10,2016-03-29T21:07:24.000,2016-03-29T21:07:24.000
Traer informacion estudiante - banner,105202,8121,Traer informacion estudiante - banner,8121,Fluxicon Disco,Variant 10,10,2016-03-29T22:18:10.000,2016-03-29T22:18:10.000
Radicar Solicitud Homologacion,105202,8121,Radicar Solicitud Homologacion,8121,Fluxicon Disco,Variant 10,10,2016-03-29T22:18:29.000,2016-03-29T22:18:13.000
Cancelar Solicitud,105202,8121,Cancelar Solicitud,8121,Fluxicon Disco,Variant 10,10,2016-03-29T22:35:02.000,2016-03-29T22:35:02.000
End,105202,End,End,End,Fluxicon Disco,Variant 10,10,2016-03-29T22:35:02.000,2016-03-29T22:35:02.000
Start,105205,Start,Start,Start,Fluxicon Disco,Variant 1,1,2016-03-29T22:32:39.000,2016-03-29T22:32:39.000
Traer informacion estudiante - banner,105205,8064,Traer informacion estudiante - banner,8064,Fluxicon Disco,Variant 1,1,2016-03-29T22:32:39.000,2016-03-29T22:32:39.000
Radicar Solicitud Homologacion,105205,8064,Radicar Solicitud Homologacion,8064,Fluxicon Disco,Variant 1,1,2016-03-29T22:32:45.000,2016-03-29T22:32:40.000
Cancelar Solicitud,105205,294,Cancelar Solicitud,294,Fluxicon Disco,Variant 1,1,2016-03-29T23:56:06.000,2016-03-29T22:38:02.000
Notificacion estudiante cancelacion soli,105205,294,Notificacion estudiante cancelacion soli,294,Fluxicon Disco,Variant 1,1,2016-04-12T18:42:32.000,2016-04-12T18:42:32.000
End,105205,End,End,End,Fluxicon Disco,Variant 1,1,2016-04-12T18:42:32.000,2016-04-12T18:42:32.000
Start,105207,Start,Start,Start,Fluxicon Disco,Variant 2,2,2016-03-29T22:37:26.000,2016-03-29T22:37:26.000
Traer informacion estudiante - banner,105207,7641,Traer informacion estudiante - banner,7641,Fluxicon Disco,Variant 2,2,2016-03-29T22:37:26.000,2016-03-29T22:37:26.000
Radicar Solicitud Homologacion,105207,7641,Radicar Solicitud Homologacion,7641,Fluxicon Disco,Variant 2,2,2016-03-29T22:47:51.000,2016-03-29T22:37:29.000
Validar solicitud,105207,18929,Validar solicitud,18929,Fluxicon Disco,Variant 2,2,2016-03-31T15:07:24.000,2016-03-31T11:52:40.000
Homologacion por grupo de cursos,105207,957,Homologacion por grupo de cursos,957,Fluxicon Disco,Variant 2,2,2016-05-04T20:19:46.000,2016-05-04T17:44:23.000
End,105207,End,End,End,Fluxicon Disco,Variant 2,2,2016-05-04T20:19:46.000,2016-05-04T20:19:46.000
Start,105252,Start,Start,Start,Fluxicon Disco,Variant 31,31,2016-03-29T20:53:53.000,2016-03-29T20:53:53.000
Traer informacion estudiante - banner,105252,8186,Traer informacion estudiante - banner,8186,Fluxicon Disco,Variant 31,31,2016-03-29T20:53:53.000,2016-03-29T20:53:53.000
Radicar Solicitud Homologacion,105252,8186,Radicar Solicitud Homologacion,8186,Fluxicon Disco,Variant 31,31,2016-03-29T20:56:35.000,2016-03-29T20:53:54.000
Validar solicitud,105252,19019,Validar solicitud,19019,Fluxicon Disco,Variant 31,31,2016-03-29T23:44:19.000,2016-03-29T23:41:04.000
Recepcion de documentos,105252,26789,Recepcion de documentos,26789,Fluxicon Disco,Variant 31,31,2016-03-31T00:42:26.000,2016-03-30T16:56:23.000
Homologacion por grupo de cursos,105252,1007,Homologacion por grupo de cursos,1007,Fluxicon Disco,Variant 31,31,2016-03-31T00:51:52.000,2016-03-30T16:56:24.000
Revisar curso,105252,19019,Revisar curso,19019,Fluxicon Disco,Variant 31,31,2016-03-30T16:56:25.000,2016-03-30T16:56:25.000
Evaluacion curso,105252,19296,Evaluacion curso,19296,Fluxicon Disco,Variant 31,31,2016-03-30T18:16:46.000,2016-03-30T16:57:01.000
Validar solicitud / pre-homologacion,105252,19019,Validar solicitud / pre-homologacion,19019,Fluxicon Disco,Variant 31,31,2016-04-13T16:43:20.000,2016-04-13T16:42:40.000
Avanzar recepcion documentos,105252,26789,Avanzar recepcion documentos,26789,Fluxicon Disco,Variant 31,31,2016-04-13T23:48:32.000,2016-04-13T17:22:55.000
Validacion final,105252,19019,Validacion final,19019,Fluxicon Disco,Variant 31,31,2016-06-23T19:16:00.000,2016-06-23T19:06:58.000
Visto Bueno Cierre Proceso,105252,1007,Visto Bueno Cierre Proceso,1007,Fluxicon Disco,Variant 31,31,2016-06-24T22:03:00.000,2016-06-24T22:02:39.000
Transferir Creditos,105252,1007,Transferir Creditos,1007,Fluxicon Disco,Variant 31,31,2016-06-24T22:24:26.000,2016-06-24T22:24:26.000
Transferir creditos homologables,105252,1007,Transferir creditos homologables,1007,Fluxicon Disco,Variant 31,31,2016-06-24T22:24:26.000,2016-06-24T22:24:26.000
End,105252,End,End,End,Fluxicon Disco,Variant 31,31,2016-06-24T22:24:26.000,2016-06-24T22:24:26.000
Start,105253,Start,Start,Start,Fluxicon Disco,Variant 2,2,2016-03-29T21:08:02.000,2016-03-29T21:08:02.000
Traer informacion estudiante - banner,105253,8121,Traer informacion estudiante - banner,8121,Fluxicon Disco,Variant 2,2,2016-03-29T21:08:02.000,2016-03-29T21:08:02.000
Radicar Solicitud Homologacion,105253,8121,Radicar Solicitud Homologacion,8121,Fluxicon Disco,Variant 2,2,2016-03-29T21:08:15.000,2016-03-29T21:08:03.000
Validar solicitud,105253,186,Validar solicitud,186,Fluxicon Disco,Variant 2,2,2016-03-30T01:08:09.000,2016-03-29T21:20:30.000
Homologacion por grupo de cursos,105253,26788,Homologacion por grupo de cursos,26788,Fluxicon Disco,Variant 2,2,2016-05-10T08:23:02.000,2016-05-10T03:51:37.000
End,105253,End,End,End,Fluxicon Disco,Variant 2,2,2016-05-10T08:23:02.000,2016-05-10T08:23:02.000
Start,105301,Start,Start,Start,Fluxicon Disco,Variant 5,5,2016-03-29T22:38:57.000,2016-03-29T22:38:57.000
Traer informacion estudiante - banner,105301,15547,Traer informacion estudiante - banner,15547,Fluxicon Disco,Variant 5,5,2016-03-29T22:38:57.000,2016-03-29T22:38:57.000
Radicar Solicitud Homologacion,105301,15547,Radicar Solicitud Homologacion,15547,Fluxicon Disco,Variant 5,5,2016-03-29T22:39:04.000,2016-03-29T22:39:02.000
Notificacion estudiante cancelacion soli,105301,1,Notificacion estudiante cancelacion soli,1,Fluxicon Disco,Variant 5,5,2016-04-07T21:06:12.000,2016-04-07T21:06:12.000
End,105301,End,End,End,Fluxicon Disco,Variant 5,5,2016-04-07T21:06:12.000,2016-04-07T21:06:12.000
Start,105303,Start,Start,Start,Fluxicon Disco,Variant 1,1,2016-03-30T00:11:07.000,2016-03-30T00:11:07.000
Traer informacion estudiante - banner,105303,9484,Traer informacion estudiante - banner,9484,Fluxicon Disco,Variant 1,1,2016-03-30T00:11:07.000,2016-03-30T00:11:07.000
Radicar Solicitud Homologacion,105303,9484,Radicar Solicitud Homologacion,9484,Fluxicon Disco,Variant 1,1,2016-03-30T00:11:57.000,2016-03-30T00:11:09.000
Cancelar Solicitud,105303,9484,Cancelar Solicitud,9484,Fluxicon Disco,Variant 1,1,2016-03-30T03:13:48.000,2016-03-30T03:13:48.000
Notificacion estudiante cancelacion soli,105303,9484,Notificacion estudiante cancelacion soli,9484,Fluxicon Disco,Variant 1,1,2016-03-30T13:57:05.000,2016-03-30T13:57:05.000
End,105303,End,End,End,Fluxicon Disco,Variant 1,1,2016-03-30T13:57:05.000,2016-03-30T13:57:05.000
Start,105401,Start,Start,Start,Fluxicon Disco,Variant 1,1,2016-03-30T01:39:02.000,2016-03-30T01:39:02.000
Traer informacion estudiante - banner,105401,26759,Traer informacion estudiante - banner,26759,Fluxicon Disco,Variant 1,1,2016-03-30T01:39:02.000,2016-03-30T01:39:02.000
Radicar Solicitud Homologacion,105401,26759,Radicar Solicitud Homologacion,26759,Fluxicon Disco,Variant 1,1,2016-03-30T02:03:08.000,2016-03-30T01:39:08.000
Cancelar Solicitud,105401,22404,Cancelar Solicitud,22404,Fluxicon Disco,Variant 1,1,2016-04-02T04:45:25.000,2016-04-02T03:57:25.000
Notificacion estudiante cancelacion soli,105401,22404,Notificacion estudiante cancelacion soli,22404,Fluxicon Disco,Variant 1,1,2016-04-12T13:18:17.000,2016-04-12T13:18:17.000
End,105401,End,End,End,Fluxicon Disco,Variant 1,1,2016-04-12T13:18:17.000,2016-04-12T13:18:17.000
Start,105451,Start,Start,Start,Fluxicon Disco,Variant 39,39,2016-03-30T15:16:56.000,2016-03-30T15:16:56.000
Validar solicitud,105451,19019,Validar solicitud,19019,Fluxicon Disco,Variant 39,39,2016-03-30T15:19:24.000,2016-03-30T15:16:56.000
Traer informacion estudiante - banner,105451,3421,Traer informacion estudiante - banner,3421,Fluxicon Disco,Variant 39,39,2016-03-30T16:08:47.000,2016-03-30T16:08:47.000
Radicar Solicitud Homologacion,105451,3421,Radicar Solicitud Homologacion,3421,Fluxicon Disco,Variant 39,39,2016-03-30T16:08:53.000,2016-03-30T16:08:53.000
Homologacion por grupo de cursos,105451,1007,Homologacion por grupo de cursos,1007,Fluxicon Disco,Variant 39,39,2016-03-30T21:52:53.000,2016-03-30T17:45:11.000
Revisar curso,105451,19019,Revisar curso,19019,Fluxicon Disco,Variant 39,39,2016-03-30T17:45:11.000,2016-03-30T17:45:11.000
Evaluacion curso,105451,163,Evaluacion curso,163,Fluxicon Disco,Variant 39,39,2016-03-30T21:04:38.000,2016-03-30T17:45:37.000
Validacion final,105451,19019,Validacion final,19019,Fluxicon Disco,Variant 39,39,2016-05-04T16:55:43.000,2016-05-04T16:47:30.000
Visto Bueno Cierre Proceso,105451,1007,Visto Bueno Cierre Proceso,1007,Fluxicon Disco,Variant 39,39,2016-05-05T17:41:31.000,2016-05-05T17:01:05.000
End,105451,End,End,End,Fluxicon Disco,Variant 39,39,2016-05-05T17:41:31.000,2016-05-05T17:41:31.000
Start,105504,Start,Start,Start,Fluxicon Disco,Variant 1,1,2016-03-30T15:25:11.000,2016-03-30T15:25:11.000
Traer informacion estudiante - banner,105504,3421,Traer informacion estudiante - banner,3421,Fluxicon Disco,Variant 1,1,2016-03-30T15:25:11.000,2016-03-30T15:25:11.000
Radicar Solicitud Homologacion,105504,3421,Radicar Solicitud Homologacion,3421,Fluxicon Disco,Variant 1,1,2016-03-30T15:25:16.000,2016-03-30T15:25:12.000
Cancelar Solicitud,105504,19019,Cancelar Solicitud,19019,Fluxicon Disco,Variant 1,1,2016-03-30T15:32:31.000,2016-03-30T15:30:10.000
Notificacion estudiante cancelacion soli,105504,19019,Notificacion estudiante cancelacion soli,19019,Fluxicon Disco,Variant 1,1,2016-03-30T17:51:10.000,2016-03-30T17:51:10.000
End,105504,End,End,End,Fluxicon Disco,Variant 1,1,2016-03-30T17:51:10.000,2016-03-30T17:51:10.000
Start,105505,Start,Start,Start,Fluxicon Disco,Variant 74,74,2016-03-30T15:45:39.000,2016-03-30T15:45:39.000
Traer informacion estudiante - banner,105505,3656,Traer informacion estudiante - banner,3656,Fluxicon Disco,Variant 74,74,2016-03-30T15:45:39.000,2016-03-30T15:45:39.000
Radicar Solicitud Homologacion,105505,3656,Radicar Solicitud Homologacion,3656,Fluxicon Disco,Variant 74,74,2016-03-30T15:46:01.000,2016-03-30T15:45:43.000
Validar solicitud,105505,677,Validar solicitud,677,Fluxicon Disco,Variant 74,74,2016-03-30T16:48:26.000,2016-03-30T16:04:13.000
Validacion final,105505,677,Validacion final,677,Fluxicon Disco,Variant 74,74,2016-04-06T22:08:20.000,2016-04-06T22:03:54.000
Homologacion por grupo de cursos,105505,3445,Homologacion por grupo de cursos,3445,Fluxicon Disco,Variant 74,74,2016-04-06T22:22:26.000,2016-04-06T22:18:03.000
Revisar curso,105505,677,Revisar curso,677,Fluxicon Disco,Variant 74,74,2016-04-06T22:18:03.000,2016-04-06T22:18:03.000
Evaluacion curso,105505,3445,Evaluacion curso,3445,Fluxicon Disco,Variant 74,74,2016-04-06T22:18:26.000,2016-04-06T22:18:26.000
Visto Bueno Cierre Proceso,105505,3445,Visto Bueno Cierre Proceso,3445,Fluxicon Disco,Variant 74,74,2016-04-07T16:30:57.000,2016-04-07T16:30:47.000
End,105505,End,End,End,Fluxicon Disco,Variant 74,74,2016-04-07T16:30:57.000,2016-04-07T16:30:57.000
Start,105506,Start,Start,Start,Fluxicon Disco,Variant 35,35,2016-03-30T18:23:10.000,2016-03-30T18:23:10.000
Traer informacion estudiante - banner,105506,3421,Traer informacion estudiante - banner,3421,Fluxicon Disco,Variant 35,35,2016-03-30T18:23:10.000,2016-03-30T18:23:10.000
Radicar Solicitud Homologacion,105506,3421,Radicar Solicitud Homologacion,3421,Fluxicon Disco,Variant 35,35,2016-03-30T18:23:19.000,2016-03-30T18:23:11.000
Validar solicitud,105506,19019,Validar solicitud,19019,Fluxicon Disco,Variant 35,35,2016-03-30T18:32:21.000,2016-03-30T18:31:53.000
Homologacion por grupo de cursos,105506,1007,Homologacion por grupo de cursos,1007,Fluxicon Disco,Variant 35,35,2016-03-30T20:26:32.000,2016-03-30T19:16:43.000
Revisar curso,105506,19019,Revisar curso,19019,Fluxicon Disco,Variant 35,35,2016-03-30T19:16:43.000,2016-03-30T19:16:43.000
Evaluacion curso,105506,7299,Evaluacion curso,7299,Fluxicon Disco,Variant 35,35,2016-03-30T20:21:01.000,2016-03-30T19:17:01.000
Visto Bueno Cierre Proceso,105506,1007,Visto Bueno Cierre Proceso,1007,Fluxicon Disco,Variant 35,35,2016-04-11T19:25:37.000,2016-04-11T19:19:48.000
Validacion final,105506,19019,Validacion final,19019,Fluxicon Disco,Variant 35,35,2016-04-11T19:22:28.000,2016-04-11T19:22:28.000
End,105506,End,End,End,Fluxicon Disco,Variant 35,35,2016-04-11T19:22:28.000,2016-04-11T19:22:28.000
Start,105602,Start,Start,Start,Fluxicon Disco,Variant 8,8,2016-03-31T02:01:40.000,2016-03-31T02:01:40.000
Traer informacion estudiante - banner,105602,9404,Traer informacion estudiante - banner,9404,Fluxicon Disco,Variant 8,8,2016-03-31T02:01:40.000,2016-03-31T02:01:40.000
Radicar Solicitud Homologacion,105602,9404,Radicar Solicitud Homologacion,9404,Fluxicon Disco,Variant 8,8,2016-03-31T02:01:41.000,2016-03-31T02:01:41.000
Cancelar Solicitud,105602,9404,Cancelar Solicitud,9404,Fluxicon Disco,Variant 8,8,2016-03-31T03:51:41.000,2016-03-31T02:10:38.000
Validar solicitud,105602,19019,Validar solicitud,19019,Fluxicon Disco,Variant 8,8,2016-03-31T02:12:34.000,2016-03-31T02:10:38.000
Revisar curso,105602,19019,Revisar curso,19019,Fluxicon Disco,Variant 8,8,2016-03-31T16:56:38.000,2016-03-31T16:56:36.000
Notificacion estudiante cancelacion soli,105602,9404,Notificacion estudiante cancelacion soli,9404,Fluxicon Disco,Variant 8,8,2016-04-18T22:03:28.000,2016-04-18T22:03:28.000
End,105602,End,End,End,Fluxicon Disco,Variant 8,8,2016-04-18T22:03:28.000,2016-04-18T22:03:28.000
Start,105651,Start,Start,Start,Fluxicon Disco,Variant 8,8,2016-03-30T23:48:38.000,2016-03-30T23:48:38.000
Traer informacion estudiante - banner,105651,7775,Traer informacion estudiante - banner,7775,Fluxicon Disco,Variant 8,8,2016-03-30T23:48:38.000,2016-03-30T23:48:38.000
Radicar Solicitud Homologacion,105651,7775,Radicar Solicitud Homologacion,7775,Fluxicon Disco,Variant 8,8,2016-03-30T23:48:52.000,2016-03-30T23:48:42.000
Cancelar Solicitud,105651,7080,Cancelar Solicitud,7080,Fluxicon Disco,Variant 8,8,2016-03-31T00:30:35.000,2016-03-30T23:59:36.000
Validar solicitud,105651,7080,Validar solicitud,7080,Fluxicon Disco,Variant 8,8,2016-03-31T00:20:36.000,2016-03-30T23:59:36.000
Revisar curso,105651,7080,Revisar curso,7080,Fluxicon Disco,Variant 8,8,2016-04-04T19:37:45.000,2016-04-04T19:37:45.000
Notificacion estudiante cancelacion soli,105651,7080,Notificacion estudiante cancelacion soli,7080,Fluxicon Disco,Variant 8,8,2016-04-05T22:58:46.000,2016-04-05T22:58:46.000
End,105651,End,End,End,Fluxicon Disco,Variant 8,8,2016-04-05T22:58:46.000,2016-04-05T22:58:46.000
Start,105652,Start,Start,Start,Fluxicon Disco,Variant 4,4,2016-03-30T23:57:01.000,2016-03-30T23:57:01.000
Traer informacion estudiante - banner,105652,8727,Traer informacion estudiante - banner,8727,Fluxicon Disco,Variant 4,4,2016-03-30T23:57:01.000,2016-03-30T23:57:01.000
Radicar Solicitud Homologacion,105652,8727,Radicar Solicitud Homologacion,8727,Fluxicon Disco,Variant 4,4,2016-03-30T23:57:34.000,2016-03-30T23:57:03.000
Validar solicitud,105652,19019,Validar solicitud,19019,Fluxicon Disco,Variant 4,4,2016-03-31T00:31:59.000,2016-03-31T00:28:15.000
Homologacion por grupo de cursos,105652,19019,Homologacion por grupo de cursos,19019,Fluxicon Disco,Variant 4,4,2016-03-31T21:23:17.000,2016-03-31T18:12:29.000
Revisar curso,105652,19019,Revisar curso,19019,Fluxicon Disco,Variant 4,4,2016-03-31T18:12:29.000,2016-03-31T18:12:29.000
Evaluacion curso,105652,117,Evaluacion curso,117,Fluxicon Disco,Variant 4,4,2016-03-31T21:18:42.000,2016-03-31T18:13:25.000
Validar solicitud / pre-homologacion,105652,19019,Validar solicitud / pre-homologacion,19019,Fluxicon Disco,Variant 4,4,2016-05-03T21:36:39.000,2016-05-03T21:31:09.000
End,105652,End,End,End,Fluxicon Disco,Variant 4,4,2016-05-03T21:36:39.000,2016-05-03T21:36:39.000
Start,105653,Start,Start,Start,Fluxicon Disco,Variant 1,1,2016-03-31T00:02:19.000,2016-03-31T00:02:19.000
Traer informacion estudiante - banner,105653,7775,Traer informacion estudiante - banner,7775,Fluxicon Disco,Variant 1,1,2016-03-31T00:02:19.000,2016-03-31T00:02:19.000
Radicar Solicitud Homologacion,105653,7775,Radicar Solicitud Homologacion,7775,Fluxicon Disco,Variant 1,1,2016-03-31T00:02:28.000,2016-03-31T00:02:20.000
Cancelar Solicitud,105653,7775,Cancelar Solicitud,7775,Fluxicon Disco,Variant 1,1,2016-03-31T00:27:48.000,2016-03-31T00:10:59.000
Notificacion estudiante cancelacion soli,105653,7775,Notificacion estudiante cancelacion soli,7775,Fluxicon Disco,Variant 1,1,2016-04-04T13:13:10.000,2016-04-04T13:13:10.000
End,105653,End,End,End,Fluxicon Disco,Variant 1,1,2016-04-04T13:13:10.000,2016-04-04T13:13:10.000
Start,105654,Start,Start,Start,Fluxicon Disco,Variant 18,18,2016-03-31T00:34:14.000,2016-03-31T00:34:14.000
Traer informacion estudiante - banner,105654,11415,Traer informacion estudiante - banner,11415,Fluxicon Disco,Variant 18,18,2016-03-31T00:34:14.000,2016-03-31T00:34:14.000
Radicar Solicitud Homologacion,105654,11415,Radicar Solicitud Homologacion,11415,Fluxicon Disco,Variant 18,18,2016-03-31T00:34:40.000,2016-03-31T00:34:15.000
Validar solicitud,105654,1707,Validar solicitud,1707,Fluxicon Disco,Variant 18,18,2016-03-31T02:30:31.000,2016-03-31T01:02:31.000
Homologacion por grupo de cursos,105654,1707,Homologacion por grupo de cursos,1707,Fluxicon Disco,Variant 18,18,2016-04-15T15:41:15.000,2016-04-15T14:04:03.000
Cancelar curso,105654,1707,Cancelar curso,1707,Fluxicon Disco,Variant 18,18,2016-04-15T15:41:15.000,2016-04-15T14:04:03.000
End,105654,End,End,End,Fluxicon Disco,Variant 18,18,2016-04-15T15:41:15.000,2016-04-15T15:41:15.000
Start,105755,Start,Start,Start,Fluxicon Disco,Variant 75,75,2016-03-31T14:47:35.000,2016-03-31T14:47:35.000
Traer informacion estudiante - banner,105755,7574,Traer informacion estudiante - banner,7574,Fluxicon Disco,Variant 75,75,2016-03-31T14:47:35.000,2016-03-31T14:47:35.000
Radicar Solicitud Homologacion,105755,7574,Radicar Solicitud Homologacion,7574,Fluxicon Disco,Variant 75,75,2016-03-31T14:50:28.000,2016-03-31T14:47:36.000
Validar solicitud,105755,1707,Validar solicitud,1707,Fluxicon Disco,Variant 75,75,2016-03-31T19:19:22.000,2016-03-31T17:52:54.000
Recepcion de documentos,105755,26789,Recepcion de documentos,26789,Fluxicon Disco,Variant 75,75,2016-04-15T19:59:13.000,2016-04-15T16:21:23.000
Homologacion por grupo de cursos,105755,15930,Homologacion por grupo de cursos,15930,Fluxicon Disco,Variant 75,75,2016-04-15T20:12:17.000,2016-04-15T16:21:25.000
Revisar curso,105755,1707,Revisar curso,1707,Fluxicon Disco,Variant 75,75,2016-04-15T17:49:00.000,2016-04-15T16:21:26.000
Evaluacion curso,105755,6958,Evaluacion curso,6958,Fluxicon Disco,Variant 75,75,2016-05-02T15:57:21.000,2016-05-02T15:55:46.000
Validar solicitud / pre-homologacion,105755,1707,Validar solicitud / pre-homologacion,1707,Fluxicon Disco,Variant 75,75,2016-05-02T17:37:54.000,2016-05-02T17:31:45.000
Avanzar recepcion documentos,105755,26789,Avanzar recepcion documentos,26789,Fluxicon Disco,Variant 75,75,2016-05-03T17:43:20.000,2016-05-03T15:40:49.000
Validacion final,105755,1707,Validacion final,1707,Fluxicon Disco,Variant 75,75,2016-05-25T18:17:38.000,2016-05-25T18:12:09.000
Visto Bueno Cierre Proceso,105755,15930,Visto Bueno Cierre Proceso,15930,Fluxicon Disco,Variant 75,75,2016-05-26T15:49:38.000,2016-05-26T15:42:07.000
Transferir Creditos,105755,15930,Transferir Creditos,15930,Fluxicon Disco,Variant 75,75,2016-05-27T15:13:26.000,2016-05-27T15:13:26.000
Transferir creditos homologables,105755,15930,Transferir creditos homologables,15930,Fluxicon Disco,Variant 75,75,2016-05-27T15:13:26.000,2016-05-27T15:13:26.000
Transferir creditos homologables,105755,15930,Transferir creditos homologables,15930,Fluxicon Disco,Variant 75,75,2016-05-27T15:13:26.000,2016-05-27T15:13:26.000
End,105755,End,End,End,Fluxicon Disco,Variant 75,75,2016-05-27T15:13:26.000,2016-05-27T15:13:26.000
Start,105803,Start,Start,Start,Fluxicon Disco,Variant 14,14,2016-03-31T16:09:01.000,2016-03-31T16:09:01.000
Radicar Solicitud Homologacion,105803,19019,Radicar Solicitud Homologacion,19019,Fluxicon Disco,Variant 14,14,2016-03-31T16:09:05.000,2016-03-31T16:09:01.000
End,105803,End,End,End,Fluxicon Disco,Variant 14,14,2016-03-31T16:09:05.000,2016-03-31T16:09:05.000
Start,105806,Start,Start,Start,Fluxicon Disco,Variant 4,4,2016-03-31T21:28:42.000,2016-03-31T21:28:42.000
Traer informacion estudiante - banner,105806,11218,Traer informacion estudiante - banner,11218,Fluxicon Disco,Variant 4,4,2016-03-31T21:28:42.000,2016-03-31T21:28:42.000
Radicar Solicitud Homologacion,105806,11218,Radicar Solicitud Homologacion,11218,Fluxicon Disco,Variant 4,4,2016-03-31T21:28:46.000,2016-03-31T21:28:43.000
Validar solicitud,105806,19019,Validar solicitud,19019,Fluxicon Disco,Variant 4,4,2016-03-31T21:32:03.000,2016-03-31T21:31:57.000
Homologacion por grupo de cursos,105806,19019,Homologacion por grupo de cursos,19019,Fluxicon Disco,Variant 4,4,2016-04-01T05:05:42.000,2016-03-31T21:38:04.000
Revisar curso,105806,19019,Revisar curso,19019,Fluxicon Disco,Variant 4,4,2016-03-31T21:38:04.000,2016-03-31T21:38:04.000
Evaluacion curso,105806,19295,Evaluacion curso,19295,Fluxicon Disco,Variant 4,4,2016-04-01T05:00:26.000,2016-03-31T21:38:25.000
Validar solicitud / pre-homologacion,105806,19019,Validar solicitud / pre-homologacion,19019,Fluxicon Disco,Variant 4,4,2016-06-21T23:45:42.000,2016-06-21T23:40:06.000
End,105806,End,End,End,Fluxicon Disco,Variant 4,4,2016-06-21T23:45:42.000,2016-06-21T23:45:42.000
Start,105906,Start,Start,Start,Fluxicon Disco,Variant 14,14,2016-03-31T20:35:28.000,2016-03-31T20:35:28.000
Radicar Solicitud Homologacion,105906,19019,Radicar Solicitud Homologacion,19019,Fluxicon Disco,Variant 14,14,2016-03-31T20:35:28.000,2016-03-31T20:35:28.000
End,105906,End,End,End,Fluxicon Disco,Variant 14,14,2016-03-31T20:35:28.000,2016-03-31T20:35:28.000
Start,106201,Start,Start,Start,Fluxicon Disco,Variant 3,3,2016-04-01T15:48:05.000,2016-04-01T15:48:05.000
Traer informacion estudiante - banner,106201,8213,Traer informacion estudiante - banner,8213,Fluxicon Disco,Variant 3,3,2016-04-01T15:48:05.000,2016-04-01T15:48:05.000
Radicar Solicitud Homologacion,106201,8213,Radicar Solicitud Homologacion,8213,Fluxicon Disco,Variant 3,3,2016-04-01T15:48:18.000,2016-04-01T15:48:12.000
Validar solicitud,106201,1707,Validar solicitud,1707,Fluxicon Disco,Variant 3,3,2016-04-01T17:15:30.000,2016-04-01T15:55:02.000
Homologacion por grupo de cursos,106201,15930,Homologacion por grupo de cursos,15930,Fluxicon Disco,Variant 3,3,2016-04-15T22:49:00.000,2016-04-15T16:23:37.000
Revisar curso,106201,1707,Revisar curso,1707,Fluxicon Disco,Variant 3,3,2016-04-15T17:51:09.000,2016-04-15T16:23:37.000
Evaluacion curso,106201,7763,Evaluacion curso,7763,Fluxicon Disco,Variant 3,3,2016-05-02T20:43:05.000,2016-05-02T15:56:02.000
Validacion final,106201,1707,Validacion final,1707,Fluxicon Disco,Variant 3,3,2016-06-24T04:19:57.000,2016-06-24T04:19:57.000
Visto Bueno Cierre Proceso,106201,15930,Visto Bueno Cierre Proceso,15930,Fluxicon Disco,Variant 3,3,2016-06-24T13:41:39.000,2016-06-24T13:30:53.000
End,106201,End,End,End,Fluxicon Disco,Variant 3,3,2016-06-24T13:41:39.000,2016-06-24T13:41:39.000
Start,106202,Start,Start,Start,Fluxicon Disco,Variant 28,28,2016-04-01T16:13:34.000,2016-04-01T16:13:34.000
Traer informacion estudiante - banner,106202,19582,Traer informacion estudiante - banner,19582,Fluxicon Disco,Variant 28,28,2016-04-01T16:13:34.000,2016-04-01T16:13:34.000
Radicar Solicitud Homologacion,106202,19582,Radicar Solicitud Homologacion,19582,Fluxicon Disco,Variant 28,28,2016-04-01T16:14:09.000,2016-04-01T16:13:38.000
Validar solicitud,106202,294,Validar solicitud,294,Fluxicon Disco,Variant 28,28,2016-04-01T17:43:51.000,2016-04-01T16:44:57.000
Homologacion por grupo de cursos,106202,7311,Homologacion por grupo de cursos,7311,Fluxicon Disco,Variant 28,28,2016-04-13T00:02:29.000,2016-04-12T21:39:09.000
Revisar curso,106202,294,Revisar curso,294,Fluxicon Disco,Variant 28,28,2016-04-12T22:53:04.000,2016-04-12T21:39:09.000
Evaluacion curso,106202,294,Evaluacion curso,294,Fluxicon Disco,Variant 28,28,2016-04-26T00:34:19.000,2016-04-25T23:34:52.000
Validacion final,106202,294,Validacion final,294,Fluxicon Disco,Variant 28,28,2016-05-05T17:02:14.000,2016-05-05T17:02:11.000
Visto Bueno Cierre Proceso,106202,7311,Visto Bueno Cierre Proceso,7311,Fluxicon Disco,Variant 28,28,2016-05-05T17:15:28.000,2016-05-05T17:05:34.000
Transferir Creditos,106202,7311,Transferir Creditos,7311,Fluxicon Disco,Variant 28,28,2016-05-06T20:08:23.000,2016-05-06T20:08:23.000
Transferir creditos homologables,106202,7311,Transferir creditos homologables,7311,Fluxicon Disco,Variant 28,28,2016-05-06T20:08:24.000,2016-05-06T20:08:24.000
Transferir creditos homologables,106202,7311,Transferir creditos homologables,7311,Fluxicon Disco,Variant 28,28,2016-05-06T20:08:24.000,2016-05-06T20:08:24.000
Transferir creditos homologables,106202,7311,Transferir creditos homologables,7311,Fluxicon Disco,Variant 28,28,2016-05-06T20:08:24.000,2016-05-06T20:08:24.000
End,106202,End,End,End,Fluxicon Disco,Variant 28,28,2016-05-06T20:08:24.000,2016-05-06T20:08:24.000
Start,106203,Start,Start,Start,Fluxicon Disco,Variant 3,3,2016-04-01T16:32:11.000,2016-04-01T16:32:11.000
Traer informacion estudiante - banner,106203,8491,Traer informacion estudiante - banner,8491,Fluxicon Disco,Variant 3,3,2016-04-01T16:32:11.000,2016-04-01T16:32:11.000
Radicar Solicitud Homologacion,106203,8491,Radicar Solicitud Homologacion,8491,Fluxicon Disco,Variant 3,3,2016-04-01T16:32:20.000,2016-04-01T16:32:13.000
Validar solicitud,106203,294,Validar solicitud,294,Fluxicon Disco,Variant 3,3,2016-04-01T17:39:08.000,2016-04-01T16:40:07.000
Homologacion por grupo de cursos,106203,7311,Homologacion por grupo de cursos,7311,Fluxicon Disco,Variant 3,3,2016-04-13T00:04:49.000,2016-04-12T21:41:31.000
Revisar curso,106203,294,Revisar curso,294,Fluxicon Disco,Variant 3,3,2016-04-12T21:41:32.000,2016-04-12T21:41:31.000
Evaluacion curso,106203,294,Evaluacion curso,294,Fluxicon Disco,Variant 3,3,2016-04-12T23:56:06.000,2016-04-12T21:42:54.000
Validacion final,106203,294,Validacion final,294,Fluxicon Disco,Variant 3,3,2016-05-05T16:55:07.000,2016-05-05T16:54:55.000
Visto Bueno Cierre Proceso,106203,7311,Visto Bueno Cierre Proceso,7311,Fluxicon Disco,Variant 3,3,2016-05-05T17:17:04.000,2016-05-05T17:07:12.000
End,106203,End,End,End,Fluxicon Disco,Variant 3,3,2016-05-05T17:17:04.000,2016-05-05T17:17:04.000
Start,106451,Start,Start,Start,Fluxicon Disco,Variant 4,4,2016-04-03T14:38:03.000,2016-04-03T14:38:03.000
Traer informacion estudiante - banner,106451,1934,Traer informacion estudiante - banner,1934,Fluxicon Disco,Variant 4,4,2016-04-03T14:38:03.000,2016-04-03T14:38:03.000
Radicar Solicitud Homologacion,106451,1934,Radicar Solicitud Homologacion,1934,Fluxicon Disco,Variant 4,4,2016-04-03T14:38:12.000,2016-04-03T14:38:12.000
Validar solicitud,106451,19019,Validar solicitud,19019,Fluxicon Disco,Variant 4,4,2016-04-03T14:48:17.000,2016-04-03T14:48:11.000
Homologacion por grupo de cursos,106451,19019,Homologacion por grupo de cursos,19019,Fluxicon Disco,Variant 4,4,2016-04-04T22:23:10.000,2016-04-04T15:07:01.000
Revisar curso,106451,19019,Revisar curso,19019,Fluxicon Disco,Variant 4,4,2016-04-04T15:07:04.000,2016-04-04T15:07:02.000
Evaluacion curso,106451,19295,Evaluacion curso,19295,Fluxicon Disco,Variant 4,4,2016-04-04T22:19:40.000,2016-04-04T15:09:09.000
Validar solicitud / pre-homologacion,106451,19019,Validar solicitud / pre-homologacion,19019,Fluxicon Disco,Variant 4,4,2016-06-21T23:46:38.000,2016-06-21T23:41:03.000
End,106451,End,End,End,Fluxicon Disco,Variant 4,4,2016-06-21T23:46:38.000,2016-06-21T23:46:38.000
Start,106501,Start,Start,Start,Fluxicon Disco,Variant 1,1,2016-04-03T14:32:20.000,2016-04-03T14:32:20.000
Traer informacion estudiante - banner,106501,17769,Traer informacion estudiante - banner,17769,Fluxicon Disco,Variant 1,1,2016-04-03T14:32:20.000,2016-04-03T14:32:20.000
Radicar Solicitud Homologacion,106501,17769,Radicar Solicitud Homologacion,17769,Fluxicon Disco,Variant 1,1,2016-04-03T14:32:27.000,2016-04-03T14:32:27.000
Cancelar Solicitud,106501,7080,Cancelar Solicitud,7080,Fluxicon Disco,Variant 1,1,2016-04-03T14:54:44.000,2016-04-03T14:50:44.000
Notificacion estudiante cancelacion soli,106501,7080,Notificacion estudiante cancelacion soli,7080,Fluxicon Disco,Variant 1,1,2016-04-04T19:01:34.000,2016-04-04T19:01:34.000
End,106501,End,End,End,Fluxicon Disco,Variant 1,1,2016-04-04T19:01:34.000,2016-04-04T19:01:34.000
Start,106551,Start,Start,Start,Fluxicon Disco,Variant 3,3,2016-04-03T18:38:41.000,2016-04-03T18:38:41.000
Traer informacion estudiante - banner,106551,3113,Traer informacion estudiante - banner,3113,Fluxicon Disco,Variant 3,3,2016-04-03T18:38:41.000,2016-04-03T18:38:41.000
Radicar Solicitud Homologacion,106551,3113,Radicar Solicitud Homologacion,3113,Fluxicon Disco,Variant 3,3,2016-04-03T18:38:46.000,2016-04-03T18:38:46.000
Validar solicitud,106551,1707,Validar solicitud,1707,Fluxicon Disco,Variant 3,3,2016-04-03T20:13:30.000,2016-04-03T19:00:05.000
Homologacion por grupo de cursos,106551,15930,Homologacion por grupo de cursos,15930,Fluxicon Disco,Variant 3,3,2016-04-15T18:32:06.000,2016-04-15T16:25:32.000
Revisar curso,106551,1707,Revisar curso,1707,Fluxicon Disco,Variant 3,3,2016-04-15T17:53:02.000,2016-04-15T16:25:32.000
Evaluacion curso,106551,15930,Evaluacion curso,15930,Fluxicon Disco,Variant 3,3,2016-05-02T16:19:17.000,2016-05-02T15:56:14.000
Validacion final,106551,1707,Validacion final,1707,Fluxicon Disco,Variant 3,3,2016-05-05T03:57:49.000,2016-05-05T03:57:49.000
Visto Bueno Cierre Proceso,106551,15930,Visto Bueno Cierre Proceso,15930,Fluxicon Disco,Variant 3,3,2016-05-05T15:12:29.000,2016-05-05T14:56:29.000
End,106551,End,End,End,Fluxicon Disco,Variant 3,3,2016-05-05T15:12:29.000,2016-05-05T15:12:29.000
Start,106601,Start,Start,Start,Fluxicon Disco,Variant 1,1,2016-04-03T21:49:22.000,2016-04-03T21:49:22.000
Traer informacion estudiante - banner,106601,11342,Traer informacion estudiante - banner,11342,Fluxicon Disco,Variant 1,1,2016-04-03T21:49:22.000,2016-04-03T21:49:22.000
Radicar Solicitud Homologacion,106601,11342,Radicar Solicitud Homologacion,11342,Fluxicon Disco,Variant 1,1,2016-04-03T21:49:29.000,2016-04-03T21:49:29.000
Cancelar Solicitud,106601,18929,Cancelar Solicitud,18929,Fluxicon Disco,Variant 1,1,2016-04-04T00:26:51.000,2016-04-03T22:04:09.000
Notificacion estudiante cancelacion soli,106601,18929,Notificacion estudiante cancelacion soli,18929,Fluxicon Disco,Variant 1,1,2016-04-27T23:42:24.000,2016-04-27T23:42:24.000
End,106601,End,End,End,Fluxicon Disco,Variant 1,1,2016-04-27T23:42:24.000,2016-04-27T23:42:24.000
Start,106651,Start,Start,Start,Fluxicon Disco,Variant 17,17,2016-04-03T21:07:14.000,2016-04-03T21:07:14.000
Cancelar Solicitud,106651,22475,Cancelar Solicitud,22475,Fluxicon Disco,Variant 17,17,2016-04-03T21:09:00.000,2016-04-03T21:07:14.000
Traer informacion estudiante - banner,106651,5593,Traer informacion estudiante - banner,5593,Fluxicon Disco,Variant 17,17,2016-04-03T22:37:48.000,2016-04-03T22:37:48.000
Radicar Solicitud Homologacion,106651,5593,Radicar Solicitud Homologacion,5593,Fluxicon Disco,Variant 17,17,2016-04-03T22:37:55.000,2016-04-03T22:37:55.000
Notificacion estudiante cancelacion soli,106651,22475,Notificacion estudiante cancelacion soli,22475,Fluxicon Disco,Variant 17,17,2016-04-04T16:46:39.000,2016-04-04T16:46:39.000
End,106651,End,End,End,Fluxicon Disco,Variant 17,17,2016-04-04T16:46:39.000,2016-04-04T16:46:39.000
Start,106701,Start,Start,Start,Fluxicon Disco,Variant 4,4,2016-04-03T22:56:04.000,2016-04-03T22:56:04.000
Traer informacion estudiante - banner,106701,8651,Traer informacion estudiante - banner,8651,Fluxicon Disco,Variant 4,4,2016-04-03T22:56:04.000,2016-04-03T22:56:04.000
Radicar Solicitud Homologacion,106701,8651,Radicar Solicitud Homologacion,8651,Fluxicon Disco,Variant 4,4,2016-04-03T22:56:10.000,2016-04-03T22:56:10.000
Validar solicitud,106701,19019,Validar solicitud,19019,Fluxicon Disco,Variant 4,4,2016-04-03T23:32:22.000,2016-04-03T23:08:08.000
Homologacion por grupo de cursos,106701,19019,Homologacion por grupo de cursos,19019,Fluxicon Disco,Variant 4,4,2016-04-07T16:13:13.000,2016-04-07T15:14:50.000
Revisar curso,106701,26757,Revisar curso,26757,Fluxicon Disco,Variant 4,4,2016-04-07T16:06:36.000,2016-04-07T15:14:50.000
Evaluacion curso,106701,26757,Evaluacion curso,26757,Fluxicon Disco,Variant 4,4,2016-04-15T21:08:13.000,2016-04-15T21:00:52.000
Validar solicitud / pre-homologacion,106701,19019,Validar solicitud / pre-homologacion,19019,Fluxicon Disco,Variant 4,4,2016-04-18T18:21:52.000,2016-04-18T18:21:52.000
End,106701,End,End,End,Fluxicon Disco,Variant 4,4,2016-04-18T18:21:52.000,2016-04-18T18:21:52.000
Start,106702,Start,Start,Start,Fluxicon Disco,Variant 13,13,2016-04-03T23:10:27.000,2016-04-03T23:10:27.000
Traer informacion estudiante - banner,106702,8651,Traer informacion estudiante - banner,8651,Fluxicon Disco,Variant 13,13,2016-04-03T23:10:27.000,2016-04-03T23:10:27.000
Radicar Solicitud Homologacion,106702,8651,Radicar Solicitud Homologacion,8651,Fluxicon Disco,Variant 13,13,2016-04-03T23:10:28.000,2016-04-03T23:10:28.000
Validar solicitud,106702,19019,Validar solicitud,19019,Fluxicon Disco,Variant 13,13,2016-04-03T23:29:31.000,2016-04-03T23:25:31.000
Homologacion por grupo de cursos,106702,8651,Homologacion por grupo de cursos,8651,Fluxicon Disco,Variant 13,13,2016-04-04T21:49:02.000,2016-04-04T20:29:02.000
Revisar curso,106702,19019,Revisar curso,19019,Fluxicon Disco,Variant 13,13,2016-04-04T20:29:03.000,2016-04-04T20:29:03.000
Cancelar curso,106702,8651,Cancelar curso,8651,Fluxicon Disco,Variant 13,13,2016-04-04T21:49:04.000,2016-04-04T20:29:04.000
End,106702,End,End,End,Fluxicon Disco,Variant 13,13,2016-04-04T21:49:04.000,2016-04-04T21:49:04.000
Start,106801,Start,Start,Start,Fluxicon Disco,Variant 76,76,2016-04-04T05:13:33.000,2016-04-04T05:13:33.000
Traer informacion estudiante - banner,106801,7820,Traer informacion estudiante - banner,7820,Fluxicon Disco,Variant 76,76,2016-04-04T05:13:33.000,2016-04-04T05:13:33.000
Radicar Solicitud Homologacion,106801,7820,Radicar Solicitud Homologacion,7820,Fluxicon Disco,Variant 76,76,2016-04-04T05:16:15.000,2016-04-04T05:13:38.000
Validar solicitud,106801,19019,Validar solicitud,19019,Fluxicon Disco,Variant 76,76,2016-04-04T17:47:09.000,2016-04-04T17:37:47.000
Homologacion por grupo de cursos,106801,19019,Homologacion por grupo de cursos,19019,Fluxicon Disco,Variant 76,76,2016-04-05T22:03:37.000,2016-04-05T20:53:11.000
Revisar curso,106801,26757,Revisar curso,26757,Fluxicon Disco,Variant 76,76,2016-04-05T21:58:22.000,2016-04-05T20:53:11.000
Validar solicitud / pre-homologacion,106801,19019,Validar solicitud / pre-homologacion,19019,Fluxicon Disco,Variant 76,76,2016-04-15T22:05:39.000,2016-04-15T22:00:13.000
Evaluacion curso,106801,26757,Evaluacion curso,26757,Fluxicon Disco,Variant 76,76,2016-04-15T22:11:54.000,2016-04-15T22:11:54.000
End,106801,End,End,End,Fluxicon Disco,Variant 76,76,2016-04-15T22:11:54.000,2016-04-15T22:11:54.000
Start,106802,Start,Start,Start,Fluxicon Disco,Variant 4,4,2016-04-04T05:14:30.000,2016-04-04T05:14:30.000
Traer informacion estudiante - banner,106802,7820,Traer informacion estudiante - banner,7820,Fluxicon Disco,Variant 4,4,2016-04-04T05:14:30.000,2016-04-04T05:14:30.000
Radicar Solicitud Homologacion,106802,7820,Radicar Solicitud Homologacion,7820,Fluxicon Disco,Variant 4,4,2016-04-04T05:17:12.000,2016-04-04T05:14:31.000
Validar solicitud,106802,19019,Validar solicitud,19019,Fluxicon Disco,Variant 4,4,2016-04-04T17:51:06.000,2016-04-04T17:41:48.000
Homologacion por grupo de cursos,106802,19019,Homologacion por grupo de cursos,19019,Fluxicon Disco,Variant 4,4,2016-04-05T22:04:44.000,2016-04-05T20:54:07.000
Revisar curso,106802,26757,Revisar curso,26757,Fluxicon Disco,Variant 4,4,2016-04-05T21:59:25.000,2016-04-05T20:54:07.000
Evaluacion curso,106802,26757,Evaluacion curso,26757,Fluxicon Disco,Variant 4,4,2016-04-15T22:24:34.000,2016-04-15T22:18:32.000
Validar solicitud / pre-homologacion,106802,19019,Validar solicitud / pre-homologacion,19019,Fluxicon Disco,Variant 4,4,2016-04-18T18:20:42.000,2016-04-18T18:20:42.000
End,106802,End,End,End,Fluxicon Disco,Variant 4,4,2016-04-18T18:20:42.000,2016-04-18T18:20:42.000
Start,106851,Start,Start,Start,Fluxicon Disco,Variant 30,30,2016-04-04T05:09:09.000,2016-04-04T05:09:09.000
Traer informacion estudiante - banner,106851,22829,Traer informacion estudiante - banner,22829,Fluxicon Disco,Variant 30,30,2016-04-04T05:09:09.000,2016-04-04T05:09:09.000
Radicar Solicitud Homologacion,106851,22829,Radicar Solicitud Homologacion,22829,Fluxicon Disco,Variant 30,30,2016-04-04T05:11:56.000,2016-04-04T05:09:13.000
Validar solicitud,106851,22475,Validar solicitud,22475,Fluxicon Disco,Variant 30,30,2016-04-04T17:44:24.000,2016-04-04T17:43:24.000
Homologacion por grupo de cursos,106851,1343,Homologacion por grupo de cursos,1343,Fluxicon Disco,Variant 30,30,2016-04-04T23:07:39.000,2016-04-04T18:44:16.000
Revisar curso,106851,22534,Revisar curso,22534,Fluxicon Disco,Variant 30,30,2016-04-04T21:08:32.000,2016-04-04T18:44:17.000
Evaluacion curso,106851,22534,Evaluacion curso,22534,Fluxicon Disco,Variant 30,30,2016-04-28T21:01:09.000,2016-04-28T20:42:52.000
Visto Bueno Cierre Proceso,106851,1343,Visto Bueno Cierre Proceso,1343,Fluxicon Disco,Variant 30,30,2016-05-02T23:01:34.000,2016-05-02T21:18:46.000
Validacion final,106851,22475,Validacion final,22475,Fluxicon Disco,Variant 30,30,2016-05-02T23:17:14.000,2016-05-02T23:17:14.000
Transferir Creditos,106851,1343,Transferir Creditos,1343,Fluxicon Disco,Variant 30,30,2016-05-20T18:07:28.000,2016-05-20T18:07:28.000
Transferir creditos homologables,106851,1343,Transferir creditos homologables,1343,Fluxicon Disco,Variant 30,30,2016-05-20T18:07:28.000,2016-05-20T18:07:28.000
End,106851,End,End,End,Fluxicon Disco,Variant 30,30,2016-05-20T18:07:28.000,2016-05-20T18:07:28.000
Start,106953,Start,Start,Start,Fluxicon Disco,Variant 13,13,2016-04-04T15:04:01.000,2016-04-04T15:04:01.000
Traer informacion estudiante - banner,106953,7573,Traer informacion estudiante - banner,7573,Fluxicon Disco,Variant 13,13,2016-04-04T15:04:01.000,2016-04-04T15:04:01.000
Radicar Solicitud Homologacion,106953,7573,Radicar Solicitud Homologacion,7573,Fluxicon Disco,Variant 13,13,2016-04-04T15:04:06.000,2016-04-04T15:04:02.000
Validar solicitud,106953,241,Validar solicitud,241,Fluxicon Disco,Variant 13,13,2016-04-04T15:44:01.000,2016-04-04T15:08:06.000
Homologacion por grupo de cursos,106953,7573,Homologacion por grupo de cursos,7573,Fluxicon Disco,Variant 13,13,2016-04-08T23:16:15.000,2016-04-08T21:03:55.000
Revisar curso,106953,241,Revisar curso,241,Fluxicon Disco,Variant 13,13,2016-04-08T22:10:39.000,2016-04-08T21:03:55.000
Cancelar curso,106953,7573,Cancelar curso,7573,Fluxicon Disco,Variant 13,13,2016-04-08T23:16:15.000,2016-04-08T21:03:55.000
End,106953,End,End,End,Fluxicon Disco,Variant 13,13,2016-04-08T23:16:15.000,2016-04-08T23:16:15.000
Start,106954,Start,Start,Start,Fluxicon Disco,Variant 1,1,2016-04-04T15:09:13.000,2016-04-04T15:09:13.000
Traer informacion estudiante - banner,106954,7573,Traer informacion estudiante - banner,7573,Fluxicon Disco,Variant 1,1,2016-04-04T15:09:13.000,2016-04-04T15:09:13.000
Radicar Solicitud Homologacion,106954,7573,Radicar Solicitud Homologacion,7573,Fluxicon Disco,Variant 1,1,2016-04-04T15:09:18.000,2016-04-04T15:09:14.000
Cancelar Solicitud,106954,241,Cancelar Solicitud,241,Fluxicon Disco,Variant 1,1,2016-04-04T15:33:49.000,2016-04-04T15:13:14.000
Notificacion estudiante cancelacion soli,106954,241,Notificacion estudiante cancelacion soli,241,Fluxicon Disco,Variant 1,1,2016-04-06T21:48:54.000,2016-04-06T21:48:54.000
End,106954,End,End,End,Fluxicon Disco,Variant 1,1,2016-04-06T21:48:54.000,2016-04-06T21:48:54.000
Start,107003,Start,Start,Start,Fluxicon Disco,Variant 8,8,2016-04-04T17:43:48.000,2016-04-04T17:43:48.000
Traer informacion estudiante - banner,107003,22829,Traer informacion estudiante - banner,22829,Fluxicon Disco,Variant 8,8,2016-04-04T17:43:48.000,2016-04-04T17:43:48.000
Radicar Solicitud Homologacion,107003,22829,Radicar Solicitud Homologacion,22829,Fluxicon Disco,Variant 8,8,2016-04-04T17:43:55.000,2016-04-04T17:43:50.000
Cancelar Solicitud,107003,22829,Cancelar Solicitud,22829,Fluxicon Disco,Variant 8,8,2016-04-04T18:56:46.000,2016-04-04T17:49:28.000
Validar solicitud,107003,22475,Validar solicitud,22475,Fluxicon Disco,Variant 8,8,2016-04-04T17:50:18.000,2016-04-04T17:49:28.000
Revisar curso,107003,49,Revisar curso,49,Fluxicon Disco,Variant 8,8,2016-04-04T18:55:13.000,2016-04-04T18:39:51.000
Notificacion estudiante cancelacion soli,107003,22829,Notificacion estudiante cancelacion soli,22829,Fluxicon Disco,Variant 8,8,2016-04-14T23:07:51.000,2016-04-14T23:07:51.000
End,107003,End,End,End,Fluxicon Disco,Variant 8,8,2016-04-14T23:07:51.000,2016-04-14T23:07:51.000
Start,107004,Start,Start,Start,Fluxicon Disco,Variant 1,1,2016-04-04T17:50:08.000,2016-04-04T17:50:08.000
Traer informacion estudiante - banner,107004,22829,Traer informacion estudiante - banner,22829,Fluxicon Disco,Variant 1,1,2016-04-04T17:50:08.000,2016-04-04T17:50:08.000
Radicar Solicitud Homologacion,107004,22829,Radicar Solicitud Homologacion,22829,Fluxicon Disco,Variant 1,1,2016-04-04T17:50:21.000,2016-04-04T17:50:11.000
Cancelar Solicitud,107004,22475,Cancelar Solicitud,22475,Fluxicon Disco,Variant 1,1,2016-04-04T18:01:05.000,2016-04-04T18:00:28.000
Notificacion estudiante cancelacion soli,107004,22475,Notificacion estudiante cancelacion soli,22475,Fluxicon Disco,Variant 1,1,2016-04-04T18:38:08.000,2016-04-04T18:38:08.000
End,107004,End,End,End,Fluxicon Disco,Variant 1,1,2016-04-04T18:38:08.000,2016-04-04T18:38:08.000
Start,107006,Start,Start,Start,Fluxicon Disco,Variant 77,77,2016-04-04T18:05:02.000,2016-04-04T18:05:02.000
Traer informacion estudiante - banner,107006,22829,Traer informacion estudiante - banner,22829,Fluxicon Disco,Variant 77,77,2016-04-04T18:05:02.000,2016-04-04T18:05:02.000
Radicar Solicitud Homologacion,107006,22829,Radicar Solicitud Homologacion,22829,Fluxicon Disco,Variant 77,77,2016-04-04T18:05:54.000,2016-04-04T18:05:03.000
Homologacion por grupo de cursos,107006,1343,Homologacion por grupo de cursos,1343,Fluxicon Disco,Variant 77,77,2016-04-04T22:57:40.000,2016-04-04T18:34:08.000
Revisar curso,107006,669,Revisar curso,669,Fluxicon Disco,Variant 77,77,2016-04-04T18:36:43.000,2016-04-04T18:34:09.000
Revisar curso,107006,26757,Revisar curso,26757,Fluxicon Disco,Variant 77,77,2016-04-04T19:46:34.000,2016-04-04T18:34:10.000
Validar solicitud,107006,22475,Validar solicitud,22475,Fluxicon Disco,Variant 77,77,2016-04-04T18:56:06.000,2016-04-04T18:56:06.000
Evaluacion curso,107006,669,Evaluacion curso,669,Fluxicon Disco,Variant 77,77,2016-04-04T23:07:31.000,2016-04-04T23:07:30.000
Validacion final,107006,22475,Validacion final,22475,Fluxicon Disco,Variant 77,77,2016-04-04T23:08:56.000,2016-04-04T23:08:50.000
Visto Bueno Cierre Proceso,107006,1343,Visto Bueno Cierre Proceso,1343,Fluxicon Disco,Variant 77,77,2016-04-05T00:24:53.000,2016-04-04T23:15:39.000
Transferir Creditos,107006,1343,Transferir Creditos,1343,Fluxicon Disco,Variant 77,77,2016-04-15T18:29:44.000,2016-04-15T18:29:44.000
Transferir creditos homologables,107006,1343,Transferir creditos homologables,1343,Fluxicon Disco,Variant 77,77,2016-04-15T18:29:44.000,2016-04-15T18:29:44.000
Evaluacion curso,107006,26757,Evaluacion curso,26757,Fluxicon Disco,Variant 77,77,2016-04-15T20:43:20.000,2016-04-15T20:42:50.000
Validacion final,107006,22475,Validacion final,22475,Fluxicon Disco,Variant 77,77,2016-04-15T21:33:51.000,2016-04-15T21:30:22.000
Visto Bueno Cierre Proceso,107006,1343,Visto Bueno Cierre Proceso,1343,Fluxicon Disco,Variant 77,77,2016-04-18T17:51:11.000,2016-04-18T14:44:05.000
Transferir Creditos,107006,1343,Transferir Creditos,1343,Fluxicon Disco,Variant 77,77,2016-05-20T18:07:06.000,2016-05-20T18:07:06.000
End,107006,End,End,End,Fluxicon Disco,Variant 77,77,2016-05-20T18:07:06.000,2016-05-20T18:07:06.000
Start,107007,Start,Start,Start,Fluxicon Disco,Variant 11,11,2016-04-04T18:57:20.000,2016-04-04T18:57:20.000
Traer informacion estudiante - banner,107007,8744,Traer informacion estudiante - banner,8744,Fluxicon Disco,Variant 11,11,2016-04-04T18:57:20.000,2016-04-04T18:57:20.000
Radicar Solicitud Homologacion,107007,8744,Radicar Solicitud Homologacion,8744,Fluxicon Disco,Variant 11,11,2016-04-04T18:57:26.000,2016-04-04T18:57:24.000
Validar solicitud,107007,677,Validar solicitud,677,Fluxicon Disco,Variant 11,11,2016-04-04T19:51:33.000,2016-04-04T19:34:14.000
Homologacion por grupo de cursos,107007,3445,Homologacion por grupo de cursos,3445,Fluxicon Disco,Variant 11,11,2016-04-06T23:20:52.000,2016-04-06T22:19:21.000
Revisar curso,107007,26757,Revisar curso,26757,Fluxicon Disco,Variant 11,11,2016-04-06T23:14:01.000,2016-04-06T22:19:21.000
Evaluacion curso,107007,26757,Evaluacion curso,26757,Fluxicon Disco,Variant 11,11,2016-04-15T20:55:56.000,2016-04-15T20:55:27.000
Validacion final,107007,677,Validacion final,677,Fluxicon Disco,Variant 11,11,2016-04-15T21:33:40.000,2016-04-15T21:29:22.000
Visto Bueno Cierre Proceso,107007,3445,Visto Bueno Cierre Proceso,3445,Fluxicon Disco,Variant 11,11,2016-04-18T15:49:38.000,2016-04-18T15:47:36.000
Transferir Creditos,107007,3445,Transferir Creditos,3445,Fluxicon Disco,Variant 11,11,2016-04-18T17:50:27.000,2016-04-18T17:50:27.000
Transferir creditos homologables,107007,3445,Transferir creditos homologables,3445,Fluxicon Disco,Variant 11,11,2016-04-18T17:50:27.000,2016-04-18T17:50:27.000
End,107007,End,End,End,Fluxicon Disco,Variant 11,11,2016-04-18T17:50:27.000,2016-04-18T17:50:27.000
Start,107051,Start,Start,Start,Fluxicon Disco,Variant 5,5,2016-04-04T15:53:29.000,2016-04-04T15:53:29.000
Traer informacion estudiante - banner,107051,11509,Traer informacion estudiante - banner,11509,Fluxicon Disco,Variant 5,5,2016-04-04T15:53:29.000,2016-04-04T15:53:29.000
Radicar Solicitud Homologacion,107051,11509,Radicar Solicitud Homologacion,11509,Fluxicon Disco,Variant 5,5,2016-04-04T15:53:36.000,2016-04-04T15:53:32.000
Notificacion estudiante cancelacion soli,107051,1,Notificacion estudiante cancelacion soli,1,Fluxicon Disco,Variant 5,5,2016-04-13T00:22:12.000,2016-04-13T00:22:12.000
End,107051,End,End,End,Fluxicon Disco,Variant 5,5,2016-04-13T00:22:12.000,2016-04-13T00:22:12.000
Start,107101,Start,Start,Start,Fluxicon Disco,Variant 4,4,2016-04-04T18:04:37.000,2016-04-04T18:04:37.000
Traer informacion estudiante - banner,107101,7820,Traer informacion estudiante - banner,7820,Fluxicon Disco,Variant 4,4,2016-04-04T18:04:37.000,2016-04-04T18:04:37.000
Radicar Solicitud Homologacion,107101,7820,Radicar Solicitud Homologacion,7820,Fluxicon Disco,Variant 4,4,2016-04-04T18:04:47.000,2016-04-04T18:04:44.000
Validar solicitud,107101,19019,Validar solicitud,19019,Fluxicon Disco,Variant 4,4,2016-04-04T18:29:33.000,2016-04-04T18:08:26.000
Homologacion por grupo de cursos,107101,19019,Homologacion por grupo de cursos,19019,Fluxicon Disco,Variant 4,4,2016-04-07T16:14:14.000,2016-04-07T15:15:52.000
Revisar curso,107101,26757,Revisar curso,26757,Fluxicon Disco,Variant 4,4,2016-04-07T16:07:38.000,2016-04-07T15:15:52.000
Evaluacion curso,107101,26757,Evaluacion curso,26757,Fluxicon Disco,Variant 4,4,2016-04-15T21:09:20.000,2016-04-15T21:02:01.000
Validar solicitud / pre-homologacion,107101,19019,Validar solicitud / pre-homologacion,19019,Fluxicon Disco,Variant 4,4,2016-04-18T18:21:33.000,2016-04-18T18:21:33.000
End,107101,End,End,End,Fluxicon Disco,Variant 4,4,2016-04-18T18:21:33.000,2016-04-18T18:21:33.000
Start,107102,Start,Start,Start,Fluxicon Disco,Variant 4,4,2016-04-04T18:09:06.000,2016-04-04T18:09:06.000
Traer informacion estudiante - banner,107102,7820,Traer informacion estudiante - banner,7820,Fluxicon Disco,Variant 4,4,2016-04-04T18:09:06.000,2016-04-04T18:09:06.000
Radicar Solicitud Homologacion,107102,7820,Radicar Solicitud Homologacion,7820,Fluxicon Disco,Variant 4,4,2016-04-04T18:09:12.000,2016-04-04T18:09:07.000
Validar solicitud,107102,19019,Validar solicitud,19019,Fluxicon Disco,Variant 4,4,2016-04-04T18:35:34.000,2016-04-04T18:14:31.000
Homologacion por grupo de cursos,107102,19019,Homologacion por grupo de cursos,19019,Fluxicon Disco,Variant 4,4,2016-04-07T16:16:12.000,2016-04-07T15:17:52.000
Revisar curso,107102,26757,Revisar curso,26757,Fluxicon Disco,Variant 4,4,2016-04-07T16:09:37.000,2016-04-07T15:17:52.000
Evaluacion curso,107102,26757,Evaluacion curso,26757,Fluxicon Disco,Variant 4,4,2016-04-15T21:10:25.000,2016-04-15T21:03:07.000
Validar solicitud / pre-homologacion,107102,19019,Validar solicitud / pre-homologacion,19019,Fluxicon Disco,Variant 4,4,2016-04-18T18:21:18.000,2016-04-18T18:21:18.000
End,107102,End,End,End,Fluxicon Disco,Variant 4,4,2016-04-18T18:21:18.000,2016-04-18T18:21:18.000
Start,107103,Start,Start,Start,Fluxicon Disco,Variant 4,4,2016-04-04T18:14:48.000,2016-04-04T18:14:48.000
Traer informacion estudiante - banner,107103,7820,Traer informacion estudiante - banner,7820,Fluxicon Disco,Variant 4,4,2016-04-04T18:14:48.000,2016-04-04T18:14:48.000
Radicar Solicitud Homologacion,107103,7820,Radicar Solicitud Homologacion,7820,Fluxicon Disco,Variant 4,4,2016-04-04T18:14:53.000,2016-04-04T18:14:51.000
Validar solicitud,107103,19019,Validar solicitud,19019,Fluxicon Disco,Variant 4,4,2016-04-04T18:38:03.000,2016-04-04T18:17:02.000
Homologacion por grupo de cursos,107103,19019,Homologacion por grupo de cursos,19019,Fluxicon Disco,Variant 4,4,2016-04-07T16:17:20.000,2016-04-07T15:19:02.000
Revisar curso,107103,26757,Revisar curso,26757,Fluxicon Disco,Variant 4,4,2016-04-07T16:10:47.000,2016-04-07T15:19:02.000
Evaluacion curso,107103,26757,Evaluacion curso,26757,Fluxicon Disco,Variant 4,4,2016-04-15T21:11:27.000,2016-04-15T21:04:11.000
Validar solicitud / pre-homologacion,107103,19019,Validar solicitud / pre-homologacion,19019,Fluxicon Disco,Variant 4,4,2016-04-18T18:21:00.000,2016-04-18T18:21:00.000
End,107103,End,End,End,Fluxicon Disco,Variant 4,4,2016-04-18T18:21:00.000,2016-04-18T18:21:00.000
Start,107104,Start,Start,Start,Fluxicon Disco,Variant 4,4,2016-04-04T18:17:13.000,2016-04-04T18:17:13.000
Traer informacion estudiante - banner,107104,7820,Traer informacion estudiante - banner,7820,Fluxicon Disco,Variant 4,4,2016-04-04T18:17:13.000,2016-04-04T18:17:13.000
Radicar Solicitud Homologacion,107104,7820,Radicar Solicitud Homologacion,7820,Fluxicon Disco,Variant 4,4,2016-04-04T18:17:16.000,2016-04-04T18:17:14.000
Validar solicitud,107104,19019,Validar solicitud,19019,Fluxicon Disco,Variant 4,4,2016-04-04T18:40:48.000,2016-04-04T18:19:47.000
Homologacion por grupo de cursos,107104,19019,Homologacion por grupo de cursos,19019,Fluxicon Disco,Variant 4,4,2016-04-07T16:19:35.000,2016-04-07T15:21:33.000
Revisar curso,107104,26757,Revisar curso,26757,Fluxicon Disco,Variant 4,4,2016-04-07T16:13:16.000,2016-04-07T15:21:33.000
Evaluacion curso,107104,26757,Evaluacion curso,26757,Fluxicon Disco,Variant 4,4,2016-04-15T21:05:46.000,2016-04-15T21:04:56.000
Validar solicitud / pre-homologacion,107104,19019,Validar solicitud / pre-homologacion,19019,Fluxicon Disco,Variant 4,4,2016-04-15T22:00:28.000,2016-04-15T21:54:59.000
End,107104,End,End,End,Fluxicon Disco,Variant 4,4,2016-04-15T22:00:28.000,2016-04-15T22:00:28.000
Start,107153,Start,Start,Start,Fluxicon Disco,Variant 11,11,2016-04-04T22:00:40.000,2016-04-04T22:00:40.000
Traer informacion estudiante - banner,107153,22829,Traer informacion estudiante - banner,22829,Fluxicon Disco,Variant 11,11,2016-04-04T22:00:40.000,2016-04-04T22:00:40.000
Radicar Solicitud Homologacion,107153,22829,Radicar Solicitud Homologacion,22829,Fluxicon Disco,Variant 11,11,2016-04-04T22:00:46.000,2016-04-04T22:00:41.000
Validar solicitud,107153,22475,Validar solicitud,22475,Fluxicon Disco,Variant 11,11,2016-04-04T22:07:13.000,2016-04-04T22:06:05.000
Homologacion por grupo de cursos,107153,1343,Homologacion por grupo de cursos,1343,Fluxicon Disco,Variant 11,11,2016-04-05T03:35:50.000,2016-04-04T23:14:57.000
Revisar curso,107153,26757,Revisar curso,26757,Fluxicon Disco,Variant 11,11,2016-04-05T00:24:42.000,2016-04-04T23:14:57.000
Evaluacion curso,107153,26757,Evaluacion curso,26757,Fluxicon Disco,Variant 11,11,2016-04-15T20:45:28.000,2016-04-15T20:45:04.000
Validacion final,107153,22475,Validacion final,22475,Fluxicon Disco,Variant 11,11,2016-04-15T21:26:05.000,2016-04-15T21:24:04.000
Visto Bueno Cierre Proceso,107153,1343,Visto Bueno Cierre Proceso,1343,Fluxicon Disco,Variant 11,11,2016-04-16T02:34:44.000,2016-04-15T23:26:02.000
Transferir Creditos,107153,1343,Transferir Creditos,1343,Fluxicon Disco,Variant 11,11,2016-05-20T18:08:06.000,2016-05-20T18:08:06.000
Transferir creditos homologables,107153,1343,Transferir creditos homologables,1343,Fluxicon Disco,Variant 11,11,2016-05-20T18:08:07.000,2016-05-20T18:08:07.000
End,107153,End,End,End,Fluxicon Disco,Variant 11,11,2016-05-20T18:08:07.000,2016-05-20T18:08:07.000
Start,107154,Start,Start,Start,Fluxicon Disco,Variant 12,12,2016-04-04T22:07:53.000,2016-04-04T22:07:53.000
Traer informacion estudiante - banner,107154,22829,Traer informacion estudiante - banner,22829,Fluxicon Disco,Variant 12,12,2016-04-04T22:07:53.000,2016-04-04T22:07:53.000
Radicar Solicitud Homologacion,107154,22829,Radicar Solicitud Homologacion,22829,Fluxicon Disco,Variant 12,12,2016-04-04T22:08:01.000,2016-04-04T22:07:54.000
Validar solicitud,107154,22475,Validar solicitud,22475,Fluxicon Disco,Variant 12,12,2016-04-04T22:16:38.000,2016-04-04T22:15:41.000
Homologacion por grupo de cursos,107154,1343,Homologacion por grupo de cursos,1343,Fluxicon Disco,Variant 12,12,2016-04-05T03:34:20.000,2016-04-04T23:13:26.000
Revisar curso,107154,26757,Revisar curso,26757,Fluxicon Disco,Variant 12,12,2016-04-05T00:23:12.000,2016-04-04T23:13:26.000
Evaluacion curso,107154,26757,Evaluacion curso,26757,Fluxicon Disco,Variant 12,12,2016-04-15T20:44:46.000,2016-04-15T20:44:16.000
Validacion final,107154,22475,Validacion final,22475,Fluxicon Disco,Variant 12,12,2016-04-15T21:34:19.000,2016-04-15T21:30:50.000
Visto Bueno Cierre Proceso,107154,1343,Visto Bueno Cierre Proceso,1343,Fluxicon Disco,Variant 12,12,2016-04-18T17:50:28.000,2016-04-18T14:43:21.000
Transferir Creditos,107154,1343,Transferir Creditos,1343,Fluxicon Disco,Variant 12,12,2016-05-20T18:07:51.000,2016-05-20T18:07:51.000
End,107154,End,End,End,Fluxicon Disco,Variant 12,12,2016-05-20T18:07:51.000,2016-05-20T18:07:51.000
Start,107155,Start,Start,Start,Fluxicon Disco,Variant 78,78,2016-04-04T21:25:16.000,2016-04-04T21:25:16.000
Evaluacion curso,107155,2292,Evaluacion curso,2292,Fluxicon Disco,Variant 78,78,2016-04-04T21:36:50.000,2016-04-04T21:25:16.000
Traer informacion estudiante - banner,107155,22829,Traer informacion estudiante - banner,22829,Fluxicon Disco,Variant 78,78,2016-04-04T22:32:48.000,2016-04-04T22:32:48.000
Radicar Solicitud Homologacion,107155,22829,Radicar Solicitud Homologacion,22829,Fluxicon Disco,Variant 78,78,2016-04-04T22:32:58.000,2016-04-04T22:32:50.000
Validar solicitud,107155,22475,Validar solicitud,22475,Fluxicon Disco,Variant 78,78,2016-04-04T22:42:04.000,2016-04-04T22:41:35.000
Homologacion por grupo de cursos,107155,1343,Homologacion por grupo de cursos,1343,Fluxicon Disco,Variant 78,78,2016-04-05T00:20:51.000,2016-04-04T23:11:33.000
Revisar curso,107155,2292,Revisar curso,2292,Fluxicon Disco,Variant 78,78,2016-04-04T23:11:33.000,2016-04-04T23:11:33.000
Validacion final,107155,22475,Validacion final,22475,Fluxicon Disco,Variant 78,78,2016-04-06T03:24:44.000,2016-04-06T03:20:44.000
Visto Bueno Cierre Proceso,107155,1343,Visto Bueno Cierre Proceso,1343,Fluxicon Disco,Variant 78,78,2016-04-06T20:58:54.000,2016-04-06T20:03:24.000
Transferir Creditos,107155,1343,Transferir Creditos,1343,Fluxicon Disco,Variant 78,78,2016-04-15T18:30:25.000,2016-04-15T18:30:25.000
End,107155,End,End,End,Fluxicon Disco,Variant 78,78,2016-04-15T18:30:25.000,2016-04-15T18:30:25.000
Start,107201,Start,Start,Start,Fluxicon Disco,Variant 3,3,2016-04-04T19:42:10.000,2016-04-04T19:42:10.000
Traer informacion estudiante - banner,107201,17769,Traer informacion estudiante - banner,17769,Fluxicon Disco,Variant 3,3,2016-04-04T19:42:10.000,2016-04-04T19:42:10.000
Radicar Solicitud Homologacion,107201,17769,Radicar Solicitud Homologacion,17769,Fluxicon Disco,Variant 3,3,2016-04-04T19:46:17.000,2016-04-04T19:42:17.000
Validar solicitud,107201,7080,Validar solicitud,7080,Fluxicon Disco,Variant 3,3,2016-04-05T05:02:54.000,2016-04-05T04:58:54.000
Homologacion por grupo de cursos,107201,6889,Homologacion por grupo de cursos,6889,Fluxicon Disco,Variant 3,3,2016-04-05T23:28:43.000,2016-04-05T19:47:02.000
Revisar curso,107201,943,Revisar curso,943,Fluxicon Disco,Variant 3,3,2016-04-05T20:13:06.000,2016-04-05T19:47:03.000
Evaluacion curso,107201,943,Evaluacion curso,943,Fluxicon Disco,Variant 3,3,2016-04-09T00:02:13.000,2016-04-08T23:03:33.000
Validacion final,107201,7080,Validacion final,7080,Fluxicon Disco,Variant 3,3,2016-04-20T16:13:31.000,2016-04-20T15:43:38.000
Visto Bueno Cierre Proceso,107201,6889,Visto Bueno Cierre Proceso,6889,Fluxicon Disco,Variant 3,3,2016-04-26T01:24:25.000,2016-04-25T23:37:22.000
End,107201,End,End,End,Fluxicon Disco,Variant 3,3,2016-04-26T01:24:25.000,2016-04-26T01:24:25.000
Start,107251,Start,Start,Start,Fluxicon Disco,Variant 1,1,2016-04-04T22:01:45.000,2016-04-04T22:01:45.000
Traer informacion estudiante - banner,107251,3747,Traer informacion estudiante - banner,3747,Fluxicon Disco,Variant 1,1,2016-04-04T22:01:45.000,2016-04-04T22:01:45.000
Radicar Solicitud Homologacion,107251,3747,Radicar Solicitud Homologacion,3747,Fluxicon Disco,Variant 1,1,2016-04-04T22:01:57.000,2016-04-04T22:01:48.000
Cancelar Solicitud,107251,677,Cancelar Solicitud,677,Fluxicon Disco,Variant 1,1,2016-04-04T22:27:47.000,2016-04-04T22:11:38.000
Notificacion estudiante cancelacion soli,107251,677,Notificacion estudiante cancelacion soli,677,Fluxicon Disco,Variant 1,1,2016-04-06T22:21:11.000,2016-04-06T22:21:11.000
End,107251,End,End,End,Fluxicon Disco,Variant 1,1,2016-04-06T22:21:11.000,2016-04-06T22:21:11.000
Start,107252,Start,Start,Start,Fluxicon Disco,Variant 31,31,2016-04-04T22:11:56.000,2016-04-04T22:11:56.000
Traer informacion estudiante - banner,107252,3747,Traer informacion estudiante - banner,3747,Fluxicon Disco,Variant 31,31,2016-04-04T22:11:56.000,2016-04-04T22:11:56.000
Radicar Solicitud Homologacion,107252,3747,Radicar Solicitud Homologacion,3747,Fluxicon Disco,Variant 31,31,2016-04-04T22:12:02.000,2016-04-04T22:11:59.000
Validar solicitud,107252,677,Validar solicitud,677,Fluxicon Disco,Variant 31,31,2016-04-04T22:31:08.000,2016-04-04T22:15:00.000
Recepcion de documentos,107252,22491,Recepcion de documentos,22491,Fluxicon Disco,Variant 31,31,2016-04-06T23:28:15.000,2016-04-06T22:23:23.000
Homologacion por grupo de cursos,107252,3445,Homologacion por grupo de cursos,3445,Fluxicon Disco,Variant 31,31,2016-04-06T23:31:04.000,2016-04-06T22:23:24.000
Revisar curso,107252,677,Revisar curso,677,Fluxicon Disco,Variant 31,31,2016-04-06T22:23:25.000,2016-04-06T22:23:25.000
Evaluacion curso,107252,7304,Evaluacion curso,7304,Fluxicon Disco,Variant 31,31,2016-04-06T22:35:53.000,2016-04-06T22:23:59.000
Validar solicitud / pre-homologacion,107252,677,Validar solicitud / pre-homologacion,677,Fluxicon Disco,Variant 31,31,2016-04-08T16:21:01.000,2016-04-08T16:18:20.000
Avanzar recepcion documentos,107252,22491,Avanzar recepcion documentos,22491,Fluxicon Disco,Variant 31,31,2016-04-08T21:23:40.000,2016-04-08T20:33:24.000
Validacion final,107252,677,Validacion final,677,Fluxicon Disco,Variant 31,31,2016-04-18T23:17:49.000,2016-04-18T23:16:06.000
Visto Bueno Cierre Proceso,107252,3445,Visto Bueno Cierre Proceso,3445,Fluxicon Disco,Variant 31,31,2016-04-19T13:54:46.000,2016-04-19T13:53:43.000
Transferir Creditos,107252,3445,Transferir Creditos,3445,Fluxicon Disco,Variant 31,31,2016-04-19T16:03:44.000,2016-04-19T16:03:44.000
Transferir creditos homologables,107252,3445,Transferir creditos homologables,3445,Fluxicon Disco,Variant 31,31,2016-04-19T16:03:45.000,2016-04-19T16:03:45.000
End,107252,End,End,End,Fluxicon Disco,Variant 31,31,2016-04-19T16:03:45.000,2016-04-19T16:03:45.000
Start,107253,Start,Start,Start,Fluxicon Disco,Variant 19,19,2016-04-04T22:15:07.000,2016-04-04T22:15:07.000
Traer informacion estudiante - banner,107253,3747,Traer informacion estudiante - banner,3747,Fluxicon Disco,Variant 19,19,2016-04-04T22:15:07.000,2016-04-04T22:15:07.000
Radicar Solicitud Homologacion,107253,3747,Radicar Solicitud Homologacion,3747,Fluxicon Disco,Variant 19,19,2016-04-04T22:15:10.000,2016-04-04T22:15:07.000
Validar solicitud,107253,677,Validar solicitud,677,Fluxicon Disco,Variant 19,19,2016-04-04T22:34:32.000,2016-04-04T22:18:24.000
Cancelar Solicitud,107253,677,Cancelar Solicitud,677,Fluxicon Disco,Variant 19,19,2016-04-04T22:34:41.000,2016-04-04T22:18:25.000
Revisar curso,107253,677,Revisar curso,677,Fluxicon Disco,Variant 19,19,2016-04-06T22:27:05.000,2016-04-06T22:27:05.000
Notificacion estudiante cancelacion soli,107253,677,Notificacion estudiante cancelacion soli,677,Fluxicon Disco,Variant 19,19,2016-04-06T22:34:35.000,2016-04-06T22:34:35.000
End,107253,End,End,End,Fluxicon Disco,Variant 19,19,2016-04-06T22:34:35.000,2016-04-06T22:34:35.000
Start,107254,Start,Start,Start,Fluxicon Disco,Variant 1,1,2016-04-04T22:18:29.000,2016-04-04T22:18:29.000
Traer informacion estudiante - banner,107254,3747,Traer informacion estudiante - banner,3747,Fluxicon Disco,Variant 1,1,2016-04-04T22:18:29.000,2016-04-04T22:18:29.000
Radicar Solicitud Homologacion,107254,3747,Radicar Solicitud Homologacion,3747,Fluxicon Disco,Variant 1,1,2016-04-04T22:18:34.000,2016-04-04T22:18:31.000
Cancelar Solicitud,107254,677,Cancelar Solicitud,677,Fluxicon Disco,Variant 1,1,2016-04-04T22:38:22.000,2016-04-04T22:22:09.000
Notificacion estudiante cancelacion soli,107254,677,Notificacion estudiante cancelacion soli,677,Fluxicon Disco,Variant 1,1,2016-04-06T22:35:58.000,2016-04-06T22:35:58.000
End,107254,End,End,End,Fluxicon Disco,Variant 1,1,2016-04-06T22:35:58.000,2016-04-06T22:35:58.000
Start,107255,Start,Start,Start,Fluxicon Disco,Variant 34,34,2016-04-04T22:22:12.000,2016-04-04T22:22:12.000
Traer informacion estudiante - banner,107255,3747,Traer informacion estudiante - banner,3747,Fluxicon Disco,Variant 34,34,2016-04-04T22:22:12.000,2016-04-04T22:22:12.000
Radicar Solicitud Homologacion,107255,3747,Radicar Solicitud Homologacion,3747,Fluxicon Disco,Variant 34,34,2016-04-04T22:22:18.000,2016-04-04T22:22:15.000
Validar solicitud,107255,677,Validar solicitud,677,Fluxicon Disco,Variant 34,34,2016-04-04T22:41:29.000,2016-04-04T22:25:16.000
Homologacion por grupo de cursos,107255,3445,Homologacion por grupo de cursos,3445,Fluxicon Disco,Variant 34,34,2016-04-06T23:45:43.000,2016-04-06T22:38:18.000
Recepcion de documentos,107255,22491,Recepcion de documentos,22491,Fluxicon Disco,Variant 34,34,2016-04-06T23:42:58.000,2016-04-06T22:38:18.000
Revisar curso,107255,677,Revisar curso,677,Fluxicon Disco,Variant 34,34,2016-04-06T22:38:19.000,2016-04-06T22:38:18.000
Evaluacion curso,107255,7304,Evaluacion curso,7304,Fluxicon Disco,Variant 34,34,2016-04-06T22:51:00.000,2016-04-06T22:39:21.000
Validar solicitud / pre-homologacion,107255,677,Validar solicitud / pre-homologacion,677,Fluxicon Disco,Variant 34,34,2016-04-08T16:21:55.000,2016-04-08T16:19:15.000
Avanzar recepcion documentos,107255,22491,Avanzar recepcion documentos,22491,Fluxicon Disco,Variant 34,34,2016-04-08T21:24:03.000,2016-04-08T20:33:44.000
Validacion final,107255,677,Validacion final,677,Fluxicon Disco,Variant 34,34,2016-04-18T23:20:44.000,2016-04-18T23:19:04.000
Visto Bueno Cierre Proceso,107255,3445,Visto Bueno Cierre Proceso,3445,Fluxicon Disco,Variant 34,34,2016-04-19T13:56:32.000,2016-04-19T13:55:28.000
Transferir Creditos,107255,3445,Transferir Creditos,3445,Fluxicon Disco,Variant 34,34,2016-04-19T16:04:05.000,2016-04-19T16:04:05.000
Transferir creditos homologables,107255,3445,Transferir creditos homologables,3445,Fluxicon Disco,Variant 34,34,2016-04-19T16:04:05.000,2016-04-19T16:04:05.000
End,107255,End,End,End,Fluxicon Disco,Variant 34,34,2016-04-19T16:04:05.000,2016-04-19T16:04:05.000
Start,107451,Start,Start,Start,Fluxicon Disco,Variant 4,4,2016-04-05T01:42:42.000,2016-04-05T01:42:42.000
Traer informacion estudiante - banner,107451,8774,Traer informacion estudiante - banner,8774,Fluxicon Disco,Variant 4,4,2016-04-05T01:42:42.000,2016-04-05T01:42:42.000
Radicar Solicitud Homologacion,107451,8774,Radicar Solicitud Homologacion,8774,Fluxicon Disco,Variant 4,4,2016-04-05T01:42:46.000,2016-04-05T01:42:46.000
Validar solicitud,107451,677,Validar solicitud,677,Fluxicon Disco,Variant 4,4,2016-04-05T02:30:43.000,2016-04-05T02:17:03.000
Homologacion por grupo de cursos,107451,677,Homologacion por grupo de cursos,677,Fluxicon Disco,Variant 4,4,2016-04-06T23:39:26.000,2016-04-06T22:40:20.000
Revisar curso,107451,26757,Revisar curso,26757,Fluxicon Disco,Variant 4,4,2016-04-06T23:34:40.000,2016-04-06T22:40:21.000
Evaluacion curso,107451,26757,Evaluacion curso,26757,Fluxicon Disco,Variant 4,4,2016-04-15T20:57:35.000,2016-04-15T20:57:01.000
Validar solicitud / pre-homologacion,107451,677,Validar solicitud / pre-homologacion,677,Fluxicon Disco,Variant 4,4,2016-04-15T21:38:55.000,2016-04-15T21:34:43.000
End,107451,End,End,End,Fluxicon Disco,Variant 4,4,2016-04-15T21:38:55.000,2016-04-15T21:38:55.000
Start,107601,Start,Start,Start,Fluxicon Disco,Variant 2,2,2016-04-05T17:07:11.000,2016-04-05T17:07:11.000
Traer informacion estudiante - banner,107601,22377,Traer informacion estudiante - banner,22377,Fluxicon Disco,Variant 2,2,2016-04-05T17:07:11.000,2016-04-05T17:07:11.000
Radicar Solicitud Homologacion,107601,22377,Radicar Solicitud Homologacion,22377,Fluxicon Disco,Variant 2,2,2016-04-05T17:45:20.000,2016-04-05T17:07:16.000
Validar solicitud,107601,294,Validar solicitud,294,Fluxicon Disco,Variant 2,2,2016-04-12T16:39:40.000,2016-04-12T15:11:20.000
Homologacion por grupo de cursos,107601,7311,Homologacion por grupo de cursos,7311,Fluxicon Disco,Variant 2,2,2016-04-27T17:16:53.000,2016-04-27T15:31:38.000
End,107601,End,End,End,Fluxicon Disco,Variant 2,2,2016-04-27T17:16:53.000,2016-04-27T17:16:53.000
Start,107653,Start,Start,Start,Fluxicon Disco,Variant 79,79,2016-04-05T23:26:17.000,2016-04-05T23:26:17.000
Homologacion por grupo de cursos,107653,22475,Homologacion por grupo de cursos,22475,Fluxicon Disco,Variant 79,79,2016-04-06T02:19:50.000,2016-04-05T23:26:17.000
Revisar curso,107653,22475,Revisar curso,22475,Fluxicon Disco,Variant 79,79,2016-04-05T23:26:18.000,2016-04-05T23:26:17.000
Evaluacion curso,107653,22438,Evaluacion curso,22438,Fluxicon Disco,Variant 79,79,2016-04-06T02:20:55.000,2016-04-05T23:27:23.000
Traer informacion estudiante - banner,107653,7638,Traer informacion estudiante - banner,7638,Fluxicon Disco,Variant 79,79,2016-04-06T00:14:43.000,2016-04-06T00:14:43.000
Radicar Solicitud Homologacion,107653,7638,Radicar Solicitud Homologacion,7638,Fluxicon Disco,Variant 79,79,2016-04-06T00:15:32.000,2016-04-06T00:14:47.000
Validar solicitud,107653,22475,Validar solicitud,22475,Fluxicon Disco,Variant 79,79,2016-04-06T01:21:33.000,2016-04-06T01:21:33.000
Validar solicitud / pre-homologacion,107653,22475,Validar solicitud / pre-homologacion,22475,Fluxicon Disco,Variant 79,79,2016-05-05T20:33:42.000,2016-05-05T20:33:42.000
End,107653,End,End,End,Fluxicon Disco,Variant 79,79,2016-05-05T20:33:42.000,2016-05-05T20:33:42.000
Start,107654,Start,Start,Start,Fluxicon Disco,Variant 19,19,2016-04-06T01:12:28.000,2016-04-06T01:12:28.000
Traer informacion estudiante - banner,107654,8708,Traer informacion estudiante - banner,8708,Fluxicon Disco,Variant 19,19,2016-04-06T01:12:28.000,2016-04-06T01:12:28.000
Radicar Solicitud Homologacion,107654,8708,Radicar Solicitud Homologacion,8708,Fluxicon Disco,Variant 19,19,2016-04-06T01:12:31.000,2016-04-06T01:12:31.000
Validar solicitud,107654,9184,Validar solicitud,9184,Fluxicon Disco,Variant 19,19,2016-04-06T05:15:44.000,2016-04-06T03:43:44.000
Cancelar Solicitud,107654,8708,Cancelar Solicitud,8708,Fluxicon Disco,Variant 19,19,2016-04-06T05:54:03.000,2016-04-06T03:43:45.000
Revisar curso,107654,9184,Revisar curso,9184,Fluxicon Disco,Variant 19,19,2016-04-21T19:15:00.000,2016-04-21T19:15:00.000
Notificacion estudiante cancelacion soli,107654,8708,Notificacion estudiante cancelacion soli,8708,Fluxicon Disco,Variant 19,19,2016-04-28T17:18:38.000,2016-04-28T17:18:38.000
End,107654,End,End,End,Fluxicon Disco,Variant 19,19,2016-04-28T17:18:38.000,2016-04-28T17:18:38.000
Start,107701,Start,Start,Start,Fluxicon Disco,Variant 21,21,2016-04-06T02:09:50.000,2016-04-06T02:09:50.000
Traer informacion estudiante - banner,107701,6876,Traer informacion estudiante - banner,6876,Fluxicon Disco,Variant 21,21,2016-04-06T02:09:50.000,2016-04-06T02:09:50.000
Radicar Solicitud Homologacion,107701,6876,Radicar Solicitud Homologacion,6876,Fluxicon Disco,Variant 21,21,2016-04-06T02:09:56.000,2016-04-06T02:09:56.000
Validar solicitud,107701,677,Validar solicitud,677,Fluxicon Disco,Variant 21,21,2016-04-06T02:39:08.000,2016-04-06T02:33:26.000
Homologacion por grupo de cursos,107701,3445,Homologacion por grupo de cursos,3445,Fluxicon Disco,Variant 21,21,2016-04-06T22:46:39.000,2016-04-06T22:42:39.000
Validacion final,107701,677,Validacion final,677,Fluxicon Disco,Variant 21,21,2016-04-06T22:46:28.000,2016-04-06T22:42:39.000
Visto Bueno Cierre Proceso,107701,3445,Visto Bueno Cierre Proceso,3445,Fluxicon Disco,Variant 21,21,2016-04-07T16:32:37.000,2016-04-07T16:32:27.000
End,107701,End,End,End,Fluxicon Disco,Variant 21,21,2016-04-07T16:32:37.000,2016-04-07T16:32:37.000
Start,107755,Start,Start,Start,Fluxicon Disco,Variant 1,1,2016-04-06T15:51:50.000,2016-04-06T15:51:50.000
Traer informacion estudiante - banner,107755,7836,Traer informacion estudiante - banner,7836,Fluxicon Disco,Variant 1,1,2016-04-06T15:51:50.000,2016-04-06T15:51:50.000
Radicar Solicitud Homologacion,107755,7836,Radicar Solicitud Homologacion,7836,Fluxicon Disco,Variant 1,1,2016-04-06T15:58:59.000,2016-04-06T15:51:51.000
Cancelar Solicitud,107755,7836,Cancelar Solicitud,7836,Fluxicon Disco,Variant 1,1,2016-04-07T11:48:30.000,2016-04-07T11:48:30.000
Notificacion estudiante cancelacion soli,107755,7836,Notificacion estudiante cancelacion soli,7836,Fluxicon Disco,Variant 1,1,2016-04-07T11:51:06.000,2016-04-07T11:51:06.000
End,107755,End,End,End,Fluxicon Disco,Variant 1,1,2016-04-07T11:51:06.000,2016-04-07T11:51:06.000
Start,107758,Start,Start,Start,Fluxicon Disco,Variant 4,4,2016-04-06T17:21:56.000,2016-04-06T17:21:56.000
Traer informacion estudiante - banner,107758,9420,Traer informacion estudiante - banner,9420,Fluxicon Disco,Variant 4,4,2016-04-06T17:21:56.000,2016-04-06T17:21:56.000
Radicar Solicitud Homologacion,107758,9420,Radicar Solicitud Homologacion,9420,Fluxicon Disco,Variant 4,4,2016-04-06T17:24:04.000,2016-04-06T17:21:59.000
Validar solicitud,107758,677,Validar solicitud,677,Fluxicon Disco,Variant 4,4,2016-04-06T21:43:27.000,2016-04-06T21:27:55.000
Homologacion por grupo de cursos,107758,677,Homologacion por grupo de cursos,677,Fluxicon Disco,Variant 4,4,2016-04-08T20:45:06.000,2016-04-08T20:32:02.000
Revisar curso,107758,677,Revisar curso,677,Fluxicon Disco,Variant 4,4,2016-04-08T20:32:03.000,2016-04-08T20:32:03.000
Evaluacion curso,107758,7304,Evaluacion curso,7304,Fluxicon Disco,Variant 4,4,2016-04-08T20:32:25.000,2016-04-08T20:32:24.000
Validar solicitud / pre-homologacion,107758,677,Validar solicitud / pre-homologacion,677,Fluxicon Disco,Variant 4,4,2016-04-08T21:14:46.000,2016-04-08T21:01:44.000
End,107758,End,End,End,Fluxicon Disco,Variant 4,4,2016-04-08T21:14:46.000,2016-04-08T21:14:46.000
Start,107760,Start,Start,Start,Fluxicon Disco,Variant 21,21,2016-04-06T18:25:36.000,2016-04-06T18:25:36.000
Traer informacion estudiante - banner,107760,5189,Traer informacion estudiante - banner,5189,Fluxicon Disco,Variant 21,21,2016-04-06T18:25:36.000,2016-04-06T18:25:36.000
Radicar Solicitud Homologacion,107760,5189,Radicar Solicitud Homologacion,5189,Fluxicon Disco,Variant 21,21,2016-04-06T18:25:53.000,2016-04-06T18:25:39.000
Validar solicitud,107760,659,Validar solicitud,659,Fluxicon Disco,Variant 21,21,2016-04-06T18:40:12.000,2016-04-06T18:39:52.000
Homologacion por grupo de cursos,107760,1422,Homologacion por grupo de cursos,1422,Fluxicon Disco,Variant 21,21,2016-04-06T21:29:37.000,2016-04-06T19:37:50.000
Validacion final,107760,659,Validacion final,659,Fluxicon Disco,Variant 21,21,2016-04-06T19:37:50.000,2016-04-06T19:37:50.000
Visto Bueno Cierre Proceso,107760,1422,Visto Bueno Cierre Proceso,1422,Fluxicon Disco,Variant 21,21,2016-04-06T21:29:50.000,2016-04-06T19:38:03.000
End,107760,End,End,End,Fluxicon Disco,Variant 21,21,2016-04-06T21:29:50.000,2016-04-06T21:29:50.000
Start,107801,Start,Start,Start,Fluxicon Disco,Variant 26,26,2016-04-06T13:55:11.000,2016-04-06T13:55:11.000
Traer informacion estudiante - banner,107801,2834,Traer informacion estudiante - banner,2834,Fluxicon Disco,Variant 26,26,2016-04-06T13:55:11.000,2016-04-06T13:55:11.000
Radicar Solicitud Homologacion,107801,2834,Radicar Solicitud Homologacion,2834,Fluxicon Disco,Variant 26,26,2016-04-06T13:55:15.000,2016-04-06T13:55:15.000
Validar solicitud,107801,22475,Validar solicitud,22475,Fluxicon Disco,Variant 26,26,2016-04-06T14:23:53.000,2016-04-06T14:20:04.000
Revisar curso,107801,22475,Revisar curso,22475,Fluxicon Disco,Variant 26,26,2016-04-06T18:49:24.000,2016-04-06T18:49:24.000
Homologacion por grupo de cursos,107801,1343,Homologacion por grupo de cursos,1343,Fluxicon Disco,Variant 26,26,2016-04-06T19:45:13.000,2016-04-06T18:49:24.000
Evaluacion curso,107801,1343,Evaluacion curso,1343,Fluxicon Disco,Variant 26,26,2016-04-06T19:45:58.000,2016-04-06T18:50:10.000
Validacion final,107801,22475,Validacion final,22475,Fluxicon Disco,Variant 26,26,2016-04-15T18:38:13.000,2016-04-15T18:38:13.000
Visto Bueno Cierre Proceso,107801,1343,Visto Bueno Cierre Proceso,1343,Fluxicon Disco,Variant 26,26,2016-04-15T18:38:26.000,2016-04-15T18:38:26.000
End,107801,End,End,End,Fluxicon Disco,Variant 26,26,2016-04-15T18:38:26.000,2016-04-15T18:38:26.000
Start,107804,Start,Start,Start,Fluxicon Disco,Variant 26,26,2016-04-06T15:50:49.000,2016-04-06T15:50:49.000
Traer informacion estudiante - banner,107804,5189,Traer informacion estudiante - banner,5189,Fluxicon Disco,Variant 26,26,2016-04-06T15:50:49.000,2016-04-06T15:50:49.000
Radicar Solicitud Homologacion,107804,5189,Radicar Solicitud Homologacion,5189,Fluxicon Disco,Variant 26,26,2016-04-06T15:51:01.000,2016-04-06T15:50:50.000
Validar solicitud,107804,659,Validar solicitud,659,Fluxicon Disco,Variant 26,26,2016-04-06T16:04:43.000,2016-04-06T16:02:26.000
Revisar curso,107804,659,Revisar curso,659,Fluxicon Disco,Variant 26,26,2016-04-06T18:19:48.000,2016-04-06T18:19:46.000
Homologacion por grupo de cursos,107804,1422,Homologacion por grupo de cursos,1422,Fluxicon Disco,Variant 26,26,2016-04-06T20:12:14.000,2016-04-06T18:19:46.000
Evaluacion curso,107804,659,Evaluacion curso,659,Fluxicon Disco,Variant 26,26,2016-04-06T18:22:59.000,2016-04-06T18:22:22.000
Validacion final,107804,659,Validacion final,659,Fluxicon Disco,Variant 26,26,2016-04-06T19:36:10.000,2016-04-06T19:36:10.000
Visto Bueno Cierre Proceso,107804,1422,Visto Bueno Cierre Proceso,1422,Fluxicon Disco,Variant 26,26,2016-04-06T21:28:42.000,2016-04-06T19:36:54.000
End,107804,End,End,End,Fluxicon Disco,Variant 26,26,2016-04-06T21:28:42.000,2016-04-06T21:28:42.000
Start,107805,Start,Start,Start,Fluxicon Disco,Variant 26,26,2016-04-06T16:05:28.000,2016-04-06T16:05:28.000
Traer informacion estudiante - banner,107805,5189,Traer informacion estudiante - banner,5189,Fluxicon Disco,Variant 26,26,2016-04-06T16:05:28.000,2016-04-06T16:05:28.000
Radicar Solicitud Homologacion,107805,5189,Radicar Solicitud Homologacion,5189,Fluxicon Disco,Variant 26,26,2016-04-06T16:05:36.000,2016-04-06T16:05:30.000
Validar solicitud,107805,659,Validar solicitud,659,Fluxicon Disco,Variant 26,26,2016-04-06T16:14:03.000,2016-04-06T16:11:50.000
Revisar curso,107805,22534,Revisar curso,22534,Fluxicon Disco,Variant 26,26,2016-04-06T20:34:11.000,2016-04-06T18:25:37.000
Homologacion por grupo de cursos,107805,1422,Homologacion por grupo de cursos,1422,Fluxicon Disco,Variant 26,26,2016-04-07T00:07:07.000,2016-04-06T18:25:37.000
Evaluacion curso,107805,22534,Evaluacion curso,22534,Fluxicon Disco,Variant 26,26,2016-04-28T21:04:09.000,2016-04-28T20:46:01.000
Validacion final,107805,659,Validacion final,659,Fluxicon Disco,Variant 26,26,2016-05-02T23:11:06.000,2016-05-02T23:08:13.000
Visto Bueno Cierre Proceso,107805,1422,Visto Bueno Cierre Proceso,1422,Fluxicon Disco,Variant 26,26,2016-05-03T19:13:55.000,2016-05-03T16:02:01.000
End,107805,End,End,End,Fluxicon Disco,Variant 26,26,2016-05-03T19:13:55.000,2016-05-03T19:13:55.000
Start,107851,Start,Start,Start,Fluxicon Disco,Variant 80,80,2016-04-06T21:29:36.000,2016-04-06T21:29:36.000
Traer informacion estudiante - banner,107851,9420,Traer informacion estudiante - banner,9420,Fluxicon Disco,Variant 80,80,2016-04-06T21:29:36.000,2016-04-06T21:29:36.000
Radicar Solicitud Homologacion,107851,9420,Radicar Solicitud Homologacion,9420,Fluxicon Disco,Variant 80,80,2016-04-06T21:41:55.000,2016-04-06T21:29:41.000
Homologacion por grupo de cursos,107851,677,Homologacion por grupo de cursos,677,Fluxicon Disco,Variant 80,80,2016-04-08T15:51:18.000,2016-04-08T15:34:52.000
Revisar curso,107851,677,Revisar curso,677,Fluxicon Disco,Variant 80,80,2016-04-08T15:34:52.000,2016-04-08T15:34:52.000
Evaluacion curso,107851,7331,Evaluacion curso,7331,Fluxicon Disco,Variant 80,80,2016-04-08T15:42:44.000,2016-04-08T15:35:19.000
Validar solicitud,107851,677,Validar solicitud,677,Fluxicon Disco,Variant 80,80,2016-04-08T15:44:37.000,2016-04-08T15:44:37.000
Validar solicitud / pre-homologacion,107851,677,Validar solicitud / pre-homologacion,677,Fluxicon Disco,Variant 80,80,2016-04-11T15:09:41.000,2016-04-11T15:00:40.000
End,107851,End,End,End,Fluxicon Disco,Variant 80,80,2016-04-11T15:09:41.000,2016-04-11T15:09:41.000
Start,107852,Start,Start,Start,Fluxicon Disco,Variant 13,13,2016-04-06T21:54:05.000,2016-04-06T21:54:05.000
Traer informacion estudiante - banner,107852,8587,Traer informacion estudiante - banner,8587,Fluxicon Disco,Variant 13,13,2016-04-06T21:54:05.000,2016-04-06T21:54:05.000
Radicar Solicitud Homologacion,107852,8587,Radicar Solicitud Homologacion,8587,Fluxicon Disco,Variant 13,13,2016-04-06T21:54:16.000,2016-04-06T21:54:09.000
Validar solicitud,107852,677,Validar solicitud,677,Fluxicon Disco,Variant 13,13,2016-04-06T22:12:55.000,2016-04-06T22:01:20.000
Homologacion por grupo de cursos,107852,677,Homologacion por grupo de cursos,677,Fluxicon Disco,Variant 13,13,2016-04-08T22:03:44.000,2016-04-08T15:36:21.000
Revisar curso,107852,677,Revisar curso,677,Fluxicon Disco,Variant 13,13,2016-04-08T15:36:21.000,2016-04-08T15:36:21.000
Cancelar curso,107852,677,Cancelar curso,677,Fluxicon Disco,Variant 13,13,2016-04-08T22:03:44.000,2016-04-08T15:36:21.000
End,107852,End,End,End,Fluxicon Disco,Variant 13,13,2016-04-08T22:03:44.000,2016-04-08T22:03:44.000
Start,107854,Start,Start,Start,Fluxicon Disco,Variant 4,4,2016-04-06T22:51:07.000,2016-04-06T22:51:07.000
Traer informacion estudiante - banner,107854,8160,Traer informacion estudiante - banner,8160,Fluxicon Disco,Variant 4,4,2016-04-06T22:51:07.000,2016-04-06T22:51:07.000
Radicar Solicitud Homologacion,107854,8160,Radicar Solicitud Homologacion,8160,Fluxicon Disco,Variant 4,4,2016-04-06T22:51:19.000,2016-04-06T22:51:11.000
Validar solicitud,107854,677,Validar solicitud,677,Fluxicon Disco,Variant 4,4,2016-04-06T23:10:07.000,2016-04-06T22:59:29.000
Homologacion por grupo de cursos,107854,677,Homologacion por grupo de cursos,677,Fluxicon Disco,Variant 4,4,2016-04-08T15:41:48.000,2016-04-08T15:38:27.000
Revisar curso,107854,677,Revisar curso,677,Fluxicon Disco,Variant 4,4,2016-04-08T15:38:27.000,2016-04-08T15:38:27.000
Evaluacion curso,107854,7304,Evaluacion curso,7304,Fluxicon Disco,Variant 4,4,2016-04-08T15:39:55.000,2016-04-08T15:39:13.000
Validar solicitud / pre-homologacion,107854,677,Validar solicitud / pre-homologacion,677,Fluxicon Disco,Variant 4,4,2016-04-08T16:24:46.000,2016-04-08T16:22:09.000
End,107854,End,End,End,Fluxicon Disco,Variant 4,4,2016-04-08T16:24:46.000,2016-04-08T16:24:46.000
Start,107855,Start,Start,Start,Fluxicon Disco,Variant 4,4,2016-04-06T23:00:03.000,2016-04-06T23:00:03.000
Traer informacion estudiante - banner,107855,8160,Traer informacion estudiante - banner,8160,Fluxicon Disco,Variant 4,4,2016-04-06T23:00:03.000,2016-04-06T23:00:03.000
Radicar Solicitud Homologacion,107855,8160,Radicar Solicitud Homologacion,8160,Fluxicon Disco,Variant 4,4,2016-04-06T23:00:15.000,2016-04-06T23:00:06.000
Validar solicitud,107855,677,Validar solicitud,677,Fluxicon Disco,Variant 4,4,2016-04-06T23:19:44.000,2016-04-06T23:09:13.000
Homologacion por grupo de cursos,107855,677,Homologacion por grupo de cursos,677,Fluxicon Disco,Variant 4,4,2016-04-08T15:56:47.000,2016-04-08T15:40:25.000
Revisar curso,107855,677,Revisar curso,677,Fluxicon Disco,Variant 4,4,2016-04-08T15:40:26.000,2016-04-08T15:40:26.000
Evaluacion curso,107855,7331,Evaluacion curso,7331,Fluxicon Disco,Variant 4,4,2016-04-08T15:48:11.000,2016-04-08T15:40:52.000
Validar solicitud / pre-homologacion,107855,677,Validar solicitud / pre-homologacion,677,Fluxicon Disco,Variant 4,4,2016-04-11T15:04:36.000,2016-04-11T14:55:33.000
End,107855,End,End,End,Fluxicon Disco,Variant 4,4,2016-04-11T15:04:36.000,2016-04-11T15:04:36.000
Start,107902,Start,Start,Start,Fluxicon Disco,Variant 14,14,2016-04-06T20:53:02.000,2016-04-06T20:53:02.000
Radicar Solicitud Homologacion,107902,19019,Radicar Solicitud Homologacion,19019,Fluxicon Disco,Variant 14,14,2016-04-06T20:53:02.000,2016-04-06T20:53:02.000
End,107902,End,End,End,Fluxicon Disco,Variant 14,14,2016-04-06T20:53:02.000,2016-04-06T20:53:02.000
Start,108001,Start,Start,Start,Fluxicon Disco,Variant 1,1,2016-04-07T11:50:09.000,2016-04-07T11:50:09.000
Traer informacion estudiante - banner,108001,7836,Traer informacion estudiante - banner,7836,Fluxicon Disco,Variant 1,1,2016-04-07T11:50:09.000,2016-04-07T11:50:09.000
Radicar Solicitud Homologacion,108001,7836,Radicar Solicitud Homologacion,7836,Fluxicon Disco,Variant 1,1,2016-04-07T11:50:16.000,2016-04-07T11:50:16.000
Cancelar Solicitud,108001,7836,Cancelar Solicitud,7836,Fluxicon Disco,Variant 1,1,2016-04-07T11:58:21.000,2016-04-07T11:58:21.000
Notificacion estudiante cancelacion soli,108001,7836,Notificacion estudiante cancelacion soli,7836,Fluxicon Disco,Variant 1,1,2016-04-07T13:59:39.000,2016-04-07T13:59:39.000
End,108001,End,End,End,Fluxicon Disco,Variant 1,1,2016-04-07T13:59:39.000,2016-04-07T13:59:39.000
Start,108052,Start,Start,Start,Fluxicon Disco,Variant 3,3,2016-04-07T13:45:06.000,2016-04-07T13:45:06.000
Traer informacion estudiante - banner,108052,8824,Traer informacion estudiante - banner,8824,Fluxicon Disco,Variant 3,3,2016-04-07T13:45:06.000,2016-04-07T13:45:06.000
Radicar Solicitud Homologacion,108052,8824,Radicar Solicitud Homologacion,8824,Fluxicon Disco,Variant 3,3,2016-04-07T13:45:08.000,2016-04-07T13:45:08.000
Validar solicitud,108052,677,Validar solicitud,677,Fluxicon Disco,Variant 3,3,2016-04-07T13:57:14.000,2016-04-07T13:48:33.000
Homologacion por grupo de cursos,108052,3445,Homologacion por grupo de cursos,3445,Fluxicon Disco,Variant 3,3,2016-04-08T21:17:03.000,2016-04-08T15:41:45.000
Revisar curso,108052,677,Revisar curso,677,Fluxicon Disco,Variant 3,3,2016-04-08T15:41:45.000,2016-04-08T15:41:45.000
Evaluacion curso,108052,6985,Evaluacion curso,6985,Fluxicon Disco,Variant 3,3,2016-04-08T21:05:52.000,2016-04-08T15:42:35.000
Validacion final,108052,677,Validacion final,677,Fluxicon Disco,Variant 3,3,2016-06-08T20:50:08.000,2016-06-08T20:48:12.000
Visto Bueno Cierre Proceso,108052,3445,Visto Bueno Cierre Proceso,3445,Fluxicon Disco,Variant 3,3,2016-06-08T23:06:42.000,2016-06-08T22:56:39.000
End,108052,End,End,End,Fluxicon Disco,Variant 3,3,2016-06-08T23:06:42.000,2016-06-08T23:06:42.000
Start,108053,Start,Start,Start,Fluxicon Disco,Variant 3,3,2016-04-07T13:49:10.000,2016-04-07T13:49:10.000
Traer informacion estudiante - banner,108053,8824,Traer informacion estudiante - banner,8824,Fluxicon Disco,Variant 3,3,2016-04-07T13:49:10.000,2016-04-07T13:49:10.000
Radicar Solicitud Homologacion,108053,8824,Radicar Solicitud Homologacion,8824,Fluxicon Disco,Variant 3,3,2016-04-07T13:49:11.000,2016-04-07T13:49:11.000
Validar solicitud,108053,677,Validar solicitud,677,Fluxicon Disco,Variant 3,3,2016-04-07T14:01:11.000,2016-04-07T13:52:28.000
Homologacion por grupo de cursos,108053,3445,Homologacion por grupo de cursos,3445,Fluxicon Disco,Variant 3,3,2016-04-08T16:33:39.000,2016-04-08T15:43:32.000
Revisar curso,108053,677,Revisar curso,677,Fluxicon Disco,Variant 3,3,2016-04-08T15:43:32.000,2016-04-08T15:43:32.000
Evaluacion curso,108053,6985,Evaluacion curso,6985,Fluxicon Disco,Variant 3,3,2016-04-08T16:15:38.000,2016-04-08T15:43:57.000
Validacion final,108053,677,Validacion final,677,Fluxicon Disco,Variant 3,3,2016-04-14T15:26:41.000,2016-04-14T15:25:22.000
Visto Bueno Cierre Proceso,108053,3445,Visto Bueno Cierre Proceso,3445,Fluxicon Disco,Variant 3,3,2016-04-14T17:01:57.000,2016-04-14T16:44:51.000
End,108053,End,End,End,Fluxicon Disco,Variant 3,3,2016-04-14T17:01:57.000,2016-04-14T17:01:57.000
Start,108054,Start,Start,Start,Fluxicon Disco,Variant 3,3,2016-04-07T13:52:50.000,2016-04-07T13:52:50.000
Traer informacion estudiante - banner,108054,8824,Traer informacion estudiante - banner,8824,Fluxicon Disco,Variant 3,3,2016-04-07T13:52:50.000,2016-04-07T13:52:50.000
Radicar Solicitud Homologacion,108054,8824,Radicar Solicitud Homologacion,8824,Fluxicon Disco,Variant 3,3,2016-04-07T13:52:51.000,2016-04-07T13:52:51.000
Validar solicitud,108054,677,Validar solicitud,677,Fluxicon Disco,Variant 3,3,2016-04-07T14:04:35.000,2016-04-07T13:55:51.000
Homologacion por grupo de cursos,108054,3445,Homologacion por grupo de cursos,3445,Fluxicon Disco,Variant 3,3,2016-04-08T16:34:59.000,2016-04-08T15:44:53.000
Revisar curso,108054,677,Revisar curso,677,Fluxicon Disco,Variant 3,3,2016-04-08T15:44:53.000,2016-04-08T15:44:53.000
Evaluacion curso,108054,6985,Evaluacion curso,6985,Fluxicon Disco,Variant 3,3,2016-04-08T16:16:48.000,2016-04-08T15:45:13.000
Validacion final,108054,677,Validacion final,677,Fluxicon Disco,Variant 3,3,2016-04-14T15:24:43.000,2016-04-14T15:21:04.000
Visto Bueno Cierre Proceso,108054,3445,Visto Bueno Cierre Proceso,3445,Fluxicon Disco,Variant 3,3,2016-04-14T21:15:29.000,2016-04-14T21:00:38.000
End,108054,End,End,End,Fluxicon Disco,Variant 3,3,2016-04-14T21:15:29.000,2016-04-14T21:15:29.000
Start,108055,Start,Start,Start,Fluxicon Disco,Variant 3,3,2016-04-07T14:03:00.000,2016-04-07T14:03:00.000
Traer informacion estudiante - banner,108055,26780,Traer informacion estudiante - banner,26780,Fluxicon Disco,Variant 3,3,2016-04-07T14:03:00.000,2016-04-07T14:03:00.000
Radicar Solicitud Homologacion,108055,26780,Radicar Solicitud Homologacion,26780,Fluxicon Disco,Variant 3,3,2016-04-07T14:04:53.000,2016-04-07T14:03:01.000
Validar solicitud,108055,22475,Validar solicitud,22475,Fluxicon Disco,Variant 3,3,2016-04-07T16:54:15.000,2016-04-07T16:52:08.000
Homologacion por grupo de cursos,108055,1343,Homologacion por grupo de cursos,1343,Fluxicon Disco,Variant 3,3,2016-04-07T19:51:35.000,2016-04-07T19:04:04.000
Revisar curso,108055,410,Revisar curso,410,Fluxicon Disco,Variant 3,3,2016-04-07T19:05:50.000,2016-04-07T19:04:04.000
Evaluacion curso,108055,410,Evaluacion curso,410,Fluxicon Disco,Variant 3,3,2016-04-07T22:46:15.000,2016-04-07T22:46:13.000
Validacion final,108055,22475,Validacion final,22475,Fluxicon Disco,Variant 3,3,2016-04-07T22:49:20.000,2016-04-07T22:48:59.000
Visto Bueno Cierre Proceso,108055,1343,Visto Bueno Cierre Proceso,1343,Fluxicon Disco,Variant 3,3,2016-04-07T23:55:24.000,2016-04-07T23:10:04.000
End,108055,End,End,End,Fluxicon Disco,Variant 3,3,2016-04-07T23:55:24.000,2016-04-07T23:55:24.000
Start,108057,Start,Start,Start,Fluxicon Disco,Variant 11,11,2016-04-07T14:55:39.000,2016-04-07T14:55:39.000
Traer informacion estudiante - banner,108057,10228,Traer informacion estudiante - banner,10228,Fluxicon Disco,Variant 11,11,2016-04-07T14:55:39.000,2016-04-07T14:55:39.000
Radicar Solicitud Homologacion,108057,10228,Radicar Solicitud Homologacion,10228,Fluxicon Disco,Variant 11,11,2016-04-07T14:56:01.000,2016-04-07T14:55:40.000
Validar solicitud,108057,1707,Validar solicitud,1707,Fluxicon Disco,Variant 11,11,2016-04-07T16:10:30.000,2016-04-07T15:21:25.000
Homologacion por grupo de cursos,108057,15930,Homologacion por grupo de cursos,15930,Fluxicon Disco,Variant 11,11,2016-04-15T21:13:43.000,2016-04-15T16:27:11.000
Revisar curso,108057,1707,Revisar curso,1707,Fluxicon Disco,Variant 11,11,2016-04-15T17:54:40.000,2016-04-15T16:27:11.000
Evaluacion curso,108057,7010,Evaluacion curso,7010,Fluxicon Disco,Variant 11,11,2016-05-02T18:50:46.000,2016-05-02T15:56:24.000
Validacion final,108057,1707,Validacion final,1707,Fluxicon Disco,Variant 11,11,2016-06-03T00:20:26.000,2016-06-03T00:19:08.000
Visto Bueno Cierre Proceso,108057,15930,Visto Bueno Cierre Proceso,15930,Fluxicon Disco,Variant 11,11,2016-06-03T16:01:19.000,2016-06-03T15:37:57.000
Transferir Creditos,108057,15930,Transferir Creditos,15930,Fluxicon Disco,Variant 11,11,2016-06-09T03:28:00.000,2016-06-09T03:28:00.000
Transferir creditos homologables,108057,15930,Transferir creditos homologables,15930,Fluxicon Disco,Variant 11,11,2016-06-09T03:28:00.000,2016-06-09T03:28:00.000
End,108057,End,End,End,Fluxicon Disco,Variant 11,11,2016-06-09T03:28:00.000,2016-06-09T03:28:00.000
Start,108060,Start,Start,Start,Fluxicon Disco,Variant 1,1,2016-04-07T16:40:58.000,2016-04-07T16:40:58.000
Traer informacion estudiante - banner,108060,8461,Traer informacion estudiante - banner,8461,Fluxicon Disco,Variant 1,1,2016-04-07T16:40:58.000,2016-04-07T16:40:58.000
Radicar Solicitud Homologacion,108060,8461,Radicar Solicitud Homologacion,8461,Fluxicon Disco,Variant 1,1,2016-04-07T16:41:38.000,2016-04-07T16:41:01.000
Cancelar Solicitud,108060,677,Cancelar Solicitud,677,Fluxicon Disco,Variant 1,1,2016-04-07T17:24:51.000,2016-04-07T17:18:23.000
Notificacion estudiante cancelacion soli,108060,677,Notificacion estudiante cancelacion soli,677,Fluxicon Disco,Variant 1,1,2016-04-08T15:46:39.000,2016-04-08T15:46:39.000
End,108060,End,End,End,Fluxicon Disco,Variant 1,1,2016-04-08T15:46:39.000,2016-04-08T15:46:39.000
Start,108103,Start,Start,Start,Fluxicon Disco,Variant 17,17,2016-04-07T17:46:03.000,2016-04-07T17:46:03.000
Cancelar Solicitud,108103,19019,Cancelar Solicitud,19019,Fluxicon Disco,Variant 17,17,2016-04-07T17:47:35.000,2016-04-07T17:46:03.000
Traer informacion estudiante - banner,108103,8065,Traer informacion estudiante - banner,8065,Fluxicon Disco,Variant 17,17,2016-04-07T18:56:48.000,2016-04-07T18:56:48.000
Radicar Solicitud Homologacion,108103,8065,Radicar Solicitud Homologacion,8065,Fluxicon Disco,Variant 17,17,2016-04-07T18:56:49.000,2016-04-07T18:56:49.000
Notificacion estudiante cancelacion soli,108103,19019,Notificacion estudiante cancelacion soli,19019,Fluxicon Disco,Variant 17,17,2016-04-07T21:18:22.000,2016-04-07T21:18:22.000
End,108103,End,End,End,Fluxicon Disco,Variant 17,17,2016-04-07T21:18:22.000,2016-04-07T21:18:22.000
Start,108104,Start,Start,Start,Fluxicon Disco,Variant 1,1,2016-04-07T19:34:14.000,2016-04-07T19:34:14.000
Traer informacion estudiante - banner,108104,11568,Traer informacion estudiante - banner,11568,Fluxicon Disco,Variant 1,1,2016-04-07T19:34:14.000,2016-04-07T19:34:14.000
Radicar Solicitud Homologacion,108104,11568,Radicar Solicitud Homologacion,11568,Fluxicon Disco,Variant 1,1,2016-04-07T19:34:15.000,2016-04-07T19:34:15.000
Cancelar Solicitud,108104,11568,Cancelar Solicitud,11568,Fluxicon Disco,Variant 1,1,2016-04-07T22:09:14.000,2016-04-07T20:49:14.000
Notificacion estudiante cancelacion soli,108104,11568,Notificacion estudiante cancelacion soli,11568,Fluxicon Disco,Variant 1,1,2016-04-21T21:00:10.000,2016-04-21T21:00:10.000
End,108104,End,End,End,Fluxicon Disco,Variant 1,1,2016-04-21T21:00:10.000,2016-04-21T21:00:10.000
Start,108201,Start,Start,Start,Fluxicon Disco,Variant 1,1,2016-04-07T21:08:05.000,2016-04-07T21:08:05.000
Traer informacion estudiante - banner,108201,1995,Traer informacion estudiante - banner,1995,Fluxicon Disco,Variant 1,1,2016-04-07T21:08:05.000,2016-04-07T21:08:05.000
Radicar Solicitud Homologacion,108201,1995,Radicar Solicitud Homologacion,1995,Fluxicon Disco,Variant 1,1,2016-04-07T21:21:27.000,2016-04-07T21:08:14.000
Cancelar Solicitud,108201,1995,Cancelar Solicitud,1995,Fluxicon Disco,Variant 1,1,2016-04-11T16:22:10.000,2016-04-11T16:22:06.000
Notificacion estudiante cancelacion soli,108201,1995,Notificacion estudiante cancelacion soli,1995,Fluxicon Disco,Variant 1,1,2016-04-11T16:26:30.000,2016-04-11T16:26:30.000
End,108201,End,End,End,Fluxicon Disco,Variant 1,1,2016-04-11T16:26:30.000,2016-04-11T16:26:30.000
Start,108202,Start,Start,Start,Fluxicon Disco,Variant 29,29,2016-04-07T21:33:15.000,2016-04-07T21:33:15.000
Traer informacion estudiante - banner,108202,22543,Traer informacion estudiante - banner,22543,Fluxicon Disco,Variant 29,29,2016-04-07T21:33:15.000,2016-04-07T21:33:15.000
Radicar Solicitud Homologacion,108202,22543,Radicar Solicitud Homologacion,22543,Fluxicon Disco,Variant 29,29,2016-04-07T21:33:48.000,2016-04-07T21:33:18.000
Validar solicitud,108202,716,Validar solicitud,716,Fluxicon Disco,Variant 29,29,2016-04-07T22:31:53.000,2016-04-07T22:03:33.000
Homologacion por grupo de cursos,108202,12548,Homologacion por grupo de cursos,12548,Fluxicon Disco,Variant 29,29,2016-04-13T16:23:59.000,2016-04-13T16:23:37.000
Revisar curso,108202,716,Revisar curso,716,Fluxicon Disco,Variant 29,29,2016-04-13T16:23:37.000,2016-04-13T16:23:37.000
Evaluacion curso,108202,716,Evaluacion curso,716,Fluxicon Disco,Variant 29,29,2016-04-13T16:24:09.000,2016-04-13T16:23:53.000
Validacion final,108202,716,Validacion final,716,Fluxicon Disco,Variant 29,29,2016-04-13T16:40:07.000,2016-04-13T16:40:06.000
Visto Bueno Cierre Proceso,108202,12548,Visto Bueno Cierre Proceso,12548,Fluxicon Disco,Variant 29,29,2016-04-13T16:41:23.000,2016-04-13T16:41:19.000
Transferir creditos homologables,108202,12548,Transferir creditos homologables,12548,Fluxicon Disco,Variant 29,29,2016-04-13T16:45:42.000,2016-04-13T16:45:42.000
Transferir Creditos,108202,12548,Transferir Creditos,12548,Fluxicon Disco,Variant 29,29,2016-04-13T16:45:42.000,2016-04-13T16:45:42.000
End,108202,End,End,End,Fluxicon Disco,Variant 29,29,2016-04-13T16:45:42.000,2016-04-13T16:45:42.000
Start,108351,Start,Start,Start,Fluxicon Disco,Variant 14,14,2016-04-08T17:27:41.000,2016-04-08T17:27:41.000
Radicar Solicitud Homologacion,108351,19019,Radicar Solicitud Homologacion,19019,Fluxicon Disco,Variant 14,14,2016-04-08T17:27:43.000,2016-04-08T17:27:41.000
End,108351,End,End,End,Fluxicon Disco,Variant 14,14,2016-04-08T17:27:43.000,2016-04-08T17:27:43.000
Start,108404,Start,Start,Start,Fluxicon Disco,Variant 4,4,2016-04-08T16:35:51.000,2016-04-08T16:35:51.000
Traer informacion estudiante - banner,108404,9154,Traer informacion estudiante - banner,9154,Fluxicon Disco,Variant 4,4,2016-04-08T16:35:51.000,2016-04-08T16:35:51.000
Radicar Solicitud Homologacion,108404,9154,Radicar Solicitud Homologacion,9154,Fluxicon Disco,Variant 4,4,2016-04-08T16:36:01.000,2016-04-08T16:35:52.000
Validar solicitud,108404,19019,Validar solicitud,19019,Fluxicon Disco,Variant 4,4,2016-04-08T16:47:43.000,2016-04-08T16:45:18.000
Homologacion por grupo de cursos,108404,19019,Homologacion por grupo de cursos,19019,Fluxicon Disco,Variant 4,4,2016-04-08T21:26:15.000,2016-04-08T21:10:26.000
Revisar curso,108404,19019,Revisar curso,19019,Fluxicon Disco,Variant 4,4,2016-04-08T21:10:27.000,2016-04-08T21:10:27.000
Evaluacion curso,108404,7299,Evaluacion curso,7299,Fluxicon Disco,Variant 4,4,2016-04-08T21:28:29.000,2016-04-08T21:11:18.000
Validar solicitud / pre-homologacion,108404,19019,Validar solicitud / pre-homologacion,19019,Fluxicon Disco,Variant 4,4,2016-04-12T22:22:52.000,2016-04-12T22:22:52.000
End,108404,End,End,End,Fluxicon Disco,Variant 4,4,2016-04-12T22:22:52.000,2016-04-12T22:22:52.000
Start,108451,Start,Start,Start,Fluxicon Disco,Variant 18,18,2016-04-08T20:29:48.000,2016-04-08T20:29:48.000
Traer informacion estudiante - banner,108451,9420,Traer informacion estudiante - banner,9420,Fluxicon Disco,Variant 18,18,2016-04-08T20:29:48.000,2016-04-08T20:29:48.000
Radicar Solicitud Homologacion,108451,9420,Radicar Solicitud Homologacion,9420,Fluxicon Disco,Variant 18,18,2016-04-08T20:29:53.000,2016-04-08T20:29:53.000
Validar solicitud,108451,677,Validar solicitud,677,Fluxicon Disco,Variant 18,18,2016-04-08T21:44:59.000,2016-04-08T20:44:59.000
Homologacion por grupo de cursos,108451,677,Homologacion por grupo de cursos,677,Fluxicon Disco,Variant 18,18,2016-04-20T14:07:24.000,2016-04-20T14:07:24.000
Cancelar curso,108451,677,Cancelar curso,677,Fluxicon Disco,Variant 18,18,2016-04-20T14:07:26.000,2016-04-20T14:07:26.000
End,108451,End,End,End,Fluxicon Disco,Variant 18,18,2016-04-20T14:07:26.000,2016-04-20T14:07:26.000
Start,108452,Start,Start,Start,Fluxicon Disco,Variant 81,81,2016-04-08T20:53:37.000,2016-04-08T20:53:37.000
Revisar curso,108452,19019,Revisar curso,19019,Fluxicon Disco,Variant 81,81,2016-04-08T21:14:23.000,2016-04-08T20:53:37.000
Traer informacion estudiante - banner,108452,4126,Traer informacion estudiante - banner,4126,Fluxicon Disco,Variant 81,81,2016-04-08T22:37:20.000,2016-04-08T22:37:20.000
Radicar Solicitud Homologacion,108452,4126,Radicar Solicitud Homologacion,4126,Fluxicon Disco,Variant 81,81,2016-04-08T22:37:34.000,2016-04-08T22:37:23.000
Cancelar Solicitud,108452,4126,Cancelar Solicitud,4126,Fluxicon Disco,Variant 81,81,2016-04-08T23:37:59.000,2016-04-08T22:49:18.000
Validar solicitud,108452,22475,Validar solicitud,22475,Fluxicon Disco,Variant 81,81,2016-04-08T22:49:18.000,2016-04-08T22:49:18.000
Evaluacion curso,108452,19019,Evaluacion curso,19019,Fluxicon Disco,Variant 81,81,2016-04-13T16:12:19.000,2016-04-13T15:46:36.000
Validacion final,108452,22475,Validacion final,22475,Fluxicon Disco,Variant 81,81,2016-04-18T17:30:43.000,2016-04-18T17:30:17.000
Notificacion estudiante cancelacion soli,108452,4126,Notificacion estudiante cancelacion soli,4126,Fluxicon Disco,Variant 81,81,2016-04-18T23:30:47.000,2016-04-18T23:30:47.000
End,108452,End,End,End,Fluxicon Disco,Variant 81,81,2016-04-18T23:30:47.000,2016-04-18T23:30:47.000
Start,108454,Start,Start,Start,Fluxicon Disco,Variant 18,18,2016-04-09T00:02:53.000,2016-04-09T00:02:53.000
Traer informacion estudiante - banner,108454,5488,Traer informacion estudiante - banner,5488,Fluxicon Disco,Variant 18,18,2016-04-09T00:02:53.000,2016-04-09T00:02:53.000
Radicar Solicitud Homologacion,108454,5488,Radicar Solicitud Homologacion,5488,Fluxicon Disco,Variant 18,18,2016-04-09T00:23:33.000,2016-04-09T00:02:54.000
Validar solicitud,108454,22404,Validar solicitud,22404,Fluxicon Disco,Variant 18,18,2016-04-13T18:50:32.000,2016-04-13T18:42:15.000
Homologacion por grupo de cursos,108454,22404,Homologacion por grupo de cursos,22404,Fluxicon Disco,Variant 18,18,2016-04-14T19:06:42.000,2016-04-14T19:06:42.000
Cancelar curso,108454,22404,Cancelar curso,22404,Fluxicon Disco,Variant 18,18,2016-04-14T19:06:42.000,2016-04-14T19:06:42.000
End,108454,End,End,End,Fluxicon Disco,Variant 18,18,2016-04-14T19:06:42.000,2016-04-14T19:06:42.000
Start,108551,Start,Start,Start,Fluxicon Disco,Variant 3,3,2016-04-09T02:01:07.000,2016-04-09T02:01:07.000
Traer informacion estudiante - banner,108551,17625,Traer informacion estudiante - banner,17625,Fluxicon Disco,Variant 3,3,2016-04-09T02:01:07.000,2016-04-09T02:01:07.000
Radicar Solicitud Homologacion,108551,17625,Radicar Solicitud Homologacion,17625,Fluxicon Disco,Variant 3,3,2016-04-09T02:01:11.000,2016-04-09T02:01:11.000
Validar solicitud,108551,677,Validar solicitud,677,Fluxicon Disco,Variant 3,3,2016-04-09T02:32:12.000,2016-04-09T02:20:02.000
Homologacion por grupo de cursos,108551,3445,Homologacion por grupo de cursos,3445,Fluxicon Disco,Variant 3,3,2016-04-13T00:29:17.000,2016-04-12T21:10:19.000
Revisar curso,108551,677,Revisar curso,677,Fluxicon Disco,Variant 3,3,2016-04-12T21:10:19.000,2016-04-12T21:10:19.000
Evaluacion curso,108551,7331,Evaluacion curso,7331,Fluxicon Disco,Variant 3,3,2016-04-13T00:19:02.000,2016-04-12T21:10:59.000
Validacion final,108551,677,Validacion final,677,Fluxicon Disco,Variant 3,3,2016-05-17T15:16:37.000,2016-05-17T15:14:15.000
Visto Bueno Cierre Proceso,108551,3445,Visto Bueno Cierre Proceso,3445,Fluxicon Disco,Variant 3,3,2016-05-17T17:45:17.000,2016-05-17T17:36:46.000
End,108551,End,End,End,Fluxicon Disco,Variant 3,3,2016-05-17T17:45:17.000,2016-05-17T17:45:17.000
Start,108703,Start,Start,Start,Fluxicon Disco,Variant 1,1,2016-04-09T16:29:35.000,2016-04-09T16:29:35.000
Traer informacion estudiante - banner,108703,19531,Traer informacion estudiante - banner,19531,Fluxicon Disco,Variant 1,1,2016-04-09T16:29:35.000,2016-04-09T16:29:35.000
Radicar Solicitud Homologacion,108703,19531,Radicar Solicitud Homologacion,19531,Fluxicon Disco,Variant 1,1,2016-04-09T16:29:36.000,2016-04-09T16:29:36.000
Cancelar Solicitud,108703,294,Cancelar Solicitud,294,Fluxicon Disco,Variant 1,1,2016-04-09T22:05:55.000,2016-04-09T18:21:55.000
Notificacion estudiante cancelacion soli,108703,294,Notificacion estudiante cancelacion soli,294,Fluxicon Disco,Variant 1,1,2016-05-20T01:26:22.000,2016-05-20T01:26:22.000
End,108703,End,End,End,Fluxicon Disco,Variant 1,1,2016-05-20T01:26:22.000,2016-05-20T01:26:22.000
Start,108751,Start,Start,Start,Fluxicon Disco,Variant 29,29,2016-04-09T17:49:53.000,2016-04-09T17:49:53.000
Traer informacion estudiante - banner,108751,23978,Traer informacion estudiante - banner,23978,Fluxicon Disco,Variant 29,29,2016-04-09T17:49:53.000,2016-04-09T17:49:53.000
Radicar Solicitud Homologacion,108751,23978,Radicar Solicitud Homologacion,23978,Fluxicon Disco,Variant 29,29,2016-04-09T17:49:58.000,2016-04-09T17:49:58.000
Validar solicitud,108751,716,Validar solicitud,716,Fluxicon Disco,Variant 29,29,2016-04-09T20:46:42.000,2016-04-09T20:29:20.000
Homologacion por grupo de cursos,108751,12548,Homologacion por grupo de cursos,12548,Fluxicon Disco,Variant 29,29,2016-04-13T16:22:46.000,2016-04-13T16:22:24.000
Revisar curso,108751,716,Revisar curso,716,Fluxicon Disco,Variant 29,29,2016-04-13T16:22:24.000,2016-04-13T16:22:24.000
Evaluacion curso,108751,716,Evaluacion curso,716,Fluxicon Disco,Variant 29,29,2016-04-13T16:23:07.000,2016-04-13T16:22:50.000
Validacion final,108751,716,Validacion final,716,Fluxicon Disco,Variant 29,29,2016-04-13T16:40:18.000,2016-04-13T16:40:17.000
Visto Bueno Cierre Proceso,108751,12548,Visto Bueno Cierre Proceso,12548,Fluxicon Disco,Variant 29,29,2016-04-13T16:41:34.000,2016-04-13T16:41:31.000
Transferir creditos homologables,108751,12548,Transferir creditos homologables,12548,Fluxicon Disco,Variant 29,29,2016-04-13T16:45:20.000,2016-04-13T16:45:20.000
Transferir Creditos,108751,12548,Transferir Creditos,12548,Fluxicon Disco,Variant 29,29,2016-04-13T16:45:20.000,2016-04-13T16:45:20.000
End,108751,End,End,End,Fluxicon Disco,Variant 29,29,2016-04-13T16:45:20.000,2016-04-13T16:45:20.000
Start,108851,Start,Start,Start,Fluxicon Disco,Variant 1,1,2016-04-09T22:45:25.000,2016-04-09T22:45:25.000
Traer informacion estudiante - banner,108851,7638,Traer informacion estudiante - banner,7638,Fluxicon Disco,Variant 1,1,2016-04-09T22:45:25.000,2016-04-09T22:45:25.000
Radicar Solicitud Homologacion,108851,7638,Radicar Solicitud Homologacion,7638,Fluxicon Disco,Variant 1,1,2016-04-09T22:45:31.000,2016-04-09T22:45:31.000
Cancelar Solicitud,108851,22475,Cancelar Solicitud,22475,Fluxicon Disco,Variant 1,1,2016-04-09T23:01:05.000,2016-04-09T23:01:05.000
Notificacion estudiante cancelacion soli,108851,22475,Notificacion estudiante cancelacion soli,22475,Fluxicon Disco,Variant 1,1,2016-04-11T14:11:36.000,2016-04-11T14:11:36.000
End,108851,End,End,End,Fluxicon Disco,Variant 1,1,2016-04-11T14:11:36.000,2016-04-11T14:11:36.000
Start,108901,Start,Start,Start,Fluxicon Disco,Variant 82,82,2016-04-09T23:41:07.000,2016-04-09T23:41:07.000
Traer informacion estudiante - banner,108901,23530,Traer informacion estudiante - banner,23530,Fluxicon Disco,Variant 82,82,2016-04-09T23:41:07.000,2016-04-09T23:41:07.000
Radicar Solicitud Homologacion,108901,23530,Radicar Solicitud Homologacion,23530,Fluxicon Disco,Variant 82,82,2016-04-10T00:01:47.000,2016-04-09T23:41:14.000
Validar solicitud,108901,22404,Validar solicitud,22404,Fluxicon Disco,Variant 82,82,2016-04-13T21:36:40.000,2016-04-13T21:33:14.000
Homologacion por grupo de cursos,108901,4560,Homologacion por grupo de cursos,4560,Fluxicon Disco,Variant 82,82,2016-04-14T15:29:48.000,2016-04-14T12:27:25.000
Revisar curso,108901,943,Revisar curso,943,Fluxicon Disco,Variant 82,82,2016-04-14T12:27:28.000,2016-04-14T12:27:26.000
Revisar curso,108901,659,Revisar curso,659,Fluxicon Disco,Variant 82,82,2016-04-14T12:43:26.000,2016-04-14T12:27:28.000
Evaluacion curso,108901,943,Evaluacion curso,943,Fluxicon Disco,Variant 82,82,2016-04-14T13:53:31.000,2016-04-14T13:47:15.000
Validacion final,108901,22404,Validacion final,22404,Fluxicon Disco,Variant 82,82,2016-04-14T23:22:01.000,2016-04-14T23:16:18.000
Visto Bueno Cierre Proceso,108901,4560,Visto Bueno Cierre Proceso,4560,Fluxicon Disco,Variant 82,82,2016-04-15T20:34:37.000,2016-04-15T19:42:19.000
Evaluacion curso,108901,659,Evaluacion curso,659,Fluxicon Disco,Variant 82,82,2016-04-18T15:43:29.000,2016-04-18T14:38:31.000
Transferir Creditos,108901,4560,Transferir Creditos,4560,Fluxicon Disco,Variant 82,82,2016-04-26T15:18:58.000,2016-04-26T15:18:58.000
Validacion final,108901,22404,Validacion final,22404,Fluxicon Disco,Variant 82,82,2016-04-28T16:01:25.000,2016-04-28T15:58:47.000
Visto Bueno Cierre Proceso,108901,4560,Visto Bueno Cierre Proceso,4560,Fluxicon Disco,Variant 82,82,2016-04-28T20:15:53.000,2016-04-28T18:37:07.000
Transferir Creditos,108901,4560,Transferir Creditos,4560,Fluxicon Disco,Variant 82,82,2016-05-17T23:23:43.000,2016-05-17T23:23:43.000
End,108901,End,End,End,Fluxicon Disco,Variant 82,82,2016-05-17T23:23:43.000,2016-05-17T23:23:43.000
Start,109205,Start,Start,Start,Fluxicon Disco,Variant 3,3,2016-04-11T14:18:04.000,2016-04-11T14:18:04.000
Traer informacion estudiante - banner,109205,8572,Traer informacion estudiante - banner,8572,Fluxicon Disco,Variant 3,3,2016-04-11T14:18:04.000,2016-04-11T14:18:04.000
Radicar Solicitud Homologacion,109205,8572,Radicar Solicitud Homologacion,8572,Fluxicon Disco,Variant 3,3,2016-04-11T14:44:37.000,2016-04-11T14:18:05.000
Validar solicitud,109205,1707,Validar solicitud,1707,Fluxicon Disco,Variant 3,3,2016-04-14T17:39:45.000,2016-04-14T17:32:47.000
Homologacion por grupo de cursos,109205,15930,Homologacion por grupo de cursos,15930,Fluxicon Disco,Variant 3,3,2016-04-15T22:56:17.000,2016-04-15T16:31:01.000
Revisar curso,109205,1707,Revisar curso,1707,Fluxicon Disco,Variant 3,3,2016-04-15T17:58:26.000,2016-04-15T16:31:01.000
Evaluacion curso,109205,7763,Evaluacion curso,7763,Fluxicon Disco,Variant 3,3,2016-05-02T20:43:49.000,2016-05-02T15:56:46.000
Validacion final,109205,1707,Validacion final,1707,Fluxicon Disco,Variant 3,3,2016-06-24T04:28:43.000,2016-06-24T04:28:43.000
Visto Bueno Cierre Proceso,109205,15930,Visto Bueno Cierre Proceso,15930,Fluxicon Disco,Variant 3,3,2016-06-24T14:02:02.000,2016-06-24T13:51:15.000
End,109205,End,End,End,Fluxicon Disco,Variant 3,3,2016-06-24T14:02:02.000,2016-06-24T14:02:02.000
Start,109206,Start,Start,Start,Fluxicon Disco,Variant 1,1,2016-04-11T15:15:44.000,2016-04-11T15:15:44.000
Traer informacion estudiante - banner,109206,5221,Traer informacion estudiante - banner,5221,Fluxicon Disco,Variant 1,1,2016-04-11T15:15:44.000,2016-04-11T15:15:44.000
Radicar Solicitud Homologacion,109206,5221,Radicar Solicitud Homologacion,5221,Fluxicon Disco,Variant 1,1,2016-04-11T15:18:46.000,2016-04-11T15:15:46.000
Cancelar Solicitud,109206,22475,Cancelar Solicitud,22475,Fluxicon Disco,Variant 1,1,2016-04-11T18:16:31.000,2016-04-11T18:15:47.000
Notificacion estudiante cancelacion soli,109206,22475,Notificacion estudiante cancelacion soli,22475,Fluxicon Disco,Variant 1,1,2016-04-11T19:43:55.000,2016-04-11T19:43:55.000
End,109206,End,End,End,Fluxicon Disco,Variant 1,1,2016-04-11T19:43:55.000,2016-04-11T19:43:55.000
Start,109208,Start,Start,Start,Fluxicon Disco,Variant 4,4,2016-04-11T15:56:40.000,2016-04-11T15:56:40.000
Traer informacion estudiante - banner,109208,8651,Traer informacion estudiante - banner,8651,Fluxicon Disco,Variant 4,4,2016-04-11T15:56:40.000,2016-04-11T15:56:40.000
Radicar Solicitud Homologacion,109208,8651,Radicar Solicitud Homologacion,8651,Fluxicon Disco,Variant 4,4,2016-04-11T15:56:49.000,2016-04-11T15:56:41.000
Validar solicitud,109208,19019,Validar solicitud,19019,Fluxicon Disco,Variant 4,4,2016-04-11T16:06:24.000,2016-04-11T16:05:41.000
Homologacion por grupo de cursos,109208,19019,Homologacion por grupo de cursos,19019,Fluxicon Disco,Variant 4,4,2016-04-11T17:30:06.000,2016-04-11T16:49:16.000
Revisar curso,109208,19019,Revisar curso,19019,Fluxicon Disco,Variant 4,4,2016-04-11T16:49:16.000,2016-04-11T16:49:16.000
Evaluacion curso,109208,19019,Evaluacion curso,19019,Fluxicon Disco,Variant 4,4,2016-04-11T17:30:34.000,2016-04-11T16:50:05.000
Validar solicitud / pre-homologacion,109208,19019,Validar solicitud / pre-homologacion,19019,Fluxicon Disco,Variant 4,4,2016-04-18T17:19:25.000,2016-04-18T17:19:05.000
End,109208,End,End,End,Fluxicon Disco,Variant 4,4,2016-04-18T17:19:25.000,2016-04-18T17:19:25.000
Start,109209,Start,Start,Start,Fluxicon Disco,Variant 21,21,2016-04-11T16:27:52.000,2016-04-11T16:27:52.000
Traer informacion estudiante - banner,109209,4912,Traer informacion estudiante - banner,4912,Fluxicon Disco,Variant 21,21,2016-04-11T16:27:52.000,2016-04-11T16:27:52.000
Radicar Solicitud Homologacion,109209,4912,Radicar Solicitud Homologacion,4912,Fluxicon Disco,Variant 21,21,2016-04-11T16:28:28.000,2016-04-11T16:27:55.000
Validar solicitud,109209,677,Validar solicitud,677,Fluxicon Disco,Variant 21,21,2016-04-11T17:24:54.000,2016-04-11T17:01:09.000
Homologacion por grupo de cursos,109209,3445,Homologacion por grupo de cursos,3445,Fluxicon Disco,Variant 21,21,2016-04-14T17:04:09.000,2016-04-14T16:47:04.000
Validacion final,109209,677,Validacion final,677,Fluxicon Disco,Variant 21,21,2016-04-14T16:47:05.000,2016-04-14T16:47:05.000
Visto Bueno Cierre Proceso,109209,3445,Visto Bueno Cierre Proceso,3445,Fluxicon Disco,Variant 21,21,2016-04-14T17:04:18.000,2016-04-14T16:47:13.000
End,109209,End,End,End,Fluxicon Disco,Variant 21,21,2016-04-14T17:04:18.000,2016-04-14T17:04:18.000
Start,109213,Start,Start,Start,Fluxicon Disco,Variant 18,18,2016-04-11T18:15:33.000,2016-04-11T18:15:33.000
Traer informacion estudiante - banner,109213,22736,Traer informacion estudiante - banner,22736,Fluxicon Disco,Variant 18,18,2016-04-11T18:15:33.000,2016-04-11T18:15:33.000
Radicar Solicitud Homologacion,109213,22736,Radicar Solicitud Homologacion,22736,Fluxicon Disco,Variant 18,18,2016-04-11T18:15:59.000,2016-04-11T18:15:35.000
Validar solicitud,109213,7297,Validar solicitud,7297,Fluxicon Disco,Variant 18,18,2016-04-11T18:59:57.000,2016-04-11T18:40:29.000
Homologacion por grupo de cursos,109213,7297,Homologacion por grupo de cursos,7297,Fluxicon Disco,Variant 18,18,2016-04-14T00:34:44.000,2016-04-14T00:09:08.000
Cancelar curso,109213,7297,Cancelar curso,7297,Fluxicon Disco,Variant 18,18,2016-04-14T00:34:45.000,2016-04-14T00:09:09.000
End,109213,End,End,End,Fluxicon Disco,Variant 18,18,2016-04-14T00:34:45.000,2016-04-14T00:34:45.000
Start,109219,Start,Start,Start,Fluxicon Disco,Variant 3,3,2016-04-11T22:08:08.000,2016-04-11T22:08:08.000
Traer informacion estudiante - banner,109219,7963,Traer informacion estudiante - banner,7963,Fluxicon Disco,Variant 3,3,2016-04-11T22:08:08.000,2016-04-11T22:08:08.000
Radicar Solicitud Homologacion,109219,7963,Radicar Solicitud Homologacion,7963,Fluxicon Disco,Variant 3,3,2016-04-11T22:08:22.000,2016-04-11T22:08:09.000
Validar solicitud,109219,1707,Validar solicitud,1707,Fluxicon Disco,Variant 3,3,2016-04-11T22:49:24.000,2016-04-11T22:21:11.000
Homologacion por grupo de cursos,109219,15930,Homologacion por grupo de cursos,15930,Fluxicon Disco,Variant 3,3,2016-04-15T18:41:30.000,2016-04-15T16:35:06.000
Revisar curso,109219,1707,Revisar curso,1707,Fluxicon Disco,Variant 3,3,2016-04-15T18:02:23.000,2016-04-15T16:35:06.000
Evaluacion curso,109219,1707,Evaluacion curso,1707,Fluxicon Disco,Variant 3,3,2016-05-02T16:15:29.000,2016-05-02T15:52:22.000
Validacion final,109219,1707,Validacion final,1707,Fluxicon Disco,Variant 3,3,2016-05-05T14:55:12.000,2016-05-05T14:55:12.000
Visto Bueno Cierre Proceso,109219,15930,Visto Bueno Cierre Proceso,15930,Fluxicon Disco,Variant 3,3,2016-05-05T15:11:49.000,2016-05-05T14:55:49.000
End,109219,End,End,End,Fluxicon Disco,Variant 3,3,2016-05-05T15:11:49.000,2016-05-05T15:11:49.000
Start,109221,Start,Start,Start,Fluxicon Disco,Variant 83,83,2016-04-11T23:00:10.000,2016-04-11T23:00:10.000
Radicar Solicitud Homologacion,109401,17965,Radicar Solicitud Homologacion,17965,Fluxicon Disco,Variant 5,5,2016-04-12T03:57:49.000,2016-04-12T03:57:49.000
Notificacion estudiante cancelacion soli,109401,1,Notificacion estudiante cancelacion soli,1,Fluxicon Disco,Variant 5,5,2016-04-20T23:24:01.000,2016-04-20T23:24:01.000
End,109401,End,End,End,Fluxicon Disco,Variant 5,5,2016-04-20T23:24:01.000,2016-04-20T23:24:01.000
Start,109452,Start,Start,Start,Fluxicon Disco,Variant 7,7,2016-04-12T14:39:27.000,2016-04-12T14:39:27.000
Traer informacion estudiante - banner,109452,18317,Traer informacion estudiante - banner,18317,Fluxicon Disco,Variant 7,7,2016-04-12T14:39:27.000,2016-04-12T14:39:27.000
Radicar Solicitud Homologacion,109452,18317,Radicar Solicitud Homologacion,18317,Fluxicon Disco,Variant 7,7,2016-04-12T15:20:43.000,2016-04-12T14:39:30.000
Cancelar Solicitud,109452,18317,Cancelar Solicitud,18317,Fluxicon Disco,Variant 7,7,2016-04-19T20:52:26.000,2016-04-19T16:13:40.000
Validar solicitud,109452,559,Validar solicitud,559,Fluxicon Disco,Variant 7,7,2016-04-19T20:01:32.000,2016-04-19T16:13:40.000
Notificacion estudiante cancelacion soli,109452,18317,Notificacion estudiante cancelacion soli,18317,Fluxicon Disco,Variant 7,7,2016-06-10T13:23:19.000,2016-06-10T13:23:19.000
End,109452,End,End,End,Fluxicon Disco,Variant 7,7,2016-06-10T13:23:19.000,2016-06-10T13:23:19.000
Start,109454,Start,Start,Start,Fluxicon Disco,Variant 4,4,2016-04-12T15:06:11.000,2016-04-12T15:06:11.000
Traer informacion estudiante - banner,109454,5571,Traer informacion estudiante - banner,5571,Fluxicon Disco,Variant 4,4,2016-04-12T15:06:11.000,2016-04-12T15:06:11.000
Radicar Solicitud Homologacion,109454,5571,Radicar Solicitud Homologacion,5571,Fluxicon Disco,Variant 4,4,2016-04-12T15:06:24.000,2016-04-12T15:06:12.000
Validar solicitud,109454,22475,Validar solicitud,22475,Fluxicon Disco,Variant 4,4,2016-04-12T15:21:16.000,2016-04-12T15:18:51.000
Homologacion por grupo de cursos,109454,22475,Homologacion por grupo de cursos,22475,Fluxicon Disco,Variant 4,4,2016-04-12T18:01:11.000,2016-04-12T17:43:55.000
Revisar curso,109454,22475,Revisar curso,22475,Fluxicon Disco,Variant 4,4,2016-04-12T17:43:55.000,2016-04-12T17:43:55.000
Evaluacion curso,109454,22439,Evaluacion curso,22439,Fluxicon Disco,Variant 4,4,2016-04-12T18:01:35.000,2016-04-12T17:44:20.000
Validar solicitud / pre-homologacion,109454,22475,Validar solicitud / pre-homologacion,22475,Fluxicon Disco,Variant 4,4,2016-04-14T20:45:57.000,2016-04-14T20:45:57.000
End,109454,End,End,End,Fluxicon Disco,Variant 4,4,2016-04-14T20:45:57.000,2016-04-14T20:45:57.000
Start,109502,Start,Start,Start,Fluxicon Disco,Variant 42,42,2016-04-12T16:13:10.000,2016-04-12T16:13:10.000
Revisar curso,109502,22475,Revisar curso,22475,Fluxicon Disco,Variant 42,42,2016-04-12T16:13:10.000,2016-04-12T16:13:10.000
Homologacion por grupo de cursos,109502,22475,Homologacion por grupo de cursos,22475,Fluxicon Disco,Variant 42,42,2016-04-12T16:31:56.000,2016-04-12T16:13:10.000
Evaluacion curso,109502,22439,Evaluacion curso,22439,Fluxicon Disco,Variant 42,42,2016-04-12T16:32:16.000,2016-04-12T16:13:30.000
Traer informacion estudiante - banner,109502,6159,Traer informacion estudiante - banner,6159,Fluxicon Disco,Variant 42,42,2016-04-12T18:02:52.000,2016-04-12T18:02:52.000
Radicar Solicitud Homologacion,109502,6159,Radicar Solicitud Homologacion,6159,Fluxicon Disco,Variant 42,42,2016-04-12T18:03:02.000,2016-04-12T18:02:56.000
Validar solicitud,109502,22475,Validar solicitud,22475,Fluxicon Disco,Variant 42,42,2016-04-12T18:09:44.000,2016-04-12T18:09:44.000
Validar solicitud / pre-homologacion,109502,22475,Validar solicitud / pre-homologacion,22475,Fluxicon Disco,Variant 42,42,2016-04-14T20:44:23.000,2016-04-14T20:44:23.000
End,109502,End,End,End,Fluxicon Disco,Variant 42,42,2016-04-14T20:44:23.000,2016-04-14T20:44:23.000
Start,109503,Start,Start,Start,Fluxicon Disco,Variant 42,42,2016-04-12T16:23:13.000,2016-04-12T16:23:13.000
Revisar curso,109503,22475,Revisar curso,22475,Fluxicon Disco,Variant 42,42,2016-04-12T16:23:13.000,2016-04-12T16:23:13.000
Homologacion por grupo de cursos,109503,22475,Homologacion por grupo de cursos,22475,Fluxicon Disco,Variant 42,42,2016-04-12T16:41:49.000,2016-04-12T16:23:13.000
Evaluacion curso,109503,22439,Evaluacion curso,22439,Fluxicon Disco,Variant 42,42,2016-04-12T16:42:32.000,2016-04-12T16:23:56.000
Traer informacion estudiante - banner,109503,6204,Traer informacion estudiante - banner,6204,Fluxicon Disco,Variant 42,42,2016-04-12T18:10:42.000,2016-04-12T18:10:42.000
Radicar Solicitud Homologacion,109503,6204,Radicar Solicitud Homologacion,6204,Fluxicon Disco,Variant 42,42,2016-04-12T18:10:46.000,2016-04-12T18:10:43.000
Validar solicitud,109503,22475,Validar solicitud,22475,Fluxicon Disco,Variant 42,42,2016-04-12T18:14:37.000,2016-04-12T18:14:37.000
Validar solicitud / pre-homologacion,109503,22475,Validar solicitud / pre-homologacion,22475,Fluxicon Disco,Variant 42,42,2016-04-14T20:46:42.000,2016-04-14T20:46:42.000
End,109503,End,End,End,Fluxicon Disco,Variant 42,42,2016-04-14T20:46:42.000,2016-04-14T20:46:42.000
Start,109505,Start,Start,Start,Fluxicon Disco,Variant 2,2,2016-04-12T19:14:06.000,2016-04-12T19:14:06.000
Traer informacion estudiante - banner,109505,3796,Traer informacion estudiante - banner,3796,Fluxicon Disco,Variant 2,2,2016-04-12T19:14:06.000,2016-04-12T19:14:06.000
Radicar Solicitud Homologacion,109505,3796,Radicar Solicitud Homologacion,3796,Fluxicon Disco,Variant 2,2,2016-04-12T19:14:09.000,2016-04-12T19:14:09.000
Validar solicitud,109505,18929,Validar solicitud,18929,Fluxicon Disco,Variant 2,2,2016-04-12T21:11:02.000,2016-04-12T19:27:02.000
Homologacion por grupo de cursos,109505,957,Homologacion por grupo de cursos,957,Fluxicon Disco,Variant 2,2,2016-04-29T22:50:38.000,2016-04-29T19:49:15.000
End,109505,End,End,End,Fluxicon Disco,Variant 2,2,2016-04-29T22:50:38.000,2016-04-29T22:50:38.000
Start,109552,Start,Start,Start,Fluxicon Disco,Variant 20,20,2016-04-12T19:55:53.000,2016-04-12T19:55:53.000
Traer informacion estudiante - banner,109552,7682,Traer informacion estudiante - banner,7682,Fluxicon Disco,Variant 20,20,2016-04-12T19:55:53.000,2016-04-12T19:55:53.000
Radicar Solicitud Homologacion,109552,7682,Radicar Solicitud Homologacion,7682,Fluxicon Disco,Variant 20,20,2016-04-12T19:59:08.000,2016-04-12T19:55:56.000
Validar solicitud,109552,22404,Validar solicitud,22404,Fluxicon Disco,Variant 20,20,2016-04-13T00:13:46.000,2016-04-13T00:12:59.000
Homologacion por grupo de cursos,109552,4560,Homologacion por grupo de cursos,4560,Fluxicon Disco,Variant 20,20,2016-04-13T15:42:53.000,2016-04-13T14:30:37.000
Revisar curso,109552,241,Revisar curso,241,Fluxicon Disco,Variant 20,20,2016-04-13T15:18:07.000,2016-04-13T14:30:38.000
Evaluacion curso,109552,241,Evaluacion curso,241,Fluxicon Disco,Variant 20,20,2016-04-21T00:36:18.000,2016-04-21T00:29:57.000
Validacion final,109552,22404,Validacion final,22404,Fluxicon Disco,Variant 20,20,2016-04-21T22:53:27.000,2016-04-21T22:51:19.000
Visto Bueno Cierre Proceso,109552,4560,Visto Bueno Cierre Proceso,4560,Fluxicon Disco,Variant 20,20,2016-04-22T12:52:25.000,2016-04-22T12:36:09.000
Transferir Creditos,109552,4560,Transferir Creditos,4560,Fluxicon Disco,Variant 20,20,2016-04-26T15:16:41.000,2016-04-26T15:16:41.000
Transferir creditos homologables,109552,4560,Transferir creditos homologables,4560,Fluxicon Disco,Variant 20,20,2016-04-26T15:16:41.000,2016-04-26T15:16:41.000
Transferir creditos homologables,109552,4560,Transferir creditos homologables,4560,Fluxicon Disco,Variant 20,20,2016-04-26T15:16:42.000,2016-04-26T15:16:42.000
End,109552,End,End,End,Fluxicon Disco,Variant 20,20,2016-04-26T15:16:42.000,2016-04-26T15:16:42.000
Start,109555,Start,Start,Start,Fluxicon Disco,Variant 11,11,2016-04-12T21:29:58.000,2016-04-12T21:29:58.000
Traer informacion estudiante - banner,109555,7775,Traer informacion estudiante - banner,7775,Fluxicon Disco,Variant 11,11,2016-04-12T21:29:58.000,2016-04-12T21:29:58.000
Radicar Solicitud Homologacion,109555,7775,Radicar Solicitud Homologacion,7775,Fluxicon Disco,Variant 11,11,2016-04-12T21:30:05.000,2016-04-12T21:30:00.000
Validar solicitud,109555,7080,Validar solicitud,7080,Fluxicon Disco,Variant 11,11,2016-04-12T22:49:55.000,2016-04-12T21:35:52.000
Homologacion por grupo de cursos,109555,6889,Homologacion por grupo de cursos,6889,Fluxicon Disco,Variant 11,11,2016-04-26T01:26:34.000,2016-04-25T23:39:33.000
Revisar curso,109555,7080,Revisar curso,7080,Fluxicon Disco,Variant 11,11,2016-04-25T23:39:36.000,2016-04-25T23:39:33.000
Evaluacion curso,109555,22485,Evaluacion curso,22485,Fluxicon Disco,Variant 11,11,2016-04-26T00:35:36.000,2016-04-25T23:42:47.000
Validacion final,109555,7080,Validacion final,7080,Fluxicon Disco,Variant 11,11,2016-05-04T18:32:12.000,2016-05-04T18:32:09.000
Visto Bueno Cierre Proceso,109555,6889,Visto Bueno Cierre Proceso,6889,Fluxicon Disco,Variant 11,11,2016-05-04T19:29:15.000,2016-05-04T18:35:09.000
Transferir Creditos,109555,6889,Transferir Creditos,6889,Fluxicon Disco,Variant 11,11,2016-05-16T16:41:25.000,2016-05-16T16:41:25.000
Transferir creditos homologables,109555,6889,Transferir creditos homologables,6889,Fluxicon Disco,Variant 11,11,2016-05-16T16:41:26.000,2016-05-16T16:41:26.000
End,109555,End,End,End,Fluxicon Disco,Variant 11,11,2016-05-16T16:41:26.000,2016-05-16T16:41:26.000
Start,109556,Start,Start,Start,Fluxicon Disco,Variant 1,1,2016-04-12T22:10:09.000,2016-04-12T22:10:09.000
Traer informacion estudiante - banner,109556,12196,Traer informacion estudiante - banner,12196,Fluxicon Disco,Variant 1,1,2016-04-12T22:10:09.000,2016-04-12T22:10:09.000
Radicar Solicitud Homologacion,109556,12196,Radicar Solicitud Homologacion,12196,Fluxicon Disco,Variant 1,1,2016-04-12T22:12:37.000,2016-04-12T22:10:12.000
Cancelar Solicitud,109556,12196,Cancelar Solicitud,12196,Fluxicon Disco,Variant 1,1,2016-04-13T00:36:27.000,2016-04-13T00:36:04.000
Notificacion estudiante cancelacion soli,109556,12196,Notificacion estudiante cancelacion soli,12196,Fluxicon Disco,Variant 1,1,2016-04-13T01:18:11.000,2016-04-13T01:18:11.000
End,109556,End,End,End,Fluxicon Disco,Variant 1,1,2016-04-13T01:18:11.000,2016-04-13T01:18:11.000
Start,109602,Start,Start,Start,Fluxicon Disco,Variant 2,2,2016-04-13T02:25:21.000,2016-04-13T02:25:21.000
Traer informacion estudiante - banner,109602,15345,Traer informacion estudiante - banner,15345,Fluxicon Disco,Variant 2,2,2016-04-13T02:25:21.000,2016-04-13T02:25:21.000
Radicar Solicitud Homologacion,109602,15345,Radicar Solicitud Homologacion,15345,Fluxicon Disco,Variant 2,2,2016-04-13T02:25:22.000,2016-04-13T02:25:22.000
Validar solicitud,109602,18929,Validar solicitud,18929,Fluxicon Disco,Variant 2,2,2016-04-13T04:42:53.000,2016-04-13T02:40:05.000
Homologacion por grupo de cursos,109602,18929,Homologacion por grupo de cursos,18929,Fluxicon Disco,Variant 2,2,2016-05-04T20:28:56.000,2016-05-04T17:48:51.000
End,109602,End,End,End,Fluxicon Disco,Variant 2,2,2016-05-04T20:28:56.000,2016-05-04T20:28:56.000
Start,109603,Start,Start,Start,Fluxicon Disco,Variant 36,36,2016-04-13T02:57:28.000,2016-04-13T02:57:28.000
Traer informacion estudiante - banner,109603,3057,Traer informacion estudiante - banner,3057,Fluxicon Disco,Variant 36,36,2016-04-13T02:57:28.000,2016-04-13T02:57:28.000
Radicar Solicitud Homologacion,109603,3057,Radicar Solicitud Homologacion,3057,Fluxicon Disco,Variant 36,36,2016-04-13T02:57:29.000,2016-04-13T02:57:29.000
Validar solicitud,109603,19019,Validar solicitud,19019,Fluxicon Disco,Variant 36,36,2016-04-13T03:10:35.000,2016-04-13T03:09:47.000
Homologacion por grupo de cursos,109603,1007,Homologacion por grupo de cursos,1007,Fluxicon Disco,Variant 36,36,2016-04-13T15:48:41.000,2016-04-13T15:48:39.000
Validacion final,109603,19019,Validacion final,19019,Fluxicon Disco,Variant 36,36,2016-04-13T15:48:41.000,2016-04-13T15:48:40.000
Visto Bueno Cierre Proceso,109603,1007,Visto Bueno Cierre Proceso,1007,Fluxicon Disco,Variant 36,36,2016-04-13T15:49:51.000,2016-04-13T15:49:51.000
Transferir Creditos,109603,1007,Transferir Creditos,1007,Fluxicon Disco,Variant 36,36,2016-04-13T15:50:44.000,2016-04-13T15:50:44.000
Transferir creditos homologables,109603,1007,Transferir creditos homologables,1007,Fluxicon Disco,Variant 36,36,2016-04-13T15:50:45.000,2016-04-13T15:50:45.000
End,109603,End,End,End,Fluxicon Disco,Variant 36,36,2016-04-13T15:50:45.000,2016-04-13T15:50:45.000
Start,109753,Start,Start,Start,Fluxicon Disco,Variant 85,85,2016-04-13T15:34:52.000,2016-04-13T15:34:52.000
Homologacion por grupo de cursos,109753,1007,Homologacion por grupo de cursos,1007,Fluxicon Disco,Variant 85,85,2016-04-13T16:12:33.000,2016-04-13T15:34:52.000
Validacion final,109753,19019,Validacion final,19019,Fluxicon Disco,Variant 85,85,2016-04-13T15:34:53.000,2016-04-13T15:34:53.000
Visto Bueno Cierre Proceso,109753,1007,Visto Bueno Cierre Proceso,1007,Fluxicon Disco,Variant 85,85,2016-04-13T16:12:46.000,2016-04-13T15:35:05.000
Traer informacion estudiante - banner,109753,3926,Traer informacion estudiante - banner,3926,Fluxicon Disco,Variant 85,85,2016-04-13T17:10:11.000,2016-04-13T17:10:11.000
Radicar Solicitud Homologacion,109753,3926,Radicar Solicitud Homologacion,3926,Fluxicon Disco,Variant 85,85,2016-04-13T17:10:30.000,2016-04-13T17:10:12.000
Validar solicitud,109753,19019,Validar solicitud,19019,Fluxicon Disco,Variant 85,85,2016-04-13T17:28:43.000,2016-04-13T17:28:43.000
Transferir Creditos,109753,1007,Transferir Creditos,1007,Fluxicon Disco,Variant 85,85,2016-04-19T23:16:45.000,2016-04-19T23:16:45.000
Transferir creditos homologables,109753,1007,Transferir creditos homologables,1007,Fluxicon Disco,Variant 85,85,2016-04-19T23:16:45.000,2016-04-19T23:16:45.000
End,109753,End,End,End,Fluxicon Disco,Variant 85,85,2016-04-19T23:16:45.000,2016-04-19T23:16:45.000
Start,109754,Start,Start,Start,Fluxicon Disco,Variant 1,1,2016-04-13T17:38:02.000,2016-04-13T17:38:02.000
Traer informacion estudiante - banner,109754,2981,Traer informacion estudiante - banner,2981,Fluxicon Disco,Variant 1,1,2016-04-13T17:38:02.000,2016-04-13T17:38:02.000
Radicar Solicitud Homologacion,109754,2981,Radicar Solicitud Homologacion,2981,Fluxicon Disco,Variant 1,1,2016-04-13T17:38:31.000,2016-04-13T17:38:03.000
Cancelar Solicitud,109754,2981,Cancelar Solicitud,2981,Fluxicon Disco,Variant 1,1,2016-04-13T18:06:23.000,2016-04-13T18:06:15.000
Notificacion estudiante cancelacion soli,109754,2981,Notificacion estudiante cancelacion soli,2981,Fluxicon Disco,Variant 1,1,2016-04-13T18:14:28.000,2016-04-13T18:14:28.000
End,109754,End,End,End,Fluxicon Disco,Variant 1,1,2016-04-13T18:14:28.000,2016-04-13T18:14:28.000
Start,109755,Start,Start,Start,Fluxicon Disco,Variant 3,3,2016-04-13T17:49:11.000,2016-04-13T17:49:11.000
Traer informacion estudiante - banner,109755,6872,Traer informacion estudiante - banner,6872,Fluxicon Disco,Variant 3,3,2016-04-13T17:49:11.000,2016-04-13T17:49:11.000
Radicar Solicitud Homologacion,109755,6872,Radicar Solicitud Homologacion,6872,Fluxicon Disco,Variant 3,3,2016-04-13T18:27:33.000,2016-04-13T17:49:14.000
Validar solicitud,109755,1707,Validar solicitud,1707,Fluxicon Disco,Variant 3,3,2016-04-20T16:43:35.000,2016-04-20T16:09:11.000
Homologacion por grupo de cursos,109755,15930,Homologacion por grupo de cursos,15930,Fluxicon Disco,Variant 3,3,2016-04-26T22:21:44.000,2016-04-26T18:33:18.000
Revisar curso,109755,1707,Revisar curso,1707,Fluxicon Disco,Variant 3,3,2016-04-26T19:02:43.000,2016-04-26T18:33:19.000
Evaluacion curso,109755,7010,Evaluacion curso,7010,Fluxicon Disco,Variant 3,3,2016-05-02T18:52:43.000,2016-05-02T15:58:18.000
Validacion final,109755,1707,Validacion final,1707,Fluxicon Disco,Variant 3,3,2016-06-03T00:24:51.000,2016-06-03T00:23:34.000
Visto Bueno Cierre Proceso,109755,15930,Visto Bueno Cierre Proceso,15930,Fluxicon Disco,Variant 3,3,2016-06-03T16:04:51.000,2016-06-03T15:41:33.000
End,109755,End,End,End,Fluxicon Disco,Variant 3,3,2016-06-03T16:04:51.000,2016-06-03T16:04:51.000
Start,109757,Start,Start,Start,Fluxicon Disco,Variant 1,1,2016-04-13T18:15:12.000,2016-04-13T18:15:12.000
Traer informacion estudiante - banner,109757,2981,Traer informacion estudiante - banner,2981,Fluxicon Disco,Variant 1,1,2016-04-13T18:15:12.000,2016-04-13T18:15:12.000
Radicar Solicitud Homologacion,109757,2981,Radicar Solicitud Homologacion,2981,Fluxicon Disco,Variant 1,1,2016-04-13T18:15:23.000,2016-04-13T18:15:13.000
Cancelar Solicitud,109757,2981,Cancelar Solicitud,2981,Fluxicon Disco,Variant 1,1,2016-04-13T18:25:41.000,2016-04-13T18:25:38.000
Notificacion estudiante cancelacion soli,109757,2981,Notificacion estudiante cancelacion soli,2981,Fluxicon Disco,Variant 1,1,2016-04-13T18:29:14.000,2016-04-13T18:29:14.000
End,109757,End,End,End,Fluxicon Disco,Variant 1,1,2016-04-13T18:29:14.000,2016-04-13T18:29:14.000
Start,109758,Start,Start,Start,Fluxicon Disco,Variant 18,18,2016-04-13T18:29:27.000,2016-04-13T18:29:27.000
Traer informacion estudiante - banner,109758,2981,Traer informacion estudiante - banner,2981,Fluxicon Disco,Variant 18,18,2016-04-13T18:29:27.000,2016-04-13T18:29:27.000
Radicar Solicitud Homologacion,109758,2981,Radicar Solicitud Homologacion,2981,Fluxicon Disco,Variant 18,18,2016-04-13T18:29:37.000,2016-04-13T18:29:28.000
Validar solicitud,109758,677,Validar solicitud,677,Fluxicon Disco,Variant 18,18,2016-04-13T19:00:33.000,2016-04-13T18:39:20.000
Homologacion por grupo de cursos,109758,677,Homologacion por grupo de cursos,677,Fluxicon Disco,Variant 18,18,2016-04-18T15:52:46.000,2016-04-18T15:52:44.000
Cancelar curso,109758,677,Cancelar curso,677,Fluxicon Disco,Variant 18,18,2016-04-18T15:52:47.000,2016-04-18T15:52:45.000
End,109758,End,End,End,Fluxicon Disco,Variant 18,18,2016-04-18T15:52:47.000,2016-04-18T15:52:47.000
Start,110251,Start,Start,Start,Fluxicon Disco,Variant 30,30,2016-04-14T23:08:02.000,2016-04-14T23:08:02.000
Traer informacion estudiante - banner,110251,22829,Traer informacion estudiante - banner,22829,Fluxicon Disco,Variant 30,30,2016-04-14T23:08:02.000,2016-04-14T23:08:02.000
Radicar Solicitud Homologacion,110251,22829,Radicar Solicitud Homologacion,22829,Fluxicon Disco,Variant 30,30,2016-04-14T23:08:16.000,2016-04-14T23:08:09.000
Validar solicitud,110251,22475,Validar solicitud,22475,Fluxicon Disco,Variant 30,30,2016-04-14T23:16:58.000,2016-04-14T23:15:50.000
Homologacion por grupo de cursos,110251,1343,Homologacion por grupo de cursos,1343,Fluxicon Disco,Variant 30,30,2016-04-15T03:40:31.000,2016-04-15T00:24:47.000
Revisar curso,110251,49,Revisar curso,49,Fluxicon Disco,Variant 30,30,2016-04-15T00:31:52.000,2016-04-15T00:24:48.000
Evaluacion curso,110251,49,Evaluacion curso,49,Fluxicon Disco,Variant 30,30,2016-04-16T02:20:57.000,2016-04-15T23:29:23.000
Visto Bueno Cierre Proceso,110251,1343,Visto Bueno Cierre Proceso,1343,Fluxicon Disco,Variant 30,30,2016-05-18T15:25:10.000,2016-05-18T15:06:08.000
Validacion final,110251,22475,Validacion final,22475,Fluxicon Disco,Variant 30,30,2016-05-18T17:04:04.000,2016-05-18T17:04:04.000
Transferir Creditos,110251,1343,Transferir Creditos,1343,Fluxicon Disco,Variant 30,30,2016-05-20T18:08:48.000,2016-05-20T18:08:48.000
Transferir creditos homologables,110251,1343,Transferir creditos homologables,1343,Fluxicon Disco,Variant 30,30,2016-05-20T18:08:48.000,2016-05-20T18:08:48.000
End,110251,End,End,End,Fluxicon Disco,Variant 30,30,2016-05-20T18:08:48.000,2016-05-20T18:08:48.000
Start,110452,Start,Start,Start,Fluxicon Disco,Variant 30,30,2016-04-15T14:06:12.000,2016-04-15T14:06:12.000
Traer informacion estudiante - banner,110452,26259,Traer informacion estudiante - banner,26259,Fluxicon Disco,Variant 30,30,2016-04-15T14:06:12.000,2016-04-15T14:06:12.000
Radicar Solicitud Homologacion,110452,26259,Radicar Solicitud Homologacion,26259,Fluxicon Disco,Variant 30,30,2016-04-15T14:15:17.000,2016-04-15T14:06:15.000
Validar solicitud,110452,19019,Validar solicitud,19019,Fluxicon Disco,Variant 30,30,2016-04-18T16:03:47.000,2016-04-18T16:02:20.000
Homologacion por grupo de cursos,110452,1007,Homologacion por grupo de cursos,1007,Fluxicon Disco,Variant 30,30,2016-04-18T19:53:40.000,2016-04-18T17:29:42.000
Revisar curso,110452,659,Revisar curso,659,Fluxicon Disco,Variant 30,30,2016-04-18T17:30:22.000,2016-04-18T17:29:43.000
Evaluacion curso,110452,659,Evaluacion curso,659,Fluxicon Disco,Variant 30,30,2016-04-18T18:30:12.000,2016-04-18T18:09:16.000
Visto Bueno Cierre Proceso,110452,1007,Visto Bueno Cierre Proceso,1007,Fluxicon Disco,Variant 30,30,2016-04-21T16:29:01.000,2016-04-21T14:26:33.000
Validacion final,110452,19019,Validacion final,19019,Fluxicon Disco,Variant 30,30,2016-04-21T15:05:30.000,2016-04-21T15:05:30.000
Transferir Creditos,110452,1007,Transferir Creditos,1007,Fluxicon Disco,Variant 30,30,2016-05-13T17:28:16.000,2016-05-13T17:28:16.000
Transferir creditos homologables,110452,1007,Transferir creditos homologables,1007,Fluxicon Disco,Variant 30,30,2016-05-13T17:28:16.000,2016-05-13T17:28:16.000
End,110452,End,End,End,Fluxicon Disco,Variant 30,30,2016-05-13T17:28:16.000,2016-05-13T17:28:16.000
Start,110454,Start,Start,Start,Fluxicon Disco,Variant 1,1,2016-04-15T15:45:47.000,2016-04-15T15:45:47.000
Traer informacion estudiante - banner,110454,7144,Traer informacion estudiante - banner,7144,Fluxicon Disco,Variant 1,1,2016-04-15T15:45:47.000,2016-04-15T15:45:47.000
Radicar Solicitud Homologacion,110454,7144,Radicar Solicitud Homologacion,7144,Fluxicon Disco,Variant 1,1,2016-04-15T15:47:30.000,2016-04-15T15:45:51.000
Cancelar Solicitud,110454,19019,Cancelar Solicitud,19019,Fluxicon Disco,Variant 1,1,2016-04-15T17:32:52.000,2016-04-15T17:25:00.000
Notificacion estudiante cancelacion soli,110454,19019,Notificacion estudiante cancelacion soli,19019,Fluxicon Disco,Variant 1,1,2016-04-18T17:17:32.000,2016-04-18T17:17:32.000
End,110454,End,End,End,Fluxicon Disco,Variant 1,1,2016-04-18T17:17:32.000,2016-04-18T17:17:32.000
Start,110456,Start,Start,Start,Fluxicon Disco,Variant 1,1,2016-04-15T16:54:10.000,2016-04-15T16:54:10.000
Traer informacion estudiante - banner,110456,7144,Traer informacion estudiante - banner,7144,Fluxicon Disco,Variant 1,1,2016-04-15T16:54:10.000,2016-04-15T16:54:10.000
Radicar Solicitud Homologacion,110456,7144,Radicar Solicitud Homologacion,7144,Fluxicon Disco,Variant 1,1,2016-04-15T17:05:25.000,2016-04-15T16:54:12.000
Cancelar Solicitud,110456,19019,Cancelar Solicitud,19019,Fluxicon Disco,Variant 1,1,2016-04-18T22:14:06.000,2016-04-18T22:07:14.000
Notificacion estudiante cancelacion soli,110456,19019,Notificacion estudiante cancelacion soli,19019,Fluxicon Disco,Variant 1,1,2016-04-19T20:30:19.000,2016-04-19T20:30:19.000
End,110456,End,End,End,Fluxicon Disco,Variant 1,1,2016-04-19T20:30:19.000,2016-04-19T20:30:19.000
Start,110457,Start,Start,Start,Fluxicon Disco,Variant 1,1,2016-04-15T16:58:06.000,2016-04-15T16:58:06.000
Traer informacion estudiante - banner,110457,7144,Traer informacion estudiante - banner,7144,Fluxicon Disco,Variant 1,1,2016-04-15T16:58:06.000,2016-04-15T16:58:06.000
Radicar Solicitud Homologacion,110457,7144,Radicar Solicitud Homologacion,7144,Fluxicon Disco,Variant 1,1,2016-04-15T16:58:42.000,2016-04-15T16:58:07.000
Cancelar Solicitud,110457,19019,Cancelar Solicitud,19019,Fluxicon Disco,Variant 1,1,2016-04-15T17:40:58.000,2016-04-15T17:33:13.000
Notificacion estudiante cancelacion soli,110457,19019,Notificacion estudiante cancelacion soli,19019,Fluxicon Disco,Variant 1,1,2016-04-18T17:18:19.000,2016-04-18T17:18:19.000
End,110457,End,End,End,Fluxicon Disco,Variant 1,1,2016-04-18T17:18:19.000,2016-04-18T17:18:19.000
Start,110459,Start,Start,Start,Fluxicon Disco,Variant 4,4,2016-04-15T17:30:09.000,2016-04-15T17:30:09.000
Traer informacion estudiante - banner,110459,5488,Traer informacion estudiante - banner,5488,Fluxicon Disco,Variant 4,4,2016-04-15T17:30:09.000,2016-04-15T17:30:09.000
Radicar Solicitud Homologacion,110459,5488,Radicar Solicitud Homologacion,5488,Fluxicon Disco,Variant 4,4,2016-04-15T17:30:17.000,2016-04-15T17:30:11.000
Validar solicitud,110459,22404,Validar solicitud,22404,Fluxicon Disco,Variant 4,4,2016-04-15T17:37:45.000,2016-04-15T17:36:22.000
Homologacion por grupo de cursos,110459,22404,Homologacion por grupo de cursos,22404,Fluxicon Disco,Variant 4,4,2016-04-15T19:49:26.000,2016-04-15T19:49:26.000
Revisar curso,110459,22404,Revisar curso,22404,Fluxicon Disco,Variant 4,4,2016-04-15T19:49:27.000,2016-04-15T19:49:27.000
Evaluacion curso,110459,22404,Evaluacion curso,22404,Fluxicon Disco,Variant 4,4,2016-04-15T19:51:01.000,2016-04-15T19:51:01.000
Validar solicitud / pre-homologacion,110459,22404,Validar solicitud / pre-homologacion,22404,Fluxicon Disco,Variant 4,4,2016-04-15T20:03:54.000,2016-04-15T20:03:54.000
End,110459,End,End,End,Fluxicon Disco,Variant 4,4,2016-04-15T20:03:54.000,2016-04-15T20:03:54.000
Start,110462,Start,Start,Start,Fluxicon Disco,Variant 3,3,2016-04-15T19:20:39.000,2016-04-15T19:20:39.000
Traer informacion estudiante - banner,110462,6101,Traer informacion estudiante - banner,6101,Fluxicon Disco,Variant 3,3,2016-04-15T19:20:39.000,2016-04-15T19:20:39.000
Radicar Solicitud Homologacion,110462,6101,Radicar Solicitud Homologacion,6101,Fluxicon Disco,Variant 3,3,2016-04-15T19:20:40.000,2016-04-15T19:20:40.000
Validar solicitud,110462,22475,Validar solicitud,22475,Fluxicon Disco,Variant 3,3,2016-04-15T19:31:19.000,2016-04-15T19:31:19.000
Homologacion por grupo de cursos,110462,1343,Homologacion por grupo de cursos,1343,Fluxicon Disco,Variant 3,3,2016-04-15T22:47:21.000,2016-04-15T19:36:12.000
Revisar curso,110462,22475,Revisar curso,22475,Fluxicon Disco,Variant 3,3,2016-04-15T19:36:12.000,2016-04-15T19:36:12.000
Evaluacion curso,110462,1295,Evaluacion curso,1295,Fluxicon Disco,Variant 3,3,2016-04-15T21:01:13.000,2016-04-15T19:37:13.000
Validacion final,110462,22475,Validacion final,22475,Fluxicon Disco,Variant 3,3,2016-04-30T01:17:40.000,2016-04-30T01:17:40.000
Visto Bueno Cierre Proceso,110462,1343,Visto Bueno Cierre Proceso,1343,Fluxicon Disco,Variant 3,3,2016-05-02T16:37:13.000,2016-05-02T14:50:04.000
End,110462,End,End,End,Fluxicon Disco,Variant 3,3,2016-05-02T16:37:13.000,2016-05-02T16:37:13.000
Start,110464,Start,Start,Start,Fluxicon Disco,Variant 3,3,2016-04-15T19:37:07.000,2016-04-15T19:37:07.000
Traer informacion estudiante - banner,110464,6101,Traer informacion estudiante - banner,6101,Fluxicon Disco,Variant 3,3,2016-04-15T19:37:07.000,2016-04-15T19:37:07.000
Radicar Solicitud Homologacion,110464,6101,Radicar Solicitud Homologacion,6101,Fluxicon Disco,Variant 3,3,2016-04-15T19:38:05.000,2016-04-15T19:37:08.000
Validar solicitud,110464,22475,Validar solicitud,22475,Fluxicon Disco,Variant 3,3,2016-04-15T21:57:20.000,2016-04-15T21:57:17.000
Homologacion por grupo de cursos,110464,1343,Homologacion por grupo de cursos,1343,Fluxicon Disco,Variant 3,3,2016-04-16T01:11:17.000,2016-04-15T22:00:34.000
Revisar curso,110464,22475,Revisar curso,22475,Fluxicon Disco,Variant 3,3,2016-04-15T22:00:34.000,2016-04-15T22:00:34.000
Evaluacion curso,110464,1343,Evaluacion curso,1343,Fluxicon Disco,Variant 3,3,2016-04-16T01:11:25.000,2016-04-15T22:00:52.000
Validacion final,110464,22475,Validacion final,22475,Fluxicon Disco,Variant 3,3,2016-05-20T18:34:22.000,2016-05-20T18:34:13.000
Visto Bueno Cierre Proceso,110464,1343,Visto Bueno Cierre Proceso,1343,Fluxicon Disco,Variant 3,3,2016-05-20T18:43:43.000,2016-05-20T18:43:43.000
End,110464,End,End,End,Fluxicon Disco,Variant 3,3,2016-05-20T18:43:43.000,2016-05-20T18:43:43.000
Start,110465,Start,Start,Start,Fluxicon Disco,Variant 1,1,2016-04-15T21:32:26.000,2016-04-15T21:32:26.000
Traer informacion estudiante - banner,110465,19916,Traer informacion estudiante - banner,19916,Fluxicon Disco,Variant 1,1,2016-04-15T21:32:26.000,2016-04-15T21:32:26.000
Radicar Solicitud Homologacion,110465,19916,Radicar Solicitud Homologacion,19916,Fluxicon Disco,Variant 1,1,2016-04-15T21:32:32.000,2016-04-15T21:32:29.000
Cancelar Solicitud,110465,19916,Cancelar Solicitud,19916,Fluxicon Disco,Variant 1,1,2016-04-15T21:36:07.000,2016-04-15T21:36:07.000
Notificacion estudiante cancelacion soli,110465,19916,Notificacion estudiante cancelacion soli,19916,Fluxicon Disco,Variant 1,1,2016-04-15T21:36:45.000,2016-04-15T21:36:45.000
End,110465,End,End,End,Fluxicon Disco,Variant 1,1,2016-04-15T21:36:45.000,2016-04-15T21:36:45.000
Start,110466,Start,Start,Start,Fluxicon Disco,Variant 1,1,2016-04-15T21:38:31.000,2016-04-15T21:38:31.000
Traer informacion estudiante - banner,110466,19916,Traer informacion estudiante - banner,19916,Fluxicon Disco,Variant 1,1,2016-04-15T21:38:31.000,2016-04-15T21:38:31.000
Radicar Solicitud Homologacion,110466,19916,Radicar Solicitud Homologacion,19916,Fluxicon Disco,Variant 1,1,2016-04-15T21:38:35.000,2016-04-15T21:38:32.000
Cancelar Solicitud,110466,7297,Cancelar Solicitud,7297,Fluxicon Disco,Variant 1,1,2016-04-15T21:53:49.000,2016-04-15T21:41:53.000
Notificacion estudiante cancelacion soli,110466,7297,Notificacion estudiante cancelacion soli,7297,Fluxicon Disco,Variant 1,1,2016-04-19T15:38:06.000,2016-04-19T15:38:06.000
End,110466,End,End,End,Fluxicon Disco,Variant 1,1,2016-04-19T15:38:06.000,2016-04-19T15:38:06.000
Start,110503,Start,Start,Start,Fluxicon Disco,Variant 1,1,2016-04-15T18:25:31.000,2016-04-15T18:25:31.000
Traer informacion estudiante - banner,110503,8033,Traer informacion estudiante - banner,8033,Fluxicon Disco,Variant 1,1,2016-04-15T18:25:31.000,2016-04-15T18:25:31.000
Radicar Solicitud Homologacion,110503,8033,Radicar Solicitud Homologacion,8033,Fluxicon Disco,Variant 1,1,2016-04-15T18:35:03.000,2016-04-15T18:25:33.000
Cancelar Solicitud,110503,1707,Cancelar Solicitud,1707,Fluxicon Disco,Variant 1,1,2016-04-18T23:20:18.000,2016-04-18T21:56:32.000
Notificacion estudiante cancelacion soli,110503,1707,Notificacion estudiante cancelacion soli,1707,Fluxicon Disco,Variant 1,1,2016-05-03T15:42:42.000,2016-05-03T15:42:42.000
End,110503,End,End,End,Fluxicon Disco,Variant 1,1,2016-05-03T15:42:42.000,2016-05-03T15:42:42.000
Start,110551,Start,Start,Start,Fluxicon Disco,Variant 3,3,2016-04-15T22:17:49.000,2016-04-15T22:17:49.000
Traer informacion estudiante - banner,110551,8813,Traer informacion estudiante - banner,8813,Fluxicon Disco,Variant 3,3,2016-04-15T22:17:49.000,2016-04-15T22:17:49.000
Radicar Solicitud Homologacion,110551,8813,Radicar Solicitud Homologacion,8813,Fluxicon Disco,Variant 3,3,2016-04-15T22:32:30.000,2016-04-15T22:17:52.000
Validar solicitud,110551,677,Validar solicitud,677,Fluxicon Disco,Variant 3,3,2016-04-19T19:00:49.000,2016-04-19T18:56:46.000
Homologacion por grupo de cursos,110551,3445,Homologacion por grupo de cursos,3445,Fluxicon Disco,Variant 3,3,2016-04-20T18:43:33.000,2016-04-20T14:11:33.000
Revisar curso,110551,677,Revisar curso,677,Fluxicon Disco,Variant 3,3,2016-04-20T14:11:34.000,2016-04-20T14:11:34.000
Evaluacion curso,110551,6985,Evaluacion curso,6985,Fluxicon Disco,Variant 3,3,2016-04-20T18:32:08.000,2016-04-20T14:12:08.000
Validacion final,110551,677,Validacion final,677,Fluxicon Disco,Variant 3,3,2016-06-08T20:25:24.000,2016-06-08T20:21:11.000
Visto Bueno Cierre Proceso,110551,3445,Visto Bueno Cierre Proceso,3445,Fluxicon Disco,Variant 3,3,2016-06-09T15:21:15.000,2016-06-09T15:13:29.000
End,110551,End,End,End,Fluxicon Disco,Variant 3,3,2016-06-09T15:21:15.000,2016-06-09T15:21:15.000
Start,110552,Start,Start,Start,Fluxicon Disco,Variant 33,33,2016-04-15T21:30:21.000,2016-04-15T21:30:21.000
Cancelar Solicitud,110552,19916,Cancelar Solicitud,19916,Fluxicon Disco,Variant 33,33,2016-04-15T21:30:29.000,2016-04-15T21:30:21.000
Notificacion estudiante cancelacion soli,110552,19916,Notificacion estudiante cancelacion soli,19916,Fluxicon Disco,Variant 33,33,2016-04-15T21:38:21.000,2016-04-15T21:38:21.000
Traer informacion estudiante - banner,110552,19916,Traer informacion estudiante - banner,19916,Fluxicon Disco,Variant 33,33,2016-04-15T22:53:29.000,2016-04-15T22:53:29.000
Radicar Solicitud Homologacion,110552,19916,Radicar Solicitud Homologacion,19916,Fluxicon Disco,Variant 33,33,2016-04-15T22:53:31.000,2016-04-15T22:53:31.000
End,110552,End,End,End,Fluxicon Disco,Variant 33,33,2016-04-15T22:53:31.000,2016-04-15T22:53:31.000
Start,110602,Start,Start,Start,Fluxicon Disco,Variant 13,13,2016-04-16T01:47:55.000,2016-04-16T01:47:55.000
Traer informacion estudiante - banner,110602,13544,Traer informacion estudiante - banner,13544,Fluxicon Disco,Variant 13,13,2016-04-16T01:47:55.000,2016-04-16T01:47:55.000
Radicar Solicitud Homologacion,110602,13544,Radicar Solicitud Homologacion,13544,Fluxicon Disco,Variant 13,13,2016-04-16T01:47:58.000,2016-04-16T01:47:58.000
Validar solicitud,110602,22404,Validar solicitud,22404,Fluxicon Disco,Variant 13,13,2016-04-16T02:32:27.000,2016-04-16T02:32:27.000
Homologacion por grupo de cursos,110602,22404,Homologacion por grupo de cursos,22404,Fluxicon Disco,Variant 13,13,2016-04-18T02:43:22.000,2016-04-18T02:43:22.000
Revisar curso,110602,22404,Revisar curso,22404,Fluxicon Disco,Variant 13,13,2016-04-18T02:43:23.000,2016-04-18T02:43:23.000
Cancelar curso,110602,22404,Cancelar curso,22404,Fluxicon Disco,Variant 13,13,2016-04-18T02:43:24.000,2016-04-18T02:43:24.000
End,110602,End,End,End,Fluxicon Disco,Variant 13,13,2016-04-18T02:43:24.000,2016-04-18T02:43:24.000
Start,110603,Start,Start,Start,Fluxicon Disco,Variant 8,8,2016-04-16T02:33:49.000,2016-04-16T02:33:49.000
Traer informacion estudiante - banner,110603,13544,Traer informacion estudiante - banner,13544,Fluxicon Disco,Variant 8,8,2016-04-16T02:33:49.000,2016-04-16T02:33:49.000
Radicar Solicitud Homologacion,110603,13544,Radicar Solicitud Homologacion,13544,Fluxicon Disco,Variant 8,8,2016-04-16T02:33:50.000,2016-04-16T02:33:50.000
Cancelar Solicitud,110603,13544,Cancelar Solicitud,13544,Fluxicon Disco,Variant 8,8,2016-04-16T03:12:50.000,2016-04-16T02:40:50.000
Validar solicitud,110603,22404,Validar solicitud,22404,Fluxicon Disco,Variant 8,8,2016-04-16T02:40:50.000,2016-04-16T02:40:50.000
Revisar curso,110603,22404,Revisar curso,22404,Fluxicon Disco,Variant 8,8,2016-04-18T02:48:29.000,2016-04-18T02:48:29.000
Notificacion estudiante cancelacion soli,110603,13544,Notificacion estudiante cancelacion soli,13544,Fluxicon Disco,Variant 8,8,2016-04-22T01:18:52.000,2016-04-22T01:18:52.000
End,110603,End,End,End,Fluxicon Disco,Variant 8,8,2016-04-22T01:18:52.000,2016-04-22T01:18:52.000
Start,110606,Start,Start,Start,Fluxicon Disco,Variant 13,13,2016-04-16T03:01:13.000,2016-04-16T03:01:13.000
Traer informacion estudiante - banner,110606,13544,Traer informacion estudiante - banner,13544,Fluxicon Disco,Variant 13,13,2016-04-16T03:01:13.000,2016-04-16T03:01:13.000
Radicar Solicitud Homologacion,110606,13544,Radicar Solicitud Homologacion,13544,Fluxicon Disco,Variant 13,13,2016-04-16T03:01:15.000,2016-04-16T03:01:15.000
Validar solicitud,110606,22404,Validar solicitud,22404,Fluxicon Disco,Variant 13,13,2016-04-16T03:08:24.000,2016-04-16T03:08:24.000
Homologacion por grupo de cursos,110606,22404,Homologacion por grupo de cursos,22404,Fluxicon Disco,Variant 13,13,2016-04-18T03:05:29.000,2016-04-18T03:05:29.000
Revisar curso,110606,22404,Revisar curso,22404,Fluxicon Disco,Variant 13,13,2016-04-18T03:05:29.000,2016-04-18T03:05:29.000
Cancelar curso,110606,22404,Cancelar curso,22404,Fluxicon Disco,Variant 13,13,2016-04-18T03:05:29.000,2016-04-18T03:05:29.000
End,110606,End,End,End,Fluxicon Disco,Variant 13,13,2016-04-18T03:05:29.000,2016-04-18T03:05:29.000
Start,110607,Start,Start,Start,Fluxicon Disco,Variant 13,13,2016-04-16T03:08:48.000,2016-04-16T03:08:48.000
Traer informacion estudiante - banner,110607,13544,Traer informacion estudiante - banner,13544,Fluxicon Disco,Variant 13,13,2016-04-16T03:08:48.000,2016-04-16T03:08:48.000
Radicar Solicitud Homologacion,110607,13544,Radicar Solicitud Homologacion,13544,Fluxicon Disco,Variant 13,13,2016-04-16T03:08:49.000,2016-04-16T03:08:49.000
Validar solicitud,110607,22404,Validar solicitud,22404,Fluxicon Disco,Variant 13,13,2016-04-16T03:11:34.000,2016-04-16T03:11:34.000
Homologacion por grupo de cursos,110607,22404,Homologacion por grupo de cursos,22404,Fluxicon Disco,Variant 13,13,2016-04-18T03:07:16.000,2016-04-18T03:07:16.000
Revisar curso,110607,22404,Revisar curso,22404,Fluxicon Disco,Variant 13,13,2016-04-18T03:07:16.000,2016-04-18T03:07:16.000
Cancelar curso,110607,22404,Cancelar curso,22404,Fluxicon Disco,Variant 13,13,2016-04-18T03:07:16.000,2016-04-18T03:07:16.000
End,110607,End,End,End,Fluxicon Disco,Variant 13,13,2016-04-18T03:07:16.000,2016-04-18T03:07:16.000
Start,110608,Start,Start,Start,Fluxicon Disco,Variant 13,13,2016-04-16T03:11:50.000,2016-04-16T03:11:50.000
Traer informacion estudiante - banner,110608,13544,Traer informacion estudiante - banner,13544,Fluxicon Disco,Variant 13,13,2016-04-16T03:11:50.000,2016-04-16T03:11:50.000
Radicar Solicitud Homologacion,110608,13544,Radicar Solicitud Homologacion,13544,Fluxicon Disco,Variant 13,13,2016-04-16T03:11:51.000,2016-04-16T03:11:51.000
Validar solicitud,110608,22404,Validar solicitud,22404,Fluxicon Disco,Variant 13,13,2016-04-16T03:17:47.000,2016-04-16T03:17:47.000
Homologacion por grupo de cursos,110608,22404,Homologacion por grupo de cursos,22404,Fluxicon Disco,Variant 13,13,2016-04-18T03:11:40.000,2016-04-18T03:11:40.000
Revisar curso,110608,22404,Revisar curso,22404,Fluxicon Disco,Variant 13,13,2016-04-18T03:11:40.000,2016-04-18T03:11:40.000
Cancelar curso,110608,22404,Cancelar curso,22404,Fluxicon Disco,Variant 13,13,2016-04-18T03:11:40.000,2016-04-18T03:11:40.000
End,110608,End,End,End,Fluxicon Disco,Variant 13,13,2016-04-18T03:11:40.000,2016-04-18T03:11:40.000
Start,110609,Start,Start,Start,Fluxicon Disco,Variant 13,13,2016-04-16T03:17:58.000,2016-04-16T03:17:58.000
Traer informacion estudiante - banner,110609,13544,Traer informacion estudiante - banner,13544,Fluxicon Disco,Variant 13,13,2016-04-16T03:17:58.000,2016-04-16T03:17:58.000
Radicar Solicitud Homologacion,110609,13544,Radicar Solicitud Homologacion,13544,Fluxicon Disco,Variant 13,13,2016-04-16T03:17:59.000,2016-04-16T03:17:59.000
Validar solicitud,110609,22404,Validar solicitud,22404,Fluxicon Disco,Variant 13,13,2016-04-16T03:20:50.000,2016-04-16T03:20:50.000
Homologacion por grupo de cursos,110609,22404,Homologacion por grupo de cursos,22404,Fluxicon Disco,Variant 13,13,2016-04-18T03:13:53.000,2016-04-18T03:13:53.000
Revisar curso,110609,22404,Revisar curso,22404,Fluxicon Disco,Variant 13,13,2016-04-18T03:13:53.000,2016-04-18T03:13:53.000
Cancelar curso,110609,22404,Cancelar curso,22404,Fluxicon Disco,Variant 13,13,2016-04-18T03:13:53.000,2016-04-18T03:13:53.000
End,110609,End,End,End,Fluxicon Disco,Variant 13,13,2016-04-18T03:13:53.000,2016-04-18T03:13:53.000
Start,110611,Start,Start,Start,Fluxicon Disco,Variant 13,13,2016-04-16T03:25:08.000,2016-04-16T03:25:08.000
Traer informacion estudiante - banner,110611,13544,Traer informacion estudiante - banner,13544,Fluxicon Disco,Variant 13,13,2016-04-16T03:25:08.000,2016-04-16T03:25:08.000
Radicar Solicitud Homologacion,110611,13544,Radicar Solicitud Homologacion,13544,Fluxicon Disco,Variant 13,13,2016-04-16T03:25:09.000,2016-04-16T03:25:09.000
Validar solicitud,110611,22404,Validar solicitud,22404,Fluxicon Disco,Variant 13,13,2016-04-16T03:28:14.000,2016-04-16T03:28:14.000
Homologacion por grupo de cursos,110611,22404,Homologacion por grupo de cursos,22404,Fluxicon Disco,Variant 13,13,2016-04-18T03:18:22.000,2016-04-18T03:18:22.000
Revisar curso,110611,22404,Revisar curso,22404,Fluxicon Disco,Variant 13,13,2016-04-18T03:18:22.000,2016-04-18T03:18:22.000
Cancelar curso,110611,22404,Cancelar curso,22404,Fluxicon Disco,Variant 13,13,2016-04-18T03:18:22.000,2016-04-18T03:18:22.000
End,110611,End,End,End,Fluxicon Disco,Variant 13,13,2016-04-18T03:18:22.000,2016-04-18T03:18:22.000
Start,110701,Start,Start,Start,Fluxicon Disco,Variant 3,3,2016-04-16T18:00:44.000,2016-04-16T18:00:44.000
Traer informacion estudiante - banner,110701,11829,Traer informacion estudiante - banner,11829,Fluxicon Disco,Variant 3,3,2016-04-16T18:00:44.000,2016-04-16T18:00:44.000
Radicar Solicitud Homologacion,110701,11829,Radicar Solicitud Homologacion,11829,Fluxicon Disco,Variant 3,3,2016-04-16T18:00:51.000,2016-04-16T18:00:51.000
Validar solicitud,110701,22475,Validar solicitud,22475,Fluxicon Disco,Variant 3,3,2016-04-16T18:23:12.000,2016-04-16T18:23:12.000
Homologacion por grupo de cursos,110701,1343,Homologacion por grupo de cursos,1343,Fluxicon Disco,Variant 3,3,2016-04-18T17:48:24.000,2016-04-18T14:41:14.000
Revisar curso,110701,26757,Revisar curso,26757,Fluxicon Disco,Variant 3,3,2016-04-18T14:44:39.000,2016-04-18T14:41:15.000
Evaluacion curso,110701,26757,Evaluacion curso,26757,Fluxicon Disco,Variant 3,3,2016-04-18T18:25:01.000,2016-04-18T18:24:26.000
Validacion final,110701,22475,Validacion final,22475,Fluxicon Disco,Variant 3,3,2016-04-18T20:00:36.000,2016-04-18T19:59:35.000
Visto Bueno Cierre Proceso,110701,1343,Visto Bueno Cierre Proceso,1343,Fluxicon Disco,Variant 3,3,2016-04-19T01:03:22.000,2016-04-18T22:01:14.000
End,110701,End,End,End,Fluxicon Disco,Variant 3,3,2016-04-19T01:03:22.000,2016-04-19T01:03:22.000
Start,110851,Start,Start,Start,Fluxicon Disco,Variant 21,21,2016-04-16T22:16:59.000,2016-04-16T22:16:59.000
Traer informacion estudiante - banner,110851,6723,Traer informacion estudiante - banner,6723,Fluxicon Disco,Variant 21,21,2016-04-16T22:16:59.000,2016-04-16T22:16:59.000
Radicar Solicitud Homologacion,110851,6723,Radicar Solicitud Homologacion,6723,Fluxicon Disco,Variant 21,21,2016-04-16T22:17:03.000,2016-04-16T22:17:03.000
Validar solicitud,110851,677,Validar solicitud,677,Fluxicon Disco,Variant 21,21,2016-04-16T22:29:17.000,2016-04-16T22:28:21.000
Homologacion por grupo de cursos,110851,3445,Homologacion por grupo de cursos,3445,Fluxicon Disco,Variant 21,21,2016-04-18T16:04:26.000,2016-04-18T15:56:18.000
Validacion final,110851,677,Validacion final,677,Fluxicon Disco,Variant 21,21,2016-04-18T15:56:18.000,2016-04-18T15:56:18.000
Visto Bueno Cierre Proceso,110851,3445,Visto Bueno Cierre Proceso,3445,Fluxicon Disco,Variant 21,21,2016-04-18T16:04:48.000,2016-04-18T15:56:41.000
End,110851,End,End,End,Fluxicon Disco,Variant 21,21,2016-04-18T16:04:48.000,2016-04-18T16:04:48.000
Start,110853,Start,Start,Start,Fluxicon Disco,Variant 19,19,2016-04-16T23:11:14.000,2016-04-16T23:11:14.000
Traer informacion estudiante - banner,110853,6723,Traer informacion estudiante - banner,6723,Fluxicon Disco,Variant 19,19,2016-04-16T23:11:14.000,2016-04-16T23:11:14.000
Radicar Solicitud Homologacion,110853,6723,Radicar Solicitud Homologacion,6723,Fluxicon Disco,Variant 19,19,2016-04-16T23:11:16.000,2016-04-16T23:11:16.000
Validar solicitud,110853,677,Validar solicitud,677,Fluxicon Disco,Variant 19,19,2016-04-16T23:32:29.000,2016-04-16T23:31:40.000
Cancelar Solicitud,110853,6723,Cancelar Solicitud,6723,Fluxicon Disco,Variant 19,19,2016-04-17T01:26:13.000,2016-04-16T23:31:41.000
Revisar curso,110853,677,Revisar curso,677,Fluxicon Disco,Variant 19,19,2016-04-18T15:49:29.000,2016-04-18T15:49:29.000
Notificacion estudiante cancelacion soli,110853,6723,Notificacion estudiante cancelacion soli,6723,Fluxicon Disco,Variant 19,19,2016-05-06T17:32:31.000,2016-05-06T17:32:31.000
End,110853,End,End,End,Fluxicon Disco,Variant 19,19,2016-05-06T17:32:31.000,2016-05-06T17:32:31.000
Start,110854,Start,Start,Start,Fluxicon Disco,Variant 8,8,2016-04-16T23:34:08.000,2016-04-16T23:34:08.000
Traer informacion estudiante - banner,110854,6723,Traer informacion estudiante - banner,6723,Fluxicon Disco,Variant 8,8,2016-04-16T23:34:08.000,2016-04-16T23:34:08.000
Radicar Solicitud Homologacion,110854,6723,Radicar Solicitud Homologacion,6723,Fluxicon Disco,Variant 8,8,2016-04-16T23:34:10.000,2016-04-16T23:34:10.000
Cancelar Solicitud,110854,6723,Cancelar Solicitud,6723,Fluxicon Disco,Variant 8,8,2016-04-17T01:32:33.000,2016-04-16T23:38:01.000
Validar solicitud,110854,677,Validar solicitud,677,Fluxicon Disco,Variant 8,8,2016-04-16T23:38:58.000,2016-04-16T23:38:01.000
Revisar curso,110854,677,Revisar curso,677,Fluxicon Disco,Variant 8,8,2016-04-18T15:57:09.000,2016-04-18T15:57:09.000
Notificacion estudiante cancelacion soli,110854,6723,Notificacion estudiante cancelacion soli,6723,Fluxicon Disco,Variant 8,8,2016-05-06T17:32:59.000,2016-05-06T17:32:59.000
End,110854,End,End,End,Fluxicon Disco,Variant 8,8,2016-05-06T17:32:59.000,2016-05-06T17:32:59.000
Start,110901,Start,Start,Start,Fluxicon Disco,Variant 1,1,2016-04-17T16:33:43.000,2016-04-17T16:33:43.000
Traer informacion estudiante - banner,110901,24536,Traer informacion estudiante - banner,24536,Fluxicon Disco,Variant 1,1,2016-04-17T16:33:43.000,2016-04-17T16:33:43.000
Radicar Solicitud Homologacion,110901,24536,Radicar Solicitud Homologacion,24536,Fluxicon Disco,Variant 1,1,2016-04-17T16:33:50.000,2016-04-17T16:33:50.000
Cancelar Solicitud,110901,294,Cancelar Solicitud,294,Fluxicon Disco,Variant 1,1,2016-04-17T19:50:24.000,2016-04-17T18:53:41.000
Notificacion estudiante cancelacion soli,110901,294,Notificacion estudiante cancelacion soli,294,Fluxicon Disco,Variant 1,1,2016-04-27T15:43:53.000,2016-04-27T15:43:53.000
End,110901,End,End,End,Fluxicon Disco,Variant 1,1,2016-04-27T15:43:53.000,2016-04-27T15:43:53.000
Start,110951,Start,Start,Start,Fluxicon Disco,Variant 1,1,2016-04-17T18:54:12.000,2016-04-17T18:54:12.000
Traer informacion estudiante - banner,110951,24536,Traer informacion estudiante - banner,24536,Fluxicon Disco,Variant 1,1,2016-04-17T18:54:12.000,2016-04-17T18:54:12.000
Radicar Solicitud Homologacion,110951,24536,Radicar Solicitud Homologacion,24536,Fluxicon Disco,Variant 1,1,2016-04-17T18:54:16.000,2016-04-17T18:54:16.000
Cancelar Solicitud,110951,294,Cancelar Solicitud,294,Fluxicon Disco,Variant 1,1,2016-04-17T19:56:14.000,2016-04-17T18:59:29.000
Notificacion estudiante cancelacion soli,110951,294,Notificacion estudiante cancelacion soli,294,Fluxicon Disco,Variant 1,1,2016-04-27T15:45:00.000,2016-04-27T15:45:00.000
End,110951,End,End,End,Fluxicon Disco,Variant 1,1,2016-04-27T15:45:00.000,2016-04-27T15:45:00.000
Start,110952,Start,Start,Start,Fluxicon Disco,Variant 1,1,2016-04-17T18:58:28.000,2016-04-17T18:58:28.000
Traer informacion estudiante - banner,110952,341,Traer informacion estudiante - banner,341,Fluxicon Disco,Variant 1,1,2016-04-17T18:58:28.000,2016-04-17T18:58:28.000
Radicar Solicitud Homologacion,110952,341,Radicar Solicitud Homologacion,341,Fluxicon Disco,Variant 1,1,2016-04-17T18:58:29.000,2016-04-17T18:58:29.000
Cancelar Solicitud,110952,669,Cancelar Solicitud,669,Fluxicon Disco,Variant 1,1,2016-04-17T20:46:26.000,2016-04-17T20:35:29.000
Notificacion estudiante cancelacion soli,110952,669,Notificacion estudiante cancelacion soli,669,Fluxicon Disco,Variant 1,1,2016-04-19T17:57:52.000,2016-04-19T17:57:52.000
End,110952,End,End,End,Fluxicon Disco,Variant 1,1,2016-04-19T17:57:52.000,2016-04-19T17:57:52.000
Start,110953,Start,Start,Start,Fluxicon Disco,Variant 1,1,2016-04-17T18:59:59.000,2016-04-17T18:59:59.000
Traer informacion estudiante - banner,110953,24536,Traer informacion estudiante - banner,24536,Fluxicon Disco,Variant 1,1,2016-04-17T18:59:59.000,2016-04-17T18:59:59.000
Radicar Solicitud Homologacion,110953,24536,Radicar Solicitud Homologacion,24536,Fluxicon Disco,Variant 1,1,2016-04-17T19:00:00.000,2016-04-17T19:00:00.000
Cancelar Solicitud,110953,294,Cancelar Solicitud,294,Fluxicon Disco,Variant 1,1,2016-04-17T20:02:21.000,2016-04-17T19:05:36.000
Notificacion estudiante cancelacion soli,110953,294,Notificacion estudiante cancelacion soli,294,Fluxicon Disco,Variant 1,1,2016-04-27T15:45:53.000,2016-04-27T15:45:53.000
End,110953,End,End,End,Fluxicon Disco,Variant 1,1,2016-04-27T15:45:53.000,2016-04-27T15:45:53.000
Start,111152,Start,Start,Start,Fluxicon Disco,Variant 4,4,2016-04-18T16:20:55.000,2016-04-18T16:20:55.000
Traer informacion estudiante - banner,111152,11706,Traer informacion estudiante - banner,11706,Fluxicon Disco,Variant 4,4,2016-04-18T16:20:55.000,2016-04-18T16:20:55.000
Radicar Solicitud Homologacion,111152,11706,Radicar Solicitud Homologacion,11706,Fluxicon Disco,Variant 4,4,2016-04-18T16:21:10.000,2016-04-18T16:20:56.000
Validar solicitud,111152,22404,Validar solicitud,22404,Fluxicon Disco,Variant 4,4,2016-04-18T16:42:58.000,2016-04-18T16:35:49.000
Homologacion por grupo de cursos,111152,22404,Homologacion por grupo de cursos,22404,Fluxicon Disco,Variant 4,4,2016-04-19T17:48:31.000,2016-04-19T15:45:17.000
Revisar curso,111152,22404,Revisar curso,22404,Fluxicon Disco,Variant 4,4,2016-04-19T15:50:25.000,2016-04-19T15:45:17.000
Evaluacion curso,111152,22404,Evaluacion curso,22404,Fluxicon Disco,Variant 4,4,2016-04-20T00:52:22.000,2016-04-19T22:54:17.000
Validar solicitud / pre-homologacion,111152,22404,Validar solicitud / pre-homologacion,22404,Fluxicon Disco,Variant 4,4,2016-05-11T19:22:19.000,2016-05-11T19:22:19.000
End,111152,End,End,End,Fluxicon Disco,Variant 4,4,2016-05-11T19:22:19.000,2016-05-11T19:22:19.000
Start,111202,Start,Start,Start,Fluxicon Disco,Variant 4,4,2016-04-18T15:12:50.000,2016-04-18T15:12:50.000
Traer informacion estudiante - banner,111202,11706,Traer informacion estudiante - banner,11706,Fluxicon Disco,Variant 4,4,2016-04-18T15:12:50.000,2016-04-18T15:12:50.000
Radicar Solicitud Homologacion,111202,11706,Radicar Solicitud Homologacion,11706,Fluxicon Disco,Variant 4,4,2016-04-18T15:12:56.000,2016-04-18T15:12:52.000
Validar solicitud,111202,22404,Validar solicitud,22404,Fluxicon Disco,Variant 4,4,2016-04-18T15:25:58.000,2016-04-18T15:17:26.000
Homologacion por grupo de cursos,111202,22404,Homologacion por grupo de cursos,22404,Fluxicon Disco,Variant 4,4,2016-04-19T19:53:33.000,2016-04-19T15:50:25.000
Revisar curso,111202,22404,Revisar curso,22404,Fluxicon Disco,Variant 4,4,2016-04-19T15:50:26.000,2016-04-19T15:50:25.000
Evaluacion curso,111202,22404,Evaluacion curso,22404,Fluxicon Disco,Variant 4,4,2016-04-19T19:54:48.000,2016-04-19T15:51:42.000
Validar solicitud / pre-homologacion,111202,22404,Validar solicitud / pre-homologacion,22404,Fluxicon Disco,Variant 4,4,2016-06-02T18:58:31.000,2016-06-02T18:58:31.000
End,111202,End,End,End,Fluxicon Disco,Variant 4,4,2016-06-02T18:58:31.000,2016-06-02T18:58:31.000
Start,111205,Start,Start,Start,Fluxicon Disco,Variant 20,20,2016-04-18T15:52:24.000,2016-04-18T15:52:24.000
Traer informacion estudiante - banner,111205,8139,Traer informacion estudiante - banner,8139,Fluxicon Disco,Variant 20,20,2016-04-18T15:52:24.000,2016-04-18T15:52:24.000
Radicar Solicitud Homologacion,111205,8139,Radicar Solicitud Homologacion,8139,Fluxicon Disco,Variant 20,20,2016-04-18T15:59:33.000,2016-04-18T15:52:26.000
Validar solicitud,111205,1707,Validar solicitud,1707,Fluxicon Disco,Variant 20,20,2016-04-19T14:02:53.000,2016-04-19T13:19:18.000
Homologacion por grupo de cursos,111205,15930,Homologacion por grupo de cursos,15930,Fluxicon Disco,Variant 20,20,2016-04-27T00:02:33.000,2016-04-26T18:35:21.000
Revisar curso,111205,1707,Revisar curso,1707,Fluxicon Disco,Variant 20,20,2016-04-26T19:04:44.000,2016-04-26T18:35:21.000
Evaluacion curso,111205,7763,Evaluacion curso,7763,Fluxicon Disco,Variant 20,20,2016-05-02T20:45:34.000,2016-05-02T15:58:33.000
Validacion final,111205,1707,Validacion final,1707,Fluxicon Disco,Variant 20,20,2016-06-24T04:28:18.000,2016-06-24T04:28:18.000
Visto Bueno Cierre Proceso,111205,15930,Visto Bueno Cierre Proceso,15930,Fluxicon Disco,Variant 20,20,2016-06-24T14:03:54.000,2016-06-24T13:53:07.000
Transferir Creditos,111205,15930,Transferir Creditos,15930,Fluxicon Disco,Variant 20,20,2016-06-27T17:47:59.000,2016-06-27T17:47:59.000
Transferir creditos homologables,111205,15930,Transferir creditos homologables,15930,Fluxicon Disco,Variant 20,20,2016-06-27T17:47:59.000,2016-06-27T17:47:59.000
Transferir creditos homologables,111205,15930,Transferir creditos homologables,15930,Fluxicon Disco,Variant 20,20,2016-06-27T17:48:00.000,2016-06-27T17:48:00.000
End,111205,End,End,End,Fluxicon Disco,Variant 20,20,2016-06-27T17:48:00.000,2016-06-27T17:48:00.000
Start,111209,Start,Start,Start,Fluxicon Disco,Variant 21,21,2016-04-18T17:01:52.000,2016-04-18T17:01:52.000
Traer informacion estudiante - banner,111209,5221,Traer informacion estudiante - banner,5221,Fluxicon Disco,Variant 21,21,2016-04-18T17:01:52.000,2016-04-18T17:01:52.000
Radicar Solicitud Homologacion,111209,5221,Radicar Solicitud Homologacion,5221,Fluxicon Disco,Variant 21,21,2016-04-18T17:02:00.000,2016-04-18T17:01:55.000
Validar solicitud,111209,22475,Validar solicitud,22475,Fluxicon Disco,Variant 21,21,2016-04-18T17:08:06.000,2016-04-18T17:07:17.000
Homologacion por grupo de cursos,111209,1343,Homologacion por grupo de cursos,1343,Fluxicon Disco,Variant 21,21,2016-04-18T21:00:33.000,2016-04-18T17:56:19.000
Validacion final,111209,22475,Validacion final,22475,Fluxicon Disco,Variant 21,21,2016-04-18T17:56:19.000,2016-04-18T17:56:19.000
Visto Bueno Cierre Proceso,111209,1343,Visto Bueno Cierre Proceso,1343,Fluxicon Disco,Variant 21,21,2016-04-18T21:00:43.000,2016-04-18T17:56:29.000
End,111209,End,End,End,Fluxicon Disco,Variant 21,21,2016-04-18T21:00:43.000,2016-04-18T21:00:43.000
Start,111256,Start,Start,Start,Fluxicon Disco,Variant 10,10,2016-04-18T20:11:53.000,2016-04-18T20:11:53.000
Notificacion estudiante cancelacion soli,111256,19019,Notificacion estudiante cancelacion soli,19019,Fluxicon Disco,Variant 10,10,2016-04-18T20:11:53.000,2016-04-18T20:11:53.000
Traer informacion estudiante - banner,111256,9404,Traer informacion estudiante - banner,9404,Fluxicon Disco,Variant 10,10,2016-04-18T21:56:16.000,2016-04-18T21:56:16.000
Radicar Solicitud Homologacion,111256,9404,Radicar Solicitud Homologacion,9404,Fluxicon Disco,Variant 10,10,2016-04-18T21:56:21.000,2016-04-18T21:56:18.000
Cancelar Solicitud,111256,19019,Cancelar Solicitud,19019,Fluxicon Disco,Variant 10,10,2016-04-18T21:59:28.000,2016-04-18T21:59:28.000
End,111256,End,End,End,Fluxicon Disco,Variant 10,10,2016-04-18T21:59:28.000,2016-04-18T21:59:28.000
Start,111264,Start,Start,Start,Fluxicon Disco,Variant 28,28,2016-04-19T00:24:53.000,2016-04-19T00:24:53.000
Traer informacion estudiante - banner,111264,3747,Traer informacion estudiante - banner,3747,Fluxicon Disco,Variant 28,28,2016-04-19T00:24:53.000,2016-04-19T00:24:53.000
Radicar Solicitud Homologacion,111264,3747,Radicar Solicitud Homologacion,3747,Fluxicon Disco,Variant 28,28,2016-04-19T00:25:02.000,2016-04-19T00:24:54.000
Validar solicitud,111264,677,Validar solicitud,677,Fluxicon Disco,Variant 28,28,2016-04-19T01:17:35.000,2016-04-19T00:33:41.000
Homologacion por grupo de cursos,111264,3445,Homologacion por grupo de cursos,3445,Fluxicon Disco,Variant 28,28,2016-04-26T20:28:09.000,2016-04-26T18:28:29.000
Revisar curso,111264,677,Revisar curso,677,Fluxicon Disco,Variant 28,28,2016-04-26T18:28:29.000,2016-04-26T18:28:29.000
Evaluacion curso,111264,677,Evaluacion curso,677,Fluxicon Disco,Variant 28,28,2016-04-26T20:20:35.000,2016-04-26T18:29:27.000
Validacion final,111264,677,Validacion final,677,Fluxicon Disco,Variant 28,28,2016-05-17T17:37:28.000,2016-05-17T17:37:28.000
Visto Bueno Cierre Proceso,111264,3445,Visto Bueno Cierre Proceso,3445,Fluxicon Disco,Variant 28,28,2016-05-17T17:46:54.000,2016-05-17T17:38:24.000
Transferir Creditos,111264,3445,Transferir Creditos,3445,Fluxicon Disco,Variant 28,28,2016-05-18T18:09:06.000,2016-05-18T18:09:06.000
Transferir creditos homologables,111264,3445,Transferir creditos homologables,3445,Fluxicon Disco,Variant 28,28,2016-05-18T18:09:07.000,2016-05-18T18:09:07.000
Transferir creditos homologables,111264,3445,Transferir creditos homologables,3445,Fluxicon Disco,Variant 28,28,2016-05-18T18:09:07.000,2016-05-18T18:09:07.000
Transferir creditos homologables,111264,3445,Transferir creditos homologables,3445,Fluxicon Disco,Variant 28,28,2016-05-18T18:09:07.000,2016-05-18T18:09:07.000
End,111264,End,End,End,Fluxicon Disco,Variant 28,28,2016-05-18T18:09:07.000,2016-05-18T18:09:07.000
Start,111314,Start,Start,Start,Fluxicon Disco,Variant 1,1,2016-04-18T22:18:27.000,2016-04-18T22:18:27.000
Traer informacion estudiante - banner,111314,7144,Traer informacion estudiante - banner,7144,Fluxicon Disco,Variant 1,1,2016-04-18T22:18:27.000,2016-04-18T22:18:27.000
Radicar Solicitud Homologacion,111314,7144,Radicar Solicitud Homologacion,7144,Fluxicon Disco,Variant 1,1,2016-04-18T22:18:36.000,2016-04-18T22:18:31.000
Cancelar Solicitud,111314,19019,Cancelar Solicitud,19019,Fluxicon Disco,Variant 1,1,2016-04-18T22:30:21.000,2016-04-18T22:23:45.000
Notificacion estudiante cancelacion soli,111314,19019,Notificacion estudiante cancelacion soli,19019,Fluxicon Disco,Variant 1,1,2016-04-19T20:31:30.000,2016-04-19T20:31:30.000
End,111314,End,End,End,Fluxicon Disco,Variant 1,1,2016-04-19T20:31:30.000,2016-04-19T20:31:30.000
Start,111351,Start,Start,Start,Fluxicon Disco,Variant 3,3,2016-04-18T23:40:11.000,2016-04-18T23:40:11.000
Traer informacion estudiante - banner,111351,8532,Traer informacion estudiante - banner,8532,Fluxicon Disco,Variant 3,3,2016-04-18T23:40:11.000,2016-04-18T23:40:11.000
Radicar Solicitud Homologacion,111351,8532,Radicar Solicitud Homologacion,8532,Fluxicon Disco,Variant 3,3,2016-04-18T23:57:36.000,2016-04-18T23:40:17.000
Validar solicitud,111351,1707,Validar solicitud,1707,Fluxicon Disco,Variant 3,3,2016-04-21T14:53:15.000,2016-04-21T14:25:38.000
Homologacion por grupo de cursos,111351,15930,Homologacion por grupo de cursos,15930,Fluxicon Disco,Variant 3,3,2016-04-26T22:26:06.000,2016-04-26T18:37:44.000
Revisar curso,111351,1707,Revisar curso,1707,Fluxicon Disco,Variant 3,3,2016-04-26T19:07:05.000,2016-04-26T18:37:44.000
Evaluacion curso,111351,1707,Evaluacion curso,1707,Fluxicon Disco,Variant 3,3,2016-05-02T19:02:16.000,2016-05-02T15:58:46.000
Validacion final,111351,1707,Validacion final,1707,Fluxicon Disco,Variant 3,3,2016-06-07T15:28:50.000,2016-06-07T15:28:49.000
Visto Bueno Cierre Proceso,111351,15930,Visto Bueno Cierre Proceso,15930,Fluxicon Disco,Variant 3,3,2016-06-07T15:45:24.000,2016-06-07T15:29:54.000
End,111351,End,End,End,Fluxicon Disco,Variant 3,3,2016-06-07T15:45:24.000,2016-06-07T15:45:24.000
Start,111401,Start,Start,Start,Fluxicon Disco,Variant 2,2,2016-04-19T02:30:37.000,2016-04-19T02:30:37.000
Traer informacion estudiante - banner,111401,4032,Traer informacion estudiante - banner,4032,Fluxicon Disco,Variant 2,2,2016-04-19T02:30:37.000,2016-04-19T02:30:37.000
Radicar Solicitud Homologacion,111401,4032,Radicar Solicitud Homologacion,4032,Fluxicon Disco,Variant 2,2,2016-04-19T07:22:41.000,2016-04-19T02:30:41.000
Validar solicitud,111401,29277,Validar solicitud,29277,Fluxicon Disco,Variant 2,2,2016-06-13T19:02:18.000,2016-06-13T19:02:18.000
Homologacion por grupo de cursos,111401,1007,Homologacion por grupo de cursos,1007,Fluxicon Disco,Variant 2,2,2016-06-13T19:27:50.000,2016-06-13T19:03:50.000
End,111401,End,End,End,Fluxicon Disco,Variant 2,2,2016-06-13T19:27:50.000,2016-06-13T19:27:50.000
Start,111453,Start,Start,Start,Fluxicon Disco,Variant 3,3,2016-04-19T14:13:19.000,2016-04-19T14:13:19.000
Traer informacion estudiante - banner,111453,4126,Traer informacion estudiante - banner,4126,Fluxicon Disco,Variant 3,3,2016-04-19T14:13:19.000,2016-04-19T14:13:19.000
Radicar Solicitud Homologacion,111453,4126,Radicar Solicitud Homologacion,4126,Fluxicon Disco,Variant 3,3,2016-04-19T14:13:20.000,2016-04-19T14:13:20.000
Validar solicitud,111453,19019,Validar solicitud,19019,Fluxicon Disco,Variant 3,3,2016-04-19T14:25:07.000,2016-04-19T14:21:07.000
Homologacion por grupo de cursos,111453,1007,Homologacion por grupo de cursos,1007,Fluxicon Disco,Variant 3,3,2016-04-19T20:35:19.000,2016-04-19T20:33:08.000
Revisar curso,111453,19019,Revisar curso,19019,Fluxicon Disco,Variant 3,3,2016-04-19T20:33:08.000,2016-04-19T20:33:08.000
Evaluacion curso,111453,19019,Evaluacion curso,19019,Fluxicon Disco,Variant 3,3,2016-04-19T20:42:13.000,2016-04-19T20:42:13.000
Validacion final,111453,19019,Validacion final,19019,Fluxicon Disco,Variant 3,3,2016-04-19T20:54:17.000,2016-04-19T20:54:17.000
Visto Bueno Cierre Proceso,111453,1007,Visto Bueno Cierre Proceso,1007,Fluxicon Disco,Variant 3,3,2016-04-19T20:58:14.000,2016-04-19T20:56:03.000
End,111453,End,End,End,Fluxicon Disco,Variant 3,3,2016-04-19T20:58:14.000,2016-04-19T20:58:14.000
Start,111454,Start,Start,Start,Fluxicon Disco,Variant 35,35,2016-04-19T14:22:13.000,2016-04-19T14:22:13.000
Traer informacion estudiante - banner,111454,4126,Traer informacion estudiante - banner,4126,Fluxicon Disco,Variant 35,35,2016-04-19T14:22:13.000,2016-04-19T14:22:13.000
Radicar Solicitud Homologacion,111454,4126,Radicar Solicitud Homologacion,4126,Fluxicon Disco,Variant 35,35,2016-04-19T14:22:14.000,2016-04-19T14:22:14.000
Validar solicitud,111454,19019,Validar solicitud,19019,Fluxicon Disco,Variant 35,35,2016-04-19T14:35:51.000,2016-04-19T14:31:51.000
Homologacion por grupo de cursos,111454,1007,Homologacion por grupo de cursos,1007,Fluxicon Disco,Variant 35,35,2016-04-19T22:58:28.000,2016-04-19T20:44:00.000
Revisar curso,111454,19019,Revisar curso,19019,Fluxicon Disco,Variant 35,35,2016-04-19T20:44:00.000,2016-04-19T20:44:00.000
Evaluacion curso,111454,4067,Evaluacion curso,4067,Fluxicon Disco,Variant 35,35,2016-04-19T20:58:08.000,2016-04-19T20:44:45.000
Visto Bueno Cierre Proceso,111454,1007,Visto Bueno Cierre Proceso,1007,Fluxicon Disco,Variant 35,35,2016-04-21T16:33:05.000,2016-04-21T14:30:37.000
Validacion final,111454,19019,Validacion final,19019,Fluxicon Disco,Variant 35,35,2016-04-21T16:23:37.000,2016-04-21T16:23:37.000
End,111454,End,End,End,Fluxicon Disco,Variant 35,35,2016-04-21T16:23:37.000,2016-04-21T16:23:37.000
Start,111501,Start,Start,Start,Fluxicon Disco,Variant 17,17,2016-04-19T13:57:48.000,2016-04-19T13:57:48.000
Cancelar Solicitud,111501,677,Cancelar Solicitud,677,Fluxicon Disco,Variant 17,17,2016-04-19T14:05:48.000,2016-04-19T13:57:48.000
Traer informacion estudiante - banner,111501,2981,Traer informacion estudiante - banner,2981,Fluxicon Disco,Variant 17,17,2016-04-19T15:27:51.000,2016-04-19T15:27:51.000
Radicar Solicitud Homologacion,111501,2981,Radicar Solicitud Homologacion,2981,Fluxicon Disco,Variant 17,17,2016-04-19T15:27:56.000,2016-04-19T15:27:56.000
Notificacion estudiante cancelacion soli,111501,677,Notificacion estudiante cancelacion soli,677,Fluxicon Disco,Variant 17,17,2016-04-20T14:16:10.000,2016-04-20T14:16:10.000
End,111501,End,End,End,Fluxicon Disco,Variant 17,17,2016-04-20T14:16:10.000,2016-04-20T14:16:10.000
Start,111551,Start,Start,Start,Fluxicon Disco,Variant 2,2,2016-04-19T20:44:45.000,2016-04-19T20:44:45.000
Traer informacion estudiante - banner,111551,19214,Traer informacion estudiante - banner,19214,Fluxicon Disco,Variant 2,2,2016-04-19T20:44:45.000,2016-04-19T20:44:45.000
Radicar Solicitud Homologacion,111551,19214,Radicar Solicitud Homologacion,19214,Fluxicon Disco,Variant 2,2,2016-04-19T22:12:53.000,2016-04-19T20:44:53.000
Validar solicitud,111551,448,Validar solicitud,448,Fluxicon Disco,Variant 2,2,2016-05-04T21:23:36.000,2016-05-04T20:55:29.000
Homologacion por grupo de cursos,111551,7177,Homologacion por grupo de cursos,7177,Fluxicon Disco,Variant 2,2,2016-05-11T17:06:08.000,2016-05-11T15:07:05.000
End,111551,End,End,End,Fluxicon Disco,Variant 2,2,2016-05-11T17:06:08.000,2016-05-11T17:06:08.000
Start,111651,Start,Start,Start,Fluxicon Disco,Variant 1,1,2016-04-19T21:29:09.000,2016-04-19T21:29:09.000
Traer informacion estudiante - banner,111651,11861,Traer informacion estudiante - banner,11861,Fluxicon Disco,Variant 1,1,2016-04-19T21:29:09.000,2016-04-19T21:29:09.000
Radicar Solicitud Homologacion,111651,11861,Radicar Solicitud Homologacion,11861,Fluxicon Disco,Variant 1,1,2016-04-19T21:29:26.000,2016-04-19T21:29:13.000
Cancelar Solicitud,111651,22475,Cancelar Solicitud,22475,Fluxicon Disco,Variant 1,1,2016-04-19T21:43:00.000,2016-04-19T21:42:16.000
Notificacion estudiante cancelacion soli,111651,22475,Notificacion estudiante cancelacion soli,22475,Fluxicon Disco,Variant 1,1,2016-04-19T22:26:35.000,2016-04-19T22:26:35.000
End,111651,End,End,End,Fluxicon Disco,Variant 1,1,2016-04-19T22:26:35.000,2016-04-19T22:26:35.000
Start,111654,Start,Start,Start,Fluxicon Disco,Variant 2,2,2016-04-19T23:06:15.000,2016-04-19T23:06:15.000
Traer informacion estudiante - banner,111654,22560,Traer informacion estudiante - banner,22560,Fluxicon Disco,Variant 2,2,2016-04-19T23:06:15.000,2016-04-19T23:06:15.000
Radicar Solicitud Homologacion,111654,22560,Radicar Solicitud Homologacion,22560,Fluxicon Disco,Variant 2,2,2016-04-19T23:36:39.000,2016-04-19T23:06:18.000
Validar solicitud,111654,261,Validar solicitud,261,Fluxicon Disco,Variant 2,2,2016-04-25T22:15:59.000,2016-04-25T21:27:27.000
Homologacion por grupo de cursos,111654,308,Homologacion por grupo de cursos,308,Fluxicon Disco,Variant 2,2,2016-05-04T02:12:37.000,2016-05-03T21:59:47.000
End,111654,End,End,End,Fluxicon Disco,Variant 2,2,2016-05-04T02:12:37.000,2016-05-04T02:12:37.000
Start,111655,Start,Start,Start,Fluxicon Disco,Variant 4,4,2016-04-20T00:02:34.000,2016-04-20T00:02:34.000
Traer informacion estudiante - banner,111655,11611,Traer informacion estudiante - banner,11611,Fluxicon Disco,Variant 4,4,2016-04-20T00:02:34.000,2016-04-20T00:02:34.000
Radicar Solicitud Homologacion,111655,11611,Radicar Solicitud Homologacion,11611,Fluxicon Disco,Variant 4,4,2016-04-20T00:02:49.000,2016-04-20T00:02:37.000
Validar solicitud,111655,1646,Validar solicitud,1646,Fluxicon Disco,Variant 4,4,2016-04-20T00:34:20.000,2016-04-20T00:15:04.000
Homologacion por grupo de cursos,111655,1646,Homologacion por grupo de cursos,1646,Fluxicon Disco,Variant 4,4,2016-04-22T20:21:29.000,2016-04-22T17:32:02.000
Revisar curso,111655,49,Revisar curso,49,Fluxicon Disco,Variant 4,4,2016-04-22T17:36:38.000,2016-04-22T17:32:02.000
Evaluacion curso,111655,1646,Evaluacion curso,1646,Fluxicon Disco,Variant 4,4,2016-04-23T00:23:40.000,2016-04-23T00:08:45.000
Validar solicitud / pre-homologacion,111655,1646,Validar solicitud / pre-homologacion,1646,Fluxicon Disco,Variant 4,4,2016-04-27T01:34:01.000,2016-04-26T23:04:06.000
End,111655,End,End,End,Fluxicon Disco,Variant 4,4,2016-04-27T01:34:01.000,2016-04-27T01:34:01.000
Start,111702,Start,Start,Start,Fluxicon Disco,Variant 14,14,2016-04-19T20:13:24.000,2016-04-19T20:13:24.000
Radicar Solicitud Homologacion,111702,19019,Radicar Solicitud Homologacion,19019,Fluxicon Disco,Variant 14,14,2016-04-19T20:13:24.000,2016-04-19T20:13:24.000
End,111702,End,End,End,Fluxicon Disco,Variant 14,14,2016-04-19T20:13:24.000,2016-04-19T20:13:24.000
Start,111751,Start,Start,Start,Fluxicon Disco,Variant 1,1,2016-04-20T10:48:23.000,2016-04-20T10:48:23.000
Traer informacion estudiante - banner,111751,1959,Traer informacion estudiante - banner,1959,Fluxicon Disco,Variant 1,1,2016-04-20T10:48:23.000,2016-04-20T10:48:23.000
Radicar Solicitud Homologacion,111751,1959,Radicar Solicitud Homologacion,1959,Fluxicon Disco,Variant 1,1,2016-04-20T10:48:31.000,2016-04-20T10:48:31.000
Cancelar Solicitud,111751,677,Cancelar Solicitud,677,Fluxicon Disco,Variant 1,1,2016-04-20T11:57:44.000,2016-04-20T11:53:44.000
Notificacion estudiante cancelacion soli,111751,677,Notificacion estudiante cancelacion soli,677,Fluxicon Disco,Variant 1,1,2016-04-20T20:07:43.000,2016-04-20T20:07:43.000
End,111751,End,End,End,Fluxicon Disco,Variant 1,1,2016-04-20T20:07:43.000,2016-04-20T20:07:43.000
Start,111801,Start,Start,Start,Fluxicon Disco,Variant 1,1,2016-04-20T11:33:08.000,2016-04-20T11:33:08.000
Traer informacion estudiante - banner,111801,8223,Traer informacion estudiante - banner,8223,Fluxicon Disco,Variant 1,1,2016-04-20T11:33:08.000,2016-04-20T11:33:08.000
Radicar Solicitud Homologacion,111801,8223,Radicar Solicitud Homologacion,8223,Fluxicon Disco,Variant 1,1,2016-04-20T11:33:14.000,2016-04-20T11:33:14.000
Cancelar Solicitud,111801,241,Cancelar Solicitud,241,Fluxicon Disco,Variant 1,1,2016-04-20T12:06:21.000,2016-04-20T11:52:16.000
Notificacion estudiante cancelacion soli,111801,241,Notificacion estudiante cancelacion soli,241,Fluxicon Disco,Variant 1,1,2016-04-21T23:05:18.000,2016-04-21T23:05:18.000
End,111801,End,End,End,Fluxicon Disco,Variant 1,1,2016-04-21T23:05:18.000,2016-04-21T23:05:18.000
Start,111853,Start,Start,Start,Fluxicon Disco,Variant 14,14,2016-04-20T14:36:05.000,2016-04-20T14:36:05.000
Radicar Solicitud Homologacion,111853,19019,Radicar Solicitud Homologacion,19019,Fluxicon Disco,Variant 14,14,2016-04-20T14:36:05.000,2016-04-20T14:36:05.000
End,111853,End,End,End,Fluxicon Disco,Variant 14,14,2016-04-20T14:36:05.000,2016-04-20T14:36:05.000
Start,111951,Start,Start,Start,Fluxicon Disco,Variant 3,3,2016-04-20T17:03:34.000,2016-04-20T17:03:34.000
Traer informacion estudiante - banner,111951,8365,Traer informacion estudiante - banner,8365,Fluxicon Disco,Variant 3,3,2016-04-20T17:03:34.000,2016-04-20T17:03:34.000
Radicar Solicitud Homologacion,111951,8365,Radicar Solicitud Homologacion,8365,Fluxicon Disco,Variant 3,3,2016-04-20T17:13:05.000,2016-04-20T17:03:38.000
Validar solicitud,111951,1707,Validar solicitud,1707,Fluxicon Disco,Variant 3,3,2016-04-21T18:55:33.000,2016-04-21T18:31:24.000
Homologacion por grupo de cursos,111951,15930,Homologacion por grupo de cursos,15930,Fluxicon Disco,Variant 3,3,2016-04-26T20:21:18.000,2016-04-26T18:40:25.000
Revisar curso,111951,1707,Revisar curso,1707,Fluxicon Disco,Variant 3,3,2016-04-26T19:09:43.000,2016-04-26T18:40:25.000
Evaluacion curso,111951,15930,Evaluacion curso,15930,Fluxicon Disco,Variant 3,3,2016-05-02T16:37:58.000,2016-05-02T15:58:57.000
Validacion final,111951,1707,Validacion final,1707,Fluxicon Disco,Variant 3,3,2016-05-10T01:19:52.000,2016-05-10T01:03:07.000
Visto Bueno Cierre Proceso,111951,15930,Visto Bueno Cierre Proceso,15930,Fluxicon Disco,Variant 3,3,2016-05-12T16:01:03.000,2016-05-12T15:45:15.000
End,111951,End,End,End,Fluxicon Disco,Variant 3,3,2016-05-12T16:01:03.000,2016-05-12T16:01:03.000
Start,112001,Start,Start,Start,Fluxicon Disco,Variant 2,2,2016-04-20T21:42:18.000,2016-04-20T21:42:18.000
Traer informacion estudiante - banner,112001,1795,Traer informacion estudiante - banner,1795,Fluxicon Disco,Variant 2,2,2016-04-20T21:42:18.000,2016-04-20T21:42:18.000
Radicar Solicitud Homologacion,112001,1795,Radicar Solicitud Homologacion,1795,Fluxicon Disco,Variant 2,2,2016-04-20T22:26:43.000,2016-04-20T21:42:25.000
Validar solicitud,112001,677,Validar solicitud,677,Fluxicon Disco,Variant 2,2,2016-04-28T16:15:42.000,2016-04-28T16:00:43.000
Homologacion por grupo de cursos,112001,3445,Homologacion por grupo de cursos,3445,Fluxicon Disco,Variant 2,2,2016-05-02T14:35:42.000,2016-05-02T14:19:04.000
End,112001,End,End,End,Fluxicon Disco,Variant 2,2,2016-05-02T14:35:42.000,2016-05-02T14:35:42.000
Start,112102,Start,Start,Start,Fluxicon Disco,Variant 11,11,2016-04-21T01:18:56.000,2016-04-21T01:18:56.000
Traer informacion estudiante - banner,112102,2981,Traer informacion estudiante - banner,2981,Fluxicon Disco,Variant 11,11,2016-04-21T01:18:56.000,2016-04-21T01:18:56.000
Radicar Solicitud Homologacion,112102,2981,Radicar Solicitud Homologacion,2981,Fluxicon Disco,Variant 11,11,2016-04-21T01:18:56.000,2016-04-21T01:18:56.000
Validar solicitud,112102,677,Validar solicitud,677,Fluxicon Disco,Variant 11,11,2016-04-21T01:48:53.000,2016-04-21T01:32:01.000
Homologacion por grupo de cursos,112102,3445,Homologacion por grupo de cursos,3445,Fluxicon Disco,Variant 11,11,2016-04-25T17:46:43.000,2016-04-25T15:52:00.000
Revisar curso,112102,677,Revisar curso,677,Fluxicon Disco,Variant 11,11,2016-04-25T15:52:01.000,2016-04-25T15:52:01.000
Evaluacion curso,112102,7304,Evaluacion curso,7304,Fluxicon Disco,Variant 11,11,2016-04-25T17:31:22.000,2016-04-25T15:52:27.000
Validacion final,112102,677,Validacion final,677,Fluxicon Disco,Variant 11,11,2016-05-12T18:56:59.000,2016-05-12T18:47:53.000
Visto Bueno Cierre Proceso,112102,3445,Visto Bueno Cierre Proceso,3445,Fluxicon Disco,Variant 11,11,2016-05-13T22:00:43.000,2016-05-13T21:54:02.000
Transferir Creditos,112102,3445,Transferir Creditos,3445,Fluxicon Disco,Variant 11,11,2016-05-16T18:35:24.000,2016-05-16T18:35:24.000
Transferir creditos homologables,112102,3445,Transferir creditos homologables,3445,Fluxicon Disco,Variant 11,11,2016-05-16T18:35:24.000,2016-05-16T18:35:24.000
End,112102,End,End,End,Fluxicon Disco,Variant 11,11,2016-05-16T18:35:24.000,2016-05-16T18:35:24.000
Start,112301,Start,Start,Start,Fluxicon Disco,Variant 3,3,2016-04-21T15:16:16.000,2016-04-21T15:16:16.000
Traer informacion estudiante - banner,112301,3796,Traer informacion estudiante - banner,3796,Fluxicon Disco,Variant 3,3,2016-04-21T15:16:16.000,2016-04-21T15:16:16.000
Radicar Solicitud Homologacion,112301,3796,Radicar Solicitud Homologacion,3796,Fluxicon Disco,Variant 3,3,2016-04-21T15:16:27.000,2016-04-21T15:16:22.000
Validar solicitud,112301,18929,Validar solicitud,18929,Fluxicon Disco,Variant 3,3,2016-04-21T15:29:31.000,2016-04-21T15:22:13.000
Homologacion por grupo de cursos,112301,957,Homologacion por grupo de cursos,957,Fluxicon Disco,Variant 3,3,2016-04-22T04:21:45.000,2016-04-22T00:41:00.000
Revisar curso,112301,18929,Revisar curso,18929,Fluxicon Disco,Variant 3,3,2016-04-22T00:41:00.000,2016-04-22T00:41:00.000
Evaluacion curso,112301,436,Evaluacion curso,436,Fluxicon Disco,Variant 3,3,2016-04-22T04:20:02.000,2016-04-22T00:41:43.000
Validacion final,112301,18929,Validacion final,18929,Fluxicon Disco,Variant 3,3,2016-06-02T17:03:37.000,2016-06-02T17:01:25.000
Visto Bueno Cierre Proceso,112301,957,Visto Bueno Cierre Proceso,957,Fluxicon Disco,Variant 3,3,2016-06-02T21:14:18.000,2016-06-02T21:14:06.000
End,112301,End,End,End,Fluxicon Disco,Variant 3,3,2016-06-02T21:14:18.000,2016-06-02T21:14:18.000
Start,112303,Start,Start,Start,Fluxicon Disco,Variant 3,3,2016-04-21T16:11:03.000,2016-04-21T16:11:03.000
Traer informacion estudiante - banner,112303,2506,Traer informacion estudiante - banner,2506,Fluxicon Disco,Variant 3,3,2016-04-21T16:11:03.000,2016-04-21T16:11:03.000
Radicar Solicitud Homologacion,112303,2506,Radicar Solicitud Homologacion,2506,Fluxicon Disco,Variant 3,3,2016-04-21T16:11:07.000,2016-04-21T16:11:04.000
Validar solicitud,112303,1707,Validar solicitud,1707,Fluxicon Disco,Variant 3,3,2016-04-21T16:41:28.000,2016-04-21T16:14:59.000
Homologacion por grupo de cursos,112303,15930,Homologacion por grupo de cursos,15930,Fluxicon Disco,Variant 3,3,2016-04-26T20:24:59.000,2016-04-26T18:44:09.000
Revisar curso,112303,1707,Revisar curso,1707,Fluxicon Disco,Variant 3,3,2016-04-26T19:13:25.000,2016-04-26T18:44:10.000
Evaluacion curso,112303,15930,Evaluacion curso,15930,Fluxicon Disco,Variant 3,3,2016-05-02T16:38:10.000,2016-05-02T15:59:10.000
Validacion final,112303,1707,Validacion final,1707,Fluxicon Disco,Variant 3,3,2016-05-10T01:21:38.000,2016-05-10T01:04:48.000
Visto Bueno Cierre Proceso,112303,15930,Visto Bueno Cierre Proceso,15930,Fluxicon Disco,Variant 3,3,2016-05-12T16:06:03.000,2016-05-12T15:50:19.000
End,112303,End,End,End,Fluxicon Disco,Variant 3,3,2016-05-12T16:06:03.000,2016-05-12T16:06:03.000
Start,112305,Start,Start,Start,Fluxicon Disco,Variant 1,1,2016-04-21T18:34:19.000,2016-04-21T18:34:19.000
Traer informacion estudiante - banner,112305,1378,Traer informacion estudiante - banner,1378,Fluxicon Disco,Variant 1,1,2016-04-21T18:34:19.000,2016-04-21T18:34:19.000
Radicar Solicitud Homologacion,112305,1378,Radicar Solicitud Homologacion,1378,Fluxicon Disco,Variant 1,1,2016-04-21T18:34:45.000,2016-04-21T18:34:22.000
Cancelar Solicitud,112305,1378,Cancelar Solicitud,1378,Fluxicon Disco,Variant 1,1,2016-04-21T18:57:58.000,2016-04-21T18:57:56.000
Notificacion estudiante cancelacion soli,112305,1378,Notificacion estudiante cancelacion soli,1378,Fluxicon Disco,Variant 1,1,2016-04-21T19:16:34.000,2016-04-21T19:16:34.000
End,112305,End,End,End,Fluxicon Disco,Variant 1,1,2016-04-21T19:16:34.000,2016-04-21T19:16:34.000
Start,112307,Start,Start,Start,Fluxicon Disco,Variant 3,3,2016-04-21T18:58:35.000,2016-04-21T18:58:35.000
Traer informacion estudiante - banner,112307,1378,Traer informacion estudiante - banner,1378,Fluxicon Disco,Variant 3,3,2016-04-21T18:58:35.000,2016-04-21T18:58:35.000
Radicar Solicitud Homologacion,112307,1378,Radicar Solicitud Homologacion,1378,Fluxicon Disco,Variant 3,3,2016-04-21T18:58:36.000,2016-04-21T18:58:35.000
Validar solicitud,112307,677,Validar solicitud,677,Fluxicon Disco,Variant 3,3,2016-04-21T19:42:12.000,2016-04-21T19:29:18.000
Homologacion por grupo de cursos,112307,3445,Homologacion por grupo de cursos,3445,Fluxicon Disco,Variant 3,3,2016-04-25T17:49:29.000,2016-04-25T15:54:49.000
Revisar curso,112307,677,Revisar curso,677,Fluxicon Disco,Variant 3,3,2016-04-25T15:54:50.000,2016-04-25T15:54:50.000
Evaluacion curso,112307,7304,Evaluacion curso,7304,Fluxicon Disco,Variant 3,3,2016-04-25T17:34:20.000,2016-04-25T15:55:27.000
Validacion final,112307,677,Validacion final,677,Fluxicon Disco,Variant 3,3,2016-05-12T18:58:13.000,2016-05-12T18:49:08.000
Visto Bueno Cierre Proceso,112307,3445,Visto Bueno Cierre Proceso,3445,Fluxicon Disco,Variant 3,3,2016-05-13T22:01:19.000,2016-05-13T21:54:39.000
End,112307,End,End,End,Fluxicon Disco,Variant 3,3,2016-05-13T22:01:19.000,2016-05-13T22:01:19.000
Start,112308,Start,Start,Start,Fluxicon Disco,Variant 1,1,2016-04-21T19:16:50.000,2016-04-21T19:16:50.000
Traer informacion estudiante - banner,112308,1378,Traer informacion estudiante - banner,1378,Fluxicon Disco,Variant 1,1,2016-04-21T19:16:50.000,2016-04-21T19:16:50.000
Radicar Solicitud Homologacion,112308,1378,Radicar Solicitud Homologacion,1378,Fluxicon Disco,Variant 1,1,2016-04-21T19:16:51.000,2016-04-21T19:16:51.000
Cancelar Solicitud,112308,1378,Cancelar Solicitud,1378,Fluxicon Disco,Variant 1,1,2016-04-21T19:19:40.000,2016-04-21T19:19:40.000
Notificacion estudiante cancelacion soli,112308,1378,Notificacion estudiante cancelacion soli,1378,Fluxicon Disco,Variant 1,1,2016-04-21T19:26:30.000,2016-04-21T19:26:30.000
End,112308,End,End,End,Fluxicon Disco,Variant 1,1,2016-04-21T19:26:30.000,2016-04-21T19:26:30.000
Start,112309,Start,Start,Start,Fluxicon Disco,Variant 3,3,2016-04-21T19:19:53.000,2016-04-21T19:19:53.000
Traer informacion estudiante - banner,112309,1378,Traer informacion estudiante - banner,1378,Fluxicon Disco,Variant 3,3,2016-04-21T19:19:53.000,2016-04-21T19:19:53.000
Radicar Solicitud Homologacion,112309,1378,Radicar Solicitud Homologacion,1378,Fluxicon Disco,Variant 3,3,2016-04-21T19:19:54.000,2016-04-21T19:19:54.000
Validar solicitud,112309,677,Validar solicitud,677,Fluxicon Disco,Variant 3,3,2016-04-21T19:48:47.000,2016-04-21T19:25:08.000
Homologacion por grupo de cursos,112309,3445,Homologacion por grupo de cursos,3445,Fluxicon Disco,Variant 3,3,2016-04-26T21:34:43.000,2016-04-26T18:39:17.000
Revisar curso,112309,677,Revisar curso,677,Fluxicon Disco,Variant 3,3,2016-04-26T18:39:17.000,2016-04-26T18:39:17.000
Evaluacion curso,112309,22491,Evaluacion curso,22491,Fluxicon Disco,Variant 3,3,2016-04-26T21:20:01.000,2016-04-26T18:39:41.000
Validacion final,112309,677,Validacion final,677,Fluxicon Disco,Variant 3,3,2016-05-25T20:57:34.000,2016-05-25T20:51:00.000
Visto Bueno Cierre Proceso,112309,3445,Visto Bueno Cierre Proceso,3445,Fluxicon Disco,Variant 3,3,2016-05-26T17:42:49.000,2016-05-26T17:34:18.000
End,112309,End,End,End,Fluxicon Disco,Variant 3,3,2016-05-26T17:42:49.000,2016-05-26T17:42:49.000
Start,112310,Start,Start,Start,Fluxicon Disco,Variant 3,3,2016-04-21T19:26:36.000,2016-04-21T19:26:36.000
Traer informacion estudiante - banner,112310,1378,Traer informacion estudiante - banner,1378,Fluxicon Disco,Variant 3,3,2016-04-21T19:26:36.000,2016-04-21T19:26:36.000
Radicar Solicitud Homologacion,112310,1378,Radicar Solicitud Homologacion,1378,Fluxicon Disco,Variant 3,3,2016-04-21T19:26:37.000,2016-04-21T19:26:37.000
Validar solicitud,112310,677,Validar solicitud,677,Fluxicon Disco,Variant 3,3,2016-04-21T19:52:02.000,2016-04-21T19:28:22.000
Homologacion por grupo de cursos,112310,3445,Homologacion por grupo de cursos,3445,Fluxicon Disco,Variant 3,3,2016-04-26T19:25:19.000,2016-04-26T18:40:22.000
Revisar curso,112310,677,Revisar curso,677,Fluxicon Disco,Variant 3,3,2016-04-26T18:40:22.000,2016-04-26T18:40:22.000
Evaluacion curso,112310,6995,Evaluacion curso,6995,Fluxicon Disco,Variant 3,3,2016-04-26T18:41:24.000,2016-04-26T18:40:44.000
Validacion final,112310,677,Validacion final,677,Fluxicon Disco,Variant 3,3,2016-04-26T21:49:04.000,2016-04-26T21:21:26.000
Visto Bueno Cierre Proceso,112310,3445,Visto Bueno Cierre Proceso,3445,Fluxicon Disco,Variant 3,3,2016-05-02T14:36:35.000,2016-05-02T14:19:57.000
End,112310,End,End,End,Fluxicon Disco,Variant 3,3,2016-05-02T14:36:35.000,2016-05-02T14:36:35.000
Start,112311,Start,Start,Start,Fluxicon Disco,Variant 3,3,2016-04-21T19:29:24.000,2016-04-21T19:29:24.000
Traer informacion estudiante - banner,112311,1378,Traer informacion estudiante - banner,1378,Fluxicon Disco,Variant 3,3,2016-04-21T19:29:24.000,2016-04-21T19:29:24.000
Radicar Solicitud Homologacion,112311,1378,Radicar Solicitud Homologacion,1378,Fluxicon Disco,Variant 3,3,2016-04-21T19:29:25.000,2016-04-21T19:29:25.000
Validar solicitud,112311,19019,Validar solicitud,19019,Fluxicon Disco,Variant 3,3,2016-04-21T19:38:01.000,2016-04-21T19:38:01.000
Homologacion por grupo de cursos,112311,1007,Homologacion por grupo de cursos,1007,Fluxicon Disco,Variant 3,3,2016-04-21T21:42:01.000,2016-04-21T19:43:33.000
Revisar curso,112311,19019,Revisar curso,19019,Fluxicon Disco,Variant 3,3,2016-04-21T19:43:33.000,2016-04-21T19:43:33.000
Evaluacion curso,112311,4067,Evaluacion curso,4067,Fluxicon Disco,Variant 3,3,2016-04-21T20:36:29.000,2016-04-21T19:44:29.000
Validacion final,112311,19019,Validacion final,19019,Fluxicon Disco,Variant 3,3,2016-04-30T03:44:28.000,2016-04-30T03:33:00.000
Visto Bueno Cierre Proceso,112311,1007,Visto Bueno Cierre Proceso,1007,Fluxicon Disco,Variant 3,3,2016-05-03T19:23:21.000,2016-05-03T18:28:21.000
End,112311,End,End,End,Fluxicon Disco,Variant 3,3,2016-05-03T19:23:21.000,2016-05-03T19:23:21.000
Start,112312,Start,Start,Start,Fluxicon Disco,Variant 3,3,2016-04-21T19:44:34.000,2016-04-21T19:44:34.000
Traer informacion estudiante - banner,112312,1378,Traer informacion estudiante - banner,1378,Fluxicon Disco,Variant 3,3,2016-04-21T19:44:34.000,2016-04-21T19:44:34.000
Radicar Solicitud Homologacion,112312,1378,Radicar Solicitud Homologacion,1378,Fluxicon Disco,Variant 3,3,2016-04-21T19:44:35.000,2016-04-21T19:44:35.000
Validar solicitud,112312,19019,Validar solicitud,19019,Fluxicon Disco,Variant 3,3,2016-04-21T20:00:28.000,2016-04-21T19:50:49.000
Homologacion por grupo de cursos,112312,1007,Homologacion por grupo de cursos,1007,Fluxicon Disco,Variant 3,3,2016-04-23T00:28:12.000,2016-04-22T22:39:23.000
Revisar curso,112312,19019,Revisar curso,19019,Fluxicon Disco,Variant 3,3,2016-04-22T22:39:24.000,2016-04-22T22:39:24.000
Evaluacion curso,112312,163,Evaluacion curso,163,Fluxicon Disco,Variant 3,3,2016-04-22T23:39:53.000,2016-04-22T22:39:47.000
Validacion final,112312,19019,Validacion final,19019,Fluxicon Disco,Variant 3,3,2016-05-04T16:54:10.000,2016-05-04T16:45:57.000
Visto Bueno Cierre Proceso,112312,1007,Visto Bueno Cierre Proceso,1007,Fluxicon Disco,Variant 3,3,2016-05-05T17:39:44.000,2016-05-05T16:59:14.000
End,112312,End,End,End,Fluxicon Disco,Variant 3,3,2016-05-05T17:39:44.000,2016-05-05T17:39:44.000
Start,112351,Start,Start,Start,Fluxicon Disco,Variant 3,3,2016-04-21T14:25:43.000,2016-04-21T14:25:43.000
Traer informacion estudiante - banner,112351,19422,Traer informacion estudiante - banner,19422,Fluxicon Disco,Variant 3,3,2016-04-21T14:25:43.000,2016-04-21T14:25:43.000
Radicar Solicitud Homologacion,112351,19422,Radicar Solicitud Homologacion,19422,Fluxicon Disco,Variant 3,3,2016-04-21T14:42:58.000,2016-04-21T14:25:46.000
Validar solicitud,112351,659,Validar solicitud,659,Fluxicon Disco,Variant 3,3,2016-04-25T16:15:02.000,2016-04-25T16:12:52.000
Homologacion por grupo de cursos,112351,1422,Homologacion por grupo de cursos,1422,Fluxicon Disco,Variant 3,3,2016-04-25T18:31:52.000,2016-04-25T18:23:28.000
Revisar curso,112351,659,Revisar curso,659,Fluxicon Disco,Variant 3,3,2016-04-25T18:23:29.000,2016-04-25T18:23:29.000
Evaluacion curso,112351,659,Evaluacion curso,659,Fluxicon Disco,Variant 3,3,2016-04-25T18:28:29.000,2016-04-25T18:23:53.000
Validacion final,112351,659,Validacion final,659,Fluxicon Disco,Variant 3,3,2016-04-26T14:20:10.000,2016-04-26T14:20:10.000
Visto Bueno Cierre Proceso,112351,1422,Visto Bueno Cierre Proceso,1422,Fluxicon Disco,Variant 3,3,2016-04-26T14:24:32.000,2016-04-26T14:20:45.000
End,112351,End,End,End,Fluxicon Disco,Variant 3,3,2016-04-26T14:24:32.000,2016-04-26T14:24:32.000
Start,112354,Start,Start,Start,Fluxicon Disco,Variant 86,86,2016-04-21T15:06:01.000,2016-04-21T15:06:01.000
Traer informacion estudiante - banner,112354,22829,Traer informacion estudiante - banner,22829,Fluxicon Disco,Variant 86,86,2016-04-21T15:06:01.000,2016-04-21T15:06:01.000
Radicar Solicitud Homologacion,112354,22829,Radicar Solicitud Homologacion,22829,Fluxicon Disco,Variant 86,86,2016-04-21T15:06:04.000,2016-04-21T15:06:02.000
Validar solicitud,112354,22475,Validar solicitud,22475,Fluxicon Disco,Variant 86,86,2016-04-21T15:11:30.000,2016-04-21T15:09:02.000
Revisar curso,112354,26757,Revisar curso,26757,Fluxicon Disco,Variant 86,86,2016-04-21T17:38:20.000,2016-04-21T17:37:32.000
Homologacion por grupo de cursos,112354,1343,Homologacion por grupo de cursos,1343,Fluxicon Disco,Variant 86,86,2016-04-21T20:18:05.000,2016-04-21T17:37:32.000
Evaluacion curso,112354,26757,Evaluacion curso,26757,Fluxicon Disco,Variant 86,86,2016-04-21T18:26:17.000,2016-04-21T18:26:16.000
Validacion final,112354,22475,Validacion final,22475,Fluxicon Disco,Variant 86,86,2016-04-21T18:27:49.000,2016-04-21T18:27:26.000
Visto Bueno Cierre Proceso,112354,1343,Visto Bueno Cierre Proceso,1343,Fluxicon Disco,Variant 86,86,2016-04-21T21:29:52.000,2016-04-21T18:50:32.000
Transferir Creditos,112354,1343,Transferir Creditos,1343,Fluxicon Disco,Variant 86,86,2016-05-20T18:10:57.000,2016-05-20T18:10:57.000
Transferir creditos homologables,112354,1343,Transferir creditos homologables,1343,Fluxicon Disco,Variant 86,86,2016-05-20T18:10:57.000,2016-05-20T18:10:57.000
End,112354,End,End,End,Fluxicon Disco,Variant 86,86,2016-05-20T18:10:57.000,2016-05-20T18:10:57.000
Start,112357,Start,Start,Start,Fluxicon Disco,Variant 3,3,2016-04-21T15:37:06.000,2016-04-21T15:37:06.000
Traer informacion estudiante - banner,112357,2506,Traer informacion estudiante - banner,2506,Fluxicon Disco,Variant 3,3,2016-04-21T15:37:06.000,2016-04-21T15:37:06.000
Radicar Solicitud Homologacion,112357,2506,Radicar Solicitud Homologacion,2506,Fluxicon Disco,Variant 3,3,2016-04-21T15:37:16.000,2016-04-21T15:37:07.000
Validar solicitud,112357,1707,Validar solicitud,1707,Fluxicon Disco,Variant 3,3,2016-04-21T16:13:17.000,2016-04-21T15:46:16.000
Homologacion por grupo de cursos,112357,15930,Homologacion por grupo de cursos,15930,Fluxicon Disco,Variant 3,3,2016-04-26T22:35:31.000,2016-04-26T18:47:19.000
Revisar curso,112357,1707,Revisar curso,1707,Fluxicon Disco,Variant 3,3,2016-04-26T19:16:32.000,2016-04-26T18:47:20.000
Evaluacion curso,112357,7010,Evaluacion curso,7010,Fluxicon Disco,Variant 3,3,2016-05-02T18:55:14.000,2016-05-02T15:59:21.000
Validacion final,112357,1707,Validacion final,1707,Fluxicon Disco,Variant 3,3,2016-06-03T16:00:03.000,2016-06-03T15:52:24.000
Visto Bueno Cierre Proceso,112357,15930,Visto Bueno Cierre Proceso,15930,Fluxicon Disco,Variant 3,3,2016-06-07T15:47:32.000,2016-06-07T15:32:05.000
End,112357,End,End,End,Fluxicon Disco,Variant 3,3,2016-06-07T15:47:32.000,2016-06-07T15:47:32.000
Start,112360,Start,Start,Start,Fluxicon Disco,Variant 1,1,2016-04-21T15:53:19.000,2016-04-21T15:53:19.000
Traer informacion estudiante - banner,112360,2506,Traer informacion estudiante - banner,2506,Fluxicon Disco,Variant 1,1,2016-04-21T15:53:19.000,2016-04-21T15:53:19.000
Radicar Solicitud Homologacion,112360,2506,Radicar Solicitud Homologacion,2506,Fluxicon Disco,Variant 1,1,2016-04-21T15:53:35.000,2016-04-21T15:53:22.000
Cancelar Solicitud,112360,2506,Cancelar Solicitud,2506,Fluxicon Disco,Variant 1,1,2016-04-21T17:06:04.000,2016-04-21T16:07:12.000
Notificacion estudiante cancelacion soli,112360,2506,Notificacion estudiante cancelacion soli,2506,Fluxicon Disco,Variant 1,1,2016-05-02T19:25:57.000,2016-05-02T19:25:57.000
End,112360,End,End,End,Fluxicon Disco,Variant 1,1,2016-05-02T19:25:57.000,2016-05-02T19:25:57.000
Start,112361,Start,Start,Start,Fluxicon Disco,Variant 3,3,2016-04-21T16:10:39.000,2016-04-21T16:10:39.000
Traer informacion estudiante - banner,112361,2506,Traer informacion estudiante - banner,2506,Fluxicon Disco,Variant 3,3,2016-04-21T16:10:39.000,2016-04-21T16:10:39.000
Radicar Solicitud Homologacion,112361,2506,Radicar Solicitud Homologacion,2506,Fluxicon Disco,Variant 3,3,2016-04-21T16:10:42.000,2016-04-21T16:10:40.000
Validar solicitud,112361,1707,Validar solicitud,1707,Fluxicon Disco,Variant 3,3,2016-04-21T16:40:04.000,2016-04-21T16:13:30.000
Homologacion por grupo de cursos,112361,15930,Homologacion por grupo de cursos,15930,Fluxicon Disco,Variant 3,3,2016-04-26T22:36:38.000,2016-04-26T18:48:27.000
Revisar curso,112361,1707,Revisar curso,1707,Fluxicon Disco,Variant 3,3,2016-04-26T19:17:38.000,2016-04-26T18:48:27.000
Evaluacion curso,112361,7010,Evaluacion curso,7010,Fluxicon Disco,Variant 3,3,2016-05-02T18:55:36.000,2016-05-02T15:59:40.000
Validacion final,112361,1707,Validacion final,1707,Fluxicon Disco,Variant 3,3,2016-06-03T16:04:08.000,2016-06-03T15:56:34.000
Visto Bueno Cierre Proceso,112361,15930,Visto Bueno Cierre Proceso,15930,Fluxicon Disco,Variant 3,3,2016-06-07T15:46:31.000,2016-06-07T15:31:03.000
End,112361,End,End,End,Fluxicon Disco,Variant 3,3,2016-06-07T15:46:31.000,2016-06-07T15:46:31.000
Start,112363,Start,Start,Start,Fluxicon Disco,Variant 3,3,2016-04-21T16:44:23.000,2016-04-21T16:44:23.000
Traer informacion estudiante - banner,112363,15323,Traer informacion estudiante - banner,15323,Fluxicon Disco,Variant 3,3,2016-04-21T16:44:23.000,2016-04-21T16:44:23.000
Radicar Solicitud Homologacion,112363,15323,Radicar Solicitud Homologacion,15323,Fluxicon Disco,Variant 3,3,2016-04-21T16:44:37.000,2016-04-21T16:44:24.000
Validar solicitud,112363,18929,Validar solicitud,18929,Fluxicon Disco,Variant 3,3,2016-04-21T17:03:58.000,2016-04-21T16:58:17.000
Homologacion por grupo de cursos,112363,957,Homologacion por grupo de cursos,957,Fluxicon Disco,Variant 3,3,2016-04-22T04:22:09.000,2016-04-22T00:39:48.000
Revisar curso,112363,18929,Revisar curso,18929,Fluxicon Disco,Variant 3,3,2016-04-22T02:52:08.000,2016-04-22T00:39:48.000
Evaluacion curso,112363,26762,Evaluacion curso,26762,Fluxicon Disco,Variant 3,3,2016-05-17T20:02:26.000,2016-05-17T19:53:59.000
Validacion final,112363,18929,Validacion final,18929,Fluxicon Disco,Variant 3,3,2016-05-18T21:37:14.000,2016-05-18T21:27:32.000
Visto Bueno Cierre Proceso,112363,957,Visto Bueno Cierre Proceso,957,Fluxicon Disco,Variant 3,3,2016-05-20T00:21:25.000,2016-05-19T23:09:34.000
End,112363,End,End,End,Fluxicon Disco,Variant 3,3,2016-05-20T00:21:25.000,2016-05-20T00:21:25.000
Start,112401,Start,Start,Start,Fluxicon Disco,Variant 20,20,2016-04-21T19:05:47.000,2016-04-21T19:05:47.000
Traer informacion estudiante - banner,112401,6260,Traer informacion estudiante - banner,6260,Fluxicon Disco,Variant 20,20,2016-04-21T19:05:47.000,2016-04-21T19:05:47.000
Radicar Solicitud Homologacion,112401,6260,Radicar Solicitud Homologacion,6260,Fluxicon Disco,Variant 20,20,2016-04-21T19:05:48.000,2016-04-21T19:05:48.000
Validar solicitud,112401,677,Validar solicitud,677,Fluxicon Disco,Variant 20,20,2016-04-21T19:52:47.000,2016-04-21T19:29:04.000
Homologacion por grupo de cursos,112401,3445,Homologacion por grupo de cursos,3445,Fluxicon Disco,Variant 20,20,2016-04-26T22:28:41.000,2016-04-26T18:43:12.000
Revisar curso,112401,677,Revisar curso,677,Fluxicon Disco,Variant 20,20,2016-04-26T18:43:12.000,2016-04-26T18:43:12.000
Evaluacion curso,112401,7304,Evaluacion curso,7304,Fluxicon Disco,Variant 20,20,2016-04-26T22:20:21.000,2016-04-26T18:44:06.000
Validacion final,112401,677,Validacion final,677,Fluxicon Disco,Variant 20,20,2016-06-07T20:32:55.000,2016-06-07T20:24:21.000
Visto Bueno Cierre Proceso,112401,3445,Visto Bueno Cierre Proceso,3445,Fluxicon Disco,Variant 20,20,2016-06-08T21:34:55.000,2016-06-08T21:34:17.000
Transferir Creditos,112401,3445,Transferir Creditos,3445,Fluxicon Disco,Variant 20,20,2016-06-08T22:12:44.000,2016-06-08T22:12:44.000
Transferir creditos homologables,112401,3445,Transferir creditos homologables,3445,Fluxicon Disco,Variant 20,20,2016-06-08T22:12:45.000,2016-06-08T22:12:45.000
Transferir creditos homologables,112401,3445,Transferir creditos homologables,3445,Fluxicon Disco,Variant 20,20,2016-06-08T22:12:45.000,2016-06-08T22:12:45.000
End,112401,End,End,End,Fluxicon Disco,Variant 20,20,2016-06-08T22:12:45.000,2016-06-08T22:12:45.000
Start,112451,Start,Start,Start,Fluxicon Disco,Variant 2,2,2016-04-21T22:59:55.000,2016-04-21T22:59:55.000
Traer informacion estudiante - banner,112451,15356,Traer informacion estudiante - banner,15356,Fluxicon Disco,Variant 2,2,2016-04-21T22:59:55.000,2016-04-21T22:59:55.000
Radicar Solicitud Homologacion,112451,15356,Radicar Solicitud Homologacion,15356,Fluxicon Disco,Variant 2,2,2016-04-21T23:00:18.000,2016-04-21T23:00:02.000
Validar solicitud,112451,18929,Validar solicitud,18929,Fluxicon Disco,Variant 2,2,2016-04-22T01:30:13.000,2016-04-21T23:16:30.000
Homologacion por grupo de cursos,112451,18929,Homologacion por grupo de cursos,18929,Fluxicon Disco,Variant 2,2,2016-05-17T20:55:15.000,2016-05-17T20:55:15.000
End,112451,End,End,End,Fluxicon Disco,Variant 2,2,2016-05-17T20:55:15.000,2016-05-17T20:55:15.000
Start,112501,Start,Start,Start,Fluxicon Disco,Variant 87,87,2016-04-21T21:00:24.000,2016-04-21T21:00:24.000
Traer informacion estudiante - banner,112501,11568,Traer informacion estudiante - banner,11568,Fluxicon Disco,Variant 87,87,2016-04-21T21:00:24.000,2016-04-21T21:00:24.000
Radicar Solicitud Homologacion,112501,11568,Radicar Solicitud Homologacion,11568,Fluxicon Disco,Variant 87,87,2016-04-21T21:00:53.000,2016-04-21T21:00:26.000
Validar solicitud,112501,7320,Validar solicitud,7320,Fluxicon Disco,Variant 87,87,2016-04-21T21:39:10.000,2016-04-21T21:27:38.000
Recepcion de documentos,112501,26789,Recepcion de documentos,26789,Fluxicon Disco,Variant 87,87,2016-04-24T21:36:28.000,2016-04-24T17:43:32.000
Homologacion por grupo de cursos,112501,6952,Homologacion por grupo de cursos,6952,Fluxicon Disco,Variant 87,87,2016-04-24T22:52:30.000,2016-04-24T17:43:33.000
Revisar curso,112501,7297,Revisar curso,7297,Fluxicon Disco,Variant 87,87,2016-04-24T17:46:27.000,2016-04-24T17:43:34.000
Revisar curso,112501,7320,Revisar curso,7320,Fluxicon Disco,Variant 87,87,2016-04-24T18:02:08.000,2016-04-24T17:43:34.000
Evaluacion curso,112501,7297,Evaluacion curso,7297,Fluxicon Disco,Variant 87,87,2016-04-25T21:14:55.000,2016-04-25T17:53:06.000
Evaluacion curso,112501,18942,Evaluacion curso,18942,Fluxicon Disco,Variant 87,87,2016-04-27T22:23:27.000,2016-04-27T17:34:02.000
Validar solicitud / pre-homologacion,112501,7320,Validar solicitud / pre-homologacion,7320,Fluxicon Disco,Variant 87,87,2016-06-01T22:09:43.000,2016-06-01T21:42:26.000
Avanzar recepcion documentos,112501,26789,Avanzar recepcion documentos,26789,Fluxicon Disco,Variant 87,87,2016-06-08T02:45:55.000,2016-06-08T02:44:59.000
Validacion final,112501,7320,Validacion final,7320,Fluxicon Disco,Variant 87,87,2016-06-08T16:27:50.000,2016-06-08T15:56:47.000
Visto Bueno Cierre Proceso,112501,6952,Visto Bueno Cierre Proceso,6952,Fluxicon Disco,Variant 87,87,2016-06-14T14:13:07.000,2016-06-14T14:07:33.000
Transferir Creditos,112501,6952,Transferir Creditos,6952,Fluxicon Disco,Variant 87,87,2016-06-14T22:35:01.000,2016-06-14T22:35:01.000
Transferir creditos homologables,112501,6952,Transferir creditos homologables,6952,Fluxicon Disco,Variant 87,87,2016-06-14T22:35:02.000,2016-06-14T22:35:02.000
Validacion final,112501,7320,Validacion final,7320,Fluxicon Disco,Variant 87,87,2016-06-21T18:59:31.000,2016-06-21T18:59:31.000
Visto Bueno Cierre Proceso,112501,6952,Visto Bueno Cierre Proceso,6952,Fluxicon Disco,Variant 87,87,2016-06-21T19:00:58.000,2016-06-21T19:00:01.000
Validar solicitud / pre-homologacion,112501,7320,Validar solicitud / pre-homologacion,7320,Fluxicon Disco,Variant 87,87,2016-06-21T20:54:17.000,2016-06-21T20:54:17.000
Transferir Creditos,112501,6952,Transferir Creditos,6952,Fluxicon Disco,Variant 87,87,2016-06-21T21:57:28.000,2016-06-21T21:57:28.000
Transferir creditos homologables,112501,6952,Transferir creditos homologables,6952,Fluxicon Disco,Variant 87,87,2016-06-21T21:57:28.000,2016-06-21T21:57:28.000
Transferir creditos homologables,112501,6952,Transferir creditos homologables,6952,Fluxicon Disco,Variant 87,87,2016-06-21T21:57:28.000,2016-06-21T21:57:28.000
End,112501,End,End,End,Fluxicon Disco,Variant 87,87,2016-06-21T21:57:28.000,2016-06-21T21:57:28.000
Start,112503,Start,Start,Start,Fluxicon Disco,Variant 2,2,2016-04-21T21:50:07.000,2016-04-21T21:50:07.000
Traer informacion estudiante - banner,112503,12093,Traer informacion estudiante - banner,12093,Fluxicon Disco,Variant 2,2,2016-04-21T21:50:07.000,2016-04-21T21:50:07.000
Radicar Solicitud Homologacion,112503,12093,Radicar Solicitud Homologacion,12093,Fluxicon Disco,Variant 2,2,2016-04-21T23:13:17.000,2016-04-21T21:50:08.000
Validar solicitud,112503,186,Validar solicitud,186,Fluxicon Disco,Variant 2,2,2016-05-06T15:06:25.000,2016-05-06T14:58:25.000
Homologacion por grupo de cursos,112503,186,Homologacion por grupo de cursos,186,Fluxicon Disco,Variant 2,2,2016-05-10T03:23:47.000,2016-05-10T03:08:09.000
End,112503,End,End,End,Fluxicon Disco,Variant 2,2,2016-05-10T03:23:47.000,2016-05-10T03:23:47.000
Start,112505,Start,Start,Start,Fluxicon Disco,Variant 2,2,2016-04-21T23:19:42.000,2016-04-21T23:19:42.000
Traer informacion estudiante - banner,112505,15356,Traer informacion estudiante - banner,15356,Fluxicon Disco,Variant 2,2,2016-04-21T23:19:42.000,2016-04-21T23:19:42.000
Radicar Solicitud Homologacion,112505,15356,Radicar Solicitud Homologacion,15356,Fluxicon Disco,Variant 2,2,2016-04-21T23:19:48.000,2016-04-21T23:19:43.000
Validar solicitud,112505,18929,Validar solicitud,18929,Fluxicon Disco,Variant 2,2,2016-04-22T00:05:28.000,2016-04-21T23:25:37.000
Homologacion por grupo de cursos,112505,18929,Homologacion por grupo de cursos,18929,Fluxicon Disco,Variant 2,2,2016-04-29T02:25:23.000,2016-04-28T23:16:49.000
End,112505,End,End,End,Fluxicon Disco,Variant 2,2,2016-04-29T02:25:23.000,2016-04-29T02:25:23.000
Start,112509,Start,Start,Start,Fluxicon Disco,Variant 2,2,2016-04-21T23:41:56.000,2016-04-21T23:41:56.000
Traer informacion estudiante - banner,112509,15352,Traer informacion estudiante - banner,15352,Fluxicon Disco,Variant 2,2,2016-04-21T23:41:56.000,2016-04-21T23:41:56.000
Radicar Solicitud Homologacion,112509,15352,Radicar Solicitud Homologacion,15352,Fluxicon Disco,Variant 2,2,2016-04-21T23:42:02.000,2016-04-21T23:41:57.000
Validar solicitud,112509,18929,Validar solicitud,18929,Fluxicon Disco,Variant 2,2,2016-04-22T00:27:03.000,2016-04-21T23:47:30.000
Homologacion por grupo de cursos,112509,18929,Homologacion por grupo de cursos,18929,Fluxicon Disco,Variant 2,2,2016-04-29T01:12:45.000,2016-04-28T23:20:57.000
End,112509,End,End,End,Fluxicon Disco,Variant 2,2,2016-04-29T01:12:45.000,2016-04-29T01:12:45.000
Start,112511,Start,Start,Start,Fluxicon Disco,Variant 1,1,2016-04-21T23:53:07.000,2016-04-21T23:53:07.000
Traer informacion estudiante - banner,112511,15352,Traer informacion estudiante - banner,15352,Fluxicon Disco,Variant 1,1,2016-04-21T23:53:07.000,2016-04-21T23:53:07.000
Radicar Solicitud Homologacion,112511,15352,Radicar Solicitud Homologacion,15352,Fluxicon Disco,Variant 1,1,2016-04-21T23:53:11.000,2016-04-21T23:53:08.000
Cancelar Solicitud,112511,18929,Cancelar Solicitud,18929,Fluxicon Disco,Variant 1,1,2016-04-22T00:41:47.000,2016-04-21T23:56:44.000
Notificacion estudiante cancelacion soli,112511,18929,Notificacion estudiante cancelacion soli,18929,Fluxicon Disco,Variant 1,1,2016-04-29T19:58:24.000,2016-04-29T19:58:24.000
End,112511,End,End,End,Fluxicon Disco,Variant 1,1,2016-04-29T19:58:24.000,2016-04-29T19:58:24.000
Start,112512,Start,Start,Start,Fluxicon Disco,Variant 2,2,2016-04-21T23:57:05.000,2016-04-21T23:57:05.000
Traer informacion estudiante - banner,112512,15352,Traer informacion estudiante - banner,15352,Fluxicon Disco,Variant 2,2,2016-04-21T23:57:05.000,2016-04-21T23:57:05.000
Radicar Solicitud Homologacion,112512,15352,Radicar Solicitud Homologacion,15352,Fluxicon Disco,Variant 2,2,2016-04-21T23:57:10.000,2016-04-21T23:57:06.000
Validar solicitud,112512,18929,Validar solicitud,18929,Fluxicon Disco,Variant 2,2,2016-04-22T01:09:05.000,2016-04-22T00:01:12.000
Homologacion por grupo de cursos,112512,18929,Homologacion por grupo de cursos,18929,Fluxicon Disco,Variant 2,2,2016-05-04T19:18:04.000,2016-05-04T17:54:54.000
End,112512,End,End,End,Fluxicon Disco,Variant 2,2,2016-05-04T19:18:04.000,2016-05-04T19:18:04.000
Start,112601,Start,Start,Start,Fluxicon Disco,Variant 10,10,2016-04-22T14:40:47.000,2016-04-22T14:40:47.000
Notificacion estudiante cancelacion soli,112601,22475,Notificacion estudiante cancelacion soli,22475,Fluxicon Disco,Variant 10,10,2016-04-22T14:40:47.000,2016-04-22T14:40:47.000
Traer informacion estudiante - banner,112601,10176,Traer informacion estudiante - banner,10176,Fluxicon Disco,Variant 10,10,2016-04-22T15:30:36.000,2016-04-22T15:30:36.000
Radicar Solicitud Homologacion,112601,10176,Radicar Solicitud Homologacion,10176,Fluxicon Disco,Variant 10,10,2016-04-22T15:31:12.000,2016-04-22T15:30:43.000
Cancelar Solicitud,112601,22475,Cancelar Solicitud,22475,Fluxicon Disco,Variant 10,10,2016-04-22T16:00:18.000,2016-04-22T16:00:18.000
End,112601,End,End,End,Fluxicon Disco,Variant 10,10,2016-04-22T16:00:18.000,2016-04-22T16:00:18.000
Start,112603,Start,Start,Start,Fluxicon Disco,Variant 3,3,2016-04-22T17:37:24.000,2016-04-22T17:37:24.000
Traer informacion estudiante - banner,112603,5020,Traer informacion estudiante - banner,5020,Fluxicon Disco,Variant 3,3,2016-04-22T17:37:24.000,2016-04-22T17:37:24.000
Radicar Solicitud Homologacion,112603,5020,Radicar Solicitud Homologacion,5020,Fluxicon Disco,Variant 3,3,2016-04-22T17:37:37.000,2016-04-22T17:37:26.000
Validar solicitud,112603,19019,Validar solicitud,19019,Fluxicon Disco,Variant 3,3,2016-04-22T17:51:29.000,2016-04-22T17:48:37.000
Homologacion por grupo de cursos,112603,7324,Homologacion por grupo de cursos,7324,Fluxicon Disco,Variant 3,3,2016-04-23T01:51:33.000,2016-04-22T22:41:15.000
Revisar curso,112603,19019,Revisar curso,19019,Fluxicon Disco,Variant 3,3,2016-04-22T22:41:15.000,2016-04-22T22:41:15.000
Evaluacion curso,112603,117,Evaluacion curso,117,Fluxicon Disco,Variant 3,3,2016-04-22T23:36:50.000,2016-04-22T22:41:59.000
Validacion final,112603,19019,Validacion final,19019,Fluxicon Disco,Variant 3,3,2016-05-03T21:39:14.000,2016-05-03T21:33:40.000
Visto Bueno Cierre Proceso,112603,7324,Visto Bueno Cierre Proceso,7324,Fluxicon Disco,Variant 3,3,2016-05-04T19:17:51.000,2016-05-04T17:07:59.000
End,112603,End,End,End,Fluxicon Disco,Variant 3,3,2016-05-04T19:17:51.000,2016-05-04T19:17:51.000
Start,112604,Start,Start,Start,Fluxicon Disco,Variant 1,1,2016-04-22T18:34:54.000,2016-04-22T18:34:54.000
Traer informacion estudiante - banner,112604,7854,Traer informacion estudiante - banner,7854,Fluxicon Disco,Variant 1,1,2016-04-22T18:34:54.000,2016-04-22T18:34:54.000
Radicar Solicitud Homologacion,112604,7854,Radicar Solicitud Homologacion,7854,Fluxicon Disco,Variant 1,1,2016-04-22T18:35:01.000,2016-04-22T18:34:57.000
Cancelar Solicitud,112604,19019,Cancelar Solicitud,19019,Fluxicon Disco,Variant 1,1,2016-04-22T18:41:46.000,2016-04-22T18:39:41.000
Notificacion estudiante cancelacion soli,112604,19019,Notificacion estudiante cancelacion soli,19019,Fluxicon Disco,Variant 1,1,2016-04-22T22:44:43.000,2016-04-22T22:44:43.000
End,112604,End,End,End,Fluxicon Disco,Variant 1,1,2016-04-22T22:44:43.000,2016-04-22T22:44:43.000
Start,112606,Start,Start,Start,Fluxicon Disco,Variant 88,88,2016-04-22T18:40:58.000,2016-04-22T18:40:58.000
Cancelar Solicitud,112606,22404,Cancelar Solicitud,22404,Fluxicon Disco,Variant 88,88,2016-04-22T19:09:17.000,2016-04-22T18:40:58.000
Validar solicitud,112606,22404,Validar solicitud,22404,Fluxicon Disco,Variant 88,88,2016-04-22T19:09:17.000,2016-04-22T18:40:58.000
Traer informacion estudiante - banner,112606,11692,Traer informacion estudiante - banner,11692,Fluxicon Disco,Variant 88,88,2016-04-22T19:24:34.000,2016-04-22T19:24:34.000
Radicar Solicitud Homologacion,112606,11692,Radicar Solicitud Homologacion,11692,Fluxicon Disco,Variant 88,88,2016-04-22T19:24:38.000,2016-04-22T19:24:38.000
Notificacion estudiante cancelacion soli,112606,22404,Notificacion estudiante cancelacion soli,22404,Fluxicon Disco,Variant 88,88,2016-04-28T12:32:27.000,2016-04-28T12:32:27.000
End,112606,End,End,End,Fluxicon Disco,Variant 88,88,2016-04-28T12:32:27.000,2016-04-28T12:32:27.000
Start,112652,Start,Start,Start,Fluxicon Disco,Variant 2,2,2016-04-22T15:35:36.000,2016-04-22T15:35:36.000
Traer informacion estudiante - banner,112652,12062,Traer informacion estudiante - banner,12062,Fluxicon Disco,Variant 2,2,2016-04-22T15:35:36.000,2016-04-22T15:35:36.000
Radicar Solicitud Homologacion,112652,12062,Radicar Solicitud Homologacion,12062,Fluxicon Disco,Variant 2,2,2016-04-22T15:37:57.000,2016-04-22T15:35:37.000
Validar solicitud,112652,186,Validar solicitud,186,Fluxicon Disco,Variant 2,2,2016-04-22T19:21:13.000,2016-04-22T17:56:10.000
Homologacion por grupo de cursos,112652,186,Homologacion por grupo de cursos,186,Fluxicon Disco,Variant 2,2,2016-05-10T05:01:12.000,2016-05-10T04:45:12.000
End,112652,End,End,End,Fluxicon Disco,Variant 2,2,2016-05-10T05:01:12.000,2016-05-10T05:01:12.000
Start,112702,Start,Start,Start,Fluxicon Disco,Variant 2,2,2016-04-22T18:11:47.000,2016-04-22T18:11:47.000
Traer informacion estudiante - banner,112702,15352,Traer informacion estudiante - banner,15352,Fluxicon Disco,Variant 2,2,2016-04-22T18:11:47.000,2016-04-22T18:11:47.000
Radicar Solicitud Homologacion,112702,15352,Radicar Solicitud Homologacion,15352,Fluxicon Disco,Variant 2,2,2016-04-22T18:12:36.000,2016-04-22T18:11:48.000
Validar solicitud,112702,18929,Validar solicitud,18929,Fluxicon Disco,Variant 2,2,2016-04-22T22:50:17.000,2016-04-22T20:42:17.000
Homologacion por grupo de cursos,112702,957,Homologacion por grupo de cursos,957,Fluxicon Disco,Variant 2,2,2016-05-17T21:10:35.000,2016-05-17T19:40:33.000
End,112702,End,End,End,Fluxicon Disco,Variant 2,2,2016-05-17T21:10:35.000,2016-05-17T21:10:35.000
Start,112703,Start,Start,Start,Fluxicon Disco,Variant 4,4,2016-04-22T18:36:35.000,2016-04-22T18:36:35.000
Traer informacion estudiante - banner,112703,10176,Traer informacion estudiante - banner,10176,Fluxicon Disco,Variant 4,4,2016-04-22T18:36:35.000,2016-04-22T18:36:35.000
Radicar Solicitud Homologacion,112703,10176,Radicar Solicitud Homologacion,10176,Fluxicon Disco,Variant 4,4,2016-04-22T18:36:52.000,2016-04-22T18:36:39.000
Validar solicitud,112703,22475,Validar solicitud,22475,Fluxicon Disco,Variant 4,4,2016-04-22T18:51:56.000,2016-04-22T18:50:35.000
Homologacion por grupo de cursos,112703,22475,Homologacion por grupo de cursos,22475,Fluxicon Disco,Variant 4,4,2016-04-22T22:14:30.000,2016-04-22T22:12:38.000
Revisar curso,112703,22475,Revisar curso,22475,Fluxicon Disco,Variant 4,4,2016-04-22T22:12:40.000,2016-04-22T22:12:39.000
Evaluacion curso,112703,22476,Evaluacion curso,22476,Fluxicon Disco,Variant 4,4,2016-04-22T22:15:37.000,2016-04-22T22:13:56.000
Validar solicitud / pre-homologacion,112703,22475,Validar solicitud / pre-homologacion,22475,Fluxicon Disco,Variant 4,4,2016-04-22T23:55:13.000,2016-04-22T23:55:04.000
End,112703,End,End,End,Fluxicon Disco,Variant 4,4,2016-04-22T23:55:13.000,2016-04-22T23:55:13.000
Start,112704,Start,Start,Start,Fluxicon Disco,Variant 1,1,2016-04-22T18:43:19.000,2016-04-22T18:43:19.000
Traer informacion estudiante - banner,112704,11692,Traer informacion estudiante - banner,11692,Fluxicon Disco,Variant 1,1,2016-04-22T18:43:19.000,2016-04-22T18:43:19.000
Radicar Solicitud Homologacion,112704,11692,Radicar Solicitud Homologacion,11692,Fluxicon Disco,Variant 1,1,2016-04-22T18:43:33.000,2016-04-22T18:43:20.000
Cancelar Solicitud,112704,22404,Cancelar Solicitud,22404,Fluxicon Disco,Variant 1,1,2016-04-22T19:25:13.000,2016-04-22T18:57:11.000
Notificacion estudiante cancelacion soli,112704,22404,Notificacion estudiante cancelacion soli,22404,Fluxicon Disco,Variant 1,1,2016-04-28T12:32:58.000,2016-04-28T12:32:58.000
End,112704,End,End,End,Fluxicon Disco,Variant 1,1,2016-04-28T12:32:58.000,2016-04-28T12:32:58.000
Start,112705,Start,Start,Start,Fluxicon Disco,Variant 1,1,2016-04-22T19:06:30.000,2016-04-22T19:06:30.000
Traer informacion estudiante - banner,112705,11692,Traer informacion estudiante - banner,11692,Fluxicon Disco,Variant 1,1,2016-04-22T19:06:30.000,2016-04-22T19:06:30.000
Radicar Solicitud Homologacion,112705,11692,Radicar Solicitud Homologacion,11692,Fluxicon Disco,Variant 1,1,2016-04-22T19:06:33.000,2016-04-22T19:06:33.000
Cancelar Solicitud,112705,22404,Cancelar Solicitud,22404,Fluxicon Disco,Variant 1,1,2016-04-22T19:57:22.000,2016-04-22T19:13:22.000
Notificacion estudiante cancelacion soli,112705,22404,Notificacion estudiante cancelacion soli,22404,Fluxicon Disco,Variant 1,1,2016-05-01T16:05:52.000,2016-05-01T16:05:52.000
End,112705,End,End,End,Fluxicon Disco,Variant 1,1,2016-05-01T16:05:52.000,2016-05-01T16:05:52.000
Start,112706,Start,Start,Start,Fluxicon Disco,Variant 1,1,2016-04-22T20:08:14.000,2016-04-22T20:08:14.000
Traer informacion estudiante - banner,112706,13014,Traer informacion estudiante - banner,13014,Fluxicon Disco,Variant 1,1,2016-04-22T20:08:14.000,2016-04-22T20:08:14.000
Radicar Solicitud Homologacion,112706,13014,Radicar Solicitud Homologacion,13014,Fluxicon Disco,Variant 1,1,2016-04-22T21:09:50.000,2016-04-22T20:08:17.000
Cancelar Solicitud,112706,241,Cancelar Solicitud,241,Fluxicon Disco,Variant 1,1,2016-05-04T17:12:25.000,2016-05-04T16:33:59.000
Notificacion estudiante cancelacion soli,112706,241,Notificacion estudiante cancelacion soli,241,Fluxicon Disco,Variant 1,1,2016-05-12T02:39:38.000,2016-05-12T02:39:38.000
End,112706,End,End,End,Fluxicon Disco,Variant 1,1,2016-05-12T02:39:38.000,2016-05-12T02:39:38.000
Start,112752,Start,Start,Start,Fluxicon Disco,Variant 1,1,2016-04-22T21:21:40.000,2016-04-22T21:21:40.000
Traer informacion estudiante - banner,112752,11692,Traer informacion estudiante - banner,11692,Fluxicon Disco,Variant 1,1,2016-04-22T21:21:40.000,2016-04-22T21:21:40.000
Radicar Solicitud Homologacion,112752,11692,Radicar Solicitud Homologacion,11692,Fluxicon Disco,Variant 1,1,2016-04-22T21:21:44.000,2016-04-22T21:21:41.000
Cancelar Solicitud,112752,22404,Cancelar Solicitud,22404,Fluxicon Disco,Variant 1,1,2016-04-22T22:09:12.000,2016-04-22T21:25:38.000
Notificacion estudiante cancelacion soli,112752,22404,Notificacion estudiante cancelacion soli,22404,Fluxicon Disco,Variant 1,1,2016-05-01T16:08:25.000,2016-05-01T16:08:25.000
End,112752,End,End,End,Fluxicon Disco,Variant 1,1,2016-05-01T16:08:25.000,2016-05-01T16:08:25.000
Start,112753,Start,Start,Start,Fluxicon Disco,Variant 1,1,2016-04-22T21:32:06.000,2016-04-22T21:32:06.000
Traer informacion estudiante - banner,112753,11692,Traer informacion estudiante - banner,11692,Fluxicon Disco,Variant 1,1,2016-04-22T21:32:06.000,2016-04-22T21:32:06.000
Radicar Solicitud Homologacion,112753,11692,Radicar Solicitud Homologacion,11692,Fluxicon Disco,Variant 1,1,2016-04-22T21:32:11.000,2016-04-22T21:32:07.000
Cancelar Solicitud,112753,22404,Cancelar Solicitud,22404,Fluxicon Disco,Variant 1,1,2016-04-22T22:19:36.000,2016-04-22T21:36:13.000
Notificacion estudiante cancelacion soli,112753,22404,Notificacion estudiante cancelacion soli,22404,Fluxicon Disco,Variant 1,1,2016-05-01T16:07:49.000,2016-05-01T16:07:49.000
End,112753,End,End,End,Fluxicon Disco,Variant 1,1,2016-05-01T16:07:49.000,2016-05-01T16:07:49.000
Start,112801,Start,Start,Start,Fluxicon Disco,Variant 1,1,2016-04-22T22:43:56.000,2016-04-22T22:43:56.000
Traer informacion estudiante - banner,112801,10176,Traer informacion estudiante - banner,10176,Fluxicon Disco,Variant 1,1,2016-04-22T22:43:56.000,2016-04-22T22:43:56.000
Radicar Solicitud Homologacion,112801,10176,Radicar Solicitud Homologacion,10176,Fluxicon Disco,Variant 1,1,2016-04-22T22:44:25.000,2016-04-22T22:44:04.000
Cancelar Solicitud,112801,22475,Cancelar Solicitud,22475,Fluxicon Disco,Variant 1,1,2016-04-22T23:05:56.000,2016-04-22T23:05:23.000
Notificacion estudiante cancelacion soli,112801,22475,Notificacion estudiante cancelacion soli,22475,Fluxicon Disco,Variant 1,1,2016-04-22T23:39:03.000,2016-04-22T23:39:03.000
End,112801,End,End,End,Fluxicon Disco,Variant 1,1,2016-04-22T23:39:03.000,2016-04-22T23:39:03.000
Start,112802,Start,Start,Start,Fluxicon Disco,Variant 4,4,2016-04-22T23:05:48.000,2016-04-22T23:05:48.000
Traer informacion estudiante - banner,112802,10176,Traer informacion estudiante - banner,10176,Fluxicon Disco,Variant 4,4,2016-04-22T23:05:48.000,2016-04-22T23:05:48.000
Radicar Solicitud Homologacion,112802,10176,Radicar Solicitud Homologacion,10176,Fluxicon Disco,Variant 4,4,2016-04-22T23:11:42.000,2016-04-22T23:05:49.000
Validar solicitud,112802,22475,Validar solicitud,22475,Fluxicon Disco,Variant 4,4,2016-04-25T19:02:28.000,2016-04-25T18:58:58.000
Homologacion por grupo de cursos,112802,22475,Homologacion por grupo de cursos,22475,Fluxicon Disco,Variant 4,4,2016-04-26T03:09:31.000,2016-04-26T00:29:01.000
Revisar curso,112802,22475,Revisar curso,22475,Fluxicon Disco,Variant 4,4,2016-04-26T00:29:01.000,2016-04-26T00:29:01.000
Evaluacion curso,112802,22439,Evaluacion curso,22439,Fluxicon Disco,Variant 4,4,2016-04-26T03:03:02.000,2016-04-26T00:29:45.000
Validar solicitud / pre-homologacion,112802,22475,Validar solicitud / pre-homologacion,22475,Fluxicon Disco,Variant 4,4,2016-05-24T15:54:06.000,2016-05-24T15:46:53.000
End,112802,End,End,End,Fluxicon Disco,Variant 4,4,2016-05-24T15:54:06.000,2016-05-24T15:54:06.000
Start,112852,Start,Start,Start,Fluxicon Disco,Variant 89,89,2016-04-22T23:43:25.000,2016-04-22T23:43:25.000
Homologacion por grupo de cursos,112852,22475,Homologacion por grupo de cursos,22475,Fluxicon Disco,Variant 89,89,2016-04-23T00:32:41.000,2016-04-22T23:43:25.000
Revisar curso,112852,943,Revisar curso,943,Fluxicon Disco,Variant 89,89,2016-04-23T00:05:35.000,2016-04-22T23:43:25.000
Traer informacion estudiante - banner,112852,12459,Traer informacion estudiante - banner,12459,Fluxicon Disco,Variant 89,89,2016-04-23T01:30:35.000,2016-04-23T01:30:35.000
Radicar Solicitud Homologacion,112852,12459,Radicar Solicitud Homologacion,12459,Fluxicon Disco,Variant 89,89,2016-04-23T01:30:38.000,2016-04-23T01:30:38.000
Validar solicitud,112852,22475,Validar solicitud,22475,Fluxicon Disco,Variant 89,89,2016-04-23T01:35:58.000,2016-04-23T01:35:58.000
Evaluacion curso,112852,943,Evaluacion curso,943,Fluxicon Disco,Variant 89,89,2016-04-27T22:20:55.000,2016-04-27T21:53:49.000
Validar solicitud / pre-homologacion,112852,22475,Validar solicitud / pre-homologacion,22475,Fluxicon Disco,Variant 89,89,2016-05-03T14:09:13.000,2016-05-03T14:09:13.000
End,112852,End,End,End,Fluxicon Disco,Variant 89,89,2016-05-03T14:09:13.000,2016-05-03T14:09:13.000
Start,113001,Start,Start,Start,Fluxicon Disco,Variant 1,1,2016-04-23T10:59:26.000,2016-04-23T10:59:26.000
Traer informacion estudiante - banner,113001,2463,Traer informacion estudiante - banner,2463,Fluxicon Disco,Variant 1,1,2016-04-23T10:59:26.000,2016-04-23T10:59:26.000
Radicar Solicitud Homologacion,113001,2463,Radicar Solicitud Homologacion,2463,Fluxicon Disco,Variant 1,1,2016-04-23T10:59:32.000,2016-04-23T10:59:32.000
Cancelar Solicitud,113001,241,Cancelar Solicitud,241,Fluxicon Disco,Variant 1,1,2016-04-23T23:18:54.000,2016-04-23T22:14:54.000
Notificacion estudiante cancelacion soli,113001,241,Notificacion estudiante cancelacion soli,241,Fluxicon Disco,Variant 1,1,2016-05-05T01:00:34.000,2016-05-05T01:00:34.000
End,113001,End,End,End,Fluxicon Disco,Variant 1,1,2016-05-05T01:00:34.000,2016-05-05T01:00:34.000
Start,113151,Start,Start,Start,Fluxicon Disco,Variant 90,90,2016-04-23T21:56:38.000,2016-04-23T21:56:38.000
Traer informacion estudiante - banner,113151,7717,Traer informacion estudiante - banner,7717,Fluxicon Disco,Variant 90,90,2016-04-23T21:56:38.000,2016-04-23T21:56:38.000
Radicar Solicitud Homologacion,113151,7717,Radicar Solicitud Homologacion,7717,Fluxicon Disco,Variant 90,90,2016-04-23T21:56:46.000,2016-04-23T21:56:46.000
Radicar Solicitud Homologacion,113151,7717,Radicar Solicitud Homologacion,7717,Fluxicon Disco,Variant 90,90,2016-04-26T00:45:48.000,2016-04-25T23:24:13.000
Radicar Solicitud Homologacion,113151,7717,Radicar Solicitud Homologacion,7717,Fluxicon Disco,Variant 90,90,2016-05-11T23:45:43.000,2016-05-11T23:24:08.000
Validar solicitud,113151,19019,Validar solicitud,19019,Fluxicon Disco,Variant 90,90,2016-05-16T20:38:33.000,2016-05-16T20:38:33.000
Cancelar Solicitud,113151,19019,Cancelar Solicitud,19019,Fluxicon Disco,Variant 90,90,2016-05-16T20:38:34.000,2016-05-16T20:38:34.000
Notificacion estudiante cancelacion soli,113151,19019,Notificacion estudiante cancelacion soli,19019,Fluxicon Disco,Variant 90,90,2016-05-16T20:42:32.000,2016-05-16T20:42:32.000
End,113151,End,End,End,Fluxicon Disco,Variant 90,90,2016-05-16T20:42:32.000,2016-05-16T20:42:32.000
Start,113301,Start,Start,Start,Fluxicon Disco,Variant 1,1,2016-04-24T12:46:41.000,2016-04-24T12:46:41.000
Traer informacion estudiante - banner,113301,3603,Traer informacion estudiante - banner,3603,Fluxicon Disco,Variant 1,1,2016-04-24T12:46:41.000,2016-04-24T12:46:41.000
Radicar Solicitud Homologacion,113301,3603,Radicar Solicitud Homologacion,3603,Fluxicon Disco,Variant 1,1,2016-04-24T15:03:02.000,2016-04-24T12:46:50.000
Cancelar Solicitud,113301,3603,Cancelar Solicitud,3603,Fluxicon Disco,Variant 1,1,2016-05-19T15:12:33.000,2016-05-19T15:12:33.000
Notificacion estudiante cancelacion soli,113301,3603,Notificacion estudiante cancelacion soli,3603,Fluxicon Disco,Variant 1,1,2016-05-19T15:13:23.000,2016-05-19T15:13:23.000
End,113301,End,End,End,Fluxicon Disco,Variant 1,1,2016-05-19T15:13:23.000,2016-05-19T15:13:23.000
Start,113451,Start,Start,Start,Fluxicon Disco,Variant 1,1,2016-04-24T17:32:30.000,2016-04-24T17:32:30.000
Traer informacion estudiante - banner,113451,8727,Traer informacion estudiante - banner,8727,Fluxicon Disco,Variant 1,1,2016-04-24T17:32:30.000,2016-04-24T17:32:30.000
Radicar Solicitud Homologacion,113451,8727,Radicar Solicitud Homologacion,8727,Fluxicon Disco,Variant 1,1,2016-04-24T17:32:34.000,2016-04-24T17:32:34.000
Cancelar Solicitud,113451,19019,Cancelar Solicitud,19019,Fluxicon Disco,Variant 1,1,2016-04-24T18:09:28.000,2016-04-24T18:08:43.000
Notificacion estudiante cancelacion soli,113451,19019,Notificacion estudiante cancelacion soli,19019,Fluxicon Disco,Variant 1,1,2016-04-25T15:45:15.000,2016-04-25T15:45:15.000
End,113451,End,End,End,Fluxicon Disco,Variant 1,1,2016-04-25T15:45:15.000,2016-04-25T15:45:15.000
Start,113501,Start,Start,Start,Fluxicon Disco,Variant 2,2,2016-04-24T19:38:08.000,2016-04-24T19:38:08.000
Traer informacion estudiante - banner,113501,13559,Traer informacion estudiante - banner,13559,Fluxicon Disco,Variant 2,2,2016-04-24T19:38:08.000,2016-04-24T19:38:08.000
Radicar Solicitud Homologacion,113501,13559,Radicar Solicitud Homologacion,13559,Fluxicon Disco,Variant 2,2,2016-04-24T20:08:40.000,2016-04-24T19:38:13.000
Validar solicitud,113501,22404,Validar solicitud,22404,Fluxicon Disco,Variant 2,2,2016-04-28T23:36:35.000,2016-04-28T23:27:03.000
Homologacion por grupo de cursos,113501,22404,Homologacion por grupo de cursos,22404,Fluxicon Disco,Variant 2,2,2016-05-01T18:13:26.000,2016-05-01T16:11:54.000
End,113501,End,End,End,Fluxicon Disco,Variant 2,2,2016-05-01T18:13:26.000,2016-05-01T18:13:26.000
Start,113601,Start,Start,Start,Fluxicon Disco,Variant 2,2,2016-04-24T19:30:47.000,2016-04-24T19:30:47.000
Traer informacion estudiante - banner,113601,5154,Traer informacion estudiante - banner,5154,Fluxicon Disco,Variant 2,2,2016-04-24T19:30:47.000,2016-04-24T19:30:47.000
Radicar Solicitud Homologacion,113601,5154,Radicar Solicitud Homologacion,5154,Fluxicon Disco,Variant 2,2,2016-04-24T19:30:52.000,2016-04-24T19:30:52.000
Validar solicitud,113601,22404,Validar solicitud,22404,Fluxicon Disco,Variant 2,2,2016-04-24T20:47:56.000,2016-04-24T20:23:56.000
Homologacion por grupo de cursos,113601,4560,Homologacion por grupo de cursos,4560,Fluxicon Disco,Variant 2,2,2016-04-28T17:24:51.000,2016-04-28T12:44:51.000
End,113601,End,End,End,Fluxicon Disco,Variant 2,2,2016-04-28T17:24:51.000,2016-04-28T17:24:51.000
Start,113701,Start,Start,Start,Fluxicon Disco,Variant 1,1,2016-04-24T23:55:38.000,2016-04-24T23:55:38.000
Traer informacion estudiante - banner,113701,8475,Traer informacion estudiante - banner,8475,Fluxicon Disco,Variant 1,1,2016-04-24T23:55:38.000,2016-04-24T23:55:38.000
Radicar Solicitud Homologacion,113701,8475,Radicar Solicitud Homologacion,8475,Fluxicon Disco,Variant 1,1,2016-04-24T23:55:42.000,2016-04-24T23:55:42.000
Cancelar Solicitud,113701,1646,Cancelar Solicitud,1646,Fluxicon Disco,Variant 1,1,2016-04-25T02:55:26.000,2016-04-25T00:09:05.000
Notificacion estudiante cancelacion soli,113701,1646,Notificacion estudiante cancelacion soli,1646,Fluxicon Disco,Variant 1,1,2016-05-24T23:21:15.000,2016-05-24T23:21:15.000
End,113701,End,End,End,Fluxicon Disco,Variant 1,1,2016-05-24T23:21:15.000,2016-05-24T23:21:15.000
Start,113751,Start,Start,Start,Fluxicon Disco,Variant 1,1,2016-04-25T02:42:10.000,2016-04-25T02:42:10.000
Traer informacion estudiante - banner,113751,8428,Traer informacion estudiante - banner,8428,Fluxicon Disco,Variant 1,1,2016-04-25T02:42:10.000,2016-04-25T02:42:10.000
Radicar Solicitud Homologacion,113751,8428,Radicar Solicitud Homologacion,8428,Fluxicon Disco,Variant 1,1,2016-04-25T02:42:16.000,2016-04-25T02:42:16.000
Cancelar Solicitud,113751,19019,Cancelar Solicitud,19019,Fluxicon Disco,Variant 1,1,2016-04-25T02:54:09.000,2016-04-25T02:53:20.000
Notificacion estudiante cancelacion soli,113751,19019,Notificacion estudiante cancelacion soli,19019,Fluxicon Disco,Variant 1,1,2016-04-25T15:49:33.000,2016-04-25T15:49:33.000
End,113751,End,End,End,Fluxicon Disco,Variant 1,1,2016-04-25T15:49:33.000,2016-04-25T15:49:33.000
Start,113752,Start,Start,Start,Fluxicon Disco,Variant 8,8,2016-04-25T02:54:39.000,2016-04-25T02:54:39.000
Traer informacion estudiante - banner,113752,8428,Traer informacion estudiante - banner,8428,Fluxicon Disco,Variant 8,8,2016-04-25T02:54:39.000,2016-04-25T02:54:39.000
Radicar Solicitud Homologacion,113752,8428,Radicar Solicitud Homologacion,8428,Fluxicon Disco,Variant 8,8,2016-04-25T02:54:40.000,2016-04-25T02:54:40.000
Cancelar Solicitud,113752,19019,Cancelar Solicitud,19019,Fluxicon Disco,Variant 8,8,2016-04-25T03:20:11.000,2016-04-25T02:59:43.000
Validar solicitud,113752,19019,Validar solicitud,19019,Fluxicon Disco,Variant 8,8,2016-04-25T03:00:33.000,2016-04-25T02:59:43.000
Revisar curso,113752,19019,Revisar curso,19019,Fluxicon Disco,Variant 8,8,2016-04-25T15:50:21.000,2016-04-25T15:50:20.000
Notificacion estudiante cancelacion soli,113752,19019,Notificacion estudiante cancelacion soli,19019,Fluxicon Disco,Variant 8,8,2016-04-27T21:28:41.000,2016-04-27T21:28:41.000
End,113752,End,End,End,Fluxicon Disco,Variant 8,8,2016-04-27T21:28:41.000,2016-04-27T21:28:41.000
Start,113753,Start,Start,Start,Fluxicon Disco,Variant 91,91,2016-04-25T03:02:43.000,2016-04-25T03:02:43.000
Traer informacion estudiante - banner,113753,8428,Traer informacion estudiante - banner,8428,Fluxicon Disco,Variant 91,91,2016-04-25T03:02:43.000,2016-04-25T03:02:43.000
Radicar Solicitud Homologacion,113753,8428,Radicar Solicitud Homologacion,8428,Fluxicon Disco,Variant 91,91,2016-04-25T03:02:44.000,2016-04-25T03:02:44.000
Validar solicitud,113753,19019,Validar solicitud,19019,Fluxicon Disco,Variant 91,91,2016-04-25T03:11:41.000,2016-04-25T03:10:47.000
Homologacion por grupo de cursos,113753,1007,Homologacion por grupo de cursos,1007,Fluxicon Disco,Variant 91,91,2016-04-25T17:40:26.000,2016-04-25T15:54:52.000
Recepcion de documentos,113753,26789,Recepcion de documentos,26789,Fluxicon Disco,Variant 91,91,2016-04-25T16:45:21.000,2016-04-25T15:54:52.000
Validar solicitud / pre-homologacion,113753,19019,Validar solicitud / pre-homologacion,19019,Fluxicon Disco,Variant 91,91,2016-04-25T15:54:53.000,2016-04-25T15:54:53.000
Avanzar recepcion documentos,113753,26789,Avanzar recepcion documentos,26789,Fluxicon Disco,Variant 91,91,2016-04-25T16:45:35.000,2016-04-25T15:55:07.000
Visto Bueno Cierre Proceso,113753,1007,Visto Bueno Cierre Proceso,1007,Fluxicon Disco,Variant 91,91,2016-05-03T17:48:33.000,2016-05-03T16:51:56.000
Validacion final,113753,19019,Validacion final,19019,Fluxicon Disco,Variant 91,91,2016-05-03T18:24:00.000,2016-05-03T18:24:00.000
Transferir Creditos,113753,1007,Transferir Creditos,1007,Fluxicon Disco,Variant 91,91,2016-05-13T17:29:36.000,2016-05-13T17:29:36.000
Transferir creditos homologables,113753,1007,Transferir creditos homologables,1007,Fluxicon Disco,Variant 91,91,2016-05-13T17:29:36.000,2016-05-13T17:29:36.000
End,113753,End,End,End,Fluxicon Disco,Variant 91,91,2016-05-13T17:29:36.000,2016-05-13T17:29:36.000
Start,113853,Start,Start,Start,Fluxicon Disco,Variant 2,2,2016-04-25T15:39:32.000,2016-04-25T15:39:32.000
Traer informacion estudiante - banner,113853,14126,Traer informacion estudiante - banner,14126,Fluxicon Disco,Variant 2,2,2016-04-25T15:39:32.000,2016-04-25T15:39:32.000
Radicar Solicitud Homologacion,113853,14126,Radicar Solicitud Homologacion,14126,Fluxicon Disco,Variant 2,2,2016-04-25T15:39:52.000,2016-04-25T15:39:36.000
Validar solicitud,113853,6767,Validar solicitud,6767,Fluxicon Disco,Variant 2,2,2016-04-25T17:26:53.000,2016-04-25T15:55:39.000
Homologacion por grupo de cursos,113853,6767,Homologacion por grupo de cursos,6767,Fluxicon Disco,Variant 2,2,2016-05-11T21:38:15.000,2016-05-11T21:10:26.000
End,113853,End,End,End,Fluxicon Disco,Variant 2,2,2016-05-11T21:38:15.000,2016-05-11T21:38:15.000
Start,113854,Start,Start,Start,Fluxicon Disco,Variant 26,26,2016-04-25T16:13:12.000,2016-04-25T16:13:12.000
Traer informacion estudiante - banner,113854,19422,Traer informacion estudiante - banner,19422,Fluxicon Disco,Variant 26,26,2016-04-25T16:13:12.000,2016-04-25T16:13:12.000
Radicar Solicitud Homologacion,113854,19422,Radicar Solicitud Homologacion,19422,Fluxicon Disco,Variant 26,26,2016-04-25T16:13:18.000,2016-04-25T16:13:16.000
Validar solicitud,113854,659,Validar solicitud,659,Fluxicon Disco,Variant 26,26,2016-04-25T16:18:21.000,2016-04-25T16:16:13.000
Revisar curso,113854,659,Revisar curso,659,Fluxicon Disco,Variant 26,26,2016-04-25T18:24:54.000,2016-04-25T18:24:54.000
Homologacion por grupo de cursos,113854,1422,Homologacion por grupo de cursos,1422,Fluxicon Disco,Variant 26,26,2016-04-25T18:33:15.000,2016-04-25T18:24:54.000
Evaluacion curso,113854,659,Evaluacion curso,659,Fluxicon Disco,Variant 26,26,2016-04-25T18:29:52.000,2016-04-25T18:25:18.000
Validacion final,113854,659,Validacion final,659,Fluxicon Disco,Variant 26,26,2016-04-26T14:20:58.000,2016-04-26T14:20:58.000
Visto Bueno Cierre Proceso,113854,1422,Visto Bueno Cierre Proceso,1422,Fluxicon Disco,Variant 26,26,2016-04-26T14:25:07.000,2016-04-26T14:21:21.000
End,113854,End,End,End,Fluxicon Disco,Variant 26,26,2016-04-26T14:25:07.000,2016-04-26T14:25:07.000
Start,113855,Start,Start,Start,Fluxicon Disco,Variant 2,2,2016-04-25T16:19:10.000,2016-04-25T16:19:10.000
Traer informacion estudiante - banner,113855,8188,Traer informacion estudiante - banner,8188,Fluxicon Disco,Variant 2,2,2016-04-25T16:19:10.000,2016-04-25T16:19:10.000
Radicar Solicitud Homologacion,113855,8188,Radicar Solicitud Homologacion,8188,Fluxicon Disco,Variant 2,2,2016-04-25T17:50:50.000,2016-04-25T16:19:11.000
Validar solicitud,113855,1707,Validar solicitud,1707,Fluxicon Disco,Variant 2,2,2016-05-11T22:02:37.000,2016-05-11T21:58:44.000
Homologacion por grupo de cursos,113855,15930,Homologacion por grupo de cursos,15930,Fluxicon Disco,Variant 2,2,2016-05-12T16:53:14.000,2016-05-12T15:51:53.000
End,113855,End,End,End,Fluxicon Disco,Variant 2,2,2016-05-12T16:53:14.000,2016-05-12T16:53:14.000
Start,113953,Start,Start,Start,Fluxicon Disco,Variant 1,1,2016-04-25T20:38:25.000,2016-04-25T20:38:25.000
Traer informacion estudiante - banner,113953,22437,Traer informacion estudiante - banner,22437,Fluxicon Disco,Variant 1,1,2016-04-25T20:38:25.000,2016-04-25T20:38:25.000
Radicar Solicitud Homologacion,113953,22437,Radicar Solicitud Homologacion,22437,Fluxicon Disco,Variant 1,1,2016-04-25T23:06:54.000,2016-04-25T20:38:26.000
Cancelar Solicitud,113953,677,Cancelar Solicitud,677,Fluxicon Disco,Variant 1,1,2016-05-23T15:30:01.000,2016-05-23T15:28:48.000
Notificacion estudiante cancelacion soli,113953,677,Notificacion estudiante cancelacion soli,677,Fluxicon Disco,Variant 1,1,2016-05-23T16:42:31.000,2016-05-23T16:42:31.000
End,113953,End,End,End,Fluxicon Disco,Variant 1,1,2016-05-23T16:42:31.000,2016-05-23T16:42:31.000
Start,114002,Start,Start,Start,Fluxicon Disco,Variant 4,4,2016-04-25T18:59:48.000,2016-04-25T18:59:48.000
Traer informacion estudiante - banner,114002,10176,Traer informacion estudiante - banner,10176,Fluxicon Disco,Variant 4,4,2016-04-25T18:59:48.000,2016-04-25T18:59:48.000
Radicar Solicitud Homologacion,114002,10176,Radicar Solicitud Homologacion,10176,Fluxicon Disco,Variant 4,4,2016-04-25T18:59:49.000,2016-04-25T18:59:49.000
Validar solicitud,114002,22475,Validar solicitud,22475,Fluxicon Disco,Variant 4,4,2016-04-25T19:06:52.000,2016-04-25T19:03:28.000
Homologacion por grupo de cursos,114002,22475,Homologacion por grupo de cursos,22475,Fluxicon Disco,Variant 4,4,2016-04-26T00:42:03.000,2016-04-26T00:24:51.000
Revisar curso,114002,22475,Revisar curso,22475,Fluxicon Disco,Variant 4,4,2016-04-26T00:24:51.000,2016-04-26T00:24:51.000
Evaluacion curso,114002,22439,Evaluacion curso,22439,Fluxicon Disco,Variant 4,4,2016-04-26T00:42:20.000,2016-04-26T00:25:14.000
Validar solicitud / pre-homologacion,114002,22475,Validar solicitud / pre-homologacion,22475,Fluxicon Disco,Variant 4,4,2016-04-28T15:31:22.000,2016-04-28T15:31:17.000
End,114002,End,End,End,Fluxicon Disco,Variant 4,4,2016-04-28T15:31:22.000,2016-04-28T15:31:22.000
Start,114003,Start,Start,Start,Fluxicon Disco,Variant 1,1,2016-04-25T19:04:06.000,2016-04-25T19:04:06.000
Traer informacion estudiante - banner,114003,11613,Traer informacion estudiante - banner,11613,Fluxicon Disco,Variant 1,1,2016-04-25T19:04:06.000,2016-04-25T19:04:06.000
Radicar Solicitud Homologacion,114003,11613,Radicar Solicitud Homologacion,11613,Fluxicon Disco,Variant 1,1,2016-04-25T19:04:07.000,2016-04-25T19:04:07.000
Cancelar Solicitud,114003,11613,Cancelar Solicitud,11613,Fluxicon Disco,Variant 1,1,2016-04-25T19:58:34.000,2016-04-25T19:58:34.000
Notificacion estudiante cancelacion soli,114003,11613,Notificacion estudiante cancelacion soli,11613,Fluxicon Disco,Variant 1,1,2016-04-25T20:26:02.000,2016-04-25T20:26:02.000
End,114003,End,End,End,Fluxicon Disco,Variant 1,1,2016-04-25T20:26:02.000,2016-04-25T20:26:02.000
Start,114007,Start,Start,Start,Fluxicon Disco,Variant 28,28,2016-04-25T19:59:10.000,2016-04-25T19:59:10.000
Traer informacion estudiante - banner,114007,11613,Traer informacion estudiante - banner,11613,Fluxicon Disco,Variant 28,28,2016-04-25T19:59:10.000,2016-04-25T19:59:10.000
Radicar Solicitud Homologacion,114007,11613,Radicar Solicitud Homologacion,11613,Fluxicon Disco,Variant 28,28,2016-04-25T19:59:13.000,2016-04-25T19:59:13.000
Validar solicitud,114007,1646,Validar solicitud,1646,Fluxicon Disco,Variant 28,28,2016-04-25T20:38:30.000,2016-04-25T20:28:22.000
Homologacion por grupo de cursos,114007,12535,Homologacion por grupo de cursos,12535,Fluxicon Disco,Variant 28,28,2016-04-27T05:01:11.000,2016-04-26T23:08:06.000
Revisar curso,114007,1646,Revisar curso,1646,Fluxicon Disco,Variant 28,28,2016-04-26T23:08:07.000,2016-04-26T23:08:06.000
Evaluacion curso,114007,10665,Evaluacion curso,10665,Fluxicon Disco,Variant 28,28,2016-04-27T02:24:47.000,2016-04-26T23:09:59.000
Validacion final,114007,1646,Validacion final,1646,Fluxicon Disco,Variant 28,28,2016-06-02T18:27:40.000,2016-06-02T15:58:08.000
Visto Bueno Cierre Proceso,114007,12535,Visto Bueno Cierre Proceso,12535,Fluxicon Disco,Variant 28,28,2016-06-29T23:38:52.000,2016-06-29T23:30:09.000
Transferir Creditos,114007,12535,Transferir Creditos,12535,Fluxicon Disco,Variant 28,28,2016-07-01T00:13:33.000,2016-07-01T00:13:33.000
Transferir creditos homologables,114007,12535,Transferir creditos homologables,12535,Fluxicon Disco,Variant 28,28,2016-07-01T00:13:33.000,2016-07-01T00:13:33.000
Transferir creditos homologables,114007,12535,Transferir creditos homologables,12535,Fluxicon Disco,Variant 28,28,2016-07-01T00:13:33.000,2016-07-01T00:13:33.000
Transferir creditos homologables,114007,12535,Transferir creditos homologables,12535,Fluxicon Disco,Variant 28,28,2016-07-01T00:13:33.000,2016-07-01T00:13:33.000
End,114007,End,End,End,Fluxicon Disco,Variant 28,28,2016-07-01T00:13:33.000,2016-07-01T00:13:33.000
Start,114102,Start,Start,Start,Fluxicon Disco,Variant 2,2,2016-04-25T22:05:53.000,2016-04-25T22:05:53.000
Traer informacion estudiante - banner,114102,13803,Traer informacion estudiante - banner,13803,Fluxicon Disco,Variant 2,2,2016-04-25T22:05:53.000,2016-04-25T22:05:53.000
Radicar Solicitud Homologacion,114102,13803,Radicar Solicitud Homologacion,13803,Fluxicon Disco,Variant 2,2,2016-04-26T01:12:53.000,2016-04-25T22:05:59.000
Validar solicitud,114102,19019,Validar solicitud,19019,Fluxicon Disco,Variant 2,2,2016-05-31T10:14:27.000,2016-05-31T08:58:27.000
Homologacion por grupo de cursos,114102,19019,Homologacion por grupo de cursos,19019,Fluxicon Disco,Variant 2,2,2016-06-14T20:05:13.000,2016-06-14T19:17:09.000
End,114102,End,End,End,Fluxicon Disco,Variant 2,2,2016-06-14T20:05:13.000,2016-06-14T20:05:13.000
Start,114152,Start,Start,Start,Fluxicon Disco,Variant 2,2,2016-04-26T03:29:15.000,2016-04-26T03:29:15.000
Traer informacion estudiante - banner,114152,26759,Traer informacion estudiante - banner,26759,Fluxicon Disco,Variant 2,2,2016-04-26T03:29:15.000,2016-04-26T03:29:15.000
Radicar Solicitud Homologacion,114152,26759,Radicar Solicitud Homologacion,26759,Fluxicon Disco,Variant 2,2,2016-04-26T03:29:19.000,2016-04-26T03:29:19.000
Validar solicitud,114152,22404,Validar solicitud,22404,Fluxicon Disco,Variant 2,2,2016-04-26T04:22:17.000,2016-04-26T03:50:17.000
Homologacion por grupo de cursos,114152,4560,Homologacion por grupo de cursos,4560,Fluxicon Disco,Variant 2,2,2016-05-01T20:41:47.000,2016-05-01T16:17:47.000
End,114152,End,End,End,Fluxicon Disco,Variant 2,2,2016-05-01T20:41:47.000,2016-05-01T20:41:47.000
Start,114153,Start,Start,Start,Fluxicon Disco,Variant 2,2,2016-04-26T03:54:32.000,2016-04-26T03:54:32.000
Traer informacion estudiante - banner,114153,26344,Traer informacion estudiante - banner,26344,Fluxicon Disco,Variant 2,2,2016-04-26T03:54:32.000,2016-04-26T03:54:32.000
Radicar Solicitud Homologacion,114153,26344,Radicar Solicitud Homologacion,26344,Fluxicon Disco,Variant 2,2,2016-04-26T03:58:17.000,2016-04-26T03:54:34.000
Validar solicitud,114153,294,Validar solicitud,294,Fluxicon Disco,Variant 2,2,2016-04-26T18:48:15.000,2016-04-26T18:43:11.000
Homologacion por grupo de cursos,114153,7311,Homologacion por grupo de cursos,7311,Fluxicon Disco,Variant 2,2,2016-04-27T17:32:28.000,2016-04-27T15:47:28.000
End,114153,End,End,End,Fluxicon Disco,Variant 2,2,2016-04-27T17:32:28.000,2016-04-27T17:32:28.000
Start,114351,Start,Start,Start,Fluxicon Disco,Variant 2,2,2016-04-26T18:06:32.000,2016-04-26T18:06:32.000
Traer informacion estudiante - banner,114351,11387,Traer informacion estudiante - banner,11387,Fluxicon Disco,Variant 2,2,2016-04-26T18:06:32.000,2016-04-26T18:06:32.000
Radicar Solicitud Homologacion,114351,11387,Radicar Solicitud Homologacion,11387,Fluxicon Disco,Variant 2,2,2016-04-26T18:06:54.000,2016-04-26T18:06:38.000
Validar solicitud,114351,677,Validar solicitud,677,Fluxicon Disco,Variant 2,2,2016-04-26T19:26:08.000,2016-04-26T18:22:59.000
Homologacion por grupo de cursos,114351,677,Homologacion por grupo de cursos,677,Fluxicon Disco,Variant 2,2,2016-05-06T17:32:31.000,2016-05-06T17:32:30.000
End,114351,End,End,End,Fluxicon Disco,Variant 2,2,2016-05-06T17:32:31.000,2016-05-06T17:32:31.000
Start,114501,Start,Start,Start,Fluxicon Disco,Variant 1,1,2016-04-26T23:00:07.000,2016-04-26T23:00:07.000
Traer informacion estudiante - banner,114501,13559,Traer informacion estudiante - banner,13559,Fluxicon Disco,Variant 1,1,2016-04-26T23:00:07.000,2016-04-26T23:00:07.000
Radicar Solicitud Homologacion,114501,13559,Radicar Solicitud Homologacion,13559,Fluxicon Disco,Variant 1,1,2016-04-26T23:02:13.000,2016-04-26T23:00:14.000
Cancelar Solicitud,114501,22404,Cancelar Solicitud,22404,Fluxicon Disco,Variant 1,1,2016-04-27T12:30:25.000,2016-04-27T12:21:58.000
Notificacion estudiante cancelacion soli,114501,22404,Notificacion estudiante cancelacion soli,22404,Fluxicon Disco,Variant 1,1,2016-04-28T15:27:17.000,2016-04-28T15:27:17.000
End,114501,End,End,End,Fluxicon Disco,Variant 1,1,2016-04-28T15:27:17.000,2016-04-28T15:27:17.000
Start,114502,Start,Start,Start,Fluxicon Disco,Variant 2,2,2016-04-27T00:01:23.000,2016-04-27T00:01:23.000
Traer informacion estudiante - banner,114502,2154,Traer informacion estudiante - banner,2154,Fluxicon Disco,Variant 2,2,2016-04-27T00:01:23.000,2016-04-27T00:01:23.000
Radicar Solicitud Homologacion,114502,2154,Radicar Solicitud Homologacion,2154,Fluxicon Disco,Variant 2,2,2016-04-27T00:01:48.000,2016-04-27T00:01:26.000
Validar solicitud,114502,186,Validar solicitud,186,Fluxicon Disco,Variant 2,2,2016-04-27T01:40:16.000,2016-04-27T00:24:09.000
Homologacion por grupo de cursos,114502,26788,Homologacion por grupo de cursos,26788,Fluxicon Disco,Variant 2,2,2016-05-11T18:35:27.000,2016-05-11T18:31:35.000
End,114502,End,End,End,Fluxicon Disco,Variant 2,2,2016-05-11T18:35:27.000,2016-05-11T18:35:27.000
Start,114503,Start,Start,Start,Fluxicon Disco,Variant 2,2,2016-04-27T00:26:24.000,2016-04-27T00:26:24.000
Traer informacion estudiante - banner,114503,2154,Traer informacion estudiante - banner,2154,Fluxicon Disco,Variant 2,2,2016-04-27T00:26:24.000,2016-04-27T00:26:24.000
Radicar Solicitud Homologacion,114503,2154,Radicar Solicitud Homologacion,2154,Fluxicon Disco,Variant 2,2,2016-04-27T00:27:00.000,2016-04-27T00:26:27.000
Validar solicitud,114503,186,Validar solicitud,186,Fluxicon Disco,Variant 2,2,2016-04-27T02:19:15.000,2016-04-27T01:03:39.000
Homologacion por grupo de cursos,114503,186,Homologacion por grupo de cursos,186,Fluxicon Disco,Variant 2,2,2016-05-11T18:36:28.000,2016-05-11T18:36:15.000
End,114503,End,End,End,Fluxicon Disco,Variant 2,2,2016-05-11T18:36:28.000,2016-05-11T18:36:28.000
Start,114552,Start,Start,Start,Fluxicon Disco,Variant 1,1,2016-04-27T02:07:02.000,2016-04-27T02:07:02.000
Traer informacion estudiante - banner,114552,3815,Traer informacion estudiante - banner,3815,Fluxicon Disco,Variant 1,1,2016-04-27T02:07:02.000,2016-04-27T02:07:02.000
Radicar Solicitud Homologacion,114552,3815,Radicar Solicitud Homologacion,3815,Fluxicon Disco,Variant 1,1,2016-04-27T03:23:03.000,2016-04-27T02:07:03.000
Cancelar Solicitud,114552,6694,Cancelar Solicitud,6694,Fluxicon Disco,Variant 1,1,2016-05-11T20:43:42.000,2016-05-11T20:39:42.000
Notificacion estudiante cancelacion soli,114552,6694,Notificacion estudiante cancelacion soli,6694,Fluxicon Disco,Variant 1,1,2016-05-12T14:27:53.000,2016-05-12T14:27:53.000
End,114552,End,End,End,Fluxicon Disco,Variant 1,1,2016-05-12T14:27:53.000,2016-05-12T14:27:53.000
Start,114751,Start,Start,Start,Fluxicon Disco,Variant 1,1,2016-04-27T12:07:28.000,2016-04-27T12:07:28.000
Traer informacion estudiante - banner,114751,6572,Traer informacion estudiante - banner,6572,Fluxicon Disco,Variant 1,1,2016-04-27T12:07:28.000,2016-04-27T12:07:28.000
Radicar Solicitud Homologacion,114751,6572,Radicar Solicitud Homologacion,6572,Fluxicon Disco,Variant 1,1,2016-04-27T12:15:38.000,2016-04-27T12:07:38.000
Cancelar Solicitud,114751,6572,Cancelar Solicitud,6572,Fluxicon Disco,Variant 1,1,2016-04-28T14:49:42.000,2016-04-28T14:49:35.000
Notificacion estudiante cancelacion soli,114751,6572,Notificacion estudiante cancelacion soli,6572,Fluxicon Disco,Variant 1,1,2016-04-28T15:07:03.000,2016-04-28T15:07:03.000
End,114751,End,End,End,Fluxicon Disco,Variant 1,1,2016-04-28T15:07:03.000,2016-04-28T15:07:03.000
Start,114802,Start,Start,Start,Fluxicon Disco,Variant 2,2,2016-04-27T16:30:38.000,2016-04-27T16:30:38.000
Traer informacion estudiante - banner,114802,7143,Traer informacion estudiante - banner,7143,Fluxicon Disco,Variant 2,2,2016-04-27T16:30:38.000,2016-04-27T16:30:38.000
Radicar Solicitud Homologacion,114802,7143,Radicar Solicitud Homologacion,7143,Fluxicon Disco,Variant 2,2,2016-04-27T16:47:19.000,2016-04-27T16:30:41.000
Validar solicitud,114802,19019,Validar solicitud,19019,Fluxicon Disco,Variant 2,2,2016-04-29T17:26:36.000,2016-04-29T17:09:19.000
Homologacion por grupo de cursos,114802,1007,Homologacion por grupo de cursos,1007,Fluxicon Disco,Variant 2,2,2016-05-03T23:08:28.000,2016-05-03T18:26:27.000
End,114802,End,End,End,Fluxicon Disco,Variant 2,2,2016-05-03T23:08:28.000,2016-05-03T23:08:28.000
Start,114804,Start,Start,Start,Fluxicon Disco,Variant 15,15,2016-04-27T16:16:44.000,2016-04-27T16:16:44.000
Homologacion por grupo de cursos,114804,4560,Homologacion por grupo de cursos,4560,Fluxicon Disco,Variant 15,15,2016-04-27T18:05:51.000,2016-04-27T16:16:44.000
Traer informacion estudiante - banner,114804,8147,Traer informacion estudiante - banner,8147,Fluxicon Disco,Variant 15,15,2016-04-27T17:32:07.000,2016-04-27T17:32:07.000
Radicar Solicitud Homologacion,114804,8147,Radicar Solicitud Homologacion,8147,Fluxicon Disco,Variant 15,15,2016-04-27T17:32:16.000,2016-04-27T17:32:09.000
Validar solicitud,114804,19019,Validar solicitud,19019,Fluxicon Disco,Variant 15,15,2016-04-27T17:39:40.000,2016-04-27T17:39:40.000
End,114804,End,End,End,Fluxicon Disco,Variant 15,15,2016-04-27T17:39:40.000,2016-04-27T17:39:40.000
Start,114854,Start,Start,Start,Fluxicon Disco,Variant 1,1,2016-04-27T16:45:15.000,2016-04-27T16:45:15.000
Traer informacion estudiante - banner,114854,9489,Traer informacion estudiante - banner,9489,Fluxicon Disco,Variant 1,1,2016-04-27T16:45:15.000,2016-04-27T16:45:15.000
Radicar Solicitud Homologacion,114854,9489,Radicar Solicitud Homologacion,9489,Fluxicon Disco,Variant 1,1,2016-04-27T17:24:59.000,2016-04-27T16:45:16.000
Cancelar Solicitud,114854,241,Cancelar Solicitud,241,Fluxicon Disco,Variant 1,1,2016-05-04T17:06:48.000,2016-05-04T16:28:17.000
Notificacion estudiante cancelacion soli,114854,241,Notificacion estudiante cancelacion soli,241,Fluxicon Disco,Variant 1,1,2016-05-12T02:42:35.000,2016-05-12T02:42:35.000
End,114854,End,End,End,Fluxicon Disco,Variant 1,1,2016-05-12T02:42:35.000,2016-05-12T02:42:35.000
Start,114901,Start,Start,Start,Fluxicon Disco,Variant 24,24,2016-04-27T18:57:21.000,2016-04-27T18:57:21.000
Traer informacion estudiante - banner,114901,8428,Traer informacion estudiante - banner,8428,Fluxicon Disco,Variant 24,24,2016-04-27T18:57:21.000,2016-04-27T18:57:21.000
Radicar Solicitud Homologacion,114901,8428,Radicar Solicitud Homologacion,8428,Fluxicon Disco,Variant 24,24,2016-04-27T19:29:22.000,2016-04-27T18:57:24.000
Homologacion por grupo de cursos,114901,1007,Homologacion por grupo de cursos,1007,Fluxicon Disco,Variant 24,24,2016-05-03T21:41:24.000,2016-05-03T16:57:54.000
Validar solicitud,114901,19019,Validar solicitud,19019,Fluxicon Disco,Variant 24,24,2016-05-03T18:55:44.000,2016-05-03T18:55:44.000
End,114901,End,End,End,Fluxicon Disco,Variant 24,24,2016-05-03T18:55:44.000,2016-05-03T18:55:44.000
Start,114952,Start,Start,Start,Fluxicon Disco,Variant 2,2,2016-04-27T22:39:22.000,2016-04-27T22:39:22.000
Traer informacion estudiante - banner,114952,11342,Traer informacion estudiante - banner,11342,Fluxicon Disco,Variant 2,2,2016-04-27T22:39:22.000,2016-04-27T22:39:22.000
Radicar Solicitud Homologacion,114952,11342,Radicar Solicitud Homologacion,11342,Fluxicon Disco,Variant 2,2,2016-04-27T22:39:34.000,2016-04-27T22:39:25.000
Validar solicitud,114952,18929,Validar solicitud,18929,Fluxicon Disco,Variant 2,2,2016-04-27T23:27:15.000,2016-04-27T22:49:24.000
Homologacion por grupo de cursos,114952,957,Homologacion por grupo de cursos,957,Fluxicon Disco,Variant 2,2,2016-05-04T21:15:25.000,2016-05-04T18:41:03.000
End,114952,End,End,End,Fluxicon Disco,Variant 2,2,2016-05-04T21:15:25.000,2016-05-04T21:15:25.000
Start,114953,Start,Start,Start,Fluxicon Disco,Variant 2,2,2016-04-27T23:15:22.000,2016-04-27T23:15:22.000
Traer informacion estudiante - banner,114953,7862,Traer informacion estudiante - banner,7862,Fluxicon Disco,Variant 2,2,2016-04-27T23:15:22.000,2016-04-27T23:15:22.000
Radicar Solicitud Homologacion,114953,7862,Radicar Solicitud Homologacion,7862,Fluxicon Disco,Variant 2,2,2016-04-27T23:15:41.000,2016-04-27T23:15:23.000
Validar solicitud,114953,1707,Validar solicitud,1707,Fluxicon Disco,Variant 2,2,2016-04-27T23:39:00.000,2016-04-27T23:33:34.000
Homologacion por grupo de cursos,114953,15930,Homologacion por grupo de cursos,15930,Fluxicon Disco,Variant 2,2,2016-04-29T00:57:59.000,2016-04-28T19:47:11.000
End,114953,End,End,End,Fluxicon Disco,Variant 2,2,2016-04-29T00:57:59.000,2016-04-29T00:57:59.000
Start,114955,Start,Start,Start,Fluxicon Disco,Variant 2,2,2016-04-27T23:36:50.000,2016-04-27T23:36:50.000
Traer informacion estudiante - banner,114955,7862,Traer informacion estudiante - banner,7862,Fluxicon Disco,Variant 2,2,2016-04-27T23:36:50.000,2016-04-27T23:36:50.000
Radicar Solicitud Homologacion,114955,7862,Radicar Solicitud Homologacion,7862,Fluxicon Disco,Variant 2,2,2016-04-27T23:36:54.000,2016-04-27T23:36:51.000
Validar solicitud,114955,1707,Validar solicitud,1707,Fluxicon Disco,Variant 2,2,2016-04-27T23:45:21.000,2016-04-27T23:40:02.000
Homologacion por grupo de cursos,114955,15930,Homologacion por grupo de cursos,15930,Fluxicon Disco,Variant 2,2,2016-04-28T23:27:56.000,2016-04-28T19:47:56.000
End,114955,End,End,End,Fluxicon Disco,Variant 2,2,2016-04-28T23:27:56.000,2016-04-28T23:27:56.000
Start,115001,Start,Start,Start,Fluxicon Disco,Variant 2,2,2016-04-27T20:47:16.000,2016-04-27T20:47:16.000
Traer informacion estudiante - banner,115001,12935,Traer informacion estudiante - banner,12935,Fluxicon Disco,Variant 2,2,2016-04-27T20:47:16.000,2016-04-27T20:47:16.000
Radicar Solicitud Homologacion,115001,12935,Radicar Solicitud Homologacion,12935,Fluxicon Disco,Variant 2,2,2016-04-27T20:47:54.000,2016-04-27T20:47:20.000
Validar solicitud,115001,18929,Validar solicitud,18929,Fluxicon Disco,Variant 2,2,2016-04-27T22:13:44.000,2016-04-27T21:34:37.000
Homologacion por grupo de cursos,115001,957,Homologacion por grupo de cursos,957,Fluxicon Disco,Variant 2,2,2016-05-04T21:16:47.000,2016-05-04T18:42:27.000
End,115001,End,End,End,Fluxicon Disco,Variant 2,2,2016-05-04T21:16:47.000,2016-05-04T21:16:47.000
Start,115002,Start,Start,Start,Fluxicon Disco,Variant 1,1,2016-04-27T20:58:04.000,2016-04-27T20:58:04.000
Traer informacion estudiante - banner,115002,10280,Traer informacion estudiante - banner,10280,Fluxicon Disco,Variant 1,1,2016-04-27T20:58:04.000,2016-04-27T20:58:04.000
Radicar Solicitud Homologacion,115002,10280,Radicar Solicitud Homologacion,10280,Fluxicon Disco,Variant 1,1,2016-04-27T20:58:18.000,2016-04-27T20:58:05.000
Cancelar Solicitud,115002,10280,Cancelar Solicitud,10280,Fluxicon Disco,Variant 1,1,2016-04-27T21:14:16.000,2016-04-27T21:13:53.000
Notificacion estudiante cancelacion soli,115002,10280,Notificacion estudiante cancelacion soli,10280,Fluxicon Disco,Variant 1,1,2016-04-27T21:36:56.000,2016-04-27T21:36:56.000
End,115002,End,End,End,Fluxicon Disco,Variant 1,1,2016-04-27T21:36:56.000,2016-04-27T21:36:56.000
Start,115003,Start,Start,Start,Fluxicon Disco,Variant 2,2,2016-04-27T21:15:41.000,2016-04-27T21:15:41.000
Traer informacion estudiante - banner,115003,10280,Traer informacion estudiante - banner,10280,Fluxicon Disco,Variant 2,2,2016-04-27T21:15:41.000,2016-04-27T21:15:41.000
Radicar Solicitud Homologacion,115003,10280,Radicar Solicitud Homologacion,10280,Fluxicon Disco,Variant 2,2,2016-04-27T21:15:47.000,2016-04-27T21:15:43.000
Validar solicitud,115003,18929,Validar solicitud,18929,Fluxicon Disco,Variant 2,2,2016-04-27T21:59:48.000,2016-04-27T21:20:19.000
Homologacion por grupo de cursos,115003,18929,Homologacion por grupo de cursos,18929,Fluxicon Disco,Variant 2,2,2016-05-04T19:53:48.000,2016-05-04T18:49:38.000
End,115003,End,End,End,Fluxicon Disco,Variant 2,2,2016-05-04T19:53:48.000,2016-05-04T19:53:48.000
Start,115004,Start,Start,Start,Fluxicon Disco,Variant 2,2,2016-04-27T21:22:20.000,2016-04-27T21:22:20.000
Traer informacion estudiante - banner,115004,10280,Traer informacion estudiante - banner,10280,Fluxicon Disco,Variant 2,2,2016-04-27T21:22:20.000,2016-04-27T21:22:20.000
Radicar Solicitud Homologacion,115004,10280,Radicar Solicitud Homologacion,10280,Fluxicon Disco,Variant 2,2,2016-04-27T21:22:33.000,2016-04-27T21:22:22.000
Validar solicitud,115004,18929,Validar solicitud,18929,Fluxicon Disco,Variant 2,2,2016-04-27T22:13:06.000,2016-04-27T21:33:49.000
Homologacion por grupo de cursos,115004,957,Homologacion por grupo de cursos,957,Fluxicon Disco,Variant 2,2,2016-05-04T21:28:06.000,2016-05-04T18:51:21.000
End,115004,End,End,End,Fluxicon Disco,Variant 2,2,2016-05-04T21:28:06.000,2016-05-04T21:28:06.000
Start,115005,Start,Start,Start,Fluxicon Disco,Variant 2,2,2016-04-27T21:29:23.000,2016-04-27T21:29:23.000
Traer informacion estudiante - banner,115005,12935,Traer informacion estudiante - banner,12935,Fluxicon Disco,Variant 2,2,2016-04-27T21:29:23.000,2016-04-27T21:29:23.000
Radicar Solicitud Homologacion,115005,12935,Radicar Solicitud Homologacion,12935,Fluxicon Disco,Variant 2,2,2016-04-27T21:29:28.000,2016-04-27T21:29:24.000
Validar solicitud,115005,18929,Validar solicitud,18929,Fluxicon Disco,Variant 2,2,2016-04-27T22:13:10.000,2016-04-27T21:33:51.000
Homologacion por grupo de cursos,115005,957,Homologacion por grupo de cursos,957,Fluxicon Disco,Variant 2,2,2016-05-04T20:17:03.000,2016-05-04T18:52:56.000
End,115005,End,End,End,Fluxicon Disco,Variant 2,2,2016-05-04T20:17:03.000,2016-05-04T20:17:03.000
Start,115006,Start,Start,Start,Fluxicon Disco,Variant 1,1,2016-04-27T21:35:50.000,2016-04-27T21:35:50.000
Traer informacion estudiante - banner,115006,12935,Traer informacion estudiante - banner,12935,Fluxicon Disco,Variant 1,1,2016-04-27T21:35:50.000,2016-04-27T21:35:50.000
Radicar Solicitud Homologacion,115006,12935,Radicar Solicitud Homologacion,12935,Fluxicon Disco,Variant 1,1,2016-04-27T21:35:55.000,2016-04-27T21:35:51.000
Cancelar Solicitud,115006,18929,Cancelar Solicitud,18929,Fluxicon Disco,Variant 1,1,2016-04-27T23:23:42.000,2016-04-27T21:40:23.000
Notificacion estudiante cancelacion soli,115006,18929,Notificacion estudiante cancelacion soli,18929,Fluxicon Disco,Variant 1,1,2016-05-17T19:47:07.000,2016-05-17T19:47:07.000
End,115006,End,End,End,Fluxicon Disco,Variant 1,1,2016-05-17T19:47:07.000,2016-05-17T19:47:07.000
Start,115054,Start,Start,Start,Fluxicon Disco,Variant 1,1,2016-04-28T01:31:22.000,2016-04-28T01:31:22.000
Traer informacion estudiante - banner,115054,8688,Traer informacion estudiante - banner,8688,Fluxicon Disco,Variant 1,1,2016-04-28T01:31:22.000,2016-04-28T01:31:22.000
Radicar Solicitud Homologacion,115054,8688,Radicar Solicitud Homologacion,8688,Fluxicon Disco,Variant 1,1,2016-04-28T01:31:23.000,2016-04-28T01:31:23.000
Cancelar Solicitud,115054,19019,Cancelar Solicitud,19019,Fluxicon Disco,Variant 1,1,2016-04-28T01:39:26.000,2016-04-28T01:35:49.000
Notificacion estudiante cancelacion soli,115054,19019,Notificacion estudiante cancelacion soli,19019,Fluxicon Disco,Variant 1,1,2016-04-28T18:37:51.000,2016-04-28T18:37:51.000
End,115054,End,End,End,Fluxicon Disco,Variant 1,1,2016-04-28T18:37:51.000,2016-04-28T18:37:51.000
Start,115055,Start,Start,Start,Fluxicon Disco,Variant 1,1,2016-04-28T01:36:04.000,2016-04-28T01:36:04.000
Traer informacion estudiante - banner,115055,8688,Traer informacion estudiante - banner,8688,Fluxicon Disco,Variant 1,1,2016-04-28T01:36:04.000,2016-04-28T01:36:04.000
Radicar Solicitud Homologacion,115055,8688,Radicar Solicitud Homologacion,8688,Fluxicon Disco,Variant 1,1,2016-04-28T01:36:06.000,2016-04-28T01:36:06.000
Cancelar Solicitud,115055,19019,Cancelar Solicitud,19019,Fluxicon Disco,Variant 1,1,2016-04-28T01:41:55.000,2016-04-28T01:40:05.000
Notificacion estudiante cancelacion soli,115055,19019,Notificacion estudiante cancelacion soli,19019,Fluxicon Disco,Variant 1,1,2016-04-28T16:50:41.000,2016-04-28T16:50:41.000
End,115055,End,End,End,Fluxicon Disco,Variant 1,1,2016-04-28T16:50:41.000,2016-04-28T16:50:41.000
Start,115061,Start,Start,Start,Fluxicon Disco,Variant 1,1,2016-04-28T02:03:08.000,2016-04-28T02:03:08.000
Traer informacion estudiante - banner,115061,11515,Traer informacion estudiante - banner,11515,Fluxicon Disco,Variant 1,1,2016-04-28T02:03:08.000,2016-04-28T02:03:08.000
Radicar Solicitud Homologacion,115061,11515,Radicar Solicitud Homologacion,11515,Fluxicon Disco,Variant 1,1,2016-04-28T02:19:09.000,2016-04-28T02:03:09.000
Cancelar Solicitud,115061,1707,Cancelar Solicitud,1707,Fluxicon Disco,Variant 1,1,2016-05-01T14:10:50.000,2016-05-01T14:09:44.000
Notificacion estudiante cancelacion soli,115061,1707,Notificacion estudiante cancelacion soli,1707,Fluxicon Disco,Variant 1,1,2016-05-02T16:06:22.000,2016-05-02T16:06:22.000
End,115061,End,End,End,Fluxicon Disco,Variant 1,1,2016-05-02T16:06:22.000,2016-05-02T16:06:22.000
Start,115202,Start,Start,Start,Fluxicon Disco,Variant 1,1,2016-04-28T05:29:31.000,2016-04-28T05:29:31.000
Traer informacion estudiante - banner,115202,22950,Traer informacion estudiante - banner,22950,Fluxicon Disco,Variant 1,1,2016-04-28T05:29:31.000,2016-04-28T05:29:31.000
Radicar Solicitud Homologacion,115202,22950,Radicar Solicitud Homologacion,22950,Fluxicon Disco,Variant 1,1,2016-04-28T06:23:10.000,2016-04-28T05:29:32.000
Cancelar Solicitud,115202,22404,Cancelar Solicitud,22404,Fluxicon Disco,Variant 1,1,2016-05-06T22:53:03.000,2016-05-06T22:38:42.000
Notificacion estudiante cancelacion soli,115202,22404,Notificacion estudiante cancelacion soli,22404,Fluxicon Disco,Variant 1,1,2016-05-11T19:35:37.000,2016-05-11T19:35:37.000
End,115202,End,End,End,Fluxicon Disco,Variant 1,1,2016-05-11T19:35:37.000,2016-05-11T19:35:37.000
Start,115252,Start,Start,Start,Fluxicon Disco,Variant 9,9,2016-04-28T15:07:10.000,2016-04-28T15:07:10.000
Traer informacion estudiante - banner,115252,6572,Traer informacion estudiante - banner,6572,Fluxicon Disco,Variant 9,9,2016-04-28T15:07:10.000,2016-04-28T15:07:10.000
Radicar Solicitud Homologacion,115252,6572,Radicar Solicitud Homologacion,6572,Fluxicon Disco,Variant 9,9,2016-04-28T15:07:23.000,2016-04-28T15:07:12.000
Validar solicitud,115252,1707,Validar solicitud,1707,Fluxicon Disco,Variant 9,9,2016-04-28T15:35:15.000,2016-04-28T15:18:27.000
Cancelar Solicitud,115252,6572,Cancelar Solicitud,6572,Fluxicon Disco,Variant 9,9,2016-04-28T15:36:42.000,2016-04-28T15:18:28.000
Notificacion estudiante cancelacion soli,115252,6572,Notificacion estudiante cancelacion soli,6572,Fluxicon Disco,Variant 9,9,2016-05-02T17:33:04.000,2016-05-02T17:33:04.000
End,115252,End,End,End,Fluxicon Disco,Variant 9,9,2016-05-02T17:33:04.000,2016-05-02T17:33:04.000
Start,115253,Start,Start,Start,Fluxicon Disco,Variant 7,7,2016-04-28T15:18:49.000,2016-04-28T15:18:49.000
Traer informacion estudiante - banner,115253,6572,Traer informacion estudiante - banner,6572,Fluxicon Disco,Variant 7,7,2016-04-28T15:18:49.000,2016-04-28T15:18:49.000
Radicar Solicitud Homologacion,115253,6572,Radicar Solicitud Homologacion,6572,Fluxicon Disco,Variant 7,7,2016-04-28T15:19:02.000,2016-04-28T15:18:51.000
Cancelar Solicitud,115253,6572,Cancelar Solicitud,6572,Fluxicon Disco,Variant 7,7,2016-04-28T15:48:41.000,2016-04-28T15:30:39.000
Validar solicitud,115253,1707,Validar solicitud,1707,Fluxicon Disco,Variant 7,7,2016-04-28T15:47:17.000,2016-04-28T15:30:39.000
Notificacion estudiante cancelacion soli,115253,6572,Notificacion estudiante cancelacion soli,6572,Fluxicon Disco,Variant 7,7,2016-05-02T17:33:20.000,2016-05-02T17:33:20.000
End,115253,End,End,End,Fluxicon Disco,Variant 7,7,2016-05-02T17:33:20.000,2016-05-02T17:33:20.000
Start,115254,Start,Start,Start,Fluxicon Disco,Variant 2,2,2016-04-28T17:09:33.000,2016-04-28T17:09:33.000
Traer informacion estudiante - banner,115254,4457,Traer informacion estudiante - banner,4457,Fluxicon Disco,Variant 2,2,2016-04-28T17:09:33.000,2016-04-28T17:09:33.000
Radicar Solicitud Homologacion,115254,4457,Radicar Solicitud Homologacion,4457,Fluxicon Disco,Variant 2,2,2016-04-28T17:09:41.000,2016-04-28T17:09:34.000
Validar solicitud,115254,1707,Validar solicitud,1707,Fluxicon Disco,Variant 2,2,2016-04-28T17:19:05.000,2016-04-28T17:17:23.000
Homologacion por grupo de cursos,115254,15930,Homologacion por grupo de cursos,15930,Fluxicon Disco,Variant 2,2,2016-04-28T19:56:28.000,2016-04-28T19:55:39.000
End,115254,End,End,End,Fluxicon Disco,Variant 2,2,2016-04-28T19:56:28.000,2016-04-28T19:56:28.000
Start,115306,Start,Start,Start,Fluxicon Disco,Variant 1,1,2016-04-28T17:36:38.000,2016-04-28T17:36:38.000
Traer informacion estudiante - banner,115306,4708,Traer informacion estudiante - banner,4708,Fluxicon Disco,Variant 1,1,2016-04-28T17:36:38.000,2016-04-28T17:36:38.000
Radicar Solicitud Homologacion,115306,4708,Radicar Solicitud Homologacion,4708,Fluxicon Disco,Variant 1,1,2016-04-28T17:36:56.000,2016-04-28T17:36:39.000
Cancelar Solicitud,115306,9184,Cancelar Solicitud,9184,Fluxicon Disco,Variant 1,1,2016-04-28T21:07:33.000,2016-04-28T17:54:28.000
Notificacion estudiante cancelacion soli,115306,9184,Notificacion estudiante cancelacion soli,9184,Fluxicon Disco,Variant 1,1,2016-06-03T19:00:34.000,2016-06-03T19:00:34.000
End,115306,End,End,End,Fluxicon Disco,Variant 1,1,2016-06-03T19:00:34.000,2016-06-03T19:00:34.000
Start,115307,Start,Start,Start,Fluxicon Disco,Variant 2,2,2016-04-28T17:37:46.000,2016-04-28T17:37:46.000
Traer informacion estudiante - banner,115307,8032,Traer informacion estudiante - banner,8032,Fluxicon Disco,Variant 2,2,2016-04-28T17:37:46.000,2016-04-28T17:37:46.000
Radicar Solicitud Homologacion,115307,8032,Radicar Solicitud Homologacion,8032,Fluxicon Disco,Variant 2,2,2016-04-28T17:37:53.000,2016-04-28T17:37:47.000
Validar solicitud,115307,22404,Validar solicitud,22404,Fluxicon Disco,Variant 2,2,2016-04-28T18:32:02.000,2016-04-28T17:44:25.000
Homologacion por grupo de cursos,115307,22404,Homologacion por grupo de cursos,22404,Fluxicon Disco,Variant 2,2,2016-05-06T18:04:54.000,2016-05-06T17:22:10.000
End,115307,End,End,End,Fluxicon Disco,Variant 2,2,2016-05-06T18:04:54.000,2016-05-06T18:04:54.000
Start,115308,Start,Start,Start,Fluxicon Disco,Variant 2,2,2016-04-28T18:22:47.000,2016-04-28T18:22:47.000
Traer informacion estudiante - banner,115308,7819,Traer informacion estudiante - banner,7819,Fluxicon Disco,Variant 2,2,2016-04-28T18:22:47.000,2016-04-28T18:22:47.000
Radicar Solicitud Homologacion,115308,7819,Radicar Solicitud Homologacion,7819,Fluxicon Disco,Variant 2,2,2016-04-28T18:23:04.000,2016-04-28T18:22:51.000
Validar solicitud,115308,920,Validar solicitud,920,Fluxicon Disco,Variant 2,2,2016-04-28T19:44:26.000,2016-04-28T18:36:03.000
Homologacion por grupo de cursos,115308,26758,Homologacion por grupo de cursos,26758,Fluxicon Disco,Variant 2,2,2016-05-12T16:47:36.000,2016-05-12T14:03:30.000
End,115308,End,End,End,Fluxicon Disco,Variant 2,2,2016-05-12T16:47:36.000,2016-05-12T16:47:36.000
Start,115309,Start,Start,Start,Fluxicon Disco,Variant 9,9,2016-04-28T18:25:06.000,2016-04-28T18:25:06.000
Traer informacion estudiante - banner,115309,12532,Traer informacion estudiante - banner,12532,Fluxicon Disco,Variant 9,9,2016-04-28T18:25:06.000,2016-04-28T18:25:06.000
Radicar Solicitud Homologacion,115309,12532,Radicar Solicitud Homologacion,12532,Fluxicon Disco,Variant 9,9,2016-04-28T18:25:18.000,2016-04-28T18:25:10.000
Validar solicitud,115309,19019,Validar solicitud,19019,Fluxicon Disco,Variant 9,9,2016-04-28T18:33:27.000,2016-04-28T18:33:27.000
Cancelar Solicitud,115309,12532,Cancelar Solicitud,12532,Fluxicon Disco,Variant 9,9,2016-04-28T18:33:54.000,2016-04-28T18:33:28.000
Notificacion estudiante cancelacion soli,115309,12532,Notificacion estudiante cancelacion soli,12532,Fluxicon Disco,Variant 9,9,2016-04-28T19:03:37.000,2016-04-28T19:03:37.000
End,115309,End,End,End,Fluxicon Disco,Variant 9,9,2016-04-28T19:03:37.000,2016-04-28T19:03:37.000
Start,115310,Start,Start,Start,Fluxicon Disco,Variant 7,7,2016-04-28T18:33:46.000,2016-04-28T18:33:46.000
Traer informacion estudiante - banner,115310,12532,Traer informacion estudiante - banner,12532,Fluxicon Disco,Variant 7,7,2016-04-28T18:33:46.000,2016-04-28T18:33:46.000
Radicar Solicitud Homologacion,115310,12532,Radicar Solicitud Homologacion,12532,Fluxicon Disco,Variant 7,7,2016-04-28T18:33:49.000,2016-04-28T18:33:47.000
Cancelar Solicitud,115310,12532,Cancelar Solicitud,12532,Fluxicon Disco,Variant 7,7,2016-04-28T18:36:37.000,2016-04-28T18:36:14.000
Validar solicitud,115310,19019,Validar solicitud,19019,Fluxicon Disco,Variant 7,7,2016-04-28T18:36:14.000,2016-04-28T18:36:14.000
Notificacion estudiante cancelacion soli,115310,12532,Notificacion estudiante cancelacion soli,12532,Fluxicon Disco,Variant 7,7,2016-04-28T19:04:17.000,2016-04-28T19:04:17.000
End,115310,End,End,End,Fluxicon Disco,Variant 7,7,2016-04-28T19:04:17.000,2016-04-28T19:04:17.000
Start,115311,Start,Start,Start,Fluxicon Disco,Variant 1,1,2016-04-28T19:06:51.000,2016-04-28T19:06:51.000
Traer informacion estudiante - banner,115311,12532,Traer informacion estudiante - banner,12532,Fluxicon Disco,Variant 1,1,2016-04-28T19:06:51.000,2016-04-28T19:06:51.000
Radicar Solicitud Homologacion,115311,12532,Radicar Solicitud Homologacion,12532,Fluxicon Disco,Variant 1,1,2016-04-28T19:06:54.000,2016-04-28T19:06:54.000
Cancelar Solicitud,115311,19019,Cancelar Solicitud,19019,Fluxicon Disco,Variant 1,1,2016-04-28T19:12:29.000,2016-04-28T19:12:29.000
Notificacion estudiante cancelacion soli,115311,19019,Notificacion estudiante cancelacion soli,19019,Fluxicon Disco,Variant 1,1,2016-04-28T19:27:10.000,2016-04-28T19:27:10.000
End,115311,End,End,End,Fluxicon Disco,Variant 1,1,2016-04-28T19:27:10.000,2016-04-28T19:27:10.000
Start,115312,Start,Start,Start,Fluxicon Disco,Variant 1,1,2016-04-28T19:12:39.000,2016-04-28T19:12:39.000
Traer informacion estudiante - banner,115312,12532,Traer informacion estudiante - banner,12532,Fluxicon Disco,Variant 1,1,2016-04-28T19:12:39.000,2016-04-28T19:12:39.000
Radicar Solicitud Homologacion,115312,12532,Radicar Solicitud Homologacion,12532,Fluxicon Disco,Variant 1,1,2016-04-28T19:12:40.000,2016-04-28T19:12:40.000
Cancelar Solicitud,115312,19019,Cancelar Solicitud,19019,Fluxicon Disco,Variant 1,1,2016-04-28T19:15:56.000,2016-04-28T19:15:56.000
Notificacion estudiante cancelacion soli,115312,19019,Notificacion estudiante cancelacion soli,19019,Fluxicon Disco,Variant 1,1,2016-04-28T19:28:19.000,2016-04-28T19:28:19.000
End,115312,End,End,End,Fluxicon Disco,Variant 1,1,2016-04-28T19:28:19.000,2016-04-28T19:28:19.000
Start,115401,Start,Start,Start,Fluxicon Disco,Variant 15,15,2016-04-28T21:56:51.000,2016-04-28T21:56:51.000
Homologacion por grupo de cursos,115401,1343,Homologacion por grupo de cursos,1343,Fluxicon Disco,Variant 15,15,2016-04-28T23:55:05.000,2016-04-28T21:56:51.000
Traer informacion estudiante - banner,115401,4867,Traer informacion estudiante - banner,4867,Fluxicon Disco,Variant 15,15,2016-04-28T22:30:07.000,2016-04-28T22:30:07.000
Radicar Solicitud Homologacion,115401,4867,Radicar Solicitud Homologacion,4867,Fluxicon Disco,Variant 15,15,2016-04-28T22:30:38.000,2016-04-28T22:30:13.000
Validar solicitud,115401,22475,Validar solicitud,22475,Fluxicon Disco,Variant 15,15,2016-04-28T22:55:19.000,2016-04-28T22:55:19.000
End,115401,End,End,End,Fluxicon Disco,Variant 15,15,2016-04-28T22:55:19.000,2016-04-28T22:55:19.000
Start,115552,Start,Start,Start,Fluxicon Disco,Variant 2,2,2016-04-29T14:00:47.000,2016-04-29T14:00:47.000
Traer informacion estudiante - banner,115552,11197,Traer informacion estudiante - banner,11197,Fluxicon Disco,Variant 2,2,2016-04-29T14:00:47.000,2016-04-29T14:00:47.000
Radicar Solicitud Homologacion,115552,11197,Radicar Solicitud Homologacion,11197,Fluxicon Disco,Variant 2,2,2016-04-29T14:00:49.000,2016-04-29T14:00:49.000
Validar solicitud,115552,19019,Validar solicitud,19019,Fluxicon Disco,Variant 2,2,2016-04-29T14:06:14.000,2016-04-29T14:05:10.000
Homologacion por grupo de cursos,115552,19019,Homologacion por grupo de cursos,19019,Fluxicon Disco,Variant 2,2,2016-04-29T16:04:11.000,2016-04-29T16:04:10.000
End,115552,End,End,End,Fluxicon Disco,Variant 2,2,2016-04-29T16:04:11.000,2016-04-29T16:04:11.000
Start,115554,Start,Start,Start,Fluxicon Disco,Variant 1,1,2016-04-29T14:07:37.000,2016-04-29T14:07:37.000
Traer informacion estudiante - banner,115554,8856,Traer informacion estudiante - banner,8856,Fluxicon Disco,Variant 1,1,2016-04-29T14:07:37.000,2016-04-29T14:07:37.000
Radicar Solicitud Homologacion,115554,8856,Radicar Solicitud Homologacion,8856,Fluxicon Disco,Variant 1,1,2016-04-29T14:07:38.000,2016-04-29T14:07:38.000
Cancelar Solicitud,115554,8856,Cancelar Solicitud,8856,Fluxicon Disco,Variant 1,1,2016-04-29T14:13:08.000,2016-04-29T14:13:08.000
Notificacion estudiante cancelacion soli,115554,8856,Notificacion estudiante cancelacion soli,8856,Fluxicon Disco,Variant 1,1,2016-04-29T14:19:04.000,2016-04-29T14:19:04.000
End,115554,End,End,End,Fluxicon Disco,Variant 1,1,2016-04-29T14:19:04.000,2016-04-29T14:19:04.000
Start,115558,Start,Start,Start,Fluxicon Disco,Variant 2,2,2016-04-29T17:07:04.000,2016-04-29T17:07:04.000
Traer informacion estudiante - banner,115558,7143,Traer informacion estudiante - banner,7143,Fluxicon Disco,Variant 2,2,2016-04-29T17:07:04.000,2016-04-29T17:07:04.000
Radicar Solicitud Homologacion,115558,7143,Radicar Solicitud Homologacion,7143,Fluxicon Disco,Variant 2,2,2016-04-29T17:08:58.000,2016-04-29T17:07:06.000
Validar solicitud,115558,19019,Validar solicitud,19019,Fluxicon Disco,Variant 2,2,2016-04-29T20:23:38.000,2016-04-29T20:08:11.000
Homologacion por grupo de cursos,115558,1007,Homologacion por grupo de cursos,1007,Fluxicon Disco,Variant 2,2,2016-05-03T23:09:45.000,2016-05-03T18:27:45.000
End,115558,End,End,End,Fluxicon Disco,Variant 2,2,2016-05-03T23:09:45.000,2016-05-03T23:09:45.000
Start,115701,Start,Start,Start,Fluxicon Disco,Variant 92,92,2016-04-30T23:06:50.000,2016-04-30T23:06:50.000
Traer informacion estudiante - banner,115701,2981,Traer informacion estudiante - banner,2981,Fluxicon Disco,Variant 92,92,2016-04-30T23:06:50.000,2016-04-30T23:06:50.000
Radicar Solicitud Homologacion,115701,2981,Radicar Solicitud Homologacion,2981,Fluxicon Disco,Variant 92,92,2016-04-30T23:06:56.000,2016-04-30T23:06:56.000
Radicar Solicitud Homologacion,115701,2981,Radicar Solicitud Homologacion,2981,Fluxicon Disco,Variant 92,92,2016-05-03T00:08:09.000,2016-05-02T23:24:18.000
Validar solicitud,115701,677,Validar solicitud,677,Fluxicon Disco,Variant 92,92,2016-05-11T17:23:41.000,2016-05-11T17:15:27.000
Homologacion por grupo de cursos,115701,3445,Homologacion por grupo de cursos,3445,Fluxicon Disco,Variant 92,92,2016-05-12T17:47:02.000,2016-05-12T17:29:59.000
End,115701,End,End,End,Fluxicon Disco,Variant 92,92,2016-05-12T17:47:02.000,2016-05-12T17:47:02.000
Start,115801,Start,Start,Start,Fluxicon Disco,Variant 1,1,2016-05-01T16:10:12.000,2016-05-01T16:10:12.000
Traer informacion estudiante - banner,115801,15315,Traer informacion estudiante - banner,15315,Fluxicon Disco,Variant 1,1,2016-05-01T16:10:12.000,2016-05-01T16:10:12.000
Radicar Solicitud Homologacion,115801,15315,Radicar Solicitud Homologacion,15315,Fluxicon Disco,Variant 1,1,2016-05-01T16:10:19.000,2016-05-01T16:10:19.000
Cancelar Solicitud,115801,6694,Cancelar Solicitud,6694,Fluxicon Disco,Variant 1,1,2016-05-01T16:21:17.000,2016-05-01T16:21:17.000
Notificacion estudiante cancelacion soli,115801,6694,Notificacion estudiante cancelacion soli,6694,Fluxicon Disco,Variant 1,1,2016-05-02T12:54:05.000,2016-05-02T12:54:05.000
End,115801,End,End,End,Fluxicon Disco,Variant 1,1,2016-05-02T12:54:05.000,2016-05-02T12:54:05.000
Start,115851,Start,Start,Start,Fluxicon Disco,Variant 1,1,2016-05-01T14:22:14.000,2016-05-01T14:22:14.000
Traer informacion estudiante - banner,115851,11515,Traer informacion estudiante - banner,11515,Fluxicon Disco,Variant 1,1,2016-05-01T14:22:14.000,2016-05-01T14:22:14.000
Radicar Solicitud Homologacion,115851,11515,Radicar Solicitud Homologacion,11515,Fluxicon Disco,Variant 1,1,2016-05-01T14:22:18.000,2016-05-01T14:22:18.000
Cancelar Solicitud,115851,1707,Cancelar Solicitud,1707,Fluxicon Disco,Variant 1,1,2016-05-01T14:43:47.000,2016-05-01T14:42:37.000
Notificacion estudiante cancelacion soli,115851,1707,Notificacion estudiante cancelacion soli,1707,Fluxicon Disco,Variant 1,1,2016-05-02T16:10:19.000,2016-05-02T16:10:19.000
End,115851,End,End,End,Fluxicon Disco,Variant 1,1,2016-05-02T16:10:19.000,2016-05-02T16:10:19.000
Start,115951,Start,Start,Start,Fluxicon Disco,Variant 2,2,2016-05-01T20:12:47.000,2016-05-01T20:12:47.000
Traer informacion estudiante - banner,115951,8022,Traer informacion estudiante - banner,8022,Fluxicon Disco,Variant 2,2,2016-05-01T20:12:47.000,2016-05-01T20:12:47.000
Radicar Solicitud Homologacion,115951,8022,Radicar Solicitud Homologacion,8022,Fluxicon Disco,Variant 2,2,2016-05-01T20:12:54.000,2016-05-01T20:12:54.000
Validar solicitud,115951,677,Validar solicitud,677,Fluxicon Disco,Variant 2,2,2016-05-01T21:33:30.000,2016-05-01T20:24:53.000
Homologacion por grupo de cursos,115951,3445,Homologacion por grupo de cursos,3445,Fluxicon Disco,Variant 2,2,2016-05-13T23:46:15.000,2016-05-13T21:37:40.000
End,115951,End,End,End,Fluxicon Disco,Variant 2,2,2016-05-13T23:46:15.000,2016-05-13T23:46:15.000
Start,116051,Start,Start,Start,Fluxicon Disco,Variant 1,1,2016-05-01T20:05:04.000,2016-05-01T20:05:04.000
Traer informacion estudiante - banner,116051,11961,Traer informacion estudiante - banner,11961,Fluxicon Disco,Variant 1,1,2016-05-01T20:05:04.000,2016-05-01T20:05:04.000
Radicar Solicitud Homologacion,116051,11961,Radicar Solicitud Homologacion,11961,Fluxicon Disco,Variant 1,1,2016-05-01T20:05:09.000,2016-05-01T20:05:09.000
Cancelar Solicitud,116051,11961,Cancelar Solicitud,11961,Fluxicon Disco,Variant 1,1,2016-05-01T22:53:17.000,2016-05-01T21:05:47.000
Notificacion estudiante cancelacion soli,116051,11961,Notificacion estudiante cancelacion soli,11961,Fluxicon Disco,Variant 1,1,2016-05-20T18:30:26.000,2016-05-20T18:30:26.000
End,116051,End,End,End,Fluxicon Disco,Variant 1,1,2016-05-20T18:30:26.000,2016-05-20T18:30:26.000
Start,116201,Start,Start,Start,Fluxicon Disco,Variant 2,2,2016-05-02T03:34:51.000,2016-05-02T03:34:51.000
Traer informacion estudiante - banner,116201,3003,Traer informacion estudiante - banner,3003,Fluxicon Disco,Variant 2,2,2016-05-02T03:34:51.000,2016-05-02T03:34:51.000
Radicar Solicitud Homologacion,116201,22491,Radicar Solicitud Homologacion,22491,Fluxicon Disco,Variant 2,2,2016-05-02T04:00:37.000,2016-05-02T03:34:55.000
Validar solicitud,116201,677,Validar solicitud,677,Fluxicon Disco,Variant 2,2,2016-05-05T17:15:08.000,2016-05-05T16:42:27.000
Homologacion por grupo de cursos,116201,3445,Homologacion por grupo de cursos,3445,Fluxicon Disco,Variant 2,2,2016-05-12T17:57:01.000,2016-05-12T17:24:16.000
End,116201,End,End,End,Fluxicon Disco,Variant 2,2,2016-05-12T17:57:01.000,2016-05-12T17:57:01.000
Start,116253,Start,Start,Start,Fluxicon Disco,Variant 1,1,2016-05-02T17:34:11.000,2016-05-02T17:34:11.000
Traer informacion estudiante - banner,116253,6572,Traer informacion estudiante - banner,6572,Fluxicon Disco,Variant 1,1,2016-05-02T17:34:11.000,2016-05-02T17:34:11.000
Radicar Solicitud Homologacion,116253,6572,Radicar Solicitud Homologacion,6572,Fluxicon Disco,Variant 1,1,2016-05-02T17:34:20.000,2016-05-02T17:34:14.000
Cancelar Solicitud,116253,6572,Cancelar Solicitud,6572,Fluxicon Disco,Variant 1,1,2016-05-02T17:40:44.000,2016-05-02T17:40:42.000
Notificacion estudiante cancelacion soli,116253,6572,Notificacion estudiante cancelacion soli,6572,Fluxicon Disco,Variant 1,1,2016-05-02T17:43:40.000,2016-05-02T17:43:40.000
End,116253,End,End,End,Fluxicon Disco,Variant 1,1,2016-05-02T17:43:40.000,2016-05-02T17:43:40.000
Start,116254,Start,Start,Start,Fluxicon Disco,Variant 2,2,2016-05-02T17:51:01.000,2016-05-02T17:51:01.000
Traer informacion estudiante - banner,116254,6572,Traer informacion estudiante - banner,6572,Fluxicon Disco,Variant 2,2,2016-05-02T17:51:01.000,2016-05-02T17:51:01.000
Radicar Solicitud Homologacion,116254,6572,Radicar Solicitud Homologacion,6572,Fluxicon Disco,Variant 2,2,2016-05-02T17:51:09.000,2016-05-02T17:51:05.000
Validar solicitud,116254,1707,Validar solicitud,1707,Fluxicon Disco,Variant 2,2,2016-05-02T17:55:36.000,2016-05-02T17:55:05.000
Homologacion por grupo de cursos,116254,15930,Homologacion por grupo de cursos,15930,Fluxicon Disco,Variant 2,2,2016-05-02T19:47:34.000,2016-05-02T18:27:04.000
End,116254,End,End,End,Fluxicon Disco,Variant 2,2,2016-05-02T19:47:34.000,2016-05-02T19:47:34.000
Start,116255,Start,Start,Start,Fluxicon Disco,Variant 2,2,2016-05-02T17:56:59.000,2016-05-02T17:56:59.000
Traer informacion estudiante - banner,116255,6572,Traer informacion estudiante - banner,6572,Fluxicon Disco,Variant 2,2,2016-05-02T17:56:59.000,2016-05-02T17:56:59.000
Radicar Solicitud Homologacion,116255,6572,Radicar Solicitud Homologacion,6572,Fluxicon Disco,Variant 2,2,2016-05-02T17:57:04.000,2016-05-02T17:57:01.000
Validar solicitud,116255,1707,Validar solicitud,1707,Fluxicon Disco,Variant 2,2,2016-05-02T18:00:54.000,2016-05-02T18:00:29.000
Homologacion por grupo de cursos,116255,15930,Homologacion por grupo de cursos,15930,Fluxicon Disco,Variant 2,2,2016-05-02T19:46:33.000,2016-05-02T18:26:07.000
End,116255,End,End,End,Fluxicon Disco,Variant 2,2,2016-05-02T19:46:33.000,2016-05-02T19:46:33.000
Start,116264,Start,Start,Start,Fluxicon Disco,Variant 2,2,2016-05-02T23:10:44.000,2016-05-02T23:10:44.000
Traer informacion estudiante - banner,116264,22529,Traer informacion estudiante - banner,22529,Fluxicon Disco,Variant 2,2,2016-05-02T23:10:44.000,2016-05-02T23:10:44.000
Radicar Solicitud Homologacion,116264,22529,Radicar Solicitud Homologacion,22529,Fluxicon Disco,Variant 2,2,2016-05-02T23:11:27.000,2016-05-02T23:10:45.000
Validar solicitud,116264,6767,Validar solicitud,6767,Fluxicon Disco,Variant 2,2,2016-05-03T00:38:42.000,2016-05-02T23:53:36.000
Homologacion por grupo de cursos,116264,6954,Homologacion por grupo de cursos,6954,Fluxicon Disco,Variant 2,2,2016-05-11T21:58:55.000,2016-05-11T20:58:55.000
End,116264,End,End,End,Fluxicon Disco,Variant 2,2,2016-05-11T21:58:55.000,2016-05-11T21:58:55.000
Start,116266,Start,Start,Start,Fluxicon Disco,Variant 2,2,2016-05-02T23:42:37.000,2016-05-02T23:42:37.000
Traer informacion estudiante - banner,116266,6369,Traer informacion estudiante - banner,6369,Fluxicon Disco,Variant 2,2,2016-05-02T23:42:37.000,2016-05-02T23:42:37.000
Radicar Solicitud Homologacion,116266,6369,Radicar Solicitud Homologacion,6369,Fluxicon Disco,Variant 2,2,2016-05-02T23:43:21.000,2016-05-02T23:42:37.000
Validar solicitud,116266,1707,Validar solicitud,1707,Fluxicon Disco,Variant 2,2,2016-05-03T00:28:54.000,2016-05-03T00:27:21.000
Homologacion por grupo de cursos,116266,15930,Homologacion por grupo de cursos,15930,Fluxicon Disco,Variant 2,2,2016-05-03T18:15:49.000,2016-05-03T16:00:40.000
End,116266,End,End,End,Fluxicon Disco,Variant 2,2,2016-05-03T18:15:49.000,2016-05-03T18:15:49.000
Start,116267,Start,Start,Start,Fluxicon Disco,Variant 2,2,2016-05-02T23:57:24.000,2016-05-02T23:57:24.000
Traer informacion estudiante - banner,116267,22529,Traer informacion estudiante - banner,22529,Fluxicon Disco,Variant 2,2,2016-05-02T23:57:24.000,2016-05-02T23:57:24.000
Radicar Solicitud Homologacion,116267,22529,Radicar Solicitud Homologacion,22529,Fluxicon Disco,Variant 2,2,2016-05-02T23:57:41.000,2016-05-02T23:57:25.000
Validar solicitud,116267,6767,Validar solicitud,6767,Fluxicon Disco,Variant 2,2,2016-05-03T00:59:09.000,2016-05-03T00:14:24.000
Homologacion por grupo de cursos,116267,6954,Homologacion por grupo de cursos,6954,Fluxicon Disco,Variant 2,2,2016-05-11T21:23:57.000,2016-05-11T20:59:57.000
End,116267,End,End,End,Fluxicon Disco,Variant 2,2,2016-05-11T21:23:57.000,2016-05-11T21:23:57.000
Start,116301,Start,Start,Start,Fluxicon Disco,Variant 2,2,2016-05-02T14:12:25.000,2016-05-02T14:12:25.000
Traer informacion estudiante - banner,116301,6497,Traer informacion estudiante - banner,6497,Fluxicon Disco,Variant 2,2,2016-05-02T14:12:25.000,2016-05-02T14:12:25.000
Radicar Solicitud Homologacion,116301,6497,Radicar Solicitud Homologacion,6497,Fluxicon Disco,Variant 2,2,2016-05-02T14:12:32.000,2016-05-02T14:12:32.000
Validar solicitud,116301,1646,Validar solicitud,1646,Fluxicon Disco,Variant 2,2,2016-05-02T16:50:06.000,2016-05-02T14:39:23.000
Homologacion por grupo de cursos,116301,12535,Homologacion por grupo de cursos,12535,Fluxicon Disco,Variant 2,2,2016-05-25T21:00:20.000,2016-05-25T17:43:53.000
End,116301,End,End,End,Fluxicon Disco,Variant 2,2,2016-05-25T21:00:20.000,2016-05-25T21:00:20.000
Start,116302,Start,Start,Start,Fluxicon Disco,Variant 1,1,2016-05-02T16:02:53.000,2016-05-02T16:02:53.000
Traer informacion estudiante - banner,116302,11858,Traer informacion estudiante - banner,11858,Fluxicon Disco,Variant 1,1,2016-05-02T16:02:53.000,2016-05-02T16:02:53.000
Radicar Solicitud Homologacion,116302,11858,Radicar Solicitud Homologacion,11858,Fluxicon Disco,Variant 1,1,2016-05-02T16:03:00.000,2016-05-02T16:02:54.000
Cancelar Solicitud,116302,1707,Cancelar Solicitud,1707,Fluxicon Disco,Variant 1,1,2016-05-02T16:17:26.000,2016-05-02T16:09:32.000
Notificacion estudiante cancelacion soli,116302,1707,Notificacion estudiante cancelacion soli,1707,Fluxicon Disco,Variant 1,1,2016-05-03T16:04:27.000,2016-05-03T16:04:27.000
End,116302,End,End,End,Fluxicon Disco,Variant 1,1,2016-05-03T16:04:27.000,2016-05-03T16:04:27.000
Start,116303,Start,Start,Start,Fluxicon Disco,Variant 2,2,2016-05-02T16:10:27.000,2016-05-02T16:10:27.000
Traer informacion estudiante - banner,116303,11858,Traer informacion estudiante - banner,11858,Fluxicon Disco,Variant 2,2,2016-05-02T16:10:27.000,2016-05-02T16:10:27.000
Radicar Solicitud Homologacion,116303,11858,Radicar Solicitud Homologacion,11858,Fluxicon Disco,Variant 2,2,2016-05-02T16:10:32.000,2016-05-02T16:10:28.000
Validar solicitud,116303,1707,Validar solicitud,1707,Fluxicon Disco,Variant 2,2,2016-05-02T16:16:57.000,2016-05-02T16:14:48.000
Homologacion por grupo de cursos,116303,15930,Homologacion por grupo de cursos,15930,Fluxicon Disco,Variant 2,2,2016-05-02T18:45:07.000,2016-05-02T18:24:32.000
End,116303,End,End,End,Fluxicon Disco,Variant 2,2,2016-05-02T18:45:07.000,2016-05-02T18:45:07.000
Start,116304,Start,Start,Start,Fluxicon Disco,Variant 2,2,2016-05-02T18:37:01.000,2016-05-02T18:37:01.000
Traer informacion estudiante - banner,116304,7137,Traer informacion estudiante - banner,7137,Fluxicon Disco,Variant 2,2,2016-05-02T18:37:01.000,2016-05-02T18:37:01.000
Radicar Solicitud Homologacion,116304,7137,Radicar Solicitud Homologacion,7137,Fluxicon Disco,Variant 2,2,2016-05-02T18:37:39.000,2016-05-02T18:37:05.000
Validar solicitud,116304,677,Validar solicitud,677,Fluxicon Disco,Variant 2,2,2016-05-02T22:30:21.000,2016-05-02T21:12:00.000
Homologacion por grupo de cursos,116304,3445,Homologacion por grupo de cursos,3445,Fluxicon Disco,Variant 2,2,2016-05-17T17:41:39.000,2016-05-17T17:33:02.000
End,116304,End,End,End,Fluxicon Disco,Variant 2,2,2016-05-17T17:41:39.000,2016-05-17T17:41:39.000
Start,116305,Start,Start,Start,Fluxicon Disco,Variant 1,1,2016-05-02T19:03:17.000,2016-05-02T19:03:17.000
Traer informacion estudiante - banner,116305,9187,Traer informacion estudiante - banner,9187,Fluxicon Disco,Variant 1,1,2016-05-02T19:03:17.000,2016-05-02T19:03:17.000
Radicar Solicitud Homologacion,116305,9187,Radicar Solicitud Homologacion,9187,Fluxicon Disco,Variant 1,1,2016-05-02T19:03:19.000,2016-05-02T19:03:19.000
Cancelar Solicitud,116305,1707,Cancelar Solicitud,1707,Fluxicon Disco,Variant 1,1,2016-05-02T19:12:09.000,2016-05-02T19:07:03.000
Notificacion estudiante cancelacion soli,116305,1707,Notificacion estudiante cancelacion soli,1707,Fluxicon Disco,Variant 1,1,2016-05-03T16:06:50.000,2016-05-03T16:06:50.000
End,116305,End,End,End,Fluxicon Disco,Variant 1,1,2016-05-03T16:06:50.000,2016-05-03T16:06:50.000
Start,116306,Start,Start,Start,Fluxicon Disco,Variant 2,2,2016-05-02T19:07:17.000,2016-05-02T19:07:17.000
Traer informacion estudiante - banner,116306,9187,Traer informacion estudiante - banner,9187,Fluxicon Disco,Variant 2,2,2016-05-02T19:07:17.000,2016-05-02T19:07:17.000
Radicar Solicitud Homologacion,116306,9187,Radicar Solicitud Homologacion,9187,Fluxicon Disco,Variant 2,2,2016-05-02T19:07:18.000,2016-05-02T19:07:18.000
Validar solicitud,116306,1707,Validar solicitud,1707,Fluxicon Disco,Variant 2,2,2016-05-02T19:15:55.000,2016-05-02T19:10:48.000
Homologacion por grupo de cursos,116306,15930,Homologacion por grupo de cursos,15930,Fluxicon Disco,Variant 2,2,2016-05-03T16:45:07.000,2016-05-03T16:07:48.000
End,116306,End,End,End,Fluxicon Disco,Variant 2,2,2016-05-03T16:45:07.000,2016-05-03T16:45:07.000
Start,116307,Start,Start,Start,Fluxicon Disco,Variant 1,1,2016-05-02T19:10:59.000,2016-05-02T19:10:59.000
Traer informacion estudiante - banner,116307,9187,Traer informacion estudiante - banner,9187,Fluxicon Disco,Variant 1,1,2016-05-02T19:10:59.000,2016-05-02T19:10:59.000
Radicar Solicitud Homologacion,116307,9187,Radicar Solicitud Homologacion,9187,Fluxicon Disco,Variant 1,1,2016-05-02T19:11:00.000,2016-05-02T19:11:00.000
Cancelar Solicitud,116307,9187,Cancelar Solicitud,9187,Fluxicon Disco,Variant 1,1,2016-05-02T19:15:18.000,2016-05-02T19:15:18.000
Notificacion estudiante cancelacion soli,116307,9187,Notificacion estudiante cancelacion soli,9187,Fluxicon Disco,Variant 1,1,2016-05-02T19:16:41.000,2016-05-02T19:16:41.000
End,116307,End,End,End,Fluxicon Disco,Variant 1,1,2016-05-02T19:16:41.000,2016-05-02T19:16:41.000
Start,116308,Start,Start,Start,Fluxicon Disco,Variant 2,2,2016-05-02T19:16:52.000,2016-05-02T19:16:52.000
Traer informacion estudiante - banner,116308,9187,Traer informacion estudiante - banner,9187,Fluxicon Disco,Variant 2,2,2016-05-02T19:16:52.000,2016-05-02T19:16:52.000
Radicar Solicitud Homologacion,116308,9187,Radicar Solicitud Homologacion,9187,Fluxicon Disco,Variant 2,2,2016-05-02T19:16:53.000,2016-05-02T19:16:53.000
Validar solicitud,116308,1707,Validar solicitud,1707,Fluxicon Disco,Variant 2,2,2016-05-02T19:23:27.000,2016-05-02T19:18:18.000
Homologacion por grupo de cursos,116308,15930,Homologacion por grupo de cursos,15930,Fluxicon Disco,Variant 2,2,2016-05-03T16:46:52.000,2016-05-03T16:09:34.000
End,116308,End,End,End,Fluxicon Disco,Variant 2,2,2016-05-03T16:46:52.000,2016-05-03T16:46:52.000
Start,116309,Start,Start,Start,Fluxicon Disco,Variant 2,2,2016-05-02T20:01:04.000,2016-05-02T20:01:04.000
Traer informacion estudiante - banner,116309,2045,Traer informacion estudiante - banner,2045,Fluxicon Disco,Variant 2,2,2016-05-02T20:01:04.000,2016-05-02T20:01:04.000
Radicar Solicitud Homologacion,116309,2045,Radicar Solicitud Homologacion,2045,Fluxicon Disco,Variant 2,2,2016-05-02T20:01:07.000,2016-05-02T20:01:07.000
Validar solicitud,116309,22475,Validar solicitud,22475,Fluxicon Disco,Variant 2,2,2016-05-02T20:41:51.000,2016-05-02T20:40:07.000
Homologacion por grupo de cursos,116309,1343,Homologacion por grupo de cursos,1343,Fluxicon Disco,Variant 2,2,2016-05-03T00:25:40.000,2016-05-02T22:44:13.000
End,116309,End,End,End,Fluxicon Disco,Variant 2,2,2016-05-03T00:25:40.000,2016-05-03T00:25:40.000
Start,116312,Start,Start,Start,Fluxicon Disco,Variant 1,1,2016-05-02T23:14:12.000,2016-05-02T23:14:12.000
Traer informacion estudiante - banner,116312,15315,Traer informacion estudiante - banner,15315,Fluxicon Disco,Variant 1,1,2016-05-02T23:14:12.000,2016-05-02T23:14:12.000
Radicar Solicitud Homologacion,116312,15315,Radicar Solicitud Homologacion,15315,Fluxicon Disco,Variant 1,1,2016-05-02T23:14:28.000,2016-05-02T23:14:15.000
Cancelar Solicitud,116312,6694,Cancelar Solicitud,6694,Fluxicon Disco,Variant 1,1,2016-05-02T23:37:35.000,2016-05-02T23:28:04.000
Notificacion estudiante cancelacion soli,116312,6694,Notificacion estudiante cancelacion soli,6694,Fluxicon Disco,Variant 1,1,2016-05-04T14:21:49.000,2016-05-04T14:21:49.000
End,116312,End,End,End,Fluxicon Disco,Variant 1,1,2016-05-04T14:21:49.000,2016-05-04T14:21:49.000
Start,116352,Start,Start,Start,Fluxicon Disco,Variant 2,2,2016-05-03T03:13:49.000,2016-05-03T03:13:49.000
Traer informacion estudiante - banner,116352,19811,Traer informacion estudiante - banner,19811,Fluxicon Disco,Variant 2,2,2016-05-03T03:13:49.000,2016-05-03T03:13:49.000
Radicar Solicitud Homologacion,116352,19811,Radicar Solicitud Homologacion,19811,Fluxicon Disco,Variant 2,2,2016-05-03T03:13:50.000,2016-05-03T03:13:50.000
Validar solicitud,116352,22404,Validar solicitud,22404,Fluxicon Disco,Variant 2,2,2016-05-03T04:16:07.000,2016-05-03T03:49:24.000
Homologacion por grupo de cursos,116352,4560,Homologacion por grupo de cursos,4560,Fluxicon Disco,Variant 2,2,2016-05-06T19:28:13.000,2016-05-06T17:43:21.000
End,116352,End,End,End,Fluxicon Disco,Variant 2,2,2016-05-06T19:28:13.000,2016-05-06T19:28:13.000
Start,116401,Start,Start,Start,Fluxicon Disco,Variant 22,22,2016-05-03T14:35:40.000,2016-05-03T14:35:40.000
Traer informacion estudiante - banner,116401,10176,Traer informacion estudiante - banner,10176,Fluxicon Disco,Variant 22,22,2016-05-03T14:35:40.000,2016-05-03T14:35:40.000
Radicar Solicitud Homologacion,116401,10176,Radicar Solicitud Homologacion,10176,Fluxicon Disco,Variant 22,22,2016-05-03T14:35:48.000,2016-05-03T14:35:48.000
Notificacion estudiante cancelacion soli,116401,22475,Notificacion estudiante cancelacion soli,22475,Fluxicon Disco,Variant 22,22,2016-05-03T14:38:13.000,2016-05-03T14:38:13.000
Cancelar Solicitud,116401,22475,Cancelar Solicitud,22475,Fluxicon Disco,Variant 22,22,2016-05-03T14:41:00.000,2016-05-03T14:41:00.000
End,116401,End,End,End,Fluxicon Disco,Variant 22,22,2016-05-03T14:41:00.000,2016-05-03T14:41:00.000
Start,116402,Start,Start,Start,Fluxicon Disco,Variant 10,10,2016-05-03T14:37:08.000,2016-05-03T14:37:08.000
Notificacion estudiante cancelacion soli,116402,22475,Notificacion estudiante cancelacion soli,22475,Fluxicon Disco,Variant 10,10,2016-05-03T14:37:08.000,2016-05-03T14:37:08.000
Traer informacion estudiante - banner,116402,10176,Traer informacion estudiante - banner,10176,Fluxicon Disco,Variant 10,10,2016-05-03T14:42:56.000,2016-05-03T14:42:56.000
Radicar Solicitud Homologacion,116402,10176,Radicar Solicitud Homologacion,10176,Fluxicon Disco,Variant 10,10,2016-05-03T14:42:57.000,2016-05-03T14:42:57.000
Cancelar Solicitud,116402,22475,Cancelar Solicitud,22475,Fluxicon Disco,Variant 10,10,2016-05-03T14:46:35.000,2016-05-03T14:46:35.000
End,116402,End,End,End,Fluxicon Disco,Variant 10,10,2016-05-03T14:46:35.000,2016-05-03T14:46:35.000
Start,116411,Start,Start,Start,Fluxicon Disco,Variant 2,2,2016-05-03T18:36:54.000,2016-05-03T18:36:54.000
Traer informacion estudiante - banner,116411,22940,Traer informacion estudiante - banner,22940,Fluxicon Disco,Variant 2,2,2016-05-03T18:36:54.000,2016-05-03T18:36:54.000
Radicar Solicitud Homologacion,116411,22940,Radicar Solicitud Homologacion,22940,Fluxicon Disco,Variant 2,2,2016-05-03T18:37:10.000,2016-05-03T18:36:55.000
Validar solicitud,116411,18929,Validar solicitud,18929,Fluxicon Disco,Variant 2,2,2016-05-03T20:04:50.000,2016-05-03T18:52:43.000
Homologacion por grupo de cursos,116411,957,Homologacion por grupo de cursos,957,Fluxicon Disco,Variant 2,2,2016-05-17T21:31:55.000,2016-05-17T20:01:53.000
End,116411,End,End,End,Fluxicon Disco,Variant 2,2,2016-05-17T21:31:55.000,2016-05-17T21:31:55.000
Start,116415,Start,Start,Start,Fluxicon Disco,Variant 2,2,2016-05-03T23:10:51.000,2016-05-03T23:10:51.000
Traer informacion estudiante - banner,116415,11557,Traer informacion estudiante - banner,11557,Fluxicon Disco,Variant 2,2,2016-05-03T23:10:51.000,2016-05-03T23:10:51.000
Radicar Solicitud Homologacion,116415,11557,Radicar Solicitud Homologacion,11557,Fluxicon Disco,Variant 2,2,2016-05-03T23:11:05.000,2016-05-03T23:10:52.000
Validar solicitud,116415,186,Validar solicitud,186,Fluxicon Disco,Variant 2,2,2016-05-03T23:49:53.000,2016-05-03T23:24:18.000
Homologacion por grupo de cursos,116415,26788,Homologacion por grupo de cursos,26788,Fluxicon Disco,Variant 2,2,2016-05-10T07:32:16.000,2016-05-10T03:16:16.000
End,116415,End,End,End,Fluxicon Disco,Variant 2,2,2016-05-10T07:32:16.000,2016-05-10T07:32:16.000
Start,116455,Start,Start,Start,Fluxicon Disco,Variant 1,1,2016-05-03T15:24:49.000,2016-05-03T15:24:49.000
Traer informacion estudiante - banner,116455,7573,Traer informacion estudiante - banner,7573,Fluxicon Disco,Variant 1,1,2016-05-03T15:24:49.000,2016-05-03T15:24:49.000
Radicar Solicitud Homologacion,116455,7573,Radicar Solicitud Homologacion,7573,Fluxicon Disco,Variant 1,1,2016-05-03T15:24:58.000,2016-05-03T15:24:50.000
Cancelar Solicitud,116455,241,Cancelar Solicitud,241,Fluxicon Disco,Variant 1,1,2016-05-03T16:21:15.000,2016-05-03T15:33:49.000
Notificacion estudiante cancelacion soli,116455,241,Notificacion estudiante cancelacion soli,241,Fluxicon Disco,Variant 1,1,2016-05-12T02:49:51.000,2016-05-12T02:49:51.000
End,116455,End,End,End,Fluxicon Disco,Variant 1,1,2016-05-12T02:49:51.000,2016-05-12T02:49:51.000
Start,116456,Start,Start,Start,Fluxicon Disco,Variant 2,2,2016-05-03T17:21:42.000,2016-05-03T17:21:42.000
Traer informacion estudiante - banner,116456,2735,Traer informacion estudiante - banner,2735,Fluxicon Disco,Variant 2,2,2016-05-03T17:21:42.000,2016-05-03T17:21:42.000
Radicar Solicitud Homologacion,116456,2735,Radicar Solicitud Homologacion,2735,Fluxicon Disco,Variant 2,2,2016-05-03T17:23:24.000,2016-05-03T17:21:46.000
Validar solicitud,116456,2292,Validar solicitud,2292,Fluxicon Disco,Variant 2,2,2016-05-03T20:10:40.000,2016-05-03T20:10:14.000
Homologacion por grupo de cursos,116456,7387,Homologacion por grupo de cursos,7387,Fluxicon Disco,Variant 2,2,2016-05-03T22:34:39.000,2016-05-03T21:26:21.000
End,116456,End,End,End,Fluxicon Disco,Variant 2,2,2016-05-03T22:34:39.000,2016-05-03T22:34:39.000
Start,116457,Start,Start,Start,Fluxicon Disco,Variant 7,7,2016-05-03T18:41:16.000,2016-05-03T18:41:16.000
Traer informacion estudiante - banner,116457,12532,Traer informacion estudiante - banner,12532,Fluxicon Disco,Variant 7,7,2016-05-03T18:41:16.000,2016-05-03T18:41:16.000
Radicar Solicitud Homologacion,116457,12532,Radicar Solicitud Homologacion,12532,Fluxicon Disco,Variant 7,7,2016-05-03T18:41:21.000,2016-05-03T18:41:18.000
Cancelar Solicitud,116457,12532,Cancelar Solicitud,12532,Fluxicon Disco,Variant 7,7,2016-05-03T19:48:42.000,2016-05-03T18:44:27.000
Validar solicitud,116457,19019,Validar solicitud,19019,Fluxicon Disco,Variant 7,7,2016-05-03T18:50:26.000,2016-05-03T18:44:27.000
Notificacion estudiante cancelacion soli,116457,12532,Notificacion estudiante cancelacion soli,12532,Fluxicon Disco,Variant 7,7,2016-05-16T20:41:19.000,2016-05-16T20:41:19.000
End,116457,End,End,End,Fluxicon Disco,Variant 7,7,2016-05-16T20:41:19.000,2016-05-16T20:41:19.000
Start,116459,Start,Start,Start,Fluxicon Disco,Variant 2,2,2016-05-03T19:01:58.000,2016-05-03T19:01:58.000
Traer informacion estudiante - banner,116459,10176,Traer informacion estudiante - banner,10176,Fluxicon Disco,Variant 2,2,2016-05-03T19:01:58.000,2016-05-03T19:01:58.000
Radicar Solicitud Homologacion,116459,10176,Radicar Solicitud Homologacion,10176,Fluxicon Disco,Variant 2,2,2016-05-03T19:01:59.000,2016-05-03T19:01:59.000
Validar solicitud,116459,22475,Validar solicitud,22475,Fluxicon Disco,Variant 2,2,2016-05-03T19:11:42.000,2016-05-03T19:11:23.000
Homologacion por grupo de cursos,116459,22475,Homologacion por grupo de cursos,22475,Fluxicon Disco,Variant 2,2,2016-05-03T22:41:46.000,2016-05-03T21:19:41.000
End,116459,End,End,End,Fluxicon Disco,Variant 2,2,2016-05-03T22:41:46.000,2016-05-03T22:41:46.000
Start,116461,Start,Start,Start,Fluxicon Disco,Variant 2,2,2016-05-03T19:17:57.000,2016-05-03T19:17:57.000
Traer informacion estudiante - banner,116461,10176,Traer informacion estudiante - banner,10176,Fluxicon Disco,Variant 2,2,2016-05-03T19:17:57.000,2016-05-03T19:17:57.000
Radicar Solicitud Homologacion,116461,10176,Radicar Solicitud Homologacion,10176,Fluxicon Disco,Variant 2,2,2016-05-03T19:17:59.000,2016-05-03T19:17:59.000
Validar solicitud,116461,22475,Validar solicitud,22475,Fluxicon Disco,Variant 2,2,2016-05-03T19:22:19.000,2016-05-03T19:21:56.000
Homologacion por grupo de cursos,116461,22475,Homologacion por grupo de cursos,22475,Fluxicon Disco,Variant 2,2,2016-05-03T21:38:52.000,2016-05-03T21:23:16.000
End,116461,End,End,End,Fluxicon Disco,Variant 2,2,2016-05-03T21:38:52.000,2016-05-03T21:38:52.000
Start,116463,Start,Start,Start,Fluxicon Disco,Variant 2,2,2016-05-03T21:02:06.000,2016-05-03T21:02:06.000
Traer informacion estudiante - banner,116463,9761,Traer informacion estudiante - banner,9761,Fluxicon Disco,Variant 2,2,2016-05-03T21:02:06.000,2016-05-03T21:02:06.000
Radicar Solicitud Homologacion,116463,9761,Radicar Solicitud Homologacion,9761,Fluxicon Disco,Variant 2,2,2016-05-03T21:02:31.000,2016-05-03T21:02:10.000
Validar solicitud,116463,1707,Validar solicitud,1707,Fluxicon Disco,Variant 2,2,2016-05-03T21:27:39.000,2016-05-03T21:24:04.000
Homologacion por grupo de cursos,116463,15930,Homologacion por grupo de cursos,15930,Fluxicon Disco,Variant 2,2,2016-05-04T15:43:38.000,2016-05-04T13:35:23.000
End,116463,End,End,End,Fluxicon Disco,Variant 2,2,2016-05-04T15:43:38.000,2016-05-04T15:43:38.000
Start,116464,Start,Start,Start,Fluxicon Disco,Variant 2,2,2016-05-03T21:39:08.000,2016-05-03T21:39:08.000
Traer informacion estudiante - banner,116464,11557,Traer informacion estudiante - banner,11557,Fluxicon Disco,Variant 2,2,2016-05-03T21:39:08.000,2016-05-03T21:39:08.000
Radicar Solicitud Homologacion,116464,11557,Radicar Solicitud Homologacion,11557,Fluxicon Disco,Variant 2,2,2016-05-03T21:39:16.000,2016-05-03T21:39:10.000
Validar solicitud,116464,186,Validar solicitud,186,Fluxicon Disco,Variant 2,2,2016-05-03T22:12:30.000,2016-05-03T21:45:16.000
Homologacion por grupo de cursos,116464,6971,Homologacion por grupo de cursos,6971,Fluxicon Disco,Variant 2,2,2016-05-10T04:05:16.000,2016-05-10T03:13:16.000
End,116464,End,End,End,Fluxicon Disco,Variant 2,2,2016-05-10T04:05:16.000,2016-05-10T04:05:16.000
Start,116465,Start,Start,Start,Fluxicon Disco,Variant 2,2,2016-05-03T22:30:46.000,2016-05-03T22:30:46.000
Traer informacion estudiante - banner,116465,8428,Traer informacion estudiante - banner,8428,Fluxicon Disco,Variant 2,2,2016-05-03T22:30:46.000,2016-05-03T22:30:46.000
Radicar Solicitud Homologacion,116465,8428,Radicar Solicitud Homologacion,8428,Fluxicon Disco,Variant 2,2,2016-05-03T22:30:51.000,2016-05-03T22:30:48.000
Validar solicitud,116465,19019,Validar solicitud,19019,Fluxicon Disco,Variant 2,2,2016-05-03T22:39:03.000,2016-05-03T22:34:29.000
Homologacion por grupo de cursos,116465,1007,Homologacion por grupo de cursos,1007,Fluxicon Disco,Variant 2,2,2016-05-04T17:57:48.000,2016-05-04T17:09:28.000
End,116465,End,End,End,Fluxicon Disco,Variant 2,2,2016-05-04T17:57:48.000,2016-05-04T17:57:48.000
Start,116466,Start,Start,Start,Fluxicon Disco,Variant 2,2,2016-05-03T22:33:38.000,2016-05-03T22:33:38.000
Traer informacion estudiante - banner,116466,9452,Traer informacion estudiante - banner,9452,Fluxicon Disco,Variant 2,2,2016-05-03T22:33:38.000,2016-05-03T22:33:38.000
Radicar Solicitud Homologacion,116466,9452,Radicar Solicitud Homologacion,9452,Fluxicon Disco,Variant 2,2,2016-05-03T22:33:51.000,2016-05-03T22:33:40.000
Validar solicitud,116466,18929,Validar solicitud,18929,Fluxicon Disco,Variant 2,2,2016-05-03T23:55:39.000,2016-05-03T22:45:25.000
Homologacion por grupo de cursos,116466,957,Homologacion por grupo de cursos,957,Fluxicon Disco,Variant 2,2,2016-05-17T21:35:27.000,2016-05-17T20:02:47.000
End,116466,End,End,End,Fluxicon Disco,Variant 2,2,2016-05-17T21:35:27.000,2016-05-17T21:35:27.000
Start,116501,Start,Start,Start,Fluxicon Disco,Variant 1,1,2016-05-04T01:28:15.000,2016-05-04T01:28:15.000
Traer informacion estudiante - banner,116501,17379,Traer informacion estudiante - banner,17379,Fluxicon Disco,Variant 1,1,2016-05-04T01:28:15.000,2016-05-04T01:28:15.000
Radicar Solicitud Homologacion,116501,17379,Radicar Solicitud Homologacion,17379,Fluxicon Disco,Variant 1,1,2016-05-04T01:28:21.000,2016-05-04T01:28:21.000
Cancelar Solicitud,116501,18929,Cancelar Solicitud,18929,Fluxicon Disco,Variant 1,1,2016-05-04T03:07:31.000,2016-05-04T01:59:31.000
Notificacion estudiante cancelacion soli,116501,18929,Notificacion estudiante cancelacion soli,18929,Fluxicon Disco,Variant 1,1,2016-05-17T20:05:46.000,2016-05-17T20:05:46.000
End,116501,End,End,End,Fluxicon Disco,Variant 1,1,2016-05-17T20:05:46.000,2016-05-17T20:05:46.000
Start,116551,Start,Start,Start,Fluxicon Disco,Variant 2,2,2016-05-04T14:05:47.000,2016-05-04T14:05:47.000
Traer informacion estudiante - banner,116551,5714,Traer informacion estudiante - banner,5714,Fluxicon Disco,Variant 2,2,2016-05-04T14:05:47.000,2016-05-04T14:05:47.000
Radicar Solicitud Homologacion,116551,5714,Radicar Solicitud Homologacion,5714,Fluxicon Disco,Variant 2,2,2016-05-04T14:05:54.000,2016-05-04T14:05:54.000
Validar solicitud,116551,659,Validar solicitud,659,Fluxicon Disco,Variant 2,2,2016-05-04T14:43:19.000,2016-05-04T14:42:59.000
Homologacion por grupo de cursos,116551,1422,Homologacion por grupo de cursos,1422,Fluxicon Disco,Variant 2,2,2016-05-04T18:25:30.000,2016-05-04T15:20:53.000
End,116551,End,End,End,Fluxicon Disco,Variant 2,2,2016-05-04T18:25:30.000,2016-05-04T18:25:30.000
Start,116601,Start,Start,Start,Fluxicon Disco,Variant 1,1,2016-05-04T13:20:04.000,2016-05-04T13:20:04.000
Traer informacion estudiante - banner,116601,10716,Traer informacion estudiante - banner,10716,Fluxicon Disco,Variant 1,1,2016-05-04T13:20:04.000,2016-05-04T13:20:04.000
Radicar Solicitud Homologacion,116601,10716,Radicar Solicitud Homologacion,10716,Fluxicon Disco,Variant 1,1,2016-05-04T13:44:12.000,2016-05-04T13:20:12.000
Cancelar Solicitud,116601,559,Cancelar Solicitud,559,Fluxicon Disco,Variant 1,1,2016-05-09T19:40:14.000,2016-05-09T16:39:51.000
Notificacion estudiante cancelacion soli,116601,559,Notificacion estudiante cancelacion soli,559,Fluxicon Disco,Variant 1,1,2016-06-13T21:23:52.000,2016-06-13T21:23:52.000
End,116601,End,End,End,Fluxicon Disco,Variant 1,1,2016-06-13T21:23:52.000,2016-06-13T21:23:52.000
Start,116602,Start,Start,Start,Fluxicon Disco,Variant 23,23,2016-05-04T14:20:20.000,2016-05-04T14:20:20.000
Traer informacion estudiante - banner,116602,11395,Traer informacion estudiante - banner,11395,Fluxicon Disco,Variant 23,23,2016-05-04T14:20:20.000,2016-05-04T14:20:20.000
Radicar Solicitud Homologacion,116602,11395,Radicar Solicitud Homologacion,11395,Fluxicon Disco,Variant 23,23,2016-05-04T14:20:22.000,2016-05-04T14:20:22.000
Radicar Solicitud Homologacion,116602,11395,Radicar Solicitud Homologacion,11395,Fluxicon Disco,Variant 23,23,2016-05-05T01:01:59.000,2016-05-04T23:24:24.000
Notificacion estudiante cancelacion soli,116602,1,Notificacion estudiante cancelacion soli,1,Fluxicon Disco,Variant 23,23,2016-06-02T23:24:03.000,2016-06-02T23:24:03.000
End,116602,End,End,End,Fluxicon Disco,Variant 23,23,2016-06-02T23:24:03.000,2016-06-02T23:24:03.000
Start,116604,Start,Start,Start,Fluxicon Disco,Variant 2,2,2016-05-04T15:38:10.000,2016-05-04T15:38:10.000
Traer informacion estudiante - banner,116604,22592,Traer informacion estudiante - banner,22592,Fluxicon Disco,Variant 2,2,2016-05-04T15:38:10.000,2016-05-04T15:38:10.000
Radicar Solicitud Homologacion,116604,22592,Radicar Solicitud Homologacion,22592,Fluxicon Disco,Variant 2,2,2016-05-04T15:38:29.000,2016-05-04T15:38:13.000
Validar solicitud,116604,261,Validar solicitud,261,Fluxicon Disco,Variant 2,2,2016-05-04T15:58:31.000,2016-05-04T15:54:14.000
Homologacion por grupo de cursos,116604,7355,Homologacion por grupo de cursos,7355,Fluxicon Disco,Variant 2,2,2016-05-05T00:55:03.000,2016-05-04T22:11:56.000
End,116604,End,End,End,Fluxicon Disco,Variant 2,2,2016-05-05T00:55:03.000,2016-05-05T00:55:03.000
Start,116607,Start,Start,Start,Fluxicon Disco,Variant 2,2,2016-05-04T16:43:39.000,2016-05-04T16:43:39.000
Traer informacion estudiante - banner,116607,4745,Traer informacion estudiante - banner,4745,Fluxicon Disco,Variant 2,2,2016-05-04T16:43:39.000,2016-05-04T16:43:39.000
Radicar Solicitud Homologacion,116607,4745,Radicar Solicitud Homologacion,4745,Fluxicon Disco,Variant 2,2,2016-05-04T16:45:59.000,2016-05-04T16:43:43.000
Validar solicitud,116607,677,Validar solicitud,677,Fluxicon Disco,Variant 2,2,2016-05-04T20:14:29.000,2016-05-04T19:25:38.000
Homologacion por grupo de cursos,116607,677,Homologacion por grupo de cursos,677,Fluxicon Disco,Variant 2,2,2016-05-13T21:52:00.000,2016-05-13T21:51:59.000
End,116607,End,End,End,Fluxicon Disco,Variant 2,2,2016-05-13T21:52:00.000,2016-05-13T21:52:00.000
Start,116801,Start,Start,Start,Fluxicon Disco,Variant 2,2,2016-05-04T22:10:25.000,2016-05-04T22:10:25.000
Traer informacion estudiante - banner,116801,3695,Traer informacion estudiante - banner,3695,Fluxicon Disco,Variant 2,2,2016-05-04T22:10:25.000,2016-05-04T22:10:25.000
Radicar Solicitud Homologacion,116801,3695,Radicar Solicitud Homologacion,3695,Fluxicon Disco,Variant 2,2,2016-05-04T22:10:44.000,2016-05-04T22:10:32.000
Validar solicitud,116801,49,Validar solicitud,49,Fluxicon Disco,Variant 2,2,2016-05-04T22:29:11.000,2016-05-04T22:23:26.000
Homologacion por grupo de cursos,116801,2541,Homologacion por grupo de cursos,2541,Fluxicon Disco,Variant 2,2,2016-05-05T18:58:52.000,2016-05-05T18:08:33.000
End,116801,End,End,End,Fluxicon Disco,Variant 2,2,2016-05-05T18:58:52.000,2016-05-05T18:58:52.000
Start,116901,Start,Start,Start,Fluxicon Disco,Variant 16,16,2016-05-05T15:42:28.000,2016-05-05T15:42:28.000
Validar solicitud,116901,261,Validar solicitud,261,Fluxicon Disco,Variant 16,16,2016-05-05T18:12:58.000,2016-05-05T15:42:28.000
Traer informacion estudiante - banner,116901,26793,Traer informacion estudiante - banner,26793,Fluxicon Disco,Variant 16,16,2016-05-05T16:12:16.000,2016-05-05T16:12:16.000
Radicar Solicitud Homologacion,116901,26793,Radicar Solicitud Homologacion,26793,Fluxicon Disco,Variant 16,16,2016-05-05T16:12:22.000,2016-05-05T16:12:22.000
Homologacion por grupo de cursos,116901,7355,Homologacion por grupo de cursos,7355,Fluxicon Disco,Variant 16,16,2016-06-03T00:21:41.000,2016-06-03T00:12:33.000
End,116901,End,End,End,Fluxicon Disco,Variant 16,16,2016-06-03T00:21:41.000,2016-06-03T00:21:41.000
Start,116905,Start,Start,Start,Fluxicon Disco,Variant 2,2,2016-05-05T17:35:48.000,2016-05-05T17:35:48.000
Traer informacion estudiante - banner,116905,19019,Traer informacion estudiante - banner,19019,Fluxicon Disco,Variant 2,2,2016-05-05T17:35:48.000,2016-05-05T17:35:48.000
Radicar Solicitud Homologacion,116905,19019,Radicar Solicitud Homologacion,19019,Fluxicon Disco,Variant 2,2,2016-05-05T17:36:00.000,2016-05-05T17:35:51.000
Validar solicitud,116905,19019,Validar solicitud,19019,Fluxicon Disco,Variant 2,2,2016-05-05T17:45:18.000,2016-05-05T17:45:18.000
Homologacion por grupo de cursos,116905,1007,Homologacion por grupo de cursos,1007,Fluxicon Disco,Variant 2,2,2016-05-05T18:25:40.000,2016-05-05T17:45:56.000
End,116905,End,End,End,Fluxicon Disco,Variant 2,2,2016-05-05T18:25:40.000,2016-05-05T18:25:40.000
Start,116906,Start,Start,Start,Fluxicon Disco,Variant 16,16,2016-05-05T17:10:23.000,2016-05-05T17:10:23.000
Validar solicitud,116906,677,Validar solicitud,677,Fluxicon Disco,Variant 16,16,2016-05-05T17:53:12.000,2016-05-05T17:10:23.000
Traer informacion estudiante - banner,116906,8416,Traer informacion estudiante - banner,8416,Fluxicon Disco,Variant 16,16,2016-05-05T17:41:28.000,2016-05-05T17:41:28.000
Radicar Solicitud Homologacion,116906,8416,Radicar Solicitud Homologacion,8416,Fluxicon Disco,Variant 16,16,2016-05-05T17:41:30.000,2016-05-05T17:41:30.000
Homologacion por grupo de cursos,116906,677,Homologacion por grupo de cursos,677,Fluxicon Disco,Variant 16,16,2016-05-13T21:59:54.000,2016-05-13T21:59:53.000
End,116906,End,End,End,Fluxicon Disco,Variant 16,16,2016-05-13T21:59:54.000,2016-05-13T21:59:54.000
Start,116910,Start,Start,Start,Fluxicon Disco,Variant 2,2,2016-05-05T18:11:55.000,2016-05-05T18:11:55.000
Traer informacion estudiante - banner,116910,19019,Traer informacion estudiante - banner,19019,Fluxicon Disco,Variant 2,2,2016-05-05T18:11:55.000,2016-05-05T18:11:55.000
Radicar Solicitud Homologacion,116910,19019,Radicar Solicitud Homologacion,19019,Fluxicon Disco,Variant 2,2,2016-05-05T18:11:58.000,2016-05-05T18:11:55.000
Validar solicitud,116910,19019,Validar solicitud,19019,Fluxicon Disco,Variant 2,2,2016-05-05T18:15:53.000,2016-05-05T18:15:53.000
Homologacion por grupo de cursos,116910,1007,Homologacion por grupo de cursos,1007,Fluxicon Disco,Variant 2,2,2016-05-05T18:55:27.000,2016-05-05T18:16:13.000
End,116910,End,End,End,Fluxicon Disco,Variant 2,2,2016-05-05T18:55:27.000,2016-05-05T18:55:27.000
Start,116911,Start,Start,Start,Fluxicon Disco,Variant 1,1,2016-05-05T18:15:53.000,2016-05-05T18:15:53.000
Traer informacion estudiante - banner,116911,26271,Traer informacion estudiante - banner,26271,Fluxicon Disco,Variant 1,1,2016-05-05T18:15:53.000,2016-05-05T18:15:53.000
Radicar Solicitud Homologacion,116911,26271,Radicar Solicitud Homologacion,26271,Fluxicon Disco,Variant 1,1,2016-05-05T19:20:39.000,2016-05-05T18:15:55.000
Cancelar Solicitud,116911,22404,Cancelar Solicitud,22404,Fluxicon Disco,Variant 1,1,2016-05-18T21:04:11.000,2016-05-18T20:56:11.000
Notificacion estudiante cancelacion soli,116911,22404,Notificacion estudiante cancelacion soli,22404,Fluxicon Disco,Variant 1,1,2016-05-19T20:25:52.000,2016-05-19T20:25:52.000
End,116911,End,End,End,Fluxicon Disco,Variant 1,1,2016-05-19T20:25:52.000,2016-05-19T20:25:52.000
Start,116912,Start,Start,Start,Fluxicon Disco,Variant 2,2,2016-05-05T18:18:01.000,2016-05-05T18:18:01.000
Traer informacion estudiante - banner,116912,19019,Traer informacion estudiante - banner,19019,Fluxicon Disco,Variant 2,2,2016-05-05T18:18:01.000,2016-05-05T18:18:01.000
Radicar Solicitud Homologacion,116912,19019,Radicar Solicitud Homologacion,19019,Fluxicon Disco,Variant 2,2,2016-05-05T18:18:04.000,2016-05-05T18:18:01.000
Validar solicitud,116912,19019,Validar solicitud,19019,Fluxicon Disco,Variant 2,2,2016-05-05T18:21:28.000,2016-05-05T18:21:28.000
Homologacion por grupo de cursos,116912,1007,Homologacion por grupo de cursos,1007,Fluxicon Disco,Variant 2,2,2016-05-05T22:47:59.000,2016-05-05T18:21:52.000
End,116912,End,End,End,Fluxicon Disco,Variant 2,2,2016-05-05T22:47:59.000,2016-05-05T22:47:59.000
Start,116913,Start,Start,Start,Fluxicon Disco,Variant 2,2,2016-05-05T18:25:46.000,2016-05-05T18:25:46.000
Traer informacion estudiante - banner,116913,19019,Traer informacion estudiante - banner,19019,Fluxicon Disco,Variant 2,2,2016-05-05T18:25:46.000,2016-05-05T18:25:46.000
Radicar Solicitud Homologacion,116913,19019,Radicar Solicitud Homologacion,19019,Fluxicon Disco,Variant 2,2,2016-05-05T18:25:50.000,2016-05-05T18:25:48.000
Validar solicitud,116913,19019,Validar solicitud,19019,Fluxicon Disco,Variant 2,2,2016-05-05T18:28:18.000,2016-05-05T18:28:17.000
Homologacion por grupo de cursos,116913,1007,Homologacion por grupo de cursos,1007,Fluxicon Disco,Variant 2,2,2016-05-05T20:26:11.000,2016-05-05T18:29:27.000
End,116913,End,End,End,Fluxicon Disco,Variant 2,2,2016-05-05T20:26:11.000,2016-05-05T20:26:11.000
Start,116914,Start,Start,Start,Fluxicon Disco,Variant 17,17,2016-05-05T17:44:49.000,2016-05-05T17:44:49.000
Cancelar Solicitud,116914,11571,Cancelar Solicitud,11571,Fluxicon Disco,Variant 17,17,2016-05-05T18:13:08.000,2016-05-05T17:44:49.000
Traer informacion estudiante - banner,116914,11571,Traer informacion estudiante - banner,11571,Fluxicon Disco,Variant 17,17,2016-05-05T18:29:53.000,2016-05-05T18:29:53.000
Radicar Solicitud Homologacion,116914,11571,Radicar Solicitud Homologacion,11571,Fluxicon Disco,Variant 17,17,2016-05-05T18:29:55.000,2016-05-05T18:29:55.000
Notificacion estudiante cancelacion soli,116914,11571,Notificacion estudiante cancelacion soli,11571,Fluxicon Disco,Variant 17,17,2016-05-12T00:03:57.000,2016-05-12T00:03:57.000
End,116914,End,End,End,Fluxicon Disco,Variant 17,17,2016-05-12T00:03:57.000,2016-05-12T00:03:57.000
Start,116920,Start,Start,Start,Fluxicon Disco,Variant 1,1,2016-05-05T21:44:37.000,2016-05-05T21:44:37.000
Traer informacion estudiante - banner,116920,7781,Traer informacion estudiante - banner,7781,Fluxicon Disco,Variant 1,1,2016-05-05T21:44:37.000,2016-05-05T21:44:37.000
Radicar Solicitud Homologacion,116920,7781,Radicar Solicitud Homologacion,7781,Fluxicon Disco,Variant 1,1,2016-05-05T21:45:03.000,2016-05-05T21:44:41.000
Cancelar Solicitud,116920,7781,Cancelar Solicitud,7781,Fluxicon Disco,Variant 1,1,2016-05-05T22:07:43.000,2016-05-05T22:07:40.000
Notificacion estudiante cancelacion soli,116920,7781,Notificacion estudiante cancelacion soli,7781,Fluxicon Disco,Variant 1,1,2016-05-05T22:11:11.000,2016-05-05T22:11:11.000
End,116920,End,End,End,Fluxicon Disco,Variant 1,1,2016-05-05T22:11:11.000,2016-05-05T22:11:11.000
Start,116925,Start,Start,Start,Fluxicon Disco,Variant 2,2,2016-05-05T23:36:58.000,2016-05-05T23:36:58.000
Traer informacion estudiante - banner,116925,8774,Traer informacion estudiante - banner,8774,Fluxicon Disco,Variant 2,2,2016-05-05T23:36:58.000,2016-05-05T23:36:58.000
Radicar Solicitud Homologacion,116925,8774,Radicar Solicitud Homologacion,8774,Fluxicon Disco,Variant 2,2,2016-05-05T23:38:22.000,2016-05-05T23:36:59.000
Validar solicitud,116925,677,Validar solicitud,677,Fluxicon Disco,Variant 2,2,2016-05-06T02:35:31.000,2016-05-06T01:58:25.000
Homologacion por grupo de cursos,116925,3445,Homologacion por grupo de cursos,3445,Fluxicon Disco,Variant 2,2,2016-05-14T00:14:49.000,2016-05-13T22:06:42.000
End,116925,End,End,End,Fluxicon Disco,Variant 2,2,2016-05-14T00:14:49.000,2016-05-14T00:14:49.000
Start,116926,Start,Start,Start,Fluxicon Disco,Variant 2,2,2016-05-06T00:10:00.000,2016-05-06T00:10:00.000
Traer informacion estudiante - banner,116926,1378,Traer informacion estudiante - banner,1378,Fluxicon Disco,Variant 2,2,2016-05-06T00:10:00.000,2016-05-06T00:10:00.000
Radicar Solicitud Homologacion,116926,1378,Radicar Solicitud Homologacion,1378,Fluxicon Disco,Variant 2,2,2016-05-06T00:10:07.000,2016-05-06T00:10:01.000
Validar solicitud,116926,19019,Validar solicitud,19019,Fluxicon Disco,Variant 2,2,2016-05-06T00:23:30.000,2016-05-06T00:16:42.000
Homologacion por grupo de cursos,116926,1007,Homologacion por grupo de cursos,1007,Fluxicon Disco,Variant 2,2,2016-05-06T23:33:20.000,2016-05-06T23:04:54.000
End,116926,End,End,End,Fluxicon Disco,Variant 2,2,2016-05-06T23:33:20.000,2016-05-06T23:33:20.000
Start,116927,Start,Start,Start,Fluxicon Disco,Variant 2,2,2016-05-06T00:16:48.000,2016-05-06T00:16:48.000
Traer informacion estudiante - banner,116927,1378,Traer informacion estudiante - banner,1378,Fluxicon Disco,Variant 2,2,2016-05-06T00:16:48.000,2016-05-06T00:16:48.000
Radicar Solicitud Homologacion,116927,1378,Radicar Solicitud Homologacion,1378,Fluxicon Disco,Variant 2,2,2016-05-06T00:16:53.000,2016-05-06T00:16:49.000
Validar solicitud,116927,677,Validar solicitud,677,Fluxicon Disco,Variant 2,2,2016-05-06T00:59:17.000,2016-05-06T00:21:30.000
Homologacion por grupo de cursos,116927,3445,Homologacion por grupo de cursos,3445,Fluxicon Disco,Variant 2,2,2016-05-13T22:15:41.000,2016-05-13T22:09:18.000
End,116927,End,End,End,Fluxicon Disco,Variant 2,2,2016-05-13T22:15:41.000,2016-05-13T22:15:41.000
Start,116928,Start,Start,Start,Fluxicon Disco,Variant 2,2,2016-05-06T00:22:11.000,2016-05-06T00:22:11.000
Traer informacion estudiante - banner,116928,1378,Traer informacion estudiante - banner,1378,Fluxicon Disco,Variant 2,2,2016-05-06T00:22:11.000,2016-05-06T00:22:11.000
Radicar Solicitud Homologacion,116928,1378,Radicar Solicitud Homologacion,1378,Fluxicon Disco,Variant 2,2,2016-05-06T00:22:14.000,2016-05-06T00:22:12.000
Validar solicitud,116928,677,Validar solicitud,677,Fluxicon Disco,Variant 2,2,2016-05-06T01:02:17.000,2016-05-06T00:24:28.000
Homologacion por grupo de cursos,116928,3445,Homologacion por grupo de cursos,3445,Fluxicon Disco,Variant 2,2,2016-05-13T22:20:13.000,2016-05-13T22:13:56.000
End,116928,End,End,End,Fluxicon Disco,Variant 2,2,2016-05-13T22:20:13.000,2016-05-13T22:20:13.000
Start,116953,Start,Start,Start,Fluxicon Disco,Variant 7,7,2016-05-05T21:10:46.000,2016-05-05T21:10:46.000
Traer informacion estudiante - banner,116953,18501,Traer informacion estudiante - banner,18501,Fluxicon Disco,Variant 7,7,2016-05-05T21:10:46.000,2016-05-05T21:10:46.000
Radicar Solicitud Homologacion,116953,18501,Radicar Solicitud Homologacion,18501,Fluxicon Disco,Variant 7,7,2016-05-05T21:11:02.000,2016-05-05T21:10:48.000
Cancelar Solicitud,116953,22533,Cancelar Solicitud,22533,Fluxicon Disco,Variant 7,7,2016-05-05T22:42:45.000,2016-05-05T21:25:47.000
Validar solicitud,116953,22404,Validar solicitud,22404,Fluxicon Disco,Variant 7,7,2016-05-05T21:32:29.000,2016-05-05T21:25:47.000
Notificacion estudiante cancelacion soli,116953,22533,Notificacion estudiante cancelacion soli,22533,Fluxicon Disco,Variant 7,7,2016-05-20T16:24:07.000,2016-05-20T16:24:07.000
End,116953,End,End,End,Fluxicon Disco,Variant 7,7,2016-05-20T16:24:07.000,2016-05-20T16:24:07.000
Start,117053,Start,Start,Start,Fluxicon Disco,Variant 2,2,2016-05-06T03:20:16.000,2016-05-06T03:20:16.000
Traer informacion estudiante - banner,117053,9890,Traer informacion estudiante - banner,9890,Fluxicon Disco,Variant 2,2,2016-05-06T03:20:16.000,2016-05-06T03:20:16.000
Radicar Solicitud Homologacion,117053,9890,Radicar Solicitud Homologacion,9890,Fluxicon Disco,Variant 2,2,2016-05-06T03:20:17.000,2016-05-06T03:20:17.000
Validar solicitud,117053,22404,Validar solicitud,22404,Fluxicon Disco,Variant 2,2,2016-05-06T03:31:41.000,2016-05-06T03:28:25.000
Homologacion por grupo de cursos,117053,22404,Homologacion por grupo de cursos,22404,Fluxicon Disco,Variant 2,2,2016-05-06T20:03:14.000,2016-05-06T18:16:46.000
End,117053,End,End,End,Fluxicon Disco,Variant 2,2,2016-05-06T20:03:14.000,2016-05-06T20:03:14.000
Start,117151,Start,Start,Start,Fluxicon Disco,Variant 1,1,2016-05-06T11:52:53.000,2016-05-06T11:52:53.000
Traer informacion estudiante - banner,117151,11387,Traer informacion estudiante - banner,11387,Fluxicon Disco,Variant 1,1,2016-05-06T11:52:53.000,2016-05-06T11:52:53.000
Radicar Solicitud Homologacion,117151,11387,Radicar Solicitud Homologacion,11387,Fluxicon Disco,Variant 1,1,2016-05-06T11:53:01.000,2016-05-06T11:53:01.000
Cancelar Solicitud,117151,677,Cancelar Solicitud,677,Fluxicon Disco,Variant 1,1,2016-05-06T12:03:10.000,2016-05-06T12:00:35.000
Notificacion estudiante cancelacion soli,117151,677,Notificacion estudiante cancelacion soli,677,Fluxicon Disco,Variant 1,1,2016-05-06T17:35:13.000,2016-05-06T17:35:13.000
End,117151,End,End,End,Fluxicon Disco,Variant 1,1,2016-05-06T17:35:13.000,2016-05-06T17:35:13.000
Start,117253,Start,Start,Start,Fluxicon Disco,Variant 2,2,2016-05-06T17:34:50.000,2016-05-06T17:34:50.000
Traer informacion estudiante - banner,117253,6723,Traer informacion estudiante - banner,6723,Fluxicon Disco,Variant 2,2,2016-05-06T17:34:50.000,2016-05-06T17:34:50.000
Radicar Solicitud Homologacion,117253,6723,Radicar Solicitud Homologacion,6723,Fluxicon Disco,Variant 2,2,2016-05-06T17:34:58.000,2016-05-06T17:34:52.000
Validar solicitud,117253,677,Validar solicitud,677,Fluxicon Disco,Variant 2,2,2016-05-06T18:16:01.000,2016-05-06T17:41:26.000
Homologacion por grupo de cursos,117253,3445,Homologacion por grupo de cursos,3445,Fluxicon Disco,Variant 2,2,2016-05-13T22:38:24.000,2016-05-13T22:16:31.000
End,117253,End,End,End,Fluxicon Disco,Variant 2,2,2016-05-13T22:38:24.000,2016-05-13T22:38:24.000
Start,117258,Start,Start,Start,Fluxicon Disco,Variant 2,2,2016-05-06T21:08:02.000,2016-05-06T21:08:02.000
Traer informacion estudiante - banner,117258,8268,Traer informacion estudiante - banner,8268,Fluxicon Disco,Variant 2,2,2016-05-06T21:08:02.000,2016-05-06T21:08:02.000
Radicar Solicitud Homologacion,117258,8268,Radicar Solicitud Homologacion,8268,Fluxicon Disco,Variant 2,2,2016-05-06T21:30:01.000,2016-05-06T21:08:08.000
Validar solicitud,117258,18929,Validar solicitud,18929,Fluxicon Disco,Variant 2,2,2016-05-12T17:28:02.000,2016-05-12T17:02:05.000
Homologacion por grupo de cursos,117258,18929,Homologacion por grupo de cursos,18929,Fluxicon Disco,Variant 2,2,2016-05-17T20:30:22.000,2016-05-17T20:30:22.000
End,117258,End,End,End,Fluxicon Disco,Variant 2,2,2016-05-17T20:30:22.000,2016-05-17T20:30:22.000
Start,117263,Start,Start,Start,Fluxicon Disco,Variant 2,2,2016-05-06T22:59:47.000,2016-05-06T22:59:47.000
Traer informacion estudiante - banner,117263,10742,Traer informacion estudiante - banner,10742,Fluxicon Disco,Variant 2,2,2016-05-06T22:59:47.000,2016-05-06T22:59:47.000
Radicar Solicitud Homologacion,117263,10742,Radicar Solicitud Homologacion,10742,Fluxicon Disco,Variant 2,2,2016-05-06T23:07:22.000,2016-05-06T22:59:48.000
Validar solicitud,117263,261,Validar solicitud,261,Fluxicon Disco,Variant 2,2,2016-05-11T00:56:28.000,2016-05-10T22:34:03.000
Homologacion por grupo de cursos,117263,308,Homologacion por grupo de cursos,308,Fluxicon Disco,Variant 2,2,2016-06-07T20:24:41.000,2016-06-07T19:06:51.000
End,117263,End,End,End,Fluxicon Disco,Variant 2,2,2016-06-07T20:24:41.000,2016-06-07T20:24:41.000
Start,117265,Start,Start,Start,Fluxicon Disco,Variant 2,2,2016-05-06T23:39:28.000,2016-05-06T23:39:28.000
Traer informacion estudiante - banner,117265,10742,Traer informacion estudiante - banner,10742,Fluxicon Disco,Variant 2,2,2016-05-06T23:39:28.000,2016-05-06T23:39:28.000
Radicar Solicitud Homologacion,117265,10742,Radicar Solicitud Homologacion,10742,Fluxicon Disco,Variant 2,2,2016-05-06T23:46:28.000,2016-05-06T23:39:29.000
Validar solicitud,117265,261,Validar solicitud,261,Fluxicon Disco,Variant 2,2,2016-05-11T00:58:11.000,2016-05-10T22:39:28.000
Homologacion por grupo de cursos,117265,7355,Homologacion por grupo de cursos,7355,Fluxicon Disco,Variant 2,2,2016-06-07T15:26:59.000,2016-06-07T15:23:23.000
End,117265,End,End,End,Fluxicon Disco,Variant 2,2,2016-06-07T15:26:59.000,2016-06-07T15:26:59.000
Start,117351,Start,Start,Start,Fluxicon Disco,Variant 2,2,2016-05-08T06:07:32.000,2016-05-08T06:07:32.000
Traer informacion estudiante - banner,117351,23530,Traer informacion estudiante - banner,23530,Fluxicon Disco,Variant 2,2,2016-05-08T06:07:32.000,2016-05-08T06:07:32.000
Radicar Solicitud Homologacion,117351,23530,Radicar Solicitud Homologacion,23530,Fluxicon Disco,Variant 2,2,2016-05-08T06:19:38.000,2016-05-08T06:07:38.000
Validar solicitud,117351,22404,Validar solicitud,22404,Fluxicon Disco,Variant 2,2,2016-05-11T20:46:41.000,2016-05-11T20:30:45.000
Homologacion por grupo de cursos,117351,4560,Homologacion por grupo de cursos,4560,Fluxicon Disco,Variant 2,2,2016-05-13T19:56:04.000,2016-05-13T18:56:01.000
End,117351,End,End,End,Fluxicon Disco,Variant 2,2,2016-05-13T19:56:04.000,2016-05-13T19:56:04.000
Start,117553,Start,Start,Start,Fluxicon Disco,Variant 17,17,2016-05-09T17:53:32.000,2016-05-09T17:53:32.000
Cancelar Solicitud,117553,19019,Cancelar Solicitud,19019,Fluxicon Disco,Variant 17,17,2016-05-09T17:56:40.000,2016-05-09T17:53:32.000
Traer informacion estudiante - banner,117553,8382,Traer informacion estudiante - banner,8382,Fluxicon Disco,Variant 17,17,2016-05-09T18:28:55.000,2016-05-09T18:28:55.000
Radicar Solicitud Homologacion,117553,8382,Radicar Solicitud Homologacion,8382,Fluxicon Disco,Variant 17,17,2016-05-09T18:28:57.000,2016-05-09T18:28:57.000
Notificacion estudiante cancelacion soli,117553,19019,Notificacion estudiante cancelacion soli,19019,Fluxicon Disco,Variant 17,17,2016-05-10T18:08:17.000,2016-05-10T18:08:17.000
End,117553,End,End,End,Fluxicon Disco,Variant 17,17,2016-05-10T18:08:17.000,2016-05-10T18:08:17.000
Start,117753,Start,Start,Start,Fluxicon Disco,Variant 1,1,2016-05-10T22:02:40.000,2016-05-10T22:02:40.000
Traer informacion estudiante - banner,117753,7599,Traer informacion estudiante - banner,7599,Fluxicon Disco,Variant 1,1,2016-05-10T22:02:40.000,2016-05-10T22:02:40.000
Radicar Solicitud Homologacion,117753,7599,Radicar Solicitud Homologacion,7599,Fluxicon Disco,Variant 1,1,2016-05-10T23:05:23.000,2016-05-10T22:02:43.000
Cancelar Solicitud,117753,22475,Cancelar Solicitud,22475,Fluxicon Disco,Variant 1,1,2016-05-20T18:43:09.000,2016-05-20T18:42:58.000
Notificacion estudiante cancelacion soli,117753,22475,Notificacion estudiante cancelacion soli,22475,Fluxicon Disco,Variant 1,1,2016-05-20T18:54:34.000,2016-05-20T18:54:34.000
End,117753,End,End,End,Fluxicon Disco,Variant 1,1,2016-05-20T18:54:34.000,2016-05-20T18:54:34.000
Start,117806,Start,Start,Start,Fluxicon Disco,Variant 14,14,2016-05-10T20:12:30.000,2016-05-10T20:12:30.000
Radicar Solicitud Homologacion,117806,19019,Radicar Solicitud Homologacion,19019,Fluxicon Disco,Variant 14,14,2016-05-10T20:12:30.000,2016-05-10T20:12:30.000
End,117806,End,End,End,Fluxicon Disco,Variant 14,14,2016-05-10T20:12:30.000,2016-05-10T20:12:30.000
Start,117808,Start,Start,Start,Fluxicon Disco,Variant 2,2,2016-05-10T22:06:59.000,2016-05-10T22:06:59.000
Traer informacion estudiante - banner,117808,2970,Traer informacion estudiante - banner,2970,Fluxicon Disco,Variant 2,2,2016-05-10T22:06:59.000,2016-05-10T22:06:59.000
Radicar Solicitud Homologacion,117808,2970,Radicar Solicitud Homologacion,2970,Fluxicon Disco,Variant 2,2,2016-05-10T22:07:32.000,2016-05-10T22:07:00.000
Validar solicitud,117808,659,Validar solicitud,659,Fluxicon Disco,Variant 2,2,2016-05-10T22:42:09.000,2016-05-10T22:39:49.000
Homologacion por grupo de cursos,117808,1422,Homologacion por grupo de cursos,1422,Fluxicon Disco,Variant 2,2,2016-05-11T16:17:11.000,2016-05-11T13:44:11.000
End,117808,End,End,End,Fluxicon Disco,Variant 2,2,2016-05-11T16:17:11.000,2016-05-11T16:17:11.000
Start,117851,Start,Start,Start,Fluxicon Disco,Variant 1,1,2016-05-11T01:37:26.000,2016-05-11T01:37:26.000
Traer informacion estudiante - banner,117851,23842,Traer informacion estudiante - banner,23842,Fluxicon Disco,Variant 1,1,2016-05-11T01:37:26.000,2016-05-11T01:37:26.000
Radicar Solicitud Homologacion,117851,23842,Radicar Solicitud Homologacion,23842,Fluxicon Disco,Variant 1,1,2016-05-11T01:51:35.000,2016-05-11T01:37:34.000
Cancelar Solicitud,117851,7320,Cancelar Solicitud,7320,Fluxicon Disco,Variant 1,1,2016-05-12T23:02:50.000,2016-05-12T23:01:52.000
Notificacion estudiante cancelacion soli,117851,7320,Notificacion estudiante cancelacion soli,7320,Fluxicon Disco,Variant 1,1,2016-05-13T00:00:02.000,2016-05-13T00:00:02.000
End,117851,End,End,End,Fluxicon Disco,Variant 1,1,2016-05-13T00:00:02.000,2016-05-13T00:00:02.000
Start,117903,Start,Start,Start,Fluxicon Disco,Variant 2,2,2016-05-11T20:40:39.000,2016-05-11T20:40:39.000
Traer informacion estudiante - banner,117903,3815,Traer informacion estudiante - banner,3815,Fluxicon Disco,Variant 2,2,2016-05-11T20:40:39.000,2016-05-11T20:40:39.000
Radicar Solicitud Homologacion,117903,3815,Radicar Solicitud Homologacion,3815,Fluxicon Disco,Variant 2,2,2016-05-11T20:40:43.000,2016-05-11T20:40:43.000
Validar solicitud,117903,677,Validar solicitud,677,Fluxicon Disco,Variant 2,2,2016-05-11T21:02:12.000,2016-05-11T20:44:53.000
Homologacion por grupo de cursos,117903,677,Homologacion por grupo de cursos,677,Fluxicon Disco,Variant 2,2,2016-05-13T22:19:41.000,2016-05-13T22:19:41.000
End,117903,End,End,End,Fluxicon Disco,Variant 2,2,2016-05-13T22:19:41.000,2016-05-13T22:19:41.000
Start,117951,Start,Start,Start,Fluxicon Disco,Variant 1,1,2016-05-11T14:29:28.000,2016-05-11T14:29:28.000
Traer informacion estudiante - banner,117951,7717,Traer informacion estudiante - banner,7717,Fluxicon Disco,Variant 1,1,2016-05-11T14:29:28.000,2016-05-11T14:29:28.000
Radicar Solicitud Homologacion,117951,7717,Radicar Solicitud Homologacion,7717,Fluxicon Disco,Variant 1,1,2016-05-11T14:57:31.000,2016-05-11T14:29:31.000
Cancelar Solicitud,117951,22475,Cancelar Solicitud,22475,Fluxicon Disco,Variant 1,1,2016-05-16T20:18:44.000,2016-05-16T20:17:02.000
Notificacion estudiante cancelacion soli,117951,22475,Notificacion estudiante cancelacion soli,22475,Fluxicon Disco,Variant 1,1,2016-05-16T22:42:13.000,2016-05-16T22:42:13.000
End,117951,End,End,End,Fluxicon Disco,Variant 1,1,2016-05-16T22:42:13.000,2016-05-16T22:42:13.000
Start,118151,Start,Start,Start,Fluxicon Disco,Variant 17,17,2016-05-12T16:33:00.000,2016-05-12T16:33:00.000
Cancelar Solicitud,118151,677,Cancelar Solicitud,677,Fluxicon Disco,Variant 17,17,2016-05-12T16:44:48.000,2016-05-12T16:33:00.000
Traer informacion estudiante - banner,118151,3108,Traer informacion estudiante - banner,3108,Fluxicon Disco,Variant 17,17,2016-05-12T17:41:30.000,2016-05-12T17:41:30.000
Radicar Solicitud Homologacion,118151,3108,Radicar Solicitud Homologacion,3108,Fluxicon Disco,Variant 17,17,2016-05-12T17:41:34.000,2016-05-12T17:41:34.000
Traer informacion estudiante - banner,118403,22950,Traer informacion estudiante - banner,22950,Fluxicon Disco,Variant 1,1,2016-05-13T19:21:22.000,2016-05-13T19:21:22.000
Radicar Solicitud Homologacion,118403,22950,Radicar Solicitud Homologacion,22950,Fluxicon Disco,Variant 1,1,2016-05-13T19:49:23.000,2016-05-13T19:21:23.000
Cancelar Solicitud,118403,22950,Cancelar Solicitud,22950,Fluxicon Disco,Variant 1,1,2016-05-19T01:28:04.000,2016-05-19T01:25:28.000
Notificacion estudiante cancelacion soli,118403,22950,Notificacion estudiante cancelacion soli,22950,Fluxicon Disco,Variant 1,1,2016-05-19T17:36:09.000,2016-05-19T17:36:09.000
End,118403,End,End,End,Fluxicon Disco,Variant 1,1,2016-05-19T17:36:09.000,2016-05-19T17:36:09.000
Start,118451,Start,Start,Start,Fluxicon Disco,Variant 2,2,2016-05-13T22:54:38.000,2016-05-13T22:54:38.000
Traer informacion estudiante - banner,118451,3108,Traer informacion estudiante - banner,3108,Fluxicon Disco,Variant 2,2,2016-05-13T22:54:38.000,2016-05-13T22:54:38.000
Radicar Solicitud Homologacion,118451,3108,Radicar Solicitud Homologacion,3108,Fluxicon Disco,Variant 2,2,2016-05-13T22:55:06.000,2016-05-13T22:54:44.000
Validar solicitud,118451,677,Validar solicitud,677,Fluxicon Disco,Variant 2,2,2016-05-13T23:19:57.000,2016-05-13T23:17:24.000
Homologacion por grupo de cursos,118451,3445,Homologacion por grupo de cursos,3445,Fluxicon Disco,Variant 2,2,2016-05-16T17:54:56.000,2016-05-16T15:50:33.000
End,118451,End,End,End,Fluxicon Disco,Variant 2,2,2016-05-16T17:54:56.000,2016-05-16T17:54:56.000
Start,118901,Start,Start,Start,Fluxicon Disco,Variant 33,33,2016-05-16T12:28:18.000,2016-05-16T12:28:18.000
Cancelar Solicitud,118901,6844,Cancelar Solicitud,6844,Fluxicon Disco,Variant 33,33,2016-05-16T12:28:18.000,2016-05-16T12:28:18.000
Notificacion estudiante cancelacion soli,118901,6844,Notificacion estudiante cancelacion soli,6844,Fluxicon Disco,Variant 33,33,2016-05-16T12:30:51.000,2016-05-16T12:30:51.000
Traer informacion estudiante - banner,118901,6844,Traer informacion estudiante - banner,6844,Fluxicon Disco,Variant 33,33,2016-05-16T13:48:06.000,2016-05-16T13:48:06.000
Radicar Solicitud Homologacion,118901,6844,Radicar Solicitud Homologacion,6844,Fluxicon Disco,Variant 33,33,2016-05-16T13:48:14.000,2016-05-16T13:48:14.000
End,118901,End,End,End,Fluxicon Disco,Variant 33,33,2016-05-16T13:48:14.000,2016-05-16T13:48:14.000
Start,119053,Start,Start,Start,Fluxicon Disco,Variant 1,1,2016-05-16T19:42:36.000,2016-05-16T19:42:36.000
Traer informacion estudiante - banner,119053,11993,Traer informacion estudiante - banner,11993,Fluxicon Disco,Variant 1,1,2016-05-16T19:42:36.000,2016-05-16T19:42:36.000
Radicar Solicitud Homologacion,119053,11993,Radicar Solicitud Homologacion,11993,Fluxicon Disco,Variant 1,1,2016-05-16T20:51:37.000,2016-05-16T19:42:40.000
Cancelar Solicitud,119053,186,Cancelar Solicitud,186,Fluxicon Disco,Variant 1,1,2016-05-27T17:50:47.000,2016-05-27T15:57:26.000
Notificacion estudiante cancelacion soli,119053,186,Notificacion estudiante cancelacion soli,186,Fluxicon Disco,Variant 1,1,2016-06-20T17:18:35.000,2016-06-20T17:18:35.000
End,119053,End,End,End,Fluxicon Disco,Variant 1,1,2016-06-20T17:18:35.000,2016-06-20T17:18:35.000
Start,119054,Start,Start,Start,Fluxicon Disco,Variant 1,1,2016-05-16T19:59:18.000,2016-05-16T19:59:18.000
Traer informacion estudiante - banner,119054,7717,Traer informacion estudiante - banner,7717,Fluxicon Disco,Variant 1,1,2016-05-16T19:59:18.000,2016-05-16T19:59:18.000
Radicar Solicitud Homologacion,119054,7717,Radicar Solicitud Homologacion,7717,Fluxicon Disco,Variant 1,1,2016-05-16T19:59:20.000,2016-05-16T19:59:20.000
Cancelar Solicitud,119054,19019,Cancelar Solicitud,19019,Fluxicon Disco,Variant 1,1,2016-05-16T20:12:46.000,2016-05-16T20:12:31.000
Notificacion estudiante cancelacion soli,119054,19019,Notificacion estudiante cancelacion soli,19019,Fluxicon Disco,Variant 1,1,2016-05-16T21:15:49.000,2016-05-16T21:15:49.000
End,119054,End,End,End,Fluxicon Disco,Variant 1,1,2016-05-16T21:15:49.000,2016-05-16T21:15:49.000
Start,119153,Start,Start,Start,Fluxicon Disco,Variant 2,2,2016-05-17T00:18:33.000,2016-05-17T00:18:33.000
Traer informacion estudiante - banner,119153,19591,Traer informacion estudiante - banner,19591,Fluxicon Disco,Variant 2,2,2016-05-17T00:18:33.000,2016-05-17T00:18:33.000
Radicar Solicitud Homologacion,119153,19591,Radicar Solicitud Homologacion,19591,Fluxicon Disco,Variant 2,2,2016-05-17T01:44:07.000,2016-05-17T00:18:35.000
Validar solicitud,119153,186,Validar solicitud,186,Fluxicon Disco,Variant 2,2,2016-06-01T22:15:43.000,2016-06-01T21:51:35.000
Homologacion por grupo de cursos,119153,186,Homologacion por grupo de cursos,186,Fluxicon Disco,Variant 2,2,2016-06-07T23:11:23.000,2016-06-07T22:00:24.000
End,119153,End,End,End,Fluxicon Disco,Variant 2,2,2016-06-07T23:11:23.000,2016-06-07T23:11:23.000
Start,119403,Start,Start,Start,Fluxicon Disco,Variant 1,1,2016-05-17T20:25:40.000,2016-05-17T20:25:40.000
Traer informacion estudiante - banner,119403,22950,Traer informacion estudiante - banner,22950,Fluxicon Disco,Variant 1,1,2016-05-17T20:25:40.000,2016-05-17T20:25:40.000
Radicar Solicitud Homologacion,119403,22950,Radicar Solicitud Homologacion,22950,Fluxicon Disco,Variant 1,1,2016-05-17T20:37:41.000,2016-05-17T20:25:41.000
Cancelar Solicitud,119403,22404,Cancelar Solicitud,22404,Fluxicon Disco,Variant 1,1,2016-05-19T04:24:54.000,2016-05-19T03:58:24.000
Notificacion estudiante cancelacion soli,119403,22404,Notificacion estudiante cancelacion soli,22404,Fluxicon Disco,Variant 1,1,2016-05-24T17:30:53.000,2016-05-24T17:30:53.000
End,119403,End,End,End,Fluxicon Disco,Variant 1,1,2016-05-24T17:30:53.000,2016-05-24T17:30:53.000
Start,119404,Start,Start,Start,Fluxicon Disco,Variant 2,2,2016-05-17T20:25:59.000,2016-05-17T20:25:59.000
Traer informacion estudiante - banner,119404,22950,Traer informacion estudiante - banner,22950,Fluxicon Disco,Variant 2,2,2016-05-17T20:25:59.000,2016-05-17T20:25:59.000
Radicar Solicitud Homologacion,119404,22950,Radicar Solicitud Homologacion,22950,Fluxicon Disco,Variant 2,2,2016-05-17T21:35:51.000,2016-05-17T20:26:00.000
Validar solicitud,119404,22404,Validar solicitud,22404,Fluxicon Disco,Variant 2,2,2016-05-31T17:05:59.000,2016-05-31T16:51:16.000
Homologacion por grupo de cursos,119404,4560,Homologacion por grupo de cursos,4560,Fluxicon Disco,Variant 2,2,2016-06-02T18:11:45.000,2016-06-02T15:34:49.000
End,119404,End,End,End,Fluxicon Disco,Variant 2,2,2016-06-02T18:11:45.000,2016-06-02T18:11:45.000
Start,119451,Start,Start,Start,Fluxicon Disco,Variant 5,5,2016-05-17T18:08:51.000,2016-05-17T18:08:51.000
Traer informacion estudiante - banner,119451,9379,Traer informacion estudiante - banner,9379,Fluxicon Disco,Variant 5,5,2016-05-17T18:08:51.000,2016-05-17T18:08:51.000
Radicar Solicitud Homologacion,119451,9379,Radicar Solicitud Homologacion,9379,Fluxicon Disco,Variant 5,5,2016-05-17T19:49:48.000,2016-05-17T18:08:57.000
Notificacion estudiante cancelacion soli,119451,1,Notificacion estudiante cancelacion soli,1,Fluxicon Disco,Variant 5,5,2016-06-15T23:24:19.000,2016-06-15T23:24:19.000
End,119451,End,End,End,Fluxicon Disco,Variant 5,5,2016-06-15T23:24:19.000,2016-06-15T23:24:19.000
Start,119656,Start,Start,Start,Fluxicon Disco,Variant 2,2,2016-05-18T20:56:02.000,2016-05-18T20:56:02.000
Traer informacion estudiante - banner,119656,11775,Traer informacion estudiante - banner,11775,Fluxicon Disco,Variant 2,2,2016-05-18T20:56:02.000,2016-05-18T20:56:02.000
Radicar Solicitud Homologacion,119656,11775,Radicar Solicitud Homologacion,11775,Fluxicon Disco,Variant 2,2,2016-05-18T20:56:03.000,2016-05-18T20:56:03.000
Validar solicitud,119656,22475,Validar solicitud,22475,Fluxicon Disco,Variant 2,2,2016-05-18T20:59:26.000,2016-05-18T20:59:20.000
Homologacion por grupo de cursos,119656,22475,Homologacion por grupo de cursos,22475,Fluxicon Disco,Variant 2,2,2016-05-18T22:48:20.000,2016-05-18T21:06:20.000
End,119656,End,End,End,Fluxicon Disco,Variant 2,2,2016-05-18T22:48:20.000,2016-05-18T22:48:20.000
Start,119802,Start,Start,Start,Fluxicon Disco,Variant 2,2,2016-05-19T01:36:58.000,2016-05-19T01:36:58.000
Traer informacion estudiante - banner,119802,11611,Traer informacion estudiante - banner,11611,Fluxicon Disco,Variant 2,2,2016-05-19T01:36:58.000,2016-05-19T01:36:58.000
Radicar Solicitud Homologacion,119802,11611,Radicar Solicitud Homologacion,11611,Fluxicon Disco,Variant 2,2,2016-05-19T01:36:59.000,2016-05-19T01:36:59.000
Validar solicitud,119802,19019,Validar solicitud,19019,Fluxicon Disco,Variant 2,2,2016-05-19T01:52:12.000,2016-05-19T01:44:12.000
Homologacion por grupo de cursos,119802,19019,Homologacion por grupo de cursos,19019,Fluxicon Disco,Variant 2,2,2016-05-20T13:17:58.000,2016-05-20T13:12:00.000
End,119802,End,End,End,Fluxicon Disco,Variant 2,2,2016-05-20T13:17:58.000,2016-05-20T13:17:58.000
Start,119901,Start,Start,Start,Fluxicon Disco,Variant 1,1,2016-05-19T16:37:13.000,2016-05-19T16:37:13.000
Traer informacion estudiante - banner,119901,8661,Traer informacion estudiante - banner,8661,Fluxicon Disco,Variant 1,1,2016-05-19T16:37:13.000,2016-05-19T16:37:13.000
Radicar Solicitud Homologacion,119901,8661,Radicar Solicitud Homologacion,8661,Fluxicon Disco,Variant 1,1,2016-05-19T16:45:07.000,2016-05-19T16:37:14.000
Cancelar Solicitud,119901,8661,Cancelar Solicitud,8661,Fluxicon Disco,Variant 1,1,2016-05-20T16:36:47.000,2016-05-20T16:30:18.000
Notificacion estudiante cancelacion soli,119901,8661,Notificacion estudiante cancelacion soli,8661,Fluxicon Disco,Variant 1,1,2016-05-23T01:03:13.000,2016-05-23T01:03:13.000
End,119901,End,End,End,Fluxicon Disco,Variant 1,1,2016-05-23T01:03:13.000,2016-05-23T01:03:13.000
Start,119902,Start,Start,Start,Fluxicon Disco,Variant 2,2,2016-05-19T16:52:54.000,2016-05-19T16:52:54.000
Traer informacion estudiante - banner,119902,4148,Traer informacion estudiante - banner,4148,Fluxicon Disco,Variant 2,2,2016-05-19T16:52:54.000,2016-05-19T16:52:54.000
Radicar Solicitud Homologacion,119902,4148,Radicar Solicitud Homologacion,4148,Fluxicon Disco,Variant 2,2,2016-05-19T16:53:14.000,2016-05-19T16:52:55.000
Validar solicitud,119902,2292,Validar solicitud,2292,Fluxicon Disco,Variant 2,2,2016-05-19T17:23:06.000,2016-05-19T17:12:05.000
Homologacion por grupo de cursos,119902,2292,Homologacion por grupo de cursos,2292,Fluxicon Disco,Variant 2,2,2016-05-20T23:08:28.000,2016-05-20T22:13:30.000
End,119902,End,End,End,Fluxicon Disco,Variant 2,2,2016-05-20T23:08:28.000,2016-05-20T23:08:28.000
Start,119953,Start,Start,Start,Fluxicon Disco,Variant 1,1,2016-05-19T15:13:39.000,2016-05-19T15:13:39.000
Traer informacion estudiante - banner,119953,3603,Traer informacion estudiante - banner,3603,Fluxicon Disco,Variant 1,1,2016-05-19T15:13:39.000,2016-05-19T15:13:39.000
Radicar Solicitud Homologacion,119953,3603,Radicar Solicitud Homologacion,3603,Fluxicon Disco,Variant 1,1,2016-05-19T15:13:55.000,2016-05-19T15:13:40.000
Cancelar Solicitud,119953,3603,Cancelar Solicitud,3603,Fluxicon Disco,Variant 1,1,2016-05-19T15:28:48.000,2016-05-19T15:28:42.000
Notificacion estudiante cancelacion soli,119953,3603,Notificacion estudiante cancelacion soli,3603,Fluxicon Disco,Variant 1,1,2016-05-19T15:35:19.000,2016-05-19T15:35:19.000
End,119953,End,End,End,Fluxicon Disco,Variant 1,1,2016-05-19T15:35:19.000,2016-05-19T15:35:19.000
Start,119955,Start,Start,Start,Fluxicon Disco,Variant 1,1,2016-05-19T15:34:56.000,2016-05-19T15:34:56.000
Traer informacion estudiante - banner,119955,3603,Traer informacion estudiante - banner,3603,Fluxicon Disco,Variant 1,1,2016-05-19T15:34:56.000,2016-05-19T15:34:56.000
Radicar Solicitud Homologacion,119955,3603,Radicar Solicitud Homologacion,3603,Fluxicon Disco,Variant 1,1,2016-05-19T15:35:04.000,2016-05-19T15:34:56.000
Cancelar Solicitud,119955,3603,Cancelar Solicitud,3603,Fluxicon Disco,Variant 1,1,2016-05-19T15:43:42.000,2016-05-19T15:43:40.000
Notificacion estudiante cancelacion soli,119955,3603,Notificacion estudiante cancelacion soli,3603,Fluxicon Disco,Variant 1,1,2016-05-19T15:46:04.000,2016-05-19T15:46:04.000
End,119955,End,End,End,Fluxicon Disco,Variant 1,1,2016-05-19T15:46:04.000,2016-05-19T15:46:04.000
Start,120101,Start,Start,Start,Fluxicon Disco,Variant 1,1,2016-05-20T02:34:26.000,2016-05-20T02:34:26.000
Traer informacion estudiante - banner,120101,17807,Traer informacion estudiante - banner,17807,Fluxicon Disco,Variant 1,1,2016-05-20T02:34:26.000,2016-05-20T02:34:26.000
Radicar Solicitud Homologacion,120101,17807,Radicar Solicitud Homologacion,17807,Fluxicon Disco,Variant 1,1,2016-05-20T02:34:31.000,2016-05-20T02:34:31.000
Cancelar Solicitud,120101,22404,Cancelar Solicitud,22404,Fluxicon Disco,Variant 1,1,2016-05-20T14:34:39.000,2016-05-20T14:33:45.000
Notificacion estudiante cancelacion soli,120101,22404,Notificacion estudiante cancelacion soli,22404,Fluxicon Disco,Variant 1,1,2016-05-20T15:54:48.000,2016-05-20T15:54:48.000
End,120101,End,End,End,Fluxicon Disco,Variant 1,1,2016-05-20T15:54:48.000,2016-05-20T15:54:48.000
Start,120151,Start,Start,Start,Fluxicon Disco,Variant 2,2,2016-05-20T03:28:32.000,2016-05-20T03:28:32.000
Traer informacion estudiante - banner,120151,2391,Traer informacion estudiante - banner,2391,Fluxicon Disco,Variant 2,2,2016-05-20T03:28:32.000,2016-05-20T03:28:32.000
Radicar Solicitud Homologacion,120151,2391,Radicar Solicitud Homologacion,2391,Fluxicon Disco,Variant 2,2,2016-05-20T03:28:37.000,2016-05-20T03:28:37.000
Validar solicitud,120151,18929,Validar solicitud,18929,Fluxicon Disco,Variant 2,2,2016-05-20T03:54:55.000,2016-05-20T03:51:55.000
Homologacion por grupo de cursos,120151,957,Homologacion por grupo de cursos,957,Fluxicon Disco,Variant 2,2,2016-05-20T19:07:24.000,2016-05-20T18:00:23.000
End,120151,End,End,End,Fluxicon Disco,Variant 2,2,2016-05-20T19:07:24.000,2016-05-20T19:07:24.000
Start,120201,Start,Start,Start,Fluxicon Disco,Variant 2,2,2016-05-20T01:55:23.000,2016-05-20T01:55:23.000
Traer informacion estudiante - banner,120201,11571,Traer informacion estudiante - banner,11571,Fluxicon Disco,Variant 2,2,2016-05-20T01:55:23.000,2016-05-20T01:55:23.000
Radicar Solicitud Homologacion,120201,11571,Radicar Solicitud Homologacion,11571,Fluxicon Disco,Variant 2,2,2016-05-20T02:01:14.000,2016-05-20T01:55:27.000
Validar solicitud,120201,22404,Validar solicitud,22404,Fluxicon Disco,Variant 2,2,2016-05-20T22:49:43.000,2016-05-20T22:47:31.000
Homologacion por grupo de cursos,120201,22404,Homologacion por grupo de cursos,22404,Fluxicon Disco,Variant 2,2,2016-05-23T14:35:08.000,2016-05-23T13:57:40.000
End,120201,End,End,End,Fluxicon Disco,Variant 2,2,2016-05-23T14:35:08.000,2016-05-23T14:35:08.000
Start,120303,Start,Start,Start,Fluxicon Disco,Variant 7,7,2016-05-20T15:06:57.000,2016-05-20T15:06:57.000
Traer informacion estudiante - banner,120303,11314,Traer informacion estudiante - banner,11314,Fluxicon Disco,Variant 7,7,2016-05-20T15:06:57.000,2016-05-20T15:06:57.000
Radicar Solicitud Homologacion,120303,11314,Radicar Solicitud Homologacion,11314,Fluxicon Disco,Variant 7,7,2016-05-20T15:18:09.000,2016-05-20T15:07:00.000
Cancelar Solicitud,120303,11314,Cancelar Solicitud,11314,Fluxicon Disco,Variant 7,7,2016-05-23T18:29:33.000,2016-05-23T18:16:50.000
Validar solicitud,120303,6400,Validar solicitud,6400,Fluxicon Disco,Variant 7,7,2016-05-23T18:29:33.000,2016-05-23T18:16:50.000
Notificacion estudiante cancelacion soli,120303,11314,Notificacion estudiante cancelacion soli,11314,Fluxicon Disco,Variant 7,7,2016-05-25T14:53:58.000,2016-05-25T14:53:58.000
End,120303,End,End,End,Fluxicon Disco,Variant 7,7,2016-05-25T14:53:58.000,2016-05-25T14:53:58.000
Start,120351,Start,Start,Start,Fluxicon Disco,Variant 15,15,2016-05-20T16:21:26.000,2016-05-20T16:21:26.000
Homologacion por grupo de cursos,120351,957,Homologacion por grupo de cursos,957,Fluxicon Disco,Variant 15,15,2016-05-20T17:30:06.000,2016-05-20T16:21:26.000
Traer informacion estudiante - banner,120351,2391,Traer informacion estudiante - banner,2391,Fluxicon Disco,Variant 15,15,2016-05-20T18:16:14.000,2016-05-20T18:16:14.000
Radicar Solicitud Homologacion,120351,2391,Radicar Solicitud Homologacion,2391,Fluxicon Disco,Variant 15,15,2016-05-20T18:16:23.000,2016-05-20T18:16:20.000
Validar solicitud,120351,18929,Validar solicitud,18929,Fluxicon Disco,Variant 15,15,2016-05-20T18:19:43.000,2016-05-20T18:19:43.000
End,120351,End,End,End,Fluxicon Disco,Variant 15,15,2016-05-20T18:19:43.000,2016-05-20T18:19:43.000
Start,120353,Start,Start,Start,Fluxicon Disco,Variant 1,1,2016-05-20T18:43:50.000,2016-05-20T18:43:50.000
Traer informacion estudiante - banner,120353,7599,Traer informacion estudiante - banner,7599,Fluxicon Disco,Variant 1,1,2016-05-20T18:43:50.000,2016-05-20T18:43:50.000
Radicar Solicitud Homologacion,120353,7599,Radicar Solicitud Homologacion,7599,Fluxicon Disco,Variant 1,1,2016-05-20T18:43:58.000,2016-05-20T18:43:51.000
Cancelar Solicitud,120353,22475,Cancelar Solicitud,22475,Fluxicon Disco,Variant 1,1,2016-05-20T18:51:18.000,2016-05-20T18:51:15.000
Notificacion estudiante cancelacion soli,120353,22475,Notificacion estudiante cancelacion soli,22475,Fluxicon Disco,Variant 1,1,2016-05-20T18:54:59.000,2016-05-20T18:54:59.000
End,120353,End,End,End,Fluxicon Disco,Variant 1,1,2016-05-20T18:54:59.000,2016-05-20T18:54:59.000
Start,120355,Start,Start,Start,Fluxicon Disco,Variant 22,22,2016-05-20T18:54:27.000,2016-05-20T18:54:27.000
Traer informacion estudiante - banner,120355,7599,Traer informacion estudiante - banner,7599,Fluxicon Disco,Variant 22,22,2016-05-20T18:54:27.000,2016-05-20T18:54:27.000
Radicar Solicitud Homologacion,120355,7599,Radicar Solicitud Homologacion,7599,Fluxicon Disco,Variant 22,22,2016-05-20T18:54:33.000,2016-05-20T18:54:28.000
Notificacion estudiante cancelacion soli,120355,22475,Notificacion estudiante cancelacion soli,22475,Fluxicon Disco,Variant 22,22,2016-05-20T18:55:18.000,2016-05-20T18:55:18.000
Cancelar Solicitud,120355,22475,Cancelar Solicitud,22475,Fluxicon Disco,Variant 22,22,2016-05-20T19:00:25.000,2016-05-20T19:00:25.000
End,120355,End,End,End,Fluxicon Disco,Variant 22,22,2016-05-20T19:00:25.000,2016-05-20T19:00:25.000
Start,120356,Start,Start,Start,Fluxicon Disco,Variant 10,10,2016-05-20T18:55:33.000,2016-05-20T18:55:33.000
Notificacion estudiante cancelacion soli,120356,22475,Notificacion estudiante cancelacion soli,22475,Fluxicon Disco,Variant 10,10,2016-05-20T18:55:33.000,2016-05-20T18:55:33.000
Traer informacion estudiante - banner,120356,7599,Traer informacion estudiante - banner,7599,Fluxicon Disco,Variant 10,10,2016-05-20T19:10:08.000,2016-05-20T19:10:08.000
Radicar Solicitud Homologacion,120356,7599,Radicar Solicitud Homologacion,7599,Fluxicon Disco,Variant 10,10,2016-05-20T19:10:09.000,2016-05-20T19:10:09.000
Cancelar Solicitud,120356,22475,Cancelar Solicitud,22475,Fluxicon Disco,Variant 10,10,2016-05-20T19:24:19.000,2016-05-20T19:24:19.000
End,120356,End,End,End,Fluxicon Disco,Variant 10,10,2016-05-20T19:24:19.000,2016-05-20T19:24:19.000
Start,120357,Start,Start,Start,Fluxicon Disco,Variant 10,10,2016-05-20T18:55:56.000,2016-05-20T18:55:56.000
Notificacion estudiante cancelacion soli,120357,22475,Notificacion estudiante cancelacion soli,22475,Fluxicon Disco,Variant 10,10,2016-05-20T18:55:56.000,2016-05-20T18:55:56.000
Traer informacion estudiante - banner,120357,7599,Traer informacion estudiante - banner,7599,Fluxicon Disco,Variant 10,10,2016-05-20T19:25:22.000,2016-05-20T19:25:22.000
Radicar Solicitud Homologacion,120357,7599,Radicar Solicitud Homologacion,7599,Fluxicon Disco,Variant 10,10,2016-05-20T19:25:23.000,2016-05-20T19:25:23.000
Cancelar Solicitud,120357,22475,Cancelar Solicitud,22475,Fluxicon Disco,Variant 10,10,2016-05-20T19:38:20.000,2016-05-20T19:38:20.000
End,120357,End,End,End,Fluxicon Disco,Variant 10,10,2016-05-20T19:38:20.000,2016-05-20T19:38:20.000
Start,120359,Start,Start,Start,Fluxicon Disco,Variant 33,33,2016-05-20T18:12:53.000,2016-05-20T18:12:53.000
Cancelar Solicitud,120359,22475,Cancelar Solicitud,22475,Fluxicon Disco,Variant 33,33,2016-05-20T18:13:36.000,2016-05-20T18:12:53.000
Notificacion estudiante cancelacion soli,120359,22475,Notificacion estudiante cancelacion soli,22475,Fluxicon Disco,Variant 33,33,2016-05-20T18:56:08.000,2016-05-20T18:56:08.000
Traer informacion estudiante - banner,120359,7599,Traer informacion estudiante - banner,7599,Fluxicon Disco,Variant 33,33,2016-05-20T19:44:11.000,2016-05-20T19:44:11.000
Radicar Solicitud Homologacion,120359,7599,Radicar Solicitud Homologacion,7599,Fluxicon Disco,Variant 33,33,2016-05-20T19:44:12.000,2016-05-20T19:44:12.000
End,120359,End,End,End,Fluxicon Disco,Variant 33,33,2016-05-20T19:44:12.000,2016-05-20T19:44:12.000
Start,120362,Start,Start,Start,Fluxicon Disco,Variant 7,7,2016-05-20T21:19:54.000,2016-05-20T21:19:54.000
Traer informacion estudiante - banner,120362,6572,Traer informacion estudiante - banner,6572,Fluxicon Disco,Variant 7,7,2016-05-20T21:19:54.000,2016-05-20T21:19:54.000
Radicar Solicitud Homologacion,120362,6572,Radicar Solicitud Homologacion,6572,Fluxicon Disco,Variant 7,7,2016-05-20T21:20:00.000,2016-05-20T21:19:55.000
Cancelar Solicitud,120362,6572,Cancelar Solicitud,6572,Fluxicon Disco,Variant 7,7,2016-05-20T22:40:58.000,2016-05-20T21:25:24.000
Validar solicitud,120362,677,Validar solicitud,677,Fluxicon Disco,Variant 7,7,2016-05-20T21:40:58.000,2016-05-20T21:25:24.000
Notificacion estudiante cancelacion soli,120362,6572,Notificacion estudiante cancelacion soli,6572,Fluxicon Disco,Variant 7,7,2016-06-06T21:04:41.000,2016-06-06T21:04:41.000
End,120362,End,End,End,Fluxicon Disco,Variant 7,7,2016-06-06T21:04:41.000,2016-06-06T21:04:41.000
Start,120364,Start,Start,Start,Fluxicon Disco,Variant 1,1,2016-05-20T22:47:49.000,2016-05-20T22:47:49.000
Traer informacion estudiante - banner,120364,11571,Traer informacion estudiante - banner,11571,Fluxicon Disco,Variant 1,1,2016-05-20T22:47:49.000,2016-05-20T22:47:49.000
Radicar Solicitud Homologacion,120364,11571,Radicar Solicitud Homologacion,11571,Fluxicon Disco,Variant 1,1,2016-05-20T22:47:54.000,2016-05-20T22:47:51.000
Cancelar Solicitud,120364,22404,Cancelar Solicitud,22404,Fluxicon Disco,Variant 1,1,2016-05-20T22:54:24.000,2016-05-20T22:51:05.000
Notificacion estudiante cancelacion soli,120364,22404,Notificacion estudiante cancelacion soli,22404,Fluxicon Disco,Variant 1,1,2016-05-23T16:11:04.000,2016-05-23T16:11:04.000
End,120364,End,End,End,Fluxicon Disco,Variant 1,1,2016-05-23T16:11:04.000,2016-05-23T16:11:04.000
Start,120751,Start,Start,Start,Fluxicon Disco,Variant 5,5,2016-05-21T23:49:29.000,2016-05-21T23:49:29.000
Traer informacion estudiante - banner,120751,15547,Traer informacion estudiante - banner,15547,Fluxicon Disco,Variant 5,5,2016-05-21T23:49:29.000,2016-05-21T23:49:29.000
Radicar Solicitud Homologacion,120751,15547,Radicar Solicitud Homologacion,15547,Fluxicon Disco,Variant 5,5,2016-05-21T23:49:33.000,2016-05-21T23:49:33.000
Notificacion estudiante cancelacion soli,120751,1,Notificacion estudiante cancelacion soli,1,Fluxicon Disco,Variant 5,5,2016-06-01T23:24:22.000,2016-06-01T23:24:22.000
End,120751,End,End,End,Fluxicon Disco,Variant 5,5,2016-06-01T23:24:22.000,2016-06-01T23:24:22.000
Start,120801,Start,Start,Start,Fluxicon Disco,Variant 1,1,2016-05-21T21:53:51.000,2016-05-21T21:53:51.000
Traer informacion estudiante - banner,120801,17872,Traer informacion estudiante - banner,17872,Fluxicon Disco,Variant 1,1,2016-05-21T21:53:51.000,2016-05-21T21:53:51.000
Radicar Solicitud Homologacion,120801,17872,Radicar Solicitud Homologacion,17872,Fluxicon Disco,Variant 1,1,2016-05-21T21:53:55.000,2016-05-21T21:53:55.000
Cancelar Solicitud,120801,22404,Cancelar Solicitud,22404,Fluxicon Disco,Variant 1,1,2016-05-21T22:41:21.000,2016-05-21T22:26:45.000
Notificacion estudiante cancelacion soli,120801,22404,Notificacion estudiante cancelacion soli,22404,Fluxicon Disco,Variant 1,1,2016-05-24T23:36:33.000,2016-05-24T23:36:33.000
End,120801,End,End,End,Fluxicon Disco,Variant 1,1,2016-05-24T23:36:33.000,2016-05-24T23:36:33.000
Start,120851,Start,Start,Start,Fluxicon Disco,Variant 5,5,2016-05-22T01:35:55.000,2016-05-22T01:35:55.000
Traer informacion estudiante - banner,120851,8203,Traer informacion estudiante - banner,8203,Fluxicon Disco,Variant 5,5,2016-05-22T01:35:55.000,2016-05-22T01:35:55.000
Radicar Solicitud Homologacion,120851,8203,Radicar Solicitud Homologacion,8203,Fluxicon Disco,Variant 5,5,2016-05-22T01:36:01.000,2016-05-22T01:36:01.000
Notificacion estudiante cancelacion soli,120851,1,Notificacion estudiante cancelacion soli,1,Fluxicon Disco,Variant 5,5,2016-06-01T23:24:23.000,2016-06-01T23:24:23.000
End,120851,End,End,End,Fluxicon Disco,Variant 5,5,2016-06-01T23:24:23.000,2016-06-01T23:24:23.000
Start,120901,Start,Start,Start,Fluxicon Disco,Variant 2,2,2016-05-22T17:02:15.000,2016-05-22T17:02:15.000
Traer informacion estudiante - banner,120901,7628,Traer informacion estudiante - banner,7628,Fluxicon Disco,Variant 2,2,2016-05-22T17:02:15.000,2016-05-22T17:02:15.000
Radicar Solicitud Homologacion,120901,7628,Radicar Solicitud Homologacion,7628,Fluxicon Disco,Variant 2,2,2016-05-22T17:02:21.000,2016-05-22T17:02:21.000
Validar solicitud,120901,677,Validar solicitud,677,Fluxicon Disco,Variant 2,2,2016-05-22T19:48:50.000,2016-05-22T19:43:11.000
Homologacion por grupo de cursos,120901,677,Homologacion por grupo de cursos,677,Fluxicon Disco,Variant 2,2,2016-05-23T22:39:13.000,2016-05-23T22:39:10.000
End,120901,End,End,End,Fluxicon Disco,Variant 2,2,2016-05-23T22:39:13.000,2016-05-23T22:39:13.000
Start,120951,Start,Start,Start,Fluxicon Disco,Variant 2,2,2016-05-22T19:18:44.000,2016-05-22T19:18:44.000
Traer informacion estudiante - banner,120951,9483,Traer informacion estudiante - banner,9483,Fluxicon Disco,Variant 2,2,2016-05-22T19:18:44.000,2016-05-22T19:18:44.000
Radicar Solicitud Homologacion,120951,9483,Radicar Solicitud Homologacion,9483,Fluxicon Disco,Variant 2,2,2016-05-22T19:18:49.000,2016-05-22T19:18:49.000
Validar solicitud,120951,677,Validar solicitud,677,Fluxicon Disco,Variant 2,2,2016-05-22T19:39:39.000,2016-05-22T19:27:39.000
Homologacion por grupo de cursos,120951,677,Homologacion por grupo de cursos,677,Fluxicon Disco,Variant 2,2,2016-05-24T20:08:13.000,2016-05-24T20:08:13.000
End,120951,End,End,End,Fluxicon Disco,Variant 2,2,2016-05-24T20:08:13.000,2016-05-24T20:08:13.000
Start,120952,Start,Start,Start,Fluxicon Disco,Variant 2,2,2016-05-22T19:34:36.000,2016-05-22T19:34:36.000
Traer informacion estudiante - banner,120952,4441,Traer informacion estudiante - banner,4441,Fluxicon Disco,Variant 2,2,2016-05-22T19:34:36.000,2016-05-22T19:34:36.000
Radicar Solicitud Homologacion,120952,4441,Radicar Solicitud Homologacion,4441,Fluxicon Disco,Variant 2,2,2016-05-22T19:34:37.000,2016-05-22T19:34:37.000
Validar solicitud,120952,677,Validar solicitud,677,Fluxicon Disco,Variant 2,2,2016-05-22T20:02:02.000,2016-05-22T19:50:02.000
Homologacion por grupo de cursos,120952,3445,Homologacion por grupo de cursos,3445,Fluxicon Disco,Variant 2,2,2016-05-24T20:33:32.000,2016-05-24T20:10:26.000
End,120952,End,End,End,Fluxicon Disco,Variant 2,2,2016-05-24T20:33:32.000,2016-05-24T20:33:32.000
Start,121101,Start,Start,Start,Fluxicon Disco,Variant 1,1,2016-05-23T01:03:42.000,2016-05-23T01:03:42.000
Traer informacion estudiante - banner,121101,8661,Traer informacion estudiante - banner,8661,Fluxicon Disco,Variant 1,1,2016-05-23T01:03:42.000,2016-05-23T01:03:42.000
Radicar Solicitud Homologacion,121101,8661,Radicar Solicitud Homologacion,8661,Fluxicon Disco,Variant 1,1,2016-05-23T01:03:47.000,2016-05-23T01:03:47.000
Cancelar Solicitud,121101,294,Cancelar Solicitud,294,Fluxicon Disco,Variant 1,1,2016-05-23T04:11:25.000,2016-05-23T01:08:30.000
Notificacion estudiante cancelacion soli,121101,294,Notificacion estudiante cancelacion soli,294,Fluxicon Disco,Variant 1,1,2016-06-24T23:55:01.000,2016-06-24T23:55:01.000
End,121101,End,End,End,Fluxicon Disco,Variant 1,1,2016-06-24T23:55:01.000,2016-06-24T23:55:01.000
Start,121102,Start,Start,Start,Fluxicon Disco,Variant 1,1,2016-05-23T01:09:17.000,2016-05-23T01:09:17.000
Traer informacion estudiante - banner,121102,8661,Traer informacion estudiante - banner,8661,Fluxicon Disco,Variant 1,1,2016-05-23T01:09:17.000,2016-05-23T01:09:17.000
Radicar Solicitud Homologacion,121102,8661,Radicar Solicitud Homologacion,8661,Fluxicon Disco,Variant 1,1,2016-05-23T01:09:18.000,2016-05-23T01:09:18.000
Cancelar Solicitud,121102,294,Cancelar Solicitud,294,Fluxicon Disco,Variant 1,1,2016-05-23T04:14:03.000,2016-05-23T01:11:06.000
Notificacion estudiante cancelacion soli,121102,294,Notificacion estudiante cancelacion soli,294,Fluxicon Disco,Variant 1,1,2016-06-24T23:57:09.000,2016-06-24T23:57:09.000
End,121102,End,End,End,Fluxicon Disco,Variant 1,1,2016-06-24T23:57:09.000,2016-06-24T23:57:09.000
Start,121151,Start,Start,Start,Fluxicon Disco,Variant 1,1,2016-05-23T12:55:41.000,2016-05-23T12:55:41.000
Traer informacion estudiante - banner,121151,7039,Traer informacion estudiante - banner,7039,Fluxicon Disco,Variant 1,1,2016-05-23T12:55:41.000,2016-05-23T12:55:41.000
Radicar Solicitud Homologacion,121151,7039,Radicar Solicitud Homologacion,7039,Fluxicon Disco,Variant 1,1,2016-05-23T13:07:44.000,2016-05-23T12:55:47.000
Cancelar Solicitud,121151,241,Cancelar Solicitud,241,Fluxicon Disco,Variant 1,1,2016-05-24T20:25:35.000,2016-05-24T18:57:33.000
Notificacion estudiante cancelacion soli,121151,241,Notificacion estudiante cancelacion soli,241,Fluxicon Disco,Variant 1,1,2016-06-10T20:51:30.000,2016-06-10T20:51:30.000
End,121151,End,End,End,Fluxicon Disco,Variant 1,1,2016-06-10T20:51:30.000,2016-06-10T20:51:30.000
Start,121202,Start,Start,Start,Fluxicon Disco,Variant 2,2,2016-05-23T14:40:33.000,2016-05-23T14:40:33.000
Traer informacion estudiante - banner,121202,22785,Traer informacion estudiante - banner,22785,Fluxicon Disco,Variant 2,2,2016-05-23T14:40:33.000,2016-05-23T14:40:33.000
Radicar Solicitud Homologacion,121202,22785,Radicar Solicitud Homologacion,22785,Fluxicon Disco,Variant 2,2,2016-05-23T14:40:40.000,2016-05-23T14:40:37.000
Validar solicitud,121202,22475,Validar solicitud,22475,Fluxicon Disco,Variant 2,2,2016-05-23T15:06:18.000,2016-05-23T15:03:57.000
Homologacion por grupo de cursos,121202,22785,Homologacion por grupo de cursos,22785,Fluxicon Disco,Variant 2,2,2016-05-23T17:26:59.000,2016-05-23T17:25:25.000
End,121202,End,End,End,Fluxicon Disco,Variant 2,2,2016-05-23T17:26:59.000,2016-05-23T17:26:59.000
Start,121206,Start,Start,Start,Fluxicon Disco,Variant 22,22,2016-05-23T16:54:17.000,2016-05-23T16:54:17.000
Traer informacion estudiante - banner,121206,1860,Traer informacion estudiante - banner,1860,Fluxicon Disco,Variant 22,22,2016-05-23T16:54:17.000,2016-05-23T16:54:17.000
Radicar Solicitud Homologacion,121206,1860,Radicar Solicitud Homologacion,1860,Fluxicon Disco,Variant 22,22,2016-05-23T16:56:48.000,2016-05-23T16:54:17.000
Notificacion estudiante cancelacion soli,121206,22475,Notificacion estudiante cancelacion soli,22475,Fluxicon Disco,Variant 22,22,2016-05-23T20:31:46.000,2016-05-23T20:31:46.000
Cancelar Solicitud,121206,22475,Cancelar Solicitud,22475,Fluxicon Disco,Variant 22,22,2016-05-23T21:25:24.000,2016-05-23T21:25:24.000
End,121206,End,End,End,Fluxicon Disco,Variant 22,22,2016-05-23T21:25:24.000,2016-05-23T21:25:24.000
Start,121251,Start,Start,Start,Fluxicon Disco,Variant 1,1,2016-05-23T17:29:01.000,2016-05-23T17:29:01.000
Traer informacion estudiante - banner,121251,2408,Traer informacion estudiante - banner,2408,Fluxicon Disco,Variant 1,1,2016-05-23T17:29:01.000,2016-05-23T17:29:01.000
Radicar Solicitud Homologacion,121251,2408,Radicar Solicitud Homologacion,2408,Fluxicon Disco,Variant 1,1,2016-05-23T17:34:36.000,2016-05-23T17:29:06.000
Cancelar Solicitud,121251,22404,Cancelar Solicitud,22404,Fluxicon Disco,Variant 1,1,2016-05-24T03:34:36.000,2016-05-24T03:34:36.000
Notificacion estudiante cancelacion soli,121251,22404,Notificacion estudiante cancelacion soli,22404,Fluxicon Disco,Variant 1,1,2016-05-24T11:59:59.000,2016-05-24T11:59:59.000
End,121251,End,End,End,Fluxicon Disco,Variant 1,1,2016-05-24T11:59:59.000,2016-05-24T11:59:59.000
Start,121258,Start,Start,Start,Fluxicon Disco,Variant 2,2,2016-05-23T23:03:08.000,2016-05-23T23:03:08.000
Traer informacion estudiante - banner,121258,22437,Traer informacion estudiante - banner,22437,Fluxicon Disco,Variant 2,2,2016-05-23T23:03:08.000,2016-05-23T23:03:08.000
Radicar Solicitud Homologacion,121258,22437,Radicar Solicitud Homologacion,22437,Fluxicon Disco,Variant 2,2,2016-05-23T23:03:35.000,2016-05-23T23:03:09.000
Validar solicitud,121258,677,Validar solicitud,677,Fluxicon Disco,Variant 2,2,2016-05-23T23:34:55.000,2016-05-23T23:29:25.000
Homologacion por grupo de cursos,121258,3445,Homologacion por grupo de cursos,3445,Fluxicon Disco,Variant 2,2,2016-05-24T21:42:21.000,2016-05-24T20:12:55.000
End,121258,End,End,End,Fluxicon Disco,Variant 2,2,2016-05-24T21:42:21.000,2016-05-24T21:42:21.000
Start,121259,Start,Start,Start,Fluxicon Disco,Variant 2,2,2016-05-23T23:27:08.000,2016-05-23T23:27:08.000
Traer informacion estudiante - banner,121259,11799,Traer informacion estudiante - banner,11799,Fluxicon Disco,Variant 2,2,2016-05-23T23:27:08.000,2016-05-23T23:27:08.000
Radicar Solicitud Homologacion,121259,11799,Radicar Solicitud Homologacion,11799,Fluxicon Disco,Variant 2,2,2016-05-23T23:27:36.000,2016-05-23T23:27:11.000
Validar solicitud,121259,19019,Validar solicitud,19019,Fluxicon Disco,Variant 2,2,2016-05-23T23:54:29.000,2016-05-23T23:52:16.000
Homologacion por grupo de cursos,121259,1007,Homologacion por grupo de cursos,1007,Fluxicon Disco,Variant 2,2,2016-05-24T17:22:06.000,2016-05-24T16:05:52.000
End,121259,End,End,End,Fluxicon Disco,Variant 2,2,2016-05-24T17:22:06.000,2016-05-24T17:22:06.000
Start,121260,Start,Start,Start,Fluxicon Disco,Variant 16,16,2016-05-23T22:45:13.000,2016-05-23T22:45:13.000
Validar solicitud,121260,659,Validar solicitud,659,Fluxicon Disco,Variant 16,16,2016-05-23T22:55:27.000,2016-05-23T22:45:13.000
Traer informacion estudiante - banner,121260,22962,Traer informacion estudiante - banner,22962,Fluxicon Disco,Variant 16,16,2016-05-24T00:01:51.000,2016-05-24T00:01:51.000
Radicar Solicitud Homologacion,121260,22962,Radicar Solicitud Homologacion,22962,Fluxicon Disco,Variant 16,16,2016-05-24T00:01:52.000,2016-05-24T00:01:52.000
Homologacion por grupo de cursos,121260,659,Homologacion por grupo de cursos,659,Fluxicon Disco,Variant 16,16,2016-05-25T15:26:28.000,2016-05-25T12:42:28.000
End,121260,End,End,End,Fluxicon Disco,Variant 16,16,2016-05-25T15:26:28.000,2016-05-25T15:26:28.000
Start,121401,Start,Start,Start,Fluxicon Disco,Variant 2,2,2016-05-24T01:13:29.000,2016-05-24T01:13:29.000
Traer informacion estudiante - banner,121401,8973,Traer informacion estudiante - banner,8973,Fluxicon Disco,Variant 2,2,2016-05-24T01:13:29.000,2016-05-24T01:13:29.000
Radicar Solicitud Homologacion,121401,8973,Radicar Solicitud Homologacion,8973,Fluxicon Disco,Variant 2,2,2016-05-24T01:13:33.000,2016-05-24T01:13:33.000
Validar solicitud,121401,920,Validar solicitud,920,Fluxicon Disco,Variant 2,2,2016-05-24T01:33:45.000,2016-05-24T01:21:45.000
Homologacion por grupo de cursos,121401,8973,Homologacion por grupo de cursos,8973,Fluxicon Disco,Variant 2,2,2016-05-25T19:41:02.000,2016-05-25T19:33:02.000
End,121401,End,End,End,Fluxicon Disco,Variant 2,2,2016-05-25T19:41:02.000,2016-05-25T19:41:02.000
Start,121406,Start,Start,Start,Fluxicon Disco,Variant 2,2,2016-05-24T01:58:21.000,2016-05-24T01:58:21.000
Traer informacion estudiante - banner,121406,10176,Traer informacion estudiante - banner,10176,Fluxicon Disco,Variant 2,2,2016-05-24T01:58:21.000,2016-05-24T01:58:21.000
Radicar Solicitud Homologacion,121406,10176,Radicar Solicitud Homologacion,10176,Fluxicon Disco,Variant 2,2,2016-05-24T01:58:22.000,2016-05-24T01:58:22.000
Validar solicitud,121406,22475,Validar solicitud,22475,Fluxicon Disco,Variant 2,2,2016-05-24T02:09:50.000,2016-05-24T02:01:50.000
Homologacion por grupo de cursos,121406,22475,Homologacion por grupo de cursos,22475,Fluxicon Disco,Variant 2,2,2016-05-25T13:05:26.000,2016-05-25T13:01:26.000
End,121406,End,End,End,Fluxicon Disco,Variant 2,2,2016-05-25T13:05:26.000,2016-05-25T13:05:26.000
Start,121451,Start,Start,Start,Fluxicon Disco,Variant 2,2,2016-05-24T03:35:58.000,2016-05-24T03:35:58.000
Traer informacion estudiante - banner,121451,2408,Traer informacion estudiante - banner,2408,Fluxicon Disco,Variant 2,2,2016-05-24T03:35:58.000,2016-05-24T03:35:58.000
Radicar Solicitud Homologacion,121451,2408,Radicar Solicitud Homologacion,2408,Fluxicon Disco,Variant 2,2,2016-05-24T03:41:42.000,2016-05-24T03:36:01.000
Validar solicitud,121451,22404,Validar solicitud,22404,Fluxicon Disco,Variant 2,2,2016-05-24T22:44:15.000,2016-05-24T22:41:57.000
Homologacion por grupo de cursos,121451,22404,Homologacion por grupo de cursos,22404,Fluxicon Disco,Variant 2,2,2016-05-25T02:13:17.000,2016-05-25T01:59:19.000
End,121451,End,End,End,Fluxicon Disco,Variant 2,2,2016-05-25T02:13:17.000,2016-05-25T02:13:17.000
Start,121551,Start,Start,Start,Fluxicon Disco,Variant 1,1,2016-05-24T12:14:45.000,2016-05-24T12:14:45.000
Traer informacion estudiante - banner,121551,6231,Traer informacion estudiante - banner,6231,Fluxicon Disco,Variant 1,1,2016-05-24T12:14:45.000,2016-05-24T12:14:45.000
Radicar Solicitud Homologacion,121551,6231,Radicar Solicitud Homologacion,6231,Fluxicon Disco,Variant 1,1,2016-05-24T12:14:49.000,2016-05-24T12:14:49.000
Cancelar Solicitud,121551,6231,Cancelar Solicitud,6231,Fluxicon Disco,Variant 1,1,2016-05-24T13:59:45.000,2016-05-24T13:59:45.000
Notificacion estudiante cancelacion soli,121551,6231,Notificacion estudiante cancelacion soli,6231,Fluxicon Disco,Variant 1,1,2016-05-24T14:04:25.000,2016-05-24T14:04:25.000
End,121551,End,End,End,Fluxicon Disco,Variant 1,1,2016-05-24T14:04:25.000,2016-05-24T14:04:25.000
Start,121601,Start,Start,Start,Fluxicon Disco,Variant 5,5,2016-05-24T11:22:19.000,2016-05-24T11:22:19.000
Traer informacion estudiante - banner,121601,11159,Traer informacion estudiante - banner,11159,Fluxicon Disco,Variant 5,5,2016-05-24T11:22:19.000,2016-05-24T11:22:19.000
Radicar Solicitud Homologacion,121601,11159,Radicar Solicitud Homologacion,11159,Fluxicon Disco,Variant 5,5,2016-05-24T11:22:23.000,2016-05-24T11:22:23.000
Notificacion estudiante cancelacion soli,121601,1,Notificacion estudiante cancelacion soli,1,Fluxicon Disco,Variant 5,5,2016-06-02T23:24:04.000,2016-06-02T23:24:04.000
End,121601,End,End,End,Fluxicon Disco,Variant 5,5,2016-06-02T23:24:04.000,2016-06-02T23:24:04.000
Start,121752,Start,Start,Start,Fluxicon Disco,Variant 1,1,2016-05-24T17:57:21.000,2016-05-24T17:57:21.000
Traer informacion estudiante - banner,121752,8263,Traer informacion estudiante - banner,8263,Fluxicon Disco,Variant 1,1,2016-05-24T17:57:21.000,2016-05-24T17:57:21.000
Radicar Solicitud Homologacion,121752,8263,Radicar Solicitud Homologacion,8263,Fluxicon Disco,Variant 1,1,2016-05-24T17:57:48.000,2016-05-24T17:57:22.000
Cancelar Solicitud,121752,19019,Cancelar Solicitud,19019,Fluxicon Disco,Variant 1,1,2016-05-24T18:24:30.000,2016-05-24T18:23:54.000
Notificacion estudiante cancelacion soli,121752,19019,Notificacion estudiante cancelacion soli,19019,Fluxicon Disco,Variant 1,1,2016-05-24T19:37:41.000,2016-05-24T19:37:41.000
End,121752,End,End,End,Fluxicon Disco,Variant 1,1,2016-05-24T19:37:41.000,2016-05-24T19:37:41.000
Start,121755,Start,Start,Start,Fluxicon Disco,Variant 1,1,2016-05-24T18:58:11.000,2016-05-24T18:58:11.000
Traer informacion estudiante - banner,121755,7039,Traer informacion estudiante - banner,7039,Fluxicon Disco,Variant 1,1,2016-05-24T18:58:11.000,2016-05-24T18:58:11.000
Radicar Solicitud Homologacion,121755,7039,Radicar Solicitud Homologacion,7039,Fluxicon Disco,Variant 1,1,2016-05-24T18:58:13.000,2016-05-24T18:58:12.000
Cancelar Solicitud,121755,241,Cancelar Solicitud,241,Fluxicon Disco,Variant 1,1,2016-05-24T20:39:20.000,2016-05-24T19:11:20.000
Notificacion estudiante cancelacion soli,121755,241,Notificacion estudiante cancelacion soli,241,Fluxicon Disco,Variant 1,1,2016-06-10T20:51:58.000,2016-06-10T20:51:58.000
End,121755,End,End,End,Fluxicon Disco,Variant 1,1,2016-06-10T20:51:58.000,2016-06-10T20:51:58.000
Start,121852,Start,Start,Start,Fluxicon Disco,Variant 2,2,2016-05-24T21:34:32.000,2016-05-24T21:34:32.000
Traer informacion estudiante - banner,121852,26359,Traer informacion estudiante - banner,26359,Fluxicon Disco,Variant 2,2,2016-05-24T21:34:32.000,2016-05-24T21:34:32.000
Radicar Solicitud Homologacion,121852,26359,Radicar Solicitud Homologacion,26359,Fluxicon Disco,Variant 2,2,2016-05-24T22:03:21.000,2016-05-24T21:34:35.000
Validar solicitud,121852,2292,Validar solicitud,2292,Fluxicon Disco,Variant 2,2,2016-05-31T16:25:49.000,2016-05-31T16:20:40.000
Homologacion por grupo de cursos,121852,7387,Homologacion por grupo de cursos,7387,Fluxicon Disco,Variant 2,2,2016-05-31T23:41:24.000,2016-05-31T23:30:19.000
End,121852,End,End,End,Fluxicon Disco,Variant 2,2,2016-05-31T23:41:24.000,2016-05-31T23:41:24.000
Start,122001,Start,Start,Start,Fluxicon Disco,Variant 7,7,2016-05-25T13:45:17.000,2016-05-25T13:45:17.000
Traer informacion estudiante - banner,122001,11314,Traer informacion estudiante - banner,11314,Fluxicon Disco,Variant 7,7,2016-05-25T13:45:17.000,2016-05-25T13:45:17.000
Radicar Solicitud Homologacion,122001,11314,Radicar Solicitud Homologacion,11314,Fluxicon Disco,Variant 7,7,2016-05-25T13:45:20.000,2016-05-25T13:45:20.000
Cancelar Solicitud,122001,11314,Cancelar Solicitud,11314,Fluxicon Disco,Variant 7,7,2016-05-25T13:56:39.000,2016-05-25T13:50:46.000
Validar solicitud,122001,6400,Validar solicitud,6400,Fluxicon Disco,Variant 7,7,2016-05-25T13:50:46.000,2016-05-25T13:50:46.000
Notificacion estudiante cancelacion soli,122001,11314,Notificacion estudiante cancelacion soli,11314,Fluxicon Disco,Variant 7,7,2016-05-25T22:53:24.000,2016-05-25T22:53:24.000
End,122001,End,End,End,Fluxicon Disco,Variant 7,7,2016-05-25T22:53:24.000,2016-05-25T22:53:24.000
Start,122052,Start,Start,Start,Fluxicon Disco,Variant 1,1,2016-05-25T16:54:07.000,2016-05-25T16:54:07.000
Traer informacion estudiante - banner,122052,7039,Traer informacion estudiante - banner,7039,Fluxicon Disco,Variant 1,1,2016-05-25T16:54:07.000,2016-05-25T16:54:07.000
Radicar Solicitud Homologacion,122052,7039,Radicar Solicitud Homologacion,7039,Fluxicon Disco,Variant 1,1,2016-05-25T16:54:19.000,2016-05-25T16:54:08.000
Cancelar Solicitud,122052,241,Cancelar Solicitud,241,Fluxicon Disco,Variant 1,1,2016-05-25T18:27:15.000,2016-05-25T17:05:21.000
Notificacion estudiante cancelacion soli,122052,241,Notificacion estudiante cancelacion soli,241,Fluxicon Disco,Variant 1,1,2016-06-10T20:52:26.000,2016-06-10T20:52:26.000
End,122052,End,End,End,Fluxicon Disco,Variant 1,1,2016-06-10T20:52:26.000,2016-06-10T20:52:26.000
Start,122054,Start,Start,Start,Fluxicon Disco,Variant 1,1,2016-05-25T19:24:54.000,2016-05-25T19:24:54.000
Traer informacion estudiante - banner,122054,15612,Traer informacion estudiante - banner,15612,Fluxicon Disco,Variant 1,1,2016-05-25T19:24:54.000,2016-05-25T19:24:54.000
Radicar Solicitud Homologacion,122054,15612,Radicar Solicitud Homologacion,15612,Fluxicon Disco,Variant 1,1,2016-05-25T19:27:19.000,2016-05-25T19:24:55.000
Cancelar Solicitud,122054,22475,Cancelar Solicitud,22475,Fluxicon Disco,Variant 1,1,2016-05-25T23:24:53.000,2016-05-25T23:24:49.000
Notificacion estudiante cancelacion soli,122054,22475,Notificacion estudiante cancelacion soli,22475,Fluxicon Disco,Variant 1,1,2016-05-25T23:29:20.000,2016-05-25T23:29:20.000
End,122054,End,End,End,Fluxicon Disco,Variant 1,1,2016-05-25T23:29:20.000,2016-05-25T23:29:20.000
Start,122055,Start,Start,Start,Fluxicon Disco,Variant 2,2,2016-05-25T20:00:03.000,2016-05-25T20:00:03.000
Traer informacion estudiante - banner,122055,11393,Traer informacion estudiante - banner,11393,Fluxicon Disco,Variant 2,2,2016-05-25T20:00:03.000,2016-05-25T20:00:03.000
Radicar Solicitud Homologacion,122055,11393,Radicar Solicitud Homologacion,11393,Fluxicon Disco,Variant 2,2,2016-05-25T20:08:33.000,2016-05-25T20:00:04.000
Validar solicitud,122055,677,Validar solicitud,677,Fluxicon Disco,Variant 2,2,2016-05-26T22:26:14.000,2016-05-26T21:29:45.000
Homologacion por grupo de cursos,122055,677,Homologacion por grupo de cursos,677,Fluxicon Disco,Variant 2,2,2016-06-09T00:02:42.000,2016-06-08T21:59:39.000
End,122055,End,End,End,Fluxicon Disco,Variant 2,2,2016-06-09T00:02:42.000,2016-06-09T00:02:42.000
Start,122102,Start,Start,Start,Fluxicon Disco,Variant 2,2,2016-05-25T18:43:07.000,2016-05-25T18:43:07.000
Traer informacion estudiante - banner,122102,8475,Traer informacion estudiante - banner,8475,Fluxicon Disco,Variant 2,2,2016-05-25T18:43:07.000,2016-05-25T18:43:07.000
Radicar Solicitud Homologacion,122102,8475,Radicar Solicitud Homologacion,8475,Fluxicon Disco,Variant 2,2,2016-05-25T18:43:12.000,2016-05-25T18:43:09.000
Validar solicitud,122102,1646,Validar solicitud,1646,Fluxicon Disco,Variant 2,2,2016-05-25T19:19:05.000,2016-05-25T18:46:37.000
Homologacion por grupo de cursos,122102,12535,Homologacion por grupo de cursos,12535,Fluxicon Disco,Variant 2,2,2016-06-01T23:57:50.000,2016-06-01T21:14:50.000
End,122102,End,End,End,Fluxicon Disco,Variant 2,2,2016-06-01T23:57:50.000,2016-06-01T23:57:50.000
Start,122154,Start,Start,Start,Fluxicon Disco,Variant 1,1,2016-05-25T23:31:11.000,2016-05-25T23:31:11.000
Traer informacion estudiante - banner,122154,15612,Traer informacion estudiante - banner,15612,Fluxicon Disco,Variant 1,1,2016-05-25T23:31:11.000,2016-05-25T23:31:11.000
Radicar Solicitud Homologacion,122154,15612,Radicar Solicitud Homologacion,15612,Fluxicon Disco,Variant 1,1,2016-05-25T23:31:17.000,2016-05-25T23:31:13.000
Cancelar Solicitud,122154,22475,Cancelar Solicitud,22475,Fluxicon Disco,Variant 1,1,2016-05-25T23:35:52.000,2016-05-25T23:35:51.000
Notificacion estudiante cancelacion soli,122154,22475,Notificacion estudiante cancelacion soli,22475,Fluxicon Disco,Variant 1,1,2016-05-25T23:37:14.000,2016-05-25T23:37:14.000
End,122154,End,End,End,Fluxicon Disco,Variant 1,1,2016-05-25T23:37:14.000,2016-05-25T23:37:14.000
Start,122155,Start,Start,Start,Fluxicon Disco,Variant 2,2,2016-05-26T00:10:13.000,2016-05-26T00:10:13.000
Traer informacion estudiante - banner,122155,15612,Traer informacion estudiante - banner,15612,Fluxicon Disco,Variant 2,2,2016-05-26T00:10:13.000,2016-05-26T00:10:13.000
Radicar Solicitud Homologacion,122155,15612,Radicar Solicitud Homologacion,15612,Fluxicon Disco,Variant 2,2,2016-05-26T00:43:03.000,2016-05-26T00:10:14.000
Validar solicitud,122155,22475,Validar solicitud,22475,Fluxicon Disco,Variant 2,2,2016-06-02T14:08:23.000,2016-06-02T14:06:33.000
Homologacion por grupo de cursos,122155,22475,Homologacion por grupo de cursos,22475,Fluxicon Disco,Variant 2,2,2016-06-02T17:48:19.000,2016-06-02T16:50:10.000
End,122155,End,End,End,Fluxicon Disco,Variant 2,2,2016-06-02T17:48:19.000,2016-06-02T17:48:19.000
Start,122252,Start,Start,Start,Fluxicon Disco,Variant 1,1,2016-05-26T15:41:54.000,2016-05-26T15:41:54.000
Traer informacion estudiante - banner,122252,4913,Traer informacion estudiante - banner,4913,Fluxicon Disco,Variant 1,1,2016-05-26T15:41:54.000,2016-05-26T15:41:54.000
Radicar Solicitud Homologacion,122252,4913,Radicar Solicitud Homologacion,4913,Fluxicon Disco,Variant 1,1,2016-05-26T15:42:28.000,2016-05-26T15:41:57.000
Cancelar Solicitud,122252,19019,Cancelar Solicitud,19019,Fluxicon Disco,Variant 1,1,2016-05-26T16:17:40.000,2016-05-26T16:13:37.000
Notificacion estudiante cancelacion soli,122252,19019,Notificacion estudiante cancelacion soli,19019,Fluxicon Disco,Variant 1,1,2016-05-26T22:16:58.000,2016-05-26T22:16:58.000
End,122252,End,End,End,Fluxicon Disco,Variant 1,1,2016-05-26T22:16:58.000,2016-05-26T22:16:58.000
Start,122304,Start,Start,Start,Fluxicon Disco,Variant 1,1,2016-05-26T15:40:02.000,2016-05-26T15:40:02.000
Traer informacion estudiante - banner,122304,6625,Traer informacion estudiante - banner,6625,Fluxicon Disco,Variant 1,1,2016-05-26T15:40:02.000,2016-05-26T15:40:02.000
Radicar Solicitud Homologacion,122304,6625,Radicar Solicitud Homologacion,6625,Fluxicon Disco,Variant 1,1,2016-05-26T15:40:32.000,2016-05-26T15:40:03.000
Cancelar Solicitud,122304,1707,Cancelar Solicitud,1707,Fluxicon Disco,Variant 1,1,2016-05-26T18:08:27.000,2016-05-26T16:09:37.000
Notificacion estudiante cancelacion soli,122304,1707,Notificacion estudiante cancelacion soli,1707,Fluxicon Disco,Variant 1,1,2016-06-20T14:44:17.000,2016-06-20T14:44:17.000
End,122304,End,End,End,Fluxicon Disco,Variant 1,1,2016-06-20T14:44:17.000,2016-06-20T14:44:17.000
Start,122308,Start,Start,Start,Fluxicon Disco,Variant 1,1,2016-05-26T17:45:56.000,2016-05-26T17:45:56.000
Traer informacion estudiante - banner,122308,6598,Traer informacion estudiante - banner,6598,Fluxicon Disco,Variant 1,1,2016-05-26T17:45:56.000,2016-05-26T17:45:56.000
Radicar Solicitud Homologacion,122308,6598,Radicar Solicitud Homologacion,6598,Fluxicon Disco,Variant 1,1,2016-05-26T17:46:12.000,2016-05-26T17:45:57.000
Cancelar Solicitud,122308,6598,Cancelar Solicitud,6598,Fluxicon Disco,Variant 1,1,2016-05-26T18:02:52.000,2016-05-26T18:01:54.000
Notificacion estudiante cancelacion soli,122308,6598,Notificacion estudiante cancelacion soli,6598,Fluxicon Disco,Variant 1,1,2016-05-26T20:26:33.000,2016-05-26T20:26:33.000
End,122308,End,End,End,Fluxicon Disco,Variant 1,1,2016-05-26T20:26:33.000,2016-05-26T20:26:33.000
Start,122652,Start,Start,Start,Fluxicon Disco,Variant 1,1,2016-05-27T19:38:24.000,2016-05-27T19:38:24.000
Traer informacion estudiante - banner,122652,19591,Traer informacion estudiante - banner,19591,Fluxicon Disco,Variant 1,1,2016-05-27T19:38:24.000,2016-05-27T19:38:24.000
Radicar Solicitud Homologacion,122652,19591,Radicar Solicitud Homologacion,19591,Fluxicon Disco,Variant 1,1,2016-05-27T19:55:39.000,2016-05-27T19:38:25.000
Cancelar Solicitud,122652,186,Cancelar Solicitud,186,Fluxicon Disco,Variant 1,1,2016-06-01T23:49:23.000,2016-06-01T22:14:38.000
Notificacion estudiante cancelacion soli,122652,186,Notificacion estudiante cancelacion soli,186,Fluxicon Disco,Variant 1,1,2016-06-20T19:16:14.000,2016-06-20T19:16:14.000
End,122652,End,End,End,Fluxicon Disco,Variant 1,1,2016-06-20T19:16:14.000,2016-06-20T19:16:14.000
Start,122653,Start,Start,Start,Fluxicon Disco,Variant 1,1,2016-05-27T19:39:11.000,2016-05-27T19:39:11.000
Traer informacion estudiante - banner,122653,19591,Traer informacion estudiante - banner,19591,Fluxicon Disco,Variant 1,1,2016-05-27T19:39:11.000,2016-05-27T19:39:11.000
Radicar Solicitud Homologacion,122653,19591,Radicar Solicitud Homologacion,19591,Fluxicon Disco,Variant 1,1,2016-05-27T19:56:59.000,2016-05-27T19:39:12.000
Cancelar Solicitud,122653,186,Cancelar Solicitud,186,Fluxicon Disco,Variant 1,1,2016-06-02T00:21:15.000,2016-06-01T22:47:03.000
Notificacion estudiante cancelacion soli,122653,186,Notificacion estudiante cancelacion soli,186,Fluxicon Disco,Variant 1,1,2016-06-20T19:48:49.000,2016-06-20T19:48:49.000
End,122653,End,End,End,Fluxicon Disco,Variant 1,1,2016-06-20T19:48:49.000,2016-06-20T19:48:49.000
Start,122702,Start,Start,Start,Fluxicon Disco,Variant 10,10,2016-05-27T22:17:29.000,2016-05-27T22:17:29.000
Notificacion estudiante cancelacion soli,122702,19019,Notificacion estudiante cancelacion soli,19019,Fluxicon Disco,Variant 10,10,2016-05-27T22:17:29.000,2016-05-27T22:17:29.000
Traer informacion estudiante - banner,122702,6551,Traer informacion estudiante - banner,6551,Fluxicon Disco,Variant 10,10,2016-05-27T22:22:34.000,2016-05-27T22:22:34.000
Radicar Solicitud Homologacion,122702,6551,Radicar Solicitud Homologacion,6551,Fluxicon Disco,Variant 10,10,2016-05-27T22:23:02.000,2016-05-27T22:22:35.000
Cancelar Solicitud,122702,19019,Cancelar Solicitud,19019,Fluxicon Disco,Variant 10,10,2016-05-27T22:50:28.000,2016-05-27T22:50:28.000
End,122702,End,End,End,Fluxicon Disco,Variant 10,10,2016-05-27T22:50:28.000,2016-05-27T22:50:28.000
Start,122757,Start,Start,Start,Fluxicon Disco,Variant 2,2,2016-05-28T00:31:10.000,2016-05-28T00:31:10.000
Traer informacion estudiante - banner,122757,6551,Traer informacion estudiante - banner,6551,Fluxicon Disco,Variant 2,2,2016-05-28T00:31:10.000,2016-05-28T00:31:10.000
Radicar Solicitud Homologacion,122757,6551,Radicar Solicitud Homologacion,6551,Fluxicon Disco,Variant 2,2,2016-05-28T00:31:30.000,2016-05-28T00:31:11.000
Validar solicitud,122757,19019,Validar solicitud,19019,Fluxicon Disco,Variant 2,2,2016-05-28T00:50:32.000,2016-05-28T00:50:23.000
Homologacion por grupo de cursos,122757,1007,Homologacion por grupo de cursos,1007,Fluxicon Disco,Variant 2,2,2016-05-31T14:34:21.000,2016-05-31T14:31:18.000
End,122757,End,End,End,Fluxicon Disco,Variant 2,2,2016-05-31T14:34:21.000,2016-05-31T14:34:21.000
Start,122951,Start,Start,Start,Fluxicon Disco,Variant 9,9,2016-05-28T19:55:55.000,2016-05-28T19:55:55.000
Traer informacion estudiante - banner,122951,15315,Traer informacion estudiante - banner,15315,Fluxicon Disco,Variant 9,9,2016-05-28T19:55:55.000,2016-05-28T19:55:55.000
Radicar Solicitud Homologacion,122951,15315,Radicar Solicitud Homologacion,15315,Fluxicon Disco,Variant 9,9,2016-05-28T19:55:58.000,2016-05-28T19:55:58.000
Validar solicitud,122951,6694,Validar solicitud,6694,Fluxicon Disco,Variant 9,9,2016-05-28T20:10:01.000,2016-05-28T20:06:16.000
Cancelar Solicitud,122951,22490,Cancelar Solicitud,22490,Fluxicon Disco,Variant 9,9,2016-05-28T20:18:39.000,2016-05-28T20:06:17.000
Notificacion estudiante cancelacion soli,122951,22490,Notificacion estudiante cancelacion soli,22490,Fluxicon Disco,Variant 9,9,2016-06-01T21:22:40.000,2016-06-01T21:22:40.000
End,122951,End,End,End,Fluxicon Disco,Variant 9,9,2016-06-01T21:22:40.000,2016-06-01T21:22:40.000
Start,123051,Start,Start,Start,Fluxicon Disco,Variant 2,2,2016-05-29T00:43:07.000,2016-05-29T00:43:07.000
Traer informacion estudiante - banner,123051,11775,Traer informacion estudiante - banner,11775,Fluxicon Disco,Variant 2,2,2016-05-29T00:43:07.000,2016-05-29T00:43:07.000
Radicar Solicitud Homologacion,123051,11775,Radicar Solicitud Homologacion,11775,Fluxicon Disco,Variant 2,2,2016-05-29T00:43:11.000,2016-05-29T00:43:11.000
Validar solicitud,123051,22475,Validar solicitud,22475,Fluxicon Disco,Variant 2,2,2016-05-29T00:50:11.000,2016-05-29T00:48:08.000
Homologacion por grupo de cursos,123051,22475,Homologacion por grupo de cursos,22475,Fluxicon Disco,Variant 2,2,2016-05-31T17:37:07.000,2016-05-31T17:03:49.000
End,123051,End,End,End,Fluxicon Disco,Variant 2,2,2016-05-31T17:37:07.000,2016-05-31T17:37:07.000
Start,123201,Start,Start,Start,Fluxicon Disco,Variant 1,1,2016-05-30T00:38:23.000,2016-05-30T00:38:23.000
Traer informacion estudiante - banner,123201,7650,Traer informacion estudiante - banner,7650,Fluxicon Disco,Variant 1,1,2016-05-30T00:38:23.000,2016-05-30T00:38:23.000
Radicar Solicitud Homologacion,123201,7650,Radicar Solicitud Homologacion,7650,Fluxicon Disco,Variant 1,1,2016-05-30T00:38:28.000,2016-05-30T00:38:28.000
Cancelar Solicitud,123201,294,Cancelar Solicitud,294,Fluxicon Disco,Variant 1,1,2016-05-30T16:58:54.000,2016-05-30T14:43:37.000
Notificacion estudiante cancelacion soli,123201,294,Notificacion estudiante cancelacion soli,294,Fluxicon Disco,Variant 1,1,2016-06-24T00:17:58.000,2016-06-24T00:17:58.000
End,123201,End,End,End,Fluxicon Disco,Variant 1,1,2016-06-24T00:17:58.000,2016-06-24T00:17:58.000
Start,123351,Start,Start,Start,Fluxicon Disco,Variant 2,2,2016-05-30T20:17:29.000,2016-05-30T20:17:29.000
Traer informacion estudiante - banner,123351,5972,Traer informacion estudiante - banner,5972,Fluxicon Disco,Variant 2,2,2016-05-30T20:17:29.000,2016-05-30T20:17:29.000
Radicar Solicitud Homologacion,123351,5972,Radicar Solicitud Homologacion,5972,Fluxicon Disco,Variant 2,2,2016-05-30T20:17:32.000,2016-05-30T20:17:32.000
Validar solicitud,123351,22404,Validar solicitud,22404,Fluxicon Disco,Variant 2,2,2016-05-30T20:36:17.000,2016-05-30T20:32:44.000
Homologacion por grupo de cursos,123351,22404,Homologacion por grupo de cursos,22404,Fluxicon Disco,Variant 2,2,2016-05-31T18:38:15.000,2016-05-31T18:33:49.000
End,123351,End,End,End,Fluxicon Disco,Variant 2,2,2016-05-31T18:38:15.000,2016-05-31T18:38:15.000
Start,123401,Start,Start,Start,Fluxicon Disco,Variant 1,1,2016-05-30T23:13:39.000,2016-05-30T23:13:39.000
Traer informacion estudiante - banner,123401,9445,Traer informacion estudiante - banner,9445,Fluxicon Disco,Variant 1,1,2016-05-30T23:13:39.000,2016-05-30T23:13:39.000
Radicar Solicitud Homologacion,123401,9445,Radicar Solicitud Homologacion,9445,Fluxicon Disco,Variant 1,1,2016-05-30T23:18:14.000,2016-05-30T23:13:42.000
Cancelar Solicitud,123401,9445,Cancelar Solicitud,9445,Fluxicon Disco,Variant 1,1,2016-05-31T21:32:48.000,2016-05-31T21:32:20.000
Notificacion estudiante cancelacion soli,123401,9445,Notificacion estudiante cancelacion soli,9445,Fluxicon Disco,Variant 1,1,2016-05-31T22:01:16.000,2016-05-31T22:01:16.000
End,123401,End,End,End,Fluxicon Disco,Variant 1,1,2016-05-31T22:01:16.000,2016-05-31T22:01:16.000
Start,123612,Start,Start,Start,Fluxicon Disco,Variant 1,1,2016-06-01T01:10:46.000,2016-06-01T01:10:46.000
Traer informacion estudiante - banner,123612,23530,Traer informacion estudiante - banner,23530,Fluxicon Disco,Variant 1,1,2016-06-01T01:10:46.000,2016-06-01T01:10:46.000
Radicar Solicitud Homologacion,123612,23530,Radicar Solicitud Homologacion,23530,Fluxicon Disco,Variant 1,1,2016-06-01T01:30:40.000,2016-06-01T01:10:52.000
Cancelar Solicitud,123612,22404,Cancelar Solicitud,22404,Fluxicon Disco,Variant 1,1,2016-06-03T18:50:05.000,2016-06-03T18:48:03.000
Notificacion estudiante cancelacion soli,123612,22404,Notificacion estudiante cancelacion soli,22404,Fluxicon Disco,Variant 1,1,2016-06-03T22:50:05.000,2016-06-03T22:50:05.000
End,123612,End,End,End,Fluxicon Disco,Variant 1,1,2016-06-03T22:50:05.000,2016-06-03T22:50:05.000
Start,123613,Start,Start,Start,Fluxicon Disco,Variant 2,2,2016-06-01T03:17:04.000,2016-06-01T03:17:04.000
Traer informacion estudiante - banner,123613,15612,Traer informacion estudiante - banner,15612,Fluxicon Disco,Variant 2,2,2016-06-01T03:17:04.000,2016-06-01T03:17:04.000
Radicar Solicitud Homologacion,123613,15612,Radicar Solicitud Homologacion,15612,Fluxicon Disco,Variant 2,2,2016-06-01T03:18:38.000,2016-06-01T03:17:05.000
Validar solicitud,123613,22475,Validar solicitud,22475,Fluxicon Disco,Variant 2,2,2016-06-01T16:36:22.000,2016-06-01T16:33:33.000
Homologacion por grupo de cursos,123613,22475,Homologacion por grupo de cursos,22475,Fluxicon Disco,Variant 2,2,2016-06-01T21:24:48.000,2016-06-01T21:23:39.000
End,123613,End,End,End,Fluxicon Disco,Variant 2,2,2016-06-01T21:24:48.000,2016-06-01T21:24:48.000
Start,123614,Start,Start,Start,Fluxicon Disco,Variant 1,1,2016-06-01T03:20:00.000,2016-06-01T03:20:00.000
Traer informacion estudiante - banner,123614,15612,Traer informacion estudiante - banner,15612,Fluxicon Disco,Variant 1,1,2016-06-01T03:20:00.000,2016-06-01T03:20:00.000
Radicar Solicitud Homologacion,123614,15612,Radicar Solicitud Homologacion,15612,Fluxicon Disco,Variant 1,1,2016-06-01T03:28:01.000,2016-06-01T03:20:01.000
Cancelar Solicitud,123614,22475,Cancelar Solicitud,22475,Fluxicon Disco,Variant 1,1,2016-06-02T14:04:49.000,2016-06-02T14:03:01.000
Notificacion estudiante cancelacion soli,123614,22475,Notificacion estudiante cancelacion soli,22475,Fluxicon Disco,Variant 1,1,2016-06-02T16:48:41.000,2016-06-02T16:48:41.000
End,123614,End,End,End,Fluxicon Disco,Variant 1,1,2016-06-02T16:48:41.000,2016-06-02T16:48:41.000
Start,123615,Start,Start,Start,Fluxicon Disco,Variant 2,2,2016-06-01T03:26:32.000,2016-06-01T03:26:32.000
Traer informacion estudiante - banner,123615,15612,Traer informacion estudiante - banner,15612,Fluxicon Disco,Variant 2,2,2016-06-01T03:26:32.000,2016-06-01T03:26:32.000
Radicar Solicitud Homologacion,123615,15612,Radicar Solicitud Homologacion,15612,Fluxicon Disco,Variant 2,2,2016-06-01T03:34:33.000,2016-06-01T03:26:33.000
Validar solicitud,123615,22475,Validar solicitud,22475,Fluxicon Disco,Variant 2,2,2016-06-02T14:06:47.000,2016-06-02T14:05:11.000
Homologacion por grupo de cursos,123615,22475,Homologacion por grupo de cursos,22475,Fluxicon Disco,Variant 2,2,2016-06-02T17:10:47.000,2016-06-02T16:36:24.000
End,123615,End,End,End,Fluxicon Disco,Variant 2,2,2016-06-02T17:10:47.000,2016-06-02T17:10:47.000
Start,123706,Start,Start,Start,Fluxicon Disco,Variant 1,1,2016-05-31T20:26:34.000,2016-05-31T20:26:34.000
Traer informacion estudiante - banner,123706,2465,Traer informacion estudiante - banner,2465,Fluxicon Disco,Variant 1,1,2016-05-31T20:26:34.000,2016-05-31T20:26:34.000
Radicar Solicitud Homologacion,123706,2465,Radicar Solicitud Homologacion,2465,Fluxicon Disco,Variant 1,1,2016-05-31T20:26:35.000,2016-05-31T20:26:35.000
Cancelar Solicitud,123706,19019,Cancelar Solicitud,19019,Fluxicon Disco,Variant 1,1,2016-05-31T20:57:53.000,2016-05-31T20:41:53.000
Notificacion estudiante cancelacion soli,123706,19019,Notificacion estudiante cancelacion soli,19019,Fluxicon Disco,Variant 1,1,2016-06-02T19:30:14.000,2016-06-02T19:30:14.000
End,123706,End,End,End,Fluxicon Disco,Variant 1,1,2016-06-02T19:30:14.000,2016-06-02T19:30:14.000
Start,123707,Start,Start,Start,Fluxicon Disco,Variant 1,1,2016-05-31T21:28:10.000,2016-05-31T21:28:10.000
Traer informacion estudiante - banner,123707,955,Traer informacion estudiante - banner,955,Fluxicon Disco,Variant 1,1,2016-05-31T21:28:10.000,2016-05-31T21:28:10.000
Radicar Solicitud Homologacion,123707,955,Radicar Solicitud Homologacion,955,Fluxicon Disco,Variant 1,1,2016-05-31T21:28:15.000,2016-05-31T21:28:11.000
Cancelar Solicitud,123707,22475,Cancelar Solicitud,22475,Fluxicon Disco,Variant 1,1,2016-05-31T21:35:08.000,2016-05-31T21:33:07.000
Notificacion estudiante cancelacion soli,123707,22475,Notificacion estudiante cancelacion soli,22475,Fluxicon Disco,Variant 1,1,2016-05-31T23:34:47.000,2016-05-31T23:34:47.000
End,123707,End,End,End,Fluxicon Disco,Variant 1,1,2016-05-31T23:34:47.000,2016-05-31T23:34:47.000
Start,123709,Start,Start,Start,Fluxicon Disco,Variant 2,2,2016-05-31T21:38:59.000,2016-05-31T21:38:59.000
Traer informacion estudiante - banner,123709,9445,Traer informacion estudiante - banner,9445,Fluxicon Disco,Variant 2,2,2016-05-31T21:38:59.000,2016-05-31T21:38:59.000
Radicar Solicitud Homologacion,123709,9445,Radicar Solicitud Homologacion,9445,Fluxicon Disco,Variant 2,2,2016-05-31T21:39:07.000,2016-05-31T21:39:00.000
Validar solicitud,123709,677,Validar solicitud,677,Fluxicon Disco,Variant 2,2,2016-05-31T22:27:05.000,2016-05-31T21:46:45.000
Homologacion por grupo de cursos,123709,677,Homologacion por grupo de cursos,677,Fluxicon Disco,Variant 2,2,2016-06-09T00:10:16.000,2016-06-08T22:07:20.000
End,123709,End,End,End,Fluxicon Disco,Variant 2,2,2016-06-09T00:10:16.000,2016-06-09T00:10:16.000
Start,123751,Start,Start,Start,Fluxicon Disco,Variant 9,9,2016-06-01T14:47:58.000,2016-06-01T14:47:58.000
Traer informacion estudiante - banner,123751,1134,Traer informacion estudiante - banner,1134,Fluxicon Disco,Variant 9,9,2016-06-01T14:47:58.000,2016-06-01T14:47:58.000
Radicar Solicitud Homologacion,123751,1,Radicar Solicitud Homologacion,1,Fluxicon Disco,Variant 9,9,2016-06-01T14:48:06.000,2016-06-01T14:48:06.000
Validar solicitud,123751,677,Validar solicitud,677,Fluxicon Disco,Variant 9,9,2016-06-01T14:48:31.000,2016-06-01T14:48:31.000
Cancelar Solicitud,123751,677,Cancelar Solicitud,677,Fluxicon Disco,Variant 9,9,2016-06-01T14:48:37.000,2016-06-01T14:48:32.000
Notificacion estudiante cancelacion soli,123751,677,Notificacion estudiante cancelacion soli,677,Fluxicon Disco,Variant 9,9,2016-06-01T15:05:32.000,2016-06-01T15:05:32.000
End,123751,End,End,End,Fluxicon Disco,Variant 9,9,2016-06-01T15:05:32.000,2016-06-01T15:05:32.000
Start,123752,Start,Start,Start,Fluxicon Disco,Variant 2,2,2016-06-01T15:05:58.000,2016-06-01T15:05:58.000
Traer informacion estudiante - banner,123752,1134,Traer informacion estudiante - banner,1134,Fluxicon Disco,Variant 2,2,2016-06-01T15:05:58.000,2016-06-01T15:05:58.000
Radicar Solicitud Homologacion,123752,1,Radicar Solicitud Homologacion,1,Fluxicon Disco,Variant 2,2,2016-06-01T15:06:01.000,2016-06-01T15:06:01.000
Validar solicitud,123752,677,Validar solicitud,677,Fluxicon Disco,Variant 2,2,2016-06-01T15:06:10.000,2016-06-01T15:06:09.000
Homologacion por grupo de cursos,123752,3445,Homologacion por grupo de cursos,3445,Fluxicon Disco,Variant 2,2,2016-06-01T15:44:27.000,2016-06-01T15:07:20.000
End,123752,End,End,End,Fluxicon Disco,Variant 2,2,2016-06-01T15:44:27.000,2016-06-01T15:44:27.000
Start,123753,Start,Start,Start,Fluxicon Disco,Variant 2,2,2016-06-01T15:10:16.000,2016-06-01T15:10:16.000
Traer informacion estudiante - banner,123753,1471,Traer informacion estudiante - banner,1471,Fluxicon Disco,Variant 2,2,2016-06-01T15:10:16.000,2016-06-01T15:10:16.000
Radicar Solicitud Homologacion,123753,1,Radicar Solicitud Homologacion,1,Fluxicon Disco,Variant 2,2,2016-06-01T15:10:17.000,2016-06-01T15:10:17.000
Validar solicitud,123753,677,Validar solicitud,677,Fluxicon Disco,Variant 2,2,2016-06-01T15:10:29.000,2016-06-01T15:10:27.000
Homologacion por grupo de cursos,123753,3445,Homologacion por grupo de cursos,3445,Fluxicon Disco,Variant 2,2,2016-06-01T15:50:00.000,2016-06-01T15:12:58.000
End,123753,End,End,End,Fluxicon Disco,Variant 2,2,2016-06-01T15:50:00.000,2016-06-01T15:50:00.000
Start,123758,Start,Start,Start,Fluxicon Disco,Variant 2,2,2016-06-01T15:40:23.000,2016-06-01T15:40:23.000
Traer informacion estudiante - banner,123758,11174,Traer informacion estudiante - banner,11174,Fluxicon Disco,Variant 2,2,2016-06-01T15:40:23.000,2016-06-01T15:40:23.000
Radicar Solicitud Homologacion,123758,1,Radicar Solicitud Homologacion,1,Fluxicon Disco,Variant 2,2,2016-06-01T15:40:24.000,2016-06-01T15:40:24.000
Validar solicitud,123758,19019,Validar solicitud,19019,Fluxicon Disco,Variant 2,2,2016-06-01T15:40:38.000,2016-06-01T15:40:34.000
Homologacion por grupo de cursos,123758,19019,Homologacion por grupo de cursos,19019,Fluxicon Disco,Variant 2,2,2016-06-01T17:40:13.000,2016-06-01T15:44:53.000
End,123758,End,End,End,Fluxicon Disco,Variant 2,2,2016-06-01T17:40:13.000,2016-06-01T17:40:13.000
Start,123761,Start,Start,Start,Fluxicon Disco,Variant 2,2,2016-06-01T15:47:26.000,2016-06-01T15:47:26.000
Traer informacion estudiante - banner,123761,11342,Traer informacion estudiante - banner,11342,Fluxicon Disco,Variant 2,2,2016-06-01T15:47:26.000,2016-06-01T15:47:26.000
Radicar Solicitud Homologacion,123761,1,Radicar Solicitud Homologacion,1,Fluxicon Disco,Variant 2,2,2016-06-01T15:47:27.000,2016-06-01T15:47:27.000
Validar solicitud,123761,18929,Validar solicitud,18929,Fluxicon Disco,Variant 2,2,2016-06-01T15:47:56.000,2016-06-01T15:47:37.000
Homologacion por grupo de cursos,123761,957,Homologacion por grupo de cursos,957,Fluxicon Disco,Variant 2,2,2016-06-01T16:22:16.000,2016-06-01T16:06:42.000
End,123761,End,End,End,Fluxicon Disco,Variant 2,2,2016-06-01T16:22:16.000,2016-06-01T16:22:16.000
Start,123766,Start,Start,Start,Fluxicon Disco,Variant 2,2,2016-06-01T15:50:51.000,2016-06-01T15:50:51.000
Traer informacion estudiante - banner,123766,12532,Traer informacion estudiante - banner,12532,Fluxicon Disco,Variant 2,2,2016-06-01T15:50:51.000,2016-06-01T15:50:51.000
Radicar Solicitud Homologacion,123766,1,Radicar Solicitud Homologacion,1,Fluxicon Disco,Variant 2,2,2016-06-01T15:50:52.000,2016-06-01T15:50:52.000
Validar solicitud,123766,19019,Validar solicitud,19019,Fluxicon Disco,Variant 2,2,2016-06-01T15:51:20.000,2016-06-01T15:51:02.000
Homologacion por grupo de cursos,123766,19019,Homologacion por grupo de cursos,19019,Fluxicon Disco,Variant 2,2,2016-06-01T18:04:29.000,2016-06-01T16:09:34.000
End,123766,End,End,End,Fluxicon Disco,Variant 2,2,2016-06-01T18:04:29.000,2016-06-01T18:04:29.000
Start,123767,Start,Start,Start,Fluxicon Disco,Variant 7,7,2016-06-01T15:54:05.000,2016-06-01T15:54:05.000
Traer informacion estudiante - banner,123767,20194,Traer informacion estudiante - banner,20194,Fluxicon Disco,Variant 7,7,2016-06-01T15:54:05.000,2016-06-01T15:54:05.000
Radicar Solicitud Homologacion,123767,1,Radicar Solicitud Homologacion,1,Fluxicon Disco,Variant 7,7,2016-06-01T15:54:06.000,2016-06-01T15:54:06.000
Cancelar Solicitud,123767,2292,Cancelar Solicitud,2292,Fluxicon Disco,Variant 7,7,2016-06-01T15:54:45.000,2016-06-01T15:54:16.000
Validar solicitud,123767,2292,Validar solicitud,2292,Fluxicon Disco,Variant 7,7,2016-06-01T15:54:44.000,2016-06-01T15:54:16.000
Notificacion estudiante cancelacion soli,123767,2292,Notificacion estudiante cancelacion soli,2292,Fluxicon Disco,Variant 7,7,2016-06-01T16:24:06.000,2016-06-01T16:24:06.000
End,123767,End,End,End,Fluxicon Disco,Variant 7,7,2016-06-01T16:24:06.000,2016-06-01T16:24:06.000
Start,123768,Start,Start,Start,Fluxicon Disco,Variant 7,7,2016-06-01T15:54:19.000,2016-06-01T15:54:19.000
Traer informacion estudiante - banner,123768,21562,Traer informacion estudiante - banner,21562,Fluxicon Disco,Variant 7,7,2016-06-01T15:54:19.000,2016-06-01T15:54:19.000
Radicar Solicitud Homologacion,123768,1,Radicar Solicitud Homologacion,1,Fluxicon Disco,Variant 7,7,2016-06-01T15:54:20.000,2016-06-01T15:54:20.000
Cancelar Solicitud,123768,22475,Cancelar Solicitud,22475,Fluxicon Disco,Variant 7,7,2016-06-01T15:55:59.000,2016-06-01T15:54:30.000
Validar solicitud,123768,22475,Validar solicitud,22475,Fluxicon Disco,Variant 7,7,2016-06-01T15:55:26.000,2016-06-01T15:54:30.000
Notificacion estudiante cancelacion soli,123768,22475,Notificacion estudiante cancelacion soli,22475,Fluxicon Disco,Variant 7,7,2016-06-01T17:24:12.000,2016-06-01T17:24:12.000
End,123768,End,End,End,Fluxicon Disco,Variant 7,7,2016-06-01T17:24:12.000,2016-06-01T17:24:12.000
Start,123769,Start,Start,Start,Fluxicon Disco,Variant 9,9,2016-06-01T16:25:07.000,2016-06-01T16:25:07.000
Traer informacion estudiante - banner,123769,20194,Traer informacion estudiante - banner,20194,Fluxicon Disco,Variant 9,9,2016-06-01T16:25:07.000,2016-06-01T16:25:07.000
Radicar Solicitud Homologacion,123769,1,Radicar Solicitud Homologacion,1,Fluxicon Disco,Variant 9,9,2016-06-01T16:25:08.000,2016-06-01T16:25:08.000
Validar solicitud,123769,2292,Validar solicitud,2292,Fluxicon Disco,Variant 9,9,2016-06-01T16:25:18.000,2016-06-01T16:25:17.000
Cancelar Solicitud,123769,2292,Cancelar Solicitud,2292,Fluxicon Disco,Variant 9,9,2016-06-01T16:26:12.000,2016-06-01T16:25:18.000
Notificacion estudiante cancelacion soli,123769,2292,Notificacion estudiante cancelacion soli,2292,Fluxicon Disco,Variant 9,9,2016-06-01T17:19:34.000,2016-06-01T17:19:34.000
End,123769,End,End,End,Fluxicon Disco,Variant 9,9,2016-06-01T17:19:34.000,2016-06-01T17:19:34.000
Start,123771,Start,Start,Start,Fluxicon Disco,Variant 7,7,2016-06-01T17:22:45.000,2016-06-01T17:22:45.000
Traer informacion estudiante - banner,123771,21562,Traer informacion estudiante - banner,21562,Fluxicon Disco,Variant 7,7,2016-06-01T17:22:45.000,2016-06-01T17:22:45.000
Radicar Solicitud Homologacion,123771,1,Radicar Solicitud Homologacion,1,Fluxicon Disco,Variant 7,7,2016-06-01T17:22:46.000,2016-06-01T17:22:46.000
Cancelar Solicitud,123771,22475,Cancelar Solicitud,22475,Fluxicon Disco,Variant 7,7,2016-06-01T17:23:01.000,2016-06-01T17:22:56.000
Validar solicitud,123771,22475,Validar solicitud,22475,Fluxicon Disco,Variant 7,7,2016-06-01T17:22:57.000,2016-06-01T17:22:56.000
Notificacion estudiante cancelacion soli,123771,22475,Notificacion estudiante cancelacion soli,22475,Fluxicon Disco,Variant 7,7,2016-06-01T17:28:18.000,2016-06-01T17:28:18.000
End,123771,End,End,End,Fluxicon Disco,Variant 7,7,2016-06-01T17:28:18.000,2016-06-01T17:28:18.000
Start,123902,Start,Start,Start,Fluxicon Disco,Variant 1,1,2016-06-02T16:31:06.000,2016-06-02T16:31:06.000
Traer informacion estudiante - banner,123902,4834,Traer informacion estudiante - banner,4834,Fluxicon Disco,Variant 1,1,2016-06-02T16:31:06.000,2016-06-02T16:31:06.000
Radicar Solicitud Homologacion,123902,4834,Radicar Solicitud Homologacion,4834,Fluxicon Disco,Variant 1,1,2016-06-02T16:31:23.000,2016-06-02T16:31:07.000
Cancelar Solicitud,123902,4834,Cancelar Solicitud,4834,Fluxicon Disco,Variant 1,1,2016-06-02T16:50:05.000,2016-06-02T16:47:53.000
Notificacion estudiante cancelacion soli,123902,4834,Notificacion estudiante cancelacion soli,4834,Fluxicon Disco,Variant 1,1,2016-06-02T20:24:14.000,2016-06-02T20:24:14.000
End,123902,End,End,End,Fluxicon Disco,Variant 1,1,2016-06-02T20:24:14.000,2016-06-02T20:24:14.000
Start,123903,Start,Start,Start,Fluxicon Disco,Variant 1,1,2016-06-02T18:27:01.000,2016-06-02T18:27:01.000
Traer informacion estudiante - banner,123903,4834,Traer informacion estudiante - banner,4834,Fluxicon Disco,Variant 1,1,2016-06-02T18:27:01.000,2016-06-02T18:27:01.000
Radicar Solicitud Homologacion,123903,4834,Radicar Solicitud Homologacion,4834,Fluxicon Disco,Variant 1,1,2016-06-02T18:27:05.000,2016-06-02T18:27:02.000
Cancelar Solicitud,123903,4834,Cancelar Solicitud,4834,Fluxicon Disco,Variant 1,1,2016-06-02T18:30:48.000,2016-06-02T18:30:42.000
Notificacion estudiante cancelacion soli,123903,4834,Notificacion estudiante cancelacion soli,4834,Fluxicon Disco,Variant 1,1,2016-06-02T18:37:36.000,2016-06-02T18:37:36.000
End,123903,End,End,End,Fluxicon Disco,Variant 1,1,2016-06-02T18:37:36.000,2016-06-02T18:37:36.000
Start,123904,Start,Start,Start,Fluxicon Disco,Variant 1,1,2016-06-02T18:39:46.000,2016-06-02T18:39:46.000
Traer informacion estudiante - banner,123904,4834,Traer informacion estudiante - banner,4834,Fluxicon Disco,Variant 1,1,2016-06-02T18:39:46.000,2016-06-02T18:39:46.000
Radicar Solicitud Homologacion,123904,4834,Radicar Solicitud Homologacion,4834,Fluxicon Disco,Variant 1,1,2016-06-02T18:39:49.000,2016-06-02T18:39:47.000
Cancelar Solicitud,123904,4834,Cancelar Solicitud,4834,Fluxicon Disco,Variant 1,1,2016-06-02T18:42:19.000,2016-06-02T18:42:16.000
Notificacion estudiante cancelacion soli,123904,4834,Notificacion estudiante cancelacion soli,4834,Fluxicon Disco,Variant 1,1,2016-06-02T18:46:11.000,2016-06-02T18:46:11.000
End,123904,End,End,End,Fluxicon Disco,Variant 1,1,2016-06-02T18:46:11.000,2016-06-02T18:46:11.000
Start,123905,Start,Start,Start,Fluxicon Disco,Variant 1,1,2016-06-02T18:46:19.000,2016-06-02T18:46:19.000
Traer informacion estudiante - banner,123905,4834,Traer informacion estudiante - banner,4834,Fluxicon Disco,Variant 1,1,2016-06-02T18:46:19.000,2016-06-02T18:46:19.000
Radicar Solicitud Homologacion,123905,4834,Radicar Solicitud Homologacion,4834,Fluxicon Disco,Variant 1,1,2016-06-02T18:46:24.000,2016-06-02T18:46:20.000
Cancelar Solicitud,123905,4834,Cancelar Solicitud,4834,Fluxicon Disco,Variant 1,1,2016-06-02T18:50:53.000,2016-06-02T18:50:44.000
Notificacion estudiante cancelacion soli,123905,4834,Notificacion estudiante cancelacion soli,4834,Fluxicon Disco,Variant 1,1,2016-06-02T19:13:22.000,2016-06-02T19:13:22.000
End,123905,End,End,End,Fluxicon Disco,Variant 1,1,2016-06-02T19:13:22.000,2016-06-02T19:13:22.000
Start,123906,Start,Start,Start,Fluxicon Disco,Variant 2,2,2016-06-02T19:13:33.000,2016-06-02T19:13:33.000
Traer informacion estudiante - banner,123906,4834,Traer informacion estudiante - banner,4834,Fluxicon Disco,Variant 2,2,2016-06-02T19:13:33.000,2016-06-02T19:13:33.000
Radicar Solicitud Homologacion,123906,4834,Radicar Solicitud Homologacion,4834,Fluxicon Disco,Variant 2,2,2016-06-02T19:13:33.000,2016-06-02T19:13:33.000
Validar solicitud,123906,22404,Validar solicitud,22404,Fluxicon Disco,Variant 2,2,2016-06-02T19:18:22.000,2016-06-02T19:17:59.000
Homologacion por grupo de cursos,123906,4560,Homologacion por grupo de cursos,4560,Fluxicon Disco,Variant 2,2,2016-06-02T22:55:19.000,2016-06-02T21:23:43.000
End,123906,End,End,End,Fluxicon Disco,Variant 2,2,2016-06-02T22:55:19.000,2016-06-02T22:55:19.000
Start,123956,Start,Start,Start,Fluxicon Disco,Variant 1,1,2016-06-03T03:46:39.000,2016-06-03T03:46:39.000
Traer informacion estudiante - banner,123956,9249,Traer informacion estudiante - banner,9249,Fluxicon Disco,Variant 1,1,2016-06-03T03:46:39.000,2016-06-03T03:46:39.000
Radicar Solicitud Homologacion,123956,9249,Radicar Solicitud Homologacion,9249,Fluxicon Disco,Variant 1,1,2016-06-03T03:46:51.000,2016-06-03T03:46:40.000
Cancelar Solicitud,123956,9249,Cancelar Solicitud,9249,Fluxicon Disco,Variant 1,1,2016-06-03T15:11:05.000,2016-06-03T15:11:01.000
Notificacion estudiante cancelacion soli,123956,9249,Notificacion estudiante cancelacion soli,9249,Fluxicon Disco,Variant 1,1,2016-06-03T15:15:56.000,2016-06-03T15:15:56.000
End,123956,End,End,End,Fluxicon Disco,Variant 1,1,2016-06-03T15:15:56.000,2016-06-03T15:15:56.000
Start,123961,Start,Start,Start,Fluxicon Disco,Variant 1,1,2016-06-03T16:28:21.000,2016-06-03T16:28:21.000
Traer informacion estudiante - banner,123961,12175,Traer informacion estudiante - banner,12175,Fluxicon Disco,Variant 1,1,2016-06-03T16:28:21.000,2016-06-03T16:28:21.000
Radicar Solicitud Homologacion,123961,12175,Radicar Solicitud Homologacion,12175,Fluxicon Disco,Variant 1,1,2016-06-03T16:52:20.000,2016-06-03T16:28:22.000
Cancelar Solicitud,123961,22475,Cancelar Solicitud,22475,Fluxicon Disco,Variant 1,1,2016-06-09T16:27:24.000,2016-06-09T16:27:17.000
Notificacion estudiante cancelacion soli,123961,22475,Notificacion estudiante cancelacion soli,22475,Fluxicon Disco,Variant 1,1,2016-06-09T16:35:14.000,2016-06-09T16:35:14.000
End,123961,End,End,End,Fluxicon Disco,Variant 1,1,2016-06-09T16:35:14.000,2016-06-09T16:35:14.000
Start,123962,Start,Start,Start,Fluxicon Disco,Variant 1,1,2016-06-03T16:30:51.000,2016-06-03T16:30:51.000
Traer informacion estudiante - banner,123962,12175,Traer informacion estudiante - banner,12175,Fluxicon Disco,Variant 1,1,2016-06-03T16:30:51.000,2016-06-03T16:30:51.000
Radicar Solicitud Homologacion,123962,12175,Radicar Solicitud Homologacion,12175,Fluxicon Disco,Variant 1,1,2016-06-03T16:55:05.000,2016-06-03T16:30:52.000
Cancelar Solicitud,123962,12175,Cancelar Solicitud,12175,Fluxicon Disco,Variant 1,1,2016-06-09T16:44:54.000,2016-06-09T16:44:42.000
Notificacion estudiante cancelacion soli,123962,12175,Notificacion estudiante cancelacion soli,12175,Fluxicon Disco,Variant 1,1,2016-06-09T16:56:54.000,2016-06-09T16:56:54.000
End,123962,End,End,End,Fluxicon Disco,Variant 1,1,2016-06-09T16:56:54.000,2016-06-09T16:56:54.000
Start,123963,Start,Start,Start,Fluxicon Disco,Variant 1,1,2016-06-03T16:46:19.000,2016-06-03T16:46:19.000
Traer informacion estudiante - banner,123963,12175,Traer informacion estudiante - banner,12175,Fluxicon Disco,Variant 1,1,2016-06-03T16:46:19.000,2016-06-03T16:46:19.000
Radicar Solicitud Homologacion,123963,12175,Radicar Solicitud Homologacion,12175,Fluxicon Disco,Variant 1,1,2016-06-03T17:14:24.000,2016-06-03T16:46:20.000
Cancelar Solicitud,123963,12175,Cancelar Solicitud,12175,Fluxicon Disco,Variant 1,1,2016-06-09T22:51:18.000,2016-06-09T22:51:16.000
Notificacion estudiante cancelacion soli,123963,12175,Notificacion estudiante cancelacion soli,12175,Fluxicon Disco,Variant 1,1,2016-06-09T22:53:24.000,2016-06-09T22:53:24.000
End,123963,End,End,End,Fluxicon Disco,Variant 1,1,2016-06-09T22:53:24.000,2016-06-09T22:53:24.000
Start,123964,Start,Start,Start,Fluxicon Disco,Variant 2,2,2016-06-03T18:12:55.000,2016-06-03T18:12:55.000
Traer informacion estudiante - banner,123964,11653,Traer informacion estudiante - banner,11653,Fluxicon Disco,Variant 2,2,2016-06-03T18:12:55.000,2016-06-03T18:12:55.000
Radicar Solicitud Homologacion,123964,11653,Radicar Solicitud Homologacion,11653,Fluxicon Disco,Variant 2,2,2016-06-03T18:17:44.000,2016-06-03T18:12:57.000
Validar solicitud,123964,22404,Validar solicitud,22404,Fluxicon Disco,Variant 2,2,2016-06-04T15:56:55.000,2016-06-04T15:56:55.000
Homologacion por grupo de cursos,123964,22404,Homologacion por grupo de cursos,22404,Fluxicon Disco,Variant 2,2,2016-06-07T14:19:54.000,2016-06-07T13:47:54.000
End,123964,End,End,End,Fluxicon Disco,Variant 2,2,2016-06-07T14:19:54.000,2016-06-07T14:19:54.000
Start,124101,Start,Start,Start,Fluxicon Disco,Variant 1,1,2016-06-03T13:46:57.000,2016-06-03T13:46:57.000
Traer informacion estudiante - banner,124101,11772,Traer informacion estudiante - banner,11772,Fluxicon Disco,Variant 1,1,2016-06-03T13:46:57.000,2016-06-03T13:46:57.000
Radicar Solicitud Homologacion,124101,11772,Radicar Solicitud Homologacion,11772,Fluxicon Disco,Variant 1,1,2016-06-03T13:47:04.000,2016-06-03T13:47:04.000
Cancelar Solicitud,124101,22475,Cancelar Solicitud,22475,Fluxicon Disco,Variant 1,1,2016-06-03T14:05:51.000,2016-06-03T14:03:08.000
Notificacion estudiante cancelacion soli,124101,22475,Notificacion estudiante cancelacion soli,22475,Fluxicon Disco,Variant 1,1,2016-06-03T17:43:07.000,2016-06-03T17:43:07.000
End,124101,End,End,End,Fluxicon Disco,Variant 1,1,2016-06-03T17:43:07.000,2016-06-03T17:43:07.000
Start,124152,Start,Start,Start,Fluxicon Disco,Variant 1,1,2016-06-03T18:42:49.000,2016-06-03T18:42:49.000
Traer informacion estudiante - banner,124152,12175,Traer informacion estudiante - banner,12175,Fluxicon Disco,Variant 1,1,2016-06-03T18:42:49.000,2016-06-03T18:42:49.000
Radicar Solicitud Homologacion,124152,12175,Radicar Solicitud Homologacion,12175,Fluxicon Disco,Variant 1,1,2016-06-03T19:02:46.000,2016-06-03T18:42:50.000
Cancelar Solicitud,124152,22475,Cancelar Solicitud,22475,Fluxicon Disco,Variant 1,1,2016-06-09T00:39:24.000,2016-06-09T00:39:04.000
Notificacion estudiante cancelacion soli,124152,22475,Notificacion estudiante cancelacion soli,22475,Fluxicon Disco,Variant 1,1,2016-06-09T14:55:18.000,2016-06-09T14:55:18.000
End,124152,End,End,End,Fluxicon Disco,Variant 1,1,2016-06-09T14:55:18.000,2016-06-09T14:55:18.000
Start,124156,Start,Start,Start,Fluxicon Disco,Variant 1,1,2016-06-03T20:11:19.000,2016-06-03T20:11:19.000
Traer informacion estudiante - banner,124156,8882,Traer informacion estudiante - banner,8882,Fluxicon Disco,Variant 1,1,2016-06-03T20:11:19.000,2016-06-03T20:11:19.000
Radicar Solicitud Homologacion,124156,8882,Radicar Solicitud Homologacion,8882,Fluxicon Disco,Variant 1,1,2016-06-03T20:11:20.000,2016-06-03T20:11:20.000
Cancelar Solicitud,124156,19019,Cancelar Solicitud,19019,Fluxicon Disco,Variant 1,1,2016-06-03T20:30:47.000,2016-06-03T20:22:17.000
Notificacion estudiante cancelacion soli,124156,19019,Notificacion estudiante cancelacion soli,19019,Fluxicon Disco,Variant 1,1,2016-06-07T21:30:50.000,2016-06-07T21:30:50.000
End,124156,End,End,End,Fluxicon Disco,Variant 1,1,2016-06-07T21:30:50.000,2016-06-07T21:30:50.000
Start,124158,Start,Start,Start,Fluxicon Disco,Variant 1,1,2016-06-03T20:25:01.000,2016-06-03T20:25:01.000
Traer informacion estudiante - banner,124158,8882,Traer informacion estudiante - banner,8882,Fluxicon Disco,Variant 1,1,2016-06-03T20:25:01.000,2016-06-03T20:25:01.000
Radicar Solicitud Homologacion,124158,8882,Radicar Solicitud Homologacion,8882,Fluxicon Disco,Variant 1,1,2016-06-03T20:25:02.000,2016-06-03T20:25:02.000
Cancelar Solicitud,124158,19019,Cancelar Solicitud,19019,Fluxicon Disco,Variant 1,1,2016-06-03T20:38:08.000,2016-06-03T20:29:39.000
Notificacion estudiante cancelacion soli,124158,19019,Notificacion estudiante cancelacion soli,19019,Fluxicon Disco,Variant 1,1,2016-06-07T21:29:45.000,2016-06-07T21:29:45.000
End,124158,End,End,End,Fluxicon Disco,Variant 1,1,2016-06-07T21:29:45.000,2016-06-07T21:29:45.000
Start,124301,Start,Start,Start,Fluxicon Disco,Variant 9,9,2016-06-06T01:14:34.000,2016-06-06T01:14:34.000
Traer informacion estudiante - banner,124301,9379,Traer informacion estudiante - banner,9379,Fluxicon Disco,Variant 9,9,2016-06-06T01:14:34.000,2016-06-06T01:14:34.000
Radicar Solicitud Homologacion,124301,9379,Radicar Solicitud Homologacion,9379,Fluxicon Disco,Variant 9,9,2016-06-06T01:14:40.000,2016-06-06T01:14:40.000
Validar solicitud,124301,920,Validar solicitud,920,Fluxicon Disco,Variant 9,9,2016-06-06T01:34:50.000,2016-06-06T01:34:50.000
Cancelar Solicitud,124301,9379,Cancelar Solicitud,9379,Fluxicon Disco,Variant 9,9,2016-06-06T01:36:25.000,2016-06-06T01:34:51.000
Notificacion estudiante cancelacion soli,124301,9379,Notificacion estudiante cancelacion soli,9379,Fluxicon Disco,Variant 9,9,2016-06-07T16:34:18.000,2016-06-07T16:34:18.000
End,124301,End,End,End,Fluxicon Disco,Variant 9,9,2016-06-07T16:34:18.000,2016-06-07T16:34:18.000
Start,124405,Start,Start,Start,Fluxicon Disco,Variant 1,1,2016-06-06T15:52:48.000,2016-06-06T15:52:48.000
Traer informacion estudiante - banner,124405,9146,Traer informacion estudiante - banner,9146,Fluxicon Disco,Variant 1,1,2016-06-06T15:52:48.000,2016-06-06T15:52:48.000
Radicar Solicitud Homologacion,124405,9146,Radicar Solicitud Homologacion,9146,Fluxicon Disco,Variant 1,1,2016-06-06T15:52:48.000,2016-06-06T15:52:48.000
Cancelar Solicitud,124405,19019,Cancelar Solicitud,19019,Fluxicon Disco,Variant 1,1,2016-06-06T16:00:09.000,2016-06-06T16:00:09.000
Notificacion estudiante cancelacion soli,124405,19019,Notificacion estudiante cancelacion soli,19019,Fluxicon Disco,Variant 1,1,2016-06-07T13:59:07.000,2016-06-07T13:59:07.000
End,124405,End,End,End,Fluxicon Disco,Variant 1,1,2016-06-07T13:59:07.000,2016-06-07T13:59:07.000
Start,124501,Start,Start,Start,Fluxicon Disco,Variant 1,1,2016-06-06T20:36:21.000,2016-06-06T20:36:21.000
Traer informacion estudiante - banner,124501,15315,Traer informacion estudiante - banner,15315,Fluxicon Disco,Variant 1,1,2016-06-06T20:36:21.000,2016-06-06T20:36:21.000
Radicar Solicitud Homologacion,124501,15315,Radicar Solicitud Homologacion,15315,Fluxicon Disco,Variant 1,1,2016-06-06T20:36:24.000,2016-06-06T20:36:24.000
Cancelar Solicitud,124501,6694,Cancelar Solicitud,6694,Fluxicon Disco,Variant 1,1,2016-06-06T21:13:40.000,2016-06-06T21:12:28.000
Notificacion estudiante cancelacion soli,124501,6694,Notificacion estudiante cancelacion soli,6694,Fluxicon Disco,Variant 1,1,2016-06-07T16:12:09.000,2016-06-07T16:12:09.000
End,124501,End,End,End,Fluxicon Disco,Variant 1,1,2016-06-07T16:12:09.000,2016-06-07T16:12:09.000
Start,124564,Start,Start,Start,Fluxicon Disco,Variant 1,1,2016-06-07T19:11:04.000,2016-06-07T19:11:04.000
Traer informacion estudiante - banner,124564,19746,Traer informacion estudiante - banner,19746,Fluxicon Disco,Variant 1,1,2016-06-07T19:11:04.000,2016-06-07T19:11:04.000
Radicar Solicitud Homologacion,124564,19746,Radicar Solicitud Homologacion,19746,Fluxicon Disco,Variant 1,1,2016-06-07T19:39:06.000,2016-06-07T19:11:06.000
Cancelar Solicitud,124564,241,Cancelar Solicitud,241,Fluxicon Disco,Variant 1,1,2016-06-11T16:46:52.000,2016-06-11T15:35:57.000
Notificacion estudiante cancelacion soli,124564,241,Notificacion estudiante cancelacion soli,241,Fluxicon Disco,Variant 1,1,2016-06-23T23:55:19.000,2016-06-23T23:55:19.000
End,124564,End,End,End,Fluxicon Disco,Variant 1,1,2016-06-23T23:55:19.000,2016-06-23T23:55:19.000
Start,124572,Start,Start,Start,Fluxicon Disco,Variant 1,1,2016-06-07T20:03:30.000,2016-06-07T20:03:30.000
Traer informacion estudiante - banner,124572,9379,Traer informacion estudiante - banner,9379,Fluxicon Disco,Variant 1,1,2016-06-07T20:03:30.000,2016-06-07T20:03:30.000
Radicar Solicitud Homologacion,124572,9379,Radicar Solicitud Homologacion,9379,Fluxicon Disco,Variant 1,1,2016-06-07T20:05:35.000,2016-06-07T20:03:31.000
Cancelar Solicitud,124572,9379,Cancelar Solicitud,9379,Fluxicon Disco,Variant 1,1,2016-06-07T23:04:10.000,2016-06-07T23:04:06.000
Notificacion estudiante cancelacion soli,124572,9379,Notificacion estudiante cancelacion soli,9379,Fluxicon Disco,Variant 1,1,2016-06-07T23:08:44.000,2016-06-07T23:08:44.000
End,124572,End,End,End,Fluxicon Disco,Variant 1,1,2016-06-07T23:08:44.000,2016-06-07T23:08:44.000
Start,124651,Start,Start,Start,Fluxicon Disco,Variant 1,1,2016-06-07T12:16:23.000,2016-06-07T12:16:23.000
Traer informacion estudiante - banner,124651,9146,Traer informacion estudiante - banner,9146,Fluxicon Disco,Variant 1,1,2016-06-07T12:16:23.000,2016-06-07T12:16:23.000
Radicar Solicitud Homologacion,124651,9146,Radicar Solicitud Homologacion,9146,Fluxicon Disco,Variant 1,1,2016-06-07T12:16:27.000,2016-06-07T12:16:27.000
Cancelar Solicitud,124651,294,Cancelar Solicitud,294,Fluxicon Disco,Variant 1,1,2016-06-07T14:08:20.000,2016-06-07T12:25:07.000
Notificacion estudiante cancelacion soli,124651,294,Notificacion estudiante cancelacion soli,294,Fluxicon Disco,Variant 1,1,2016-06-24T00:13:52.000,2016-06-24T00:13:52.000
End,124651,End,End,End,Fluxicon Disco,Variant 1,1,2016-06-24T00:13:52.000,2016-06-24T00:13:52.000
Start,124702,Start,Start,Start,Fluxicon Disco,Variant 1,1,2016-06-07T16:34:58.000,2016-06-07T16:34:58.000
Traer informacion estudiante - banner,124702,9379,Traer informacion estudiante - banner,9379,Fluxicon Disco,Variant 1,1,2016-06-07T16:34:58.000,2016-06-07T16:34:58.000
Radicar Solicitud Homologacion,124702,9379,Radicar Solicitud Homologacion,9379,Fluxicon Disco,Variant 1,1,2016-06-07T16:35:08.000,2016-06-07T16:34:59.000
Cancelar Solicitud,124702,9379,Cancelar Solicitud,9379,Fluxicon Disco,Variant 1,1,2016-06-07T16:48:37.000,2016-06-07T16:44:22.000
Notificacion estudiante cancelacion soli,124702,9379,Notificacion estudiante cancelacion soli,9379,Fluxicon Disco,Variant 1,1,2016-06-07T23:00:08.000,2016-06-07T23:00:08.000
End,124702,End,End,End,Fluxicon Disco,Variant 1,1,2016-06-07T23:00:08.000,2016-06-07T23:00:08.000
Start,124703,Start,Start,Start,Fluxicon Disco,Variant 1,1,2016-06-07T16:44:41.000,2016-06-07T16:44:41.000
Traer informacion estudiante - banner,124703,9379,Traer informacion estudiante - banner,9379,Fluxicon Disco,Variant 1,1,2016-06-07T16:44:41.000,2016-06-07T16:44:41.000
Radicar Solicitud Homologacion,124703,9379,Radicar Solicitud Homologacion,9379,Fluxicon Disco,Variant 1,1,2016-06-07T16:48:58.000,2016-06-07T16:44:42.000
Cancelar Solicitud,124703,9379,Cancelar Solicitud,9379,Fluxicon Disco,Variant 1,1,2016-06-07T23:01:16.000,2016-06-07T23:01:09.000
Notificacion estudiante cancelacion soli,124703,9379,Notificacion estudiante cancelacion soli,9379,Fluxicon Disco,Variant 1,1,2016-06-07T23:09:02.000,2016-06-07T23:09:02.000
End,124703,End,End,End,Fluxicon Disco,Variant 1,1,2016-06-07T23:09:02.000,2016-06-07T23:09:02.000
Start,124704,Start,Start,Start,Fluxicon Disco,Variant 1,1,2016-06-07T17:31:00.000,2016-06-07T17:31:00.000
Traer informacion estudiante - banner,124704,5028,Traer informacion estudiante - banner,5028,Fluxicon Disco,Variant 1,1,2016-06-07T17:31:00.000,2016-06-07T17:31:00.000
Radicar Solicitud Homologacion,124704,5028,Radicar Solicitud Homologacion,5028,Fluxicon Disco,Variant 1,1,2016-06-07T17:31:14.000,2016-06-07T17:31:01.000
Cancelar Solicitud,124704,19019,Cancelar Solicitud,19019,Fluxicon Disco,Variant 1,1,2016-06-07T17:45:58.000,2016-06-07T17:44:15.000
Notificacion estudiante cancelacion soli,124704,19019,Notificacion estudiante cancelacion soli,19019,Fluxicon Disco,Variant 1,1,2016-06-07T21:28:06.000,2016-06-07T21:28:06.000
End,124704,End,End,End,Fluxicon Disco,Variant 1,1,2016-06-07T21:28:06.000,2016-06-07T21:28:06.000
Start,124712,Start,Start,Start,Fluxicon Disco,Variant 2,2,2016-06-07T23:16:39.000,2016-06-07T23:16:39.000
Traer informacion estudiante - banner,124712,9379,Traer informacion estudiante - banner,9379,Fluxicon Disco,Variant 2,2,2016-06-07T23:16:39.000,2016-06-07T23:16:39.000
Radicar Solicitud Homologacion,124712,9379,Radicar Solicitud Homologacion,9379,Fluxicon Disco,Variant 2,2,2016-06-07T23:16:42.000,2016-06-07T23:16:40.000
Validar solicitud,124712,920,Validar solicitud,920,Fluxicon Disco,Variant 2,2,2016-06-07T23:36:22.000,2016-06-07T23:18:41.000
Homologacion por grupo de cursos,124712,920,Homologacion por grupo de cursos,920,Fluxicon Disco,Variant 2,2,2016-06-10T15:11:06.000,2016-06-10T14:59:06.000
End,124712,End,End,End,Fluxicon Disco,Variant 2,2,2016-06-10T15:11:06.000,2016-06-10T15:11:06.000
Start,124713,Start,Start,Start,Fluxicon Disco,Variant 2,2,2016-06-07T23:19:27.000,2016-06-07T23:19:27.000
Traer informacion estudiante - banner,124713,9379,Traer informacion estudiante - banner,9379,Fluxicon Disco,Variant 2,2,2016-06-07T23:19:27.000,2016-06-07T23:19:27.000
Radicar Solicitud Homologacion,124713,9379,Radicar Solicitud Homologacion,9379,Fluxicon Disco,Variant 2,2,2016-06-07T23:19:30.000,2016-06-07T23:19:28.000
Validar solicitud,124713,920,Validar solicitud,920,Fluxicon Disco,Variant 2,2,2016-06-07T23:39:12.000,2016-06-07T23:21:33.000
Homologacion por grupo de cursos,124713,920,Homologacion por grupo de cursos,920,Fluxicon Disco,Variant 2,2,2016-06-10T15:13:10.000,2016-06-10T15:01:12.000
End,124713,End,End,End,Fluxicon Disco,Variant 2,2,2016-06-10T15:13:10.000,2016-06-10T15:13:10.000
Start,124781,Start,Start,Start,Fluxicon Disco,Variant 2,2,2016-06-08T22:05:39.000,2016-06-08T22:05:39.000
Traer informacion estudiante - banner,124781,29274,Traer informacion estudiante - banner,29274,Fluxicon Disco,Variant 2,2,2016-06-08T22:05:39.000,2016-06-08T22:05:39.000
Radicar Solicitud Homologacion,124781,29274,Radicar Solicitud Homologacion,29274,Fluxicon Disco,Variant 2,2,2016-06-08T22:20:33.000,2016-06-08T22:05:40.000
Validar solicitud,124781,22404,Validar solicitud,22404,Fluxicon Disco,Variant 2,2,2016-06-10T19:03:19.000,2016-06-10T18:59:19.000
Homologacion por grupo de cursos,124781,4560,Homologacion por grupo de cursos,4560,Fluxicon Disco,Variant 2,2,2016-06-13T15:20:56.000,2016-06-13T13:31:23.000
End,124781,End,End,End,Fluxicon Disco,Variant 2,2,2016-06-13T15:20:56.000,2016-06-13T15:20:56.000
Start,124787,Start,Start,Start,Fluxicon Disco,Variant 2,2,2016-06-09T00:04:06.000,2016-06-09T00:04:06.000
Traer informacion estudiante - banner,124787,11805,Traer informacion estudiante - banner,11805,Fluxicon Disco,Variant 2,2,2016-06-09T00:04:06.000,2016-06-09T00:04:06.000
Radicar Solicitud Homologacion,124787,11805,Radicar Solicitud Homologacion,11805,Fluxicon Disco,Variant 2,2,2016-06-09T00:13:01.000,2016-06-09T00:04:06.000
Validar solicitud,124787,29277,Validar solicitud,29277,Fluxicon Disco,Variant 2,2,2016-06-10T02:12:06.000,2016-06-10T02:08:06.000
Homologacion por grupo de cursos,124787,1007,Homologacion por grupo de cursos,1007,Fluxicon Disco,Variant 2,2,2016-06-10T20:05:17.000,2016-06-10T19:49:17.000
End,124787,End,End,End,Fluxicon Disco,Variant 2,2,2016-06-10T20:05:17.000,2016-06-10T20:05:17.000
Start,124852,Start,Start,Start,Fluxicon Disco,Variant 2,2,2016-06-08T17:57:42.000,2016-06-08T17:57:42.000
Traer informacion estudiante - banner,124852,7660,Traer informacion estudiante - banner,7660,Fluxicon Disco,Variant 2,2,2016-06-08T17:57:42.000,2016-06-08T17:57:42.000
Radicar Solicitud Homologacion,124852,7660,Radicar Solicitud Homologacion,7660,Fluxicon Disco,Variant 2,2,2016-06-08T17:57:48.000,2016-06-08T17:57:43.000
Validar solicitud,124852,2292,Validar solicitud,2292,Fluxicon Disco,Variant 2,2,2016-06-08T18:04:45.000,2016-06-08T18:03:05.000
Homologacion por grupo de cursos,124852,2292,Homologacion por grupo de cursos,2292,Fluxicon Disco,Variant 2,2,2016-06-08T22:11:09.000,2016-06-08T21:43:53.000
End,124852,End,End,End,Fluxicon Disco,Variant 2,2,2016-06-08T22:11:09.000,2016-06-08T22:11:09.000
Start,124860,Start,Start,Start,Fluxicon Disco,Variant 1,1,2016-06-09T00:17:46.000,2016-06-09T00:17:46.000
Traer informacion estudiante - banner,124860,9146,Traer informacion estudiante - banner,9146,Fluxicon Disco,Variant 1,1,2016-06-09T00:17:46.000,2016-06-09T00:17:46.000
Radicar Solicitud Homologacion,124860,9146,Radicar Solicitud Homologacion,9146,Fluxicon Disco,Variant 1,1,2016-06-09T00:17:52.000,2016-06-09T00:17:48.000
Cancelar Solicitud,124860,29277,Cancelar Solicitud,29277,Fluxicon Disco,Variant 1,1,2016-06-09T00:26:25.000,2016-06-09T00:21:53.000
Notificacion estudiante cancelacion soli,124860,29277,Notificacion estudiante cancelacion soli,29277,Fluxicon Disco,Variant 1,1,2016-06-09T18:54:43.000,2016-06-09T18:54:43.000
End,124860,End,End,End,Fluxicon Disco,Variant 1,1,2016-06-09T18:54:43.000,2016-06-09T18:54:43.000
Start,124861,Start,Start,Start,Fluxicon Disco,Variant 1,1,2016-06-09T00:22:02.000,2016-06-09T00:22:02.000
Traer informacion estudiante - banner,124861,9146,Traer informacion estudiante - banner,9146,Fluxicon Disco,Variant 1,1,2016-06-09T00:22:02.000,2016-06-09T00:22:02.000
Radicar Solicitud Homologacion,124861,9146,Radicar Solicitud Homologacion,9146,Fluxicon Disco,Variant 1,1,2016-06-09T00:22:09.000,2016-06-09T00:22:03.000
Cancelar Solicitud,124861,29277,Cancelar Solicitud,29277,Fluxicon Disco,Variant 1,1,2016-06-09T00:33:19.000,2016-06-09T00:28:52.000
Notificacion estudiante cancelacion soli,124861,29277,Notificacion estudiante cancelacion soli,29277,Fluxicon Disco,Variant 1,1,2016-06-09T18:55:52.000,2016-06-09T18:55:52.000
End,124861,End,End,End,Fluxicon Disco,Variant 1,1,2016-06-09T18:55:52.000,2016-06-09T18:55:52.000
Start,124908,Start,Start,Start,Fluxicon Disco,Variant 2,2,2016-06-09T16:39:27.000,2016-06-09T16:39:27.000
Traer informacion estudiante - banner,124908,29280,Traer informacion estudiante - banner,29280,Fluxicon Disco,Variant 2,2,2016-06-09T16:39:27.000,2016-06-09T16:39:27.000
Radicar Solicitud Homologacion,124908,29280,Radicar Solicitud Homologacion,29280,Fluxicon Disco,Variant 2,2,2016-06-09T16:52:14.000,2016-06-09T16:39:31.000
Validar solicitud,124908,6400,Validar solicitud,6400,Fluxicon Disco,Variant 2,2,2016-06-10T23:24:50.000,2016-06-10T23:22:39.000
Homologacion por grupo de cursos,124908,6520,Homologacion por grupo de cursos,6520,Fluxicon Disco,Variant 2,2,2016-06-13T16:02:03.000,2016-06-13T15:34:38.000
End,124908,End,End,End,Fluxicon Disco,Variant 2,2,2016-06-13T16:02:03.000,2016-06-13T16:02:03.000
Start,124953,Start,Start,Start,Fluxicon Disco,Variant 2,2,2016-06-09T20:22:41.000,2016-06-09T20:22:41.000
Traer informacion estudiante - banner,124953,11775,Traer informacion estudiante - banner,11775,Fluxicon Disco,Variant 2,2,2016-06-09T20:22:41.000,2016-06-09T20:22:41.000
Radicar Solicitud Homologacion,124953,11775,Radicar Solicitud Homologacion,11775,Fluxicon Disco,Variant 2,2,2016-06-09T20:34:42.000,2016-06-09T20:22:42.000
Validar solicitud,124953,22475,Validar solicitud,22475,Fluxicon Disco,Variant 2,2,2016-06-11T20:08:59.000,2016-06-11T20:04:59.000
Homologacion por grupo de cursos,124953,22475,Homologacion por grupo de cursos,22475,Fluxicon Disco,Variant 2,2,2016-06-13T20:17:51.000,2016-06-13T19:53:51.000
End,124953,End,End,End,Fluxicon Disco,Variant 2,2,2016-06-13T20:17:51.000,2016-06-13T20:17:51.000
Start,125209,Start,Start,Start,Fluxicon Disco,Variant 2,2,2016-06-10T18:41:20.000,2016-06-10T18:41:20.000
Traer informacion estudiante - banner,125209,8824,Traer informacion estudiante - banner,8824,Fluxicon Disco,Variant 2,2,2016-06-10T18:41:20.000,2016-06-10T18:41:20.000
Radicar Solicitud Homologacion,125209,8824,Radicar Solicitud Homologacion,8824,Fluxicon Disco,Variant 2,2,2016-06-10T18:41:34.000,2016-06-10T18:41:21.000
Validar solicitud,125209,677,Validar solicitud,677,Fluxicon Disco,Variant 2,2,2016-06-10T19:11:05.000,2016-06-10T18:55:01.000
Homologacion por grupo de cursos,125209,677,Homologacion por grupo de cursos,677,Fluxicon Disco,Variant 2,2,2016-06-14T19:36:57.000,2016-06-14T19:36:57.000
End,125209,End,End,End,Fluxicon Disco,Variant 2,2,2016-06-14T19:36:57.000,2016-06-14T19:36:57.000
Start,125214,Start,Start,Start,Fluxicon Disco,Variant 5,5,2016-06-10T18:58:51.000,2016-06-10T18:58:51.000
Traer informacion estudiante - banner,125214,29281,Traer informacion estudiante - banner,29281,Fluxicon Disco,Variant 5,5,2016-06-10T18:58:51.000,2016-06-10T18:58:51.000
Radicar Solicitud Homologacion,125214,29281,Radicar Solicitud Homologacion,29281,Fluxicon Disco,Variant 5,5,2016-06-10T18:59:02.000,2016-06-10T18:58:52.000
Notificacion estudiante cancelacion soli,125214,1,Notificacion estudiante cancelacion soli,1,Fluxicon Disco,Variant 5,5,2016-06-21T17:33:05.000,2016-06-21T17:33:05.000
End,125214,End,End,End,Fluxicon Disco,Variant 5,5,2016-06-21T17:33:05.000,2016-06-21T17:33:05.000
Start,125219,Start,Start,Start,Fluxicon Disco,Variant 5,5,2016-06-10T21:10:22.000,2016-06-10T21:10:22.000
Traer informacion estudiante - banner,125219,29281,Traer informacion estudiante - banner,29281,Fluxicon Disco,Variant 5,5,2016-06-10T21:10:22.000,2016-06-10T21:10:22.000
Radicar Solicitud Homologacion,125219,29281,Radicar Solicitud Homologacion,29281,Fluxicon Disco,Variant 5,5,2016-06-10T21:10:39.000,2016-06-10T21:10:23.000
Notificacion estudiante cancelacion soli,125219,1,Notificacion estudiante cancelacion soli,1,Fluxicon Disco,Variant 5,5,2016-06-21T17:51:05.000,2016-06-21T17:51:05.000
End,125219,End,End,End,Fluxicon Disco,Variant 5,5,2016-06-21T17:51:05.000,2016-06-21T17:51:05.000
Start,125304,Start,Start,Start,Fluxicon Disco,Variant 1,1,2016-06-11T14:43:58.000,2016-06-11T14:43:58.000
Traer informacion estudiante - banner,125304,29276,Traer informacion estudiante - banner,29276,Fluxicon Disco,Variant 1,1,2016-06-11T14:43:58.000,2016-06-11T14:43:58.000
Radicar Solicitud Homologacion,125304,29276,Radicar Solicitud Homologacion,29276,Fluxicon Disco,Variant 1,1,2016-06-11T15:08:47.000,2016-06-11T14:43:59.000
Cancelar Solicitud,125304,7080,Cancelar Solicitud,7080,Fluxicon Disco,Variant 1,1,2016-06-16T15:54:06.000,2016-06-16T15:48:04.000
Notificacion estudiante cancelacion soli,125304,7080,Notificacion estudiante cancelacion soli,7080,Fluxicon Disco,Variant 1,1,2016-06-16T23:50:29.000,2016-06-16T23:50:29.000
End,125304,End,End,End,Fluxicon Disco,Variant 1,1,2016-06-16T23:50:29.000,2016-06-16T23:50:29.000
Start,125351,Start,Start,Start,Fluxicon Disco,Variant 1,1,2016-06-11T19:19:44.000,2016-06-11T19:19:44.000
Traer informacion estudiante - banner,125351,19572,Traer informacion estudiante - banner,19572,Fluxicon Disco,Variant 1,1,2016-06-11T19:19:44.000,2016-06-11T19:19:44.000
Radicar Solicitud Homologacion,125351,19572,Radicar Solicitud Homologacion,19572,Fluxicon Disco,Variant 1,1,2016-06-11T19:19:52.000,2016-06-11T19:19:52.000
Cancelar Solicitud,125351,19572,Cancelar Solicitud,19572,Fluxicon Disco,Variant 1,1,2016-06-11T19:43:01.000,2016-06-11T19:43:01.000
Notificacion estudiante cancelacion soli,125351,19572,Notificacion estudiante cancelacion soli,19572,Fluxicon Disco,Variant 1,1,2016-06-12T19:01:19.000,2016-06-12T19:01:19.000
End,125351,End,End,End,Fluxicon Disco,Variant 1,1,2016-06-12T19:01:19.000,2016-06-12T19:01:19.000
Start,125401,Start,Start,Start,Fluxicon Disco,Variant 1,1,2016-06-12T13:16:15.000,2016-06-12T13:16:15.000
Traer informacion estudiante - banner,125401,26259,Traer informacion estudiante - banner,26259,Fluxicon Disco,Variant 1,1,2016-06-12T13:16:15.000,2016-06-12T13:16:15.000
Radicar Solicitud Homologacion,125401,26259,Radicar Solicitud Homologacion,26259,Fluxicon Disco,Variant 1,1,2016-06-12T13:16:20.000,2016-06-12T13:16:20.000
Cancelar Solicitud,125401,26259,Cancelar Solicitud,26259,Fluxicon Disco,Variant 1,1,2016-06-12T13:32:52.000,2016-06-12T13:32:52.000
Notificacion estudiante cancelacion soli,125401,26259,Notificacion estudiante cancelacion soli,26259,Fluxicon Disco,Variant 1,1,2016-06-12T13:35:15.000,2016-06-12T13:35:15.000
End,125401,End,End,End,Fluxicon Disco,Variant 1,1,2016-06-12T13:35:15.000,2016-06-12T13:35:15.000
Start,125402,Start,Start,Start,Fluxicon Disco,Variant 1,1,2016-06-12T13:35:34.000,2016-06-12T13:35:34.000
Traer informacion estudiante - banner,125402,26259,Traer informacion estudiante - banner,26259,Fluxicon Disco,Variant 1,1,2016-06-12T13:35:34.000,2016-06-12T13:35:34.000
Radicar Solicitud Homologacion,125402,26259,Radicar Solicitud Homologacion,26259,Fluxicon Disco,Variant 1,1,2016-06-12T13:35:35.000,2016-06-12T13:35:35.000
Cancelar Solicitud,125402,26259,Cancelar Solicitud,26259,Fluxicon Disco,Variant 1,1,2016-06-12T13:56:59.000,2016-06-12T13:56:59.000
Notificacion estudiante cancelacion soli,125402,26259,Notificacion estudiante cancelacion soli,26259,Fluxicon Disco,Variant 1,1,2016-06-13T14:41:50.000,2016-06-13T14:41:50.000
End,125402,End,End,End,Fluxicon Disco,Variant 1,1,2016-06-13T14:41:50.000,2016-06-13T14:41:50.000
Start,125555,Start,Start,Start,Fluxicon Disco,Variant 1,1,2016-06-13T14:42:07.000,2016-06-13T14:42:07.000
Traer informacion estudiante - banner,125555,26259,Traer informacion estudiante - banner,26259,Fluxicon Disco,Variant 1,1,2016-06-13T14:42:07.000,2016-06-13T14:42:07.000
Radicar Solicitud Homologacion,125555,26259,Radicar Solicitud Homologacion,26259,Fluxicon Disco,Variant 1,1,2016-06-13T14:42:07.000,2016-06-13T14:42:07.000
Cancelar Solicitud,125555,29277,Cancelar Solicitud,29277,Fluxicon Disco,Variant 1,1,2016-06-13T14:48:54.000,2016-06-13T14:48:51.000
Notificacion estudiante cancelacion soli,125555,29277,Notificacion estudiante cancelacion soli,29277,Fluxicon Disco,Variant 1,1,2016-06-13T15:03:03.000,2016-06-13T15:03:03.000
End,125555,End,End,End,Fluxicon Disco,Variant 1,1,2016-06-13T15:03:03.000,2016-06-13T15:03:03.000
Start,125559,Start,Start,Start,Fluxicon Disco,Variant 1,1,2016-06-13T15:03:46.000,2016-06-13T15:03:46.000
Traer informacion estudiante - banner,125559,19692,Traer informacion estudiante - banner,19692,Fluxicon Disco,Variant 1,1,2016-06-13T15:03:46.000,2016-06-13T15:03:46.000
Radicar Solicitud Homologacion,125559,19692,Radicar Solicitud Homologacion,19692,Fluxicon Disco,Variant 1,1,2016-06-13T15:43:42.000,2016-06-13T15:03:46.000
Cancelar Solicitud,125559,29277,Cancelar Solicitud,29277,Fluxicon Disco,Variant 1,1,2016-06-20T13:43:08.000,2016-06-20T13:42:53.000
Notificacion estudiante cancelacion soli,125559,29277,Notificacion estudiante cancelacion soli,29277,Fluxicon Disco,Variant 1,1,2016-06-20T15:15:20.000,2016-06-20T15:15:20.000
End,125559,End,End,End,Fluxicon Disco,Variant 1,1,2016-06-20T15:15:20.000,2016-06-20T15:15:20.000
Start,125569,Start,Start,Start,Fluxicon Disco,Variant 7,7,2016-06-13T20:19:53.000,2016-06-13T20:19:53.000
Traer informacion estudiante - banner,125569,9379,Traer informacion estudiante - banner,9379,Fluxicon Disco,Variant 7,7,2016-06-13T20:19:53.000,2016-06-13T20:19:53.000
Radicar Solicitud Homologacion,125569,9379,Radicar Solicitud Homologacion,9379,Fluxicon Disco,Variant 7,7,2016-06-13T20:19:55.000,2016-06-13T20:19:55.000
Cancelar Solicitud,125569,9379,Cancelar Solicitud,9379,Fluxicon Disco,Variant 7,7,2016-06-13T20:21:43.000,2016-06-13T20:21:43.000
Validar solicitud,125569,920,Validar solicitud,920,Fluxicon Disco,Variant 7,7,2016-06-13T20:21:43.000,2016-06-13T20:21:43.000
Notificacion estudiante cancelacion soli,125569,9379,Notificacion estudiante cancelacion soli,9379,Fluxicon Disco,Variant 7,7,2016-06-13T20:46:51.000,2016-06-13T20:46:51.000
End,125569,End,End,End,Fluxicon Disco,Variant 7,7,2016-06-13T20:46:51.000,2016-06-13T20:46:51.000
Start,125651,Start,Start,Start,Fluxicon Disco,Variant 5,5,2016-06-14T08:11:19.000,2016-06-14T08:11:19.000
Traer informacion estudiante - banner,125651,11548,Traer informacion estudiante - banner,11548,Fluxicon Disco,Variant 5,5,2016-06-14T08:11:19.000,2016-06-14T08:11:19.000
Radicar Solicitud Homologacion,125651,11548,Radicar Solicitud Homologacion,11548,Fluxicon Disco,Variant 5,5,2016-06-14T08:11:23.000,2016-06-14T08:11:23.000
Notificacion estudiante cancelacion soli,125651,1,Notificacion estudiante cancelacion soli,1,Fluxicon Disco,Variant 5,5,2016-06-22T23:24:13.000,2016-06-22T23:24:13.000
End,125651,End,End,End,Fluxicon Disco,Variant 5,5,2016-06-22T23:24:13.000,2016-06-22T23:24:13.000
Start,125703,Start,Start,Start,Fluxicon Disco,Variant 1,1,2016-06-14T16:12:11.000,2016-06-14T16:12:11.000
Traer informacion estudiante - banner,125703,19692,Traer informacion estudiante - banner,19692,Fluxicon Disco,Variant 1,1,2016-06-14T16:12:11.000,2016-06-14T16:12:11.000
Radicar Solicitud Homologacion,125703,19692,Radicar Solicitud Homologacion,19692,Fluxicon Disco,Variant 1,1,2016-06-14T16:43:00.000,2016-06-14T16:12:13.000
Cancelar Solicitud,125703,29277,Cancelar Solicitud,29277,Fluxicon Disco,Variant 1,1,2016-06-20T14:35:52.000,2016-06-20T14:35:38.000
Notificacion estudiante cancelacion soli,125703,29277,Notificacion estudiante cancelacion soli,29277,Fluxicon Disco,Variant 1,1,2016-06-20T15:14:10.000,2016-06-20T15:14:10.000
End,125703,End,End,End,Fluxicon Disco,Variant 1,1,2016-06-20T15:14:10.000,2016-06-20T15:14:10.000
Start,125706,Start,Start,Start,Fluxicon Disco,Variant 2,2,2016-06-14T18:14:40.000,2016-06-14T18:14:40.000
Traer informacion estudiante - banner,125706,7824,Traer informacion estudiante - banner,7824,Fluxicon Disco,Variant 2,2,2016-06-14T18:14:40.000,2016-06-14T18:14:40.000
Radicar Solicitud Homologacion,125706,7824,Radicar Solicitud Homologacion,7824,Fluxicon Disco,Variant 2,2,2016-06-14T18:15:05.000,2016-06-14T18:14:43.000
Validar solicitud,125706,241,Validar solicitud,241,Fluxicon Disco,Variant 2,2,2016-06-14T19:17:58.000,2016-06-14T18:37:31.000
Homologacion por grupo de cursos,125706,241,Homologacion por grupo de cursos,241,Fluxicon Disco,Variant 2,2,2016-06-21T21:23:04.000,2016-06-21T21:04:41.000
End,125706,End,End,End,Fluxicon Disco,Variant 2,2,2016-06-21T21:23:04.000,2016-06-21T21:23:04.000
Start,125714,Start,Start,Start,Fluxicon Disco,Variant 2,2,2016-06-14T21:08:39.000,2016-06-14T21:08:39.000
Traer informacion estudiante - banner,125714,28881,Traer informacion estudiante - banner,28881,Fluxicon Disco,Variant 2,2,2016-06-14T21:08:39.000,2016-06-14T21:08:39.000
Radicar Solicitud Homologacion,125714,28881,Radicar Solicitud Homologacion,28881,Fluxicon Disco,Variant 2,2,2016-06-14T21:08:56.000,2016-06-14T21:08:40.000
Validar solicitud,125714,6400,Validar solicitud,6400,Fluxicon Disco,Variant 2,2,2016-06-14T21:25:58.000,2016-06-14T21:25:35.000
Homologacion por grupo de cursos,125714,6520,Homologacion por grupo de cursos,6520,Fluxicon Disco,Variant 2,2,2016-06-14T22:04:13.000,2016-06-14T21:49:03.000
End,125714,End,End,End,Fluxicon Disco,Variant 2,2,2016-06-14T22:04:13.000,2016-06-14T22:04:13.000
Start,125717,Start,Start,Start,Fluxicon Disco,Variant 1,1,2016-06-14T22:07:08.000,2016-06-14T22:07:08.000
Traer informacion estudiante - banner,125717,11150,Traer informacion estudiante - banner,11150,Fluxicon Disco,Variant 1,1,2016-06-14T22:07:08.000,2016-06-14T22:07:08.000
Radicar Solicitud Homologacion,125717,11150,Radicar Solicitud Homologacion,11150,Fluxicon Disco,Variant 1,1,2016-06-14T22:09:16.000,2016-06-14T22:07:09.000
Cancelar Solicitud,125717,29277,Cancelar Solicitud,29277,Fluxicon Disco,Variant 1,1,2016-06-15T00:24:33.000,2016-06-15T00:14:11.000
Notificacion estudiante cancelacion soli,125717,29277,Notificacion estudiante cancelacion soli,29277,Fluxicon Disco,Variant 1,1,2016-06-16T16:36:34.000,2016-06-16T16:36:34.000
End,125717,End,End,End,Fluxicon Disco,Variant 1,1,2016-06-16T16:36:34.000,2016-06-16T16:36:34.000
Start,125718,Start,Start,Start,Fluxicon Disco,Variant 2,2,2016-06-14T22:08:41.000,2016-06-14T22:08:41.000
Traer informacion estudiante - banner,125718,28881,Traer informacion estudiante - banner,28881,Fluxicon Disco,Variant 2,2,2016-06-14T22:08:41.000,2016-06-14T22:08:41.000
Radicar Solicitud Homologacion,125718,28881,Radicar Solicitud Homologacion,28881,Fluxicon Disco,Variant 2,2,2016-06-14T22:08:47.000,2016-06-14T22:08:42.000
Validar solicitud,125718,6400,Validar solicitud,6400,Fluxicon Disco,Variant 2,2,2016-06-14T22:21:17.000,2016-06-14T22:14:36.000
Homologacion por grupo de cursos,125718,6520,Homologacion por grupo de cursos,6520,Fluxicon Disco,Variant 2,2,2016-06-15T20:15:51.000,2016-06-15T18:55:47.000
End,125718,End,End,End,Fluxicon Disco,Variant 2,2,2016-06-15T20:15:51.000,2016-06-15T20:15:51.000
Start,125722,Start,Start,Start,Fluxicon Disco,Variant 1,1,2016-06-15T01:38:00.000,2016-06-15T01:38:00.000
Traer informacion estudiante - banner,125722,9332,Traer informacion estudiante - banner,9332,Fluxicon Disco,Variant 1,1,2016-06-15T01:38:00.000,2016-06-15T01:38:00.000
Radicar Solicitud Homologacion,125722,9332,Radicar Solicitud Homologacion,9332,Fluxicon Disco,Variant 1,1,2016-06-15T02:02:01.000,2016-06-15T01:38:01.000
Cancelar Solicitud,125722,241,Cancelar Solicitud,241,Fluxicon Disco,Variant 1,1,2016-06-19T23:42:01.000,2016-06-19T23:29:37.000
Notificacion estudiante cancelacion soli,125722,241,Notificacion estudiante cancelacion soli,241,Fluxicon Disco,Variant 1,1,2016-06-21T21:24:29.000,2016-06-21T21:24:29.000
End,125722,End,End,End,Fluxicon Disco,Variant 1,1,2016-06-21T21:24:29.000,2016-06-21T21:24:29.000
Start,125801,Start,Start,Start,Fluxicon Disco,Variant 1,1,2016-06-15T12:42:19.000,2016-06-15T12:42:19.000
Traer informacion estudiante - banner,125801,8882,Traer informacion estudiante - banner,8882,Fluxicon Disco,Variant 1,1,2016-06-15T12:42:19.000,2016-06-15T12:42:19.000
Radicar Solicitud Homologacion,125801,8882,Radicar Solicitud Homologacion,8882,Fluxicon Disco,Variant 1,1,2016-06-15T12:42:25.000,2016-06-15T12:42:25.000
Cancelar Solicitud,125801,29277,Cancelar Solicitud,29277,Fluxicon Disco,Variant 1,1,2016-06-15T13:04:47.000,2016-06-15T12:55:09.000
Notificacion estudiante cancelacion soli,125801,29277,Notificacion estudiante cancelacion soli,29277,Fluxicon Disco,Variant 1,1,2016-06-16T16:38:04.000,2016-06-16T16:38:04.000
End,125801,End,End,End,Fluxicon Disco,Variant 1,1,2016-06-16T16:38:04.000,2016-06-16T16:38:04.000
Start,125802,Start,Start,Start,Fluxicon Disco,Variant 1,1,2016-06-15T12:55:46.000,2016-06-15T12:55:46.000
Traer informacion estudiante - banner,125802,8882,Traer informacion estudiante - banner,8882,Fluxicon Disco,Variant 1,1,2016-06-15T12:55:46.000,2016-06-15T12:55:46.000
Radicar Solicitud Homologacion,125802,8882,Radicar Solicitud Homologacion,8882,Fluxicon Disco,Variant 1,1,2016-06-15T12:55:48.000,2016-06-15T12:55:48.000
Cancelar Solicitud,125802,29277,Cancelar Solicitud,29277,Fluxicon Disco,Variant 1,1,2016-06-15T13:09:33.000,2016-06-15T12:59:54.000
Notificacion estudiante cancelacion soli,125802,29277,Notificacion estudiante cancelacion soli,29277,Fluxicon Disco,Variant 1,1,2016-06-16T16:39:00.000,2016-06-16T16:39:00.000
End,125802,End,End,End,Fluxicon Disco,Variant 1,1,2016-06-16T16:39:00.000,2016-06-16T16:39:00.000
Start,125803,Start,Start,Start,Fluxicon Disco,Variant 1,1,2016-06-15T13:14:04.000,2016-06-15T13:14:04.000
Traer informacion estudiante - banner,125803,8882,Traer informacion estudiante - banner,8882,Fluxicon Disco,Variant 1,1,2016-06-15T13:14:04.000,2016-06-15T13:14:04.000
Radicar Solicitud Homologacion,125803,8882,Radicar Solicitud Homologacion,8882,Fluxicon Disco,Variant 1,1,2016-06-15T13:14:07.000,2016-06-15T13:14:07.000
Cancelar Solicitud,125803,29277,Cancelar Solicitud,29277,Fluxicon Disco,Variant 1,1,2016-06-15T13:27:52.000,2016-06-15T13:18:13.000
Notificacion estudiante cancelacion soli,125803,29277,Notificacion estudiante cancelacion soli,29277,Fluxicon Disco,Variant 1,1,2016-06-16T16:39:24.000,2016-06-16T16:39:24.000
End,125803,End,End,End,Fluxicon Disco,Variant 1,1,2016-06-16T16:39:24.000,2016-06-16T16:39:24.000
Start,125809,Start,Start,Start,Fluxicon Disco,Variant 1,1,2016-06-15T15:26:39.000,2016-06-15T15:26:39.000
Traer informacion estudiante - banner,125809,2740,Traer informacion estudiante - banner,2740,Fluxicon Disco,Variant 1,1,2016-06-15T15:26:39.000,2016-06-15T15:26:39.000
Radicar Solicitud Homologacion,125809,2740,Radicar Solicitud Homologacion,2740,Fluxicon Disco,Variant 1,1,2016-06-15T15:27:18.000,2016-06-15T15:26:40.000
Cancelar Solicitud,125809,677,Cancelar Solicitud,677,Fluxicon Disco,Variant 1,1,2016-06-15T16:05:53.000,2016-06-15T16:05:14.000
Notificacion estudiante cancelacion soli,125809,677,Notificacion estudiante cancelacion soli,677,Fluxicon Disco,Variant 1,1,2016-06-15T16:44:38.000,2016-06-15T16:44:38.000
End,125809,End,End,End,Fluxicon Disco,Variant 1,1,2016-06-15T16:44:38.000,2016-06-15T16:44:38.000
Start,125811,Start,Start,Start,Fluxicon Disco,Variant 2,2,2016-06-15T16:53:31.000,2016-06-15T16:53:31.000
Traer informacion estudiante - banner,125811,2740,Traer informacion estudiante - banner,2740,Fluxicon Disco,Variant 2,2,2016-06-15T16:53:31.000,2016-06-15T16:53:31.000
Radicar Solicitud Homologacion,125811,2740,Radicar Solicitud Homologacion,2740,Fluxicon Disco,Variant 2,2,2016-06-15T16:53:50.000,2016-06-15T16:53:32.000
Validar solicitud,125811,677,Validar solicitud,677,Fluxicon Disco,Variant 2,2,2016-06-15T17:19:08.000,2016-06-15T17:12:18.000
Homologacion por grupo de cursos,125811,3445,Homologacion por grupo de cursos,3445,Fluxicon Disco,Variant 2,2,2016-06-16T16:44:25.000,2016-06-16T16:02:47.000
End,125811,End,End,End,Fluxicon Disco,Variant 2,2,2016-06-16T16:44:25.000,2016-06-16T16:44:25.000
Start,125812,Start,Start,Start,Fluxicon Disco,Variant 1,1,2016-06-15T17:20:42.000,2016-06-15T17:20:42.000
Traer informacion estudiante - banner,125812,9451,Traer informacion estudiante - banner,9451,Fluxicon Disco,Variant 1,1,2016-06-15T17:20:42.000,2016-06-15T17:20:42.000
Radicar Solicitud Homologacion,125812,9451,Radicar Solicitud Homologacion,9451,Fluxicon Disco,Variant 1,1,2016-06-15T17:20:58.000,2016-06-15T17:20:43.000
Cancelar Solicitud,125812,186,Cancelar Solicitud,186,Fluxicon Disco,Variant 1,1,2016-06-15T18:01:55.000,2016-06-15T17:36:32.000
Notificacion estudiante cancelacion soli,125812,186,Notificacion estudiante cancelacion soli,186,Fluxicon Disco,Variant 1,1,2016-06-20T20:59:16.000,2016-06-20T20:59:16.000
End,125812,End,End,End,Fluxicon Disco,Variant 1,1,2016-06-20T20:59:16.000,2016-06-20T20:59:16.000
Start,125953,Start,Start,Start,Fluxicon Disco,Variant 1,1,2016-06-16T15:54:37.000,2016-06-16T15:54:37.000
Traer informacion estudiante - banner,125953,9509,Traer informacion estudiante - banner,9509,Fluxicon Disco,Variant 1,1,2016-06-16T15:54:37.000,2016-06-16T15:54:37.000
Radicar Solicitud Homologacion,125953,9509,Radicar Solicitud Homologacion,9509,Fluxicon Disco,Variant 1,1,2016-06-16T15:54:46.000,2016-06-16T15:54:38.000
Cancelar Solicitud,125953,29277,Cancelar Solicitud,29277,Fluxicon Disco,Variant 1,1,2016-06-16T16:03:34.000,2016-06-16T16:02:53.000
Notificacion estudiante cancelacion soli,125953,29277,Notificacion estudiante cancelacion soli,29277,Fluxicon Disco,Variant 1,1,2016-06-16T16:44:49.000,2016-06-16T16:44:49.000
End,125953,End,End,End,Fluxicon Disco,Variant 1,1,2016-06-16T16:44:49.000,2016-06-16T16:44:49.000
Start,125957,Start,Start,Start,Fluxicon Disco,Variant 1,1,2016-06-16T16:10:47.000,2016-06-16T16:10:47.000
Traer informacion estudiante - banner,125957,9509,Traer informacion estudiante - banner,9509,Fluxicon Disco,Variant 1,1,2016-06-16T16:10:47.000,2016-06-16T16:10:47.000
Radicar Solicitud Homologacion,125957,9509,Radicar Solicitud Homologacion,9509,Fluxicon Disco,Variant 1,1,2016-06-16T16:10:53.000,2016-06-16T16:10:48.000
Cancelar Solicitud,125957,29277,Cancelar Solicitud,29277,Fluxicon Disco,Variant 1,1,2016-06-16T16:17:09.000,2016-06-16T16:16:40.000
Notificacion estudiante cancelacion soli,125957,29277,Notificacion estudiante cancelacion soli,29277,Fluxicon Disco,Variant 1,1,2016-06-16T16:46:17.000,2016-06-16T16:46:17.000
End,125957,End,End,End,Fluxicon Disco,Variant 1,1,2016-06-16T16:46:17.000,2016-06-16T16:46:17.000
Start,125958,Start,Start,Start,Fluxicon Disco,Variant 1,1,2016-06-16T16:18:37.000,2016-06-16T16:18:37.000
Traer informacion estudiante - banner,125958,9509,Traer informacion estudiante - banner,9509,Fluxicon Disco,Variant 1,1,2016-06-16T16:18:37.000,2016-06-16T16:18:37.000
Radicar Solicitud Homologacion,125958,9509,Radicar Solicitud Homologacion,9509,Fluxicon Disco,Variant 1,1,2016-06-16T16:18:48.000,2016-06-16T16:18:40.000
Cancelar Solicitud,125958,29277,Cancelar Solicitud,29277,Fluxicon Disco,Variant 1,1,2016-06-16T16:27:06.000,2016-06-16T16:26:47.000
Notificacion estudiante cancelacion soli,125958,29277,Notificacion estudiante cancelacion soli,29277,Fluxicon Disco,Variant 1,1,2016-06-16T16:46:33.000,2016-06-16T16:46:33.000
End,125958,End,End,End,Fluxicon Disco,Variant 1,1,2016-06-16T16:46:33.000,2016-06-16T16:46:33.000
Start,125959,Start,Start,Start,Fluxicon Disco,Variant 2,2,2016-06-16T16:42:06.000,2016-06-16T16:42:06.000
Traer informacion estudiante - banner,125959,11653,Traer informacion estudiante - banner,11653,Fluxicon Disco,Variant 2,2,2016-06-16T16:42:06.000,2016-06-16T16:42:06.000
Radicar Solicitud Homologacion,125959,11653,Radicar Solicitud Homologacion,11653,Fluxicon Disco,Variant 2,2,2016-06-16T16:42:17.000,2016-06-16T16:42:09.000
Validar solicitud,125959,22404,Validar solicitud,22404,Fluxicon Disco,Variant 2,2,2016-06-16T16:52:45.000,2016-06-16T16:50:36.000
Homologacion por grupo de cursos,125959,22404,Homologacion por grupo de cursos,22404,Fluxicon Disco,Variant 2,2,2016-06-16T20:24:57.000,2016-06-16T19:31:01.000
End,125959,End,End,End,Fluxicon Disco,Variant 2,2,2016-06-16T20:24:57.000,2016-06-16T20:24:57.000
Start,125962,Start,Start,Start,Fluxicon Disco,Variant 1,1,2016-06-16T18:22:44.000,2016-06-16T18:22:44.000
Traer informacion estudiante - banner,125962,29579,Traer informacion estudiante - banner,29579,Fluxicon Disco,Variant 1,1,2016-06-16T18:22:44.000,2016-06-16T18:22:44.000
Radicar Solicitud Homologacion,125962,29579,Radicar Solicitud Homologacion,29579,Fluxicon Disco,Variant 1,1,2016-06-16T18:35:22.000,2016-06-16T18:22:45.000
Cancelar Solicitud,125962,22475,Cancelar Solicitud,22475,Fluxicon Disco,Variant 1,1,2016-06-20T14:04:35.000,2016-06-20T14:04:32.000
Notificacion estudiante cancelacion soli,125962,22475,Notificacion estudiante cancelacion soli,22475,Fluxicon Disco,Variant 1,1,2016-06-20T15:03:14.000,2016-06-20T15:03:14.000
End,125962,End,End,End,Fluxicon Disco,Variant 1,1,2016-06-20T15:03:14.000,2016-06-20T15:03:14.000
Start,126151,Start,Start,Start,Fluxicon Disco,Variant 94,94,2016-06-19T16:33:46.000,2016-06-19T16:33:46.000
Validar solicitud,126151,6400,Validar solicitud,6400,Fluxicon Disco,Variant 94,94,2016-06-19T16:33:46.000,2016-06-19T16:33:46.000
Cancelar Solicitud,126151,6400,Cancelar Solicitud,6400,Fluxicon Disco,Variant 94,94,2016-06-19T16:35:42.000,2016-06-19T16:33:47.000
Traer informacion estudiante - banner,126151,8525,Traer informacion estudiante - banner,8525,Fluxicon Disco,Variant 94,94,2016-06-19T17:57:56.000,2016-06-19T17:57:56.000
Radicar Solicitud Homologacion,126151,8525,Radicar Solicitud Homologacion,8525,Fluxicon Disco,Variant 94,94,2016-06-19T17:58:05.000,2016-06-19T17:58:05.000
Notificacion estudiante cancelacion soli,126151,6400,Notificacion estudiante cancelacion soli,6400,Fluxicon Disco,Variant 94,94,2016-06-20T16:55:19.000,2016-06-20T16:55:19.000
End,126151,End,End,End,Fluxicon Disco,Variant 94,94,2016-06-20T16:55:19.000,2016-06-20T16:55:19.000
Start,126201,Start,Start,Start,Fluxicon Disco,Variant 1,1,2016-06-19T16:42:14.000,2016-06-19T16:42:14.000
Traer informacion estudiante - banner,126201,8525,Traer informacion estudiante - banner,8525,Fluxicon Disco,Variant 1,1,2016-06-19T16:42:14.000,2016-06-19T16:42:14.000
Radicar Solicitud Homologacion,126201,8525,Radicar Solicitud Homologacion,8525,Fluxicon Disco,Variant 1,1,2016-06-19T17:22:19.000,2016-06-19T16:42:19.000
Cancelar Solicitud,126201,8525,Cancelar Solicitud,8525,Fluxicon Disco,Variant 1,1,2016-06-26T23:53:00.000,2016-06-26T23:53:00.000
Notificacion estudiante cancelacion soli,126201,8525,Notificacion estudiante cancelacion soli,8525,Fluxicon Disco,Variant 1,1,2016-06-27T00:01:44.000,2016-06-27T00:01:44.000
End,126201,End,End,End,Fluxicon Disco,Variant 1,1,2016-06-27T00:01:44.000,2016-06-27T00:01:44.000
Start,126451,Start,Start,Start,Fluxicon Disco,Variant 1,1,2016-06-20T14:27:50.000,2016-06-20T14:27:50.000
Traer informacion estudiante - banner,126451,14440,Traer informacion estudiante - banner,14440,Fluxicon Disco,Variant 1,1,2016-06-20T14:27:50.000,2016-06-20T14:27:50.000
Radicar Solicitud Homologacion,126451,14440,Radicar Solicitud Homologacion,14440,Fluxicon Disco,Variant 1,1,2016-06-20T14:31:26.000,2016-06-20T14:27:53.000
Cancelar Solicitud,126451,18929,Cancelar Solicitud,18929,Fluxicon Disco,Variant 1,1,2016-06-20T18:49:27.000,2016-06-20T18:33:05.000
Notificacion estudiante cancelacion soli,126451,18929,Notificacion estudiante cancelacion soli,18929,Fluxicon Disco,Variant 1,1,2016-06-22T18:55:56.000,2016-06-22T18:55:56.000
End,126451,End,End,End,Fluxicon Disco,Variant 1,1,2016-06-22T18:55:56.000,2016-06-22T18:55:56.000
Start,126457,Start,Start,Start,Fluxicon Disco,Variant 1,1,2016-06-20T19:50:49.000,2016-06-20T19:50:49.000
Traer informacion estudiante - banner,126457,29577,Traer informacion estudiante - banner,29577,Fluxicon Disco,Variant 1,1,2016-06-20T19:50:49.000,2016-06-20T19:50:49.000
Radicar Solicitud Homologacion,126457,29577,Radicar Solicitud Homologacion,29577,Fluxicon Disco,Variant 1,1,2016-06-20T20:18:02.000,2016-06-20T19:50:52.000
Cancelar Solicitud,126457,22475,Cancelar Solicitud,22475,Fluxicon Disco,Variant 1,1,2016-06-24T00:11:05.000,2016-06-24T00:10:18.000
Notificacion estudiante cancelacion soli,126457,22475,Notificacion estudiante cancelacion soli,22475,Fluxicon Disco,Variant 1,1,2016-06-24T00:58:15.000,2016-06-24T00:58:15.000
End,126457,End,End,End,Fluxicon Disco,Variant 1,1,2016-06-24T00:58:15.000,2016-06-24T00:58:15.000
Start,126460,Start,Start,Start,Fluxicon Disco,Variant 2,2,2016-06-20T22:58:57.000,2016-06-20T22:58:57.000
Traer informacion estudiante - banner,126460,6625,Traer informacion estudiante - banner,6625,Fluxicon Disco,Variant 2,2,2016-06-20T22:58:57.000,2016-06-20T22:58:57.000
Radicar Solicitud Homologacion,126460,6625,Radicar Solicitud Homologacion,6625,Fluxicon Disco,Variant 2,2,2016-06-20T22:59:11.000,2016-06-20T22:59:00.000
Validar solicitud,126460,29277,Validar solicitud,29277,Fluxicon Disco,Variant 2,2,2016-06-20T23:12:05.000,2016-06-20T23:10:16.000
Homologacion por grupo de cursos,126460,1007,Homologacion por grupo de cursos,1007,Fluxicon Disco,Variant 2,2,2016-06-21T13:45:16.000,2016-06-21T13:42:56.000
End,126460,End,End,End,Fluxicon Disco,Variant 2,2,2016-06-21T13:45:16.000,2016-06-21T13:45:16.000
Start,126504,Start,Start,Start,Fluxicon Disco,Variant 2,2,2016-06-20T17:48:51.000,2016-06-20T17:48:51.000
Traer informacion estudiante - banner,126504,11993,Traer informacion estudiante - banner,11993,Fluxicon Disco,Variant 2,2,2016-06-20T17:48:51.000,2016-06-20T17:48:51.000
Radicar Solicitud Homologacion,126504,11993,Radicar Solicitud Homologacion,11993,Fluxicon Disco,Variant 2,2,2016-06-20T18:10:04.000,2016-06-20T17:48:53.000
Validar solicitud,126504,186,Validar solicitud,186,Fluxicon Disco,Variant 2,2,2016-06-23T02:34:43.000,2016-06-23T02:22:25.000
Homologacion por grupo de cursos,126504,26788,Homologacion por grupo de cursos,26788,Fluxicon Disco,Variant 2,2,2016-06-24T21:37:58.000,2016-06-24T21:18:52.000
End,126504,End,End,End,Fluxicon Disco,Variant 2,2,2016-06-24T21:37:58.000,2016-06-24T21:37:58.000
Start,126506,Start,Start,Start,Fluxicon Disco,Variant 22,22,2016-06-20T18:18:53.000,2016-06-20T18:18:53.000
Traer informacion estudiante - banner,126506,29578,Traer informacion estudiante - banner,29578,Fluxicon Disco,Variant 22,22,2016-06-20T18:18:53.000,2016-06-20T18:18:53.000
Radicar Solicitud Homologacion,126506,29578,Radicar Solicitud Homologacion,29578,Fluxicon Disco,Variant 22,22,2016-06-20T18:27:04.000,2016-06-20T18:18:56.000
Notificacion estudiante cancelacion soli,126506,22475,Notificacion estudiante cancelacion soli,22475,Fluxicon Disco,Variant 22,22,2016-06-21T16:30:04.000,2016-06-21T16:30:04.000
Cancelar Solicitud,126506,22475,Cancelar Solicitud,22475,Fluxicon Disco,Variant 22,22,2016-06-21T18:27:52.000,2016-06-21T18:27:52.000
End,126506,End,End,End,Fluxicon Disco,Variant 22,22,2016-06-21T18:27:52.000,2016-06-21T18:27:52.000
Start,126513,Start,Start,Start,Fluxicon Disco,Variant 38,38,2016-06-20T21:00:17.000,2016-06-20T21:00:17.000
Traer informacion estudiante - banner,126513,2512,Traer informacion estudiante - banner,2512,Fluxicon Disco,Variant 38,38,2016-06-20T21:00:17.000,2016-06-20T21:00:17.000
Radicar Solicitud Homologacion,126513,2512,Radicar Solicitud Homologacion,2512,Fluxicon Disco,Variant 38,38,2016-06-20T21:37:37.000,2016-06-20T21:00:17.000
Radicar Solicitud Homologacion,126513,2512,Radicar Solicitud Homologacion,2512,Fluxicon Disco,Variant 38,38,2016-06-28T00:53:24.000,2016-06-28T00:45:10.000
Cancelar Solicitud,126513,29277,Cancelar Solicitud,29277,Fluxicon Disco,Variant 38,38,2016-06-29T06:06:18.000,2016-06-29T06:05:40.000
Notificacion estudiante cancelacion soli,126513,29277,Notificacion estudiante cancelacion soli,29277,Fluxicon Disco,Variant 38,38,2016-06-29T15:38:56.000,2016-06-29T15:38:56.000
End,126513,End,End,End,Fluxicon Disco,Variant 38,38,2016-06-29T15:38:56.000,2016-06-29T15:38:56.000
Start,126518,Start,Start,Start,Fluxicon Disco,Variant 2,2,2016-06-20T23:57:28.000,2016-06-20T23:57:28.000
Traer informacion estudiante - banner,126518,19591,Traer informacion estudiante - banner,19591,Fluxicon Disco,Variant 2,2,2016-06-20T23:57:28.000,2016-06-20T23:57:28.000
Radicar Solicitud Homologacion,126518,19591,Radicar Solicitud Homologacion,19591,Fluxicon Disco,Variant 2,2,2016-06-20T23:57:38.000,2016-06-20T23:57:32.000
Validar solicitud,126518,186,Validar solicitud,186,Fluxicon Disco,Variant 2,2,2016-06-21T00:06:51.000,2016-06-21T00:03:58.000
Homologacion por grupo de cursos,126518,186,Homologacion por grupo de cursos,186,Fluxicon Disco,Variant 2,2,2016-06-21T17:06:17.000,2016-06-21T16:56:58.000
End,126518,End,End,End,Fluxicon Disco,Variant 2,2,2016-06-21T17:06:17.000,2016-06-21T17:06:17.000
Start,126651,Start,Start,Start,Fluxicon Disco,Variant 5,5,2016-06-21T01:29:47.000,2016-06-21T01:29:47.000
Traer informacion estudiante - banner,126651,2512,Traer informacion estudiante - banner,2512,Fluxicon Disco,Variant 5,5,2016-06-21T01:29:47.000,2016-06-21T01:29:47.000
Radicar Solicitud Homologacion,126651,2512,Radicar Solicitud Homologacion,2512,Fluxicon Disco,Variant 5,5,2016-06-21T01:29:54.000,2016-06-21T01:29:54.000
Notificacion estudiante cancelacion soli,126651,1,Notificacion estudiante cancelacion soli,1,Fluxicon Disco,Variant 5,5,2016-06-29T23:24:06.000,2016-06-29T23:24:06.000
End,126651,End,End,End,Fluxicon Disco,Variant 5,5,2016-06-29T23:24:06.000,2016-06-29T23:24:06.000
Start,126652,Start,Start,Start,Fluxicon Disco,Variant 38,38,2016-06-21T01:37:52.000,2016-06-21T01:37:52.000
Traer informacion estudiante - banner,126652,2512,Traer informacion estudiante - banner,2512,Fluxicon Disco,Variant 38,38,2016-06-21T01:37:52.000,2016-06-21T01:37:52.000
Radicar Solicitud Homologacion,126652,2512,Radicar Solicitud Homologacion,2512,Fluxicon Disco,Variant 38,38,2016-06-21T01:37:56.000,2016-06-21T01:37:56.000
Radicar Solicitud Homologacion,126652,2512,Radicar Solicitud Homologacion,2512,Fluxicon Disco,Variant 38,38,2016-06-22T00:05:47.000,2016-06-21T23:24:12.000
Cancelar Solicitud,126652,29277,Cancelar Solicitud,29277,Fluxicon Disco,Variant 38,38,2016-06-29T06:13:19.000,2016-06-29T05:59:11.000
Notificacion estudiante cancelacion soli,126652,29277,Notificacion estudiante cancelacion soli,29277,Fluxicon Disco,Variant 38,38,2016-06-30T23:08:35.000,2016-06-30T23:08:35.000
End,126652,End,End,End,Fluxicon Disco,Variant 38,38,2016-06-30T23:08:35.000,2016-06-30T23:08:35.000
Start,126861,Start,Start,Start,Fluxicon Disco,Variant 7,7,2016-06-21T18:37:45.000,2016-06-21T18:37:45.000
Traer informacion estudiante - banner,126861,11678,Traer informacion estudiante - banner,11678,Fluxicon Disco,Variant 7,7,2016-06-21T18:37:45.000,2016-06-21T18:37:45.000
Radicar Solicitud Homologacion,126861,11678,Radicar Solicitud Homologacion,11678,Fluxicon Disco,Variant 7,7,2016-06-21T18:38:07.000,2016-06-21T18:37:45.000
Cancelar Solicitud,126861,11678,Cancelar Solicitud,11678,Fluxicon Disco,Variant 7,7,2016-06-21T19:57:15.000,2016-06-21T19:29:15.000
Validar solicitud,126861,186,Validar solicitud,186,Fluxicon Disco,Variant 7,7,2016-06-21T19:29:15.000,2016-06-21T19:29:15.000
Notificacion estudiante cancelacion soli,126861,11678,Notificacion estudiante cancelacion soli,11678,Fluxicon Disco,Variant 7,7,2016-06-26T17:21:27.000,2016-06-26T17:21:27.000
End,126861,End,End,End,Fluxicon Disco,Variant 7,7,2016-06-26T17:21:27.000,2016-06-26T17:21:27.000
Start,126951,Start,Start,Start,Fluxicon Disco,Variant 1,1,2016-06-21T19:05:05.000,2016-06-21T19:05:05.000
Traer informacion estudiante - banner,126951,19572,Traer informacion estudiante - banner,19572,Fluxicon Disco,Variant 1,1,2016-06-21T19:05:05.000,2016-06-21T19:05:05.000
Radicar Solicitud Homologacion,126951,19572,Radicar Solicitud Homologacion,19572,Fluxicon Disco,Variant 1,1,2016-06-21T19:05:10.000,2016-06-21T19:05:10.000
Cancelar Solicitud,126951,241,Cancelar Solicitud,241,Fluxicon Disco,Variant 1,1,2016-06-21T19:29:41.000,2016-06-21T19:20:41.000
Notificacion estudiante cancelacion soli,126951,241,Notificacion estudiante cancelacion soli,241,Fluxicon Disco,Variant 1,1,2016-06-22T22:00:19.000,2016-06-22T22:00:19.000
End,126951,End,End,End,Fluxicon Disco,Variant 1,1,2016-06-22T22:00:19.000,2016-06-22T22:00:19.000
Start,126952,Start,Start,Start,Fluxicon Disco,Variant 1,1,2016-06-21T19:25:12.000,2016-06-21T19:25:12.000
Traer informacion estudiante - banner,126952,19572,Traer informacion estudiante - banner,19572,Fluxicon Disco,Variant 1,1,2016-06-21T19:25:12.000,2016-06-21T19:25:12.000
Radicar Solicitud Homologacion,126952,19572,Radicar Solicitud Homologacion,19572,Fluxicon Disco,Variant 1,1,2016-06-21T19:25:15.000,2016-06-21T19:25:15.000
Cancelar Solicitud,126952,241,Cancelar Solicitud,241,Fluxicon Disco,Variant 1,1,2016-06-21T19:39:50.000,2016-06-21T19:30:42.000
Notificacion estudiante cancelacion soli,126952,241,Notificacion estudiante cancelacion soli,241,Fluxicon Disco,Variant 1,1,2016-06-22T22:08:20.000,2016-06-22T22:08:20.000
End,126952,End,End,End,Fluxicon Disco,Variant 1,1,2016-06-22T22:08:20.000,2016-06-22T22:08:20.000
Start,127151,Start,Start,Start,Fluxicon Disco,Variant 1,1,2016-06-22T05:32:42.000,2016-06-22T05:32:42.000
Traer informacion estudiante - banner,127151,22950,Traer informacion estudiante - banner,22950,Fluxicon Disco,Variant 1,1,2016-06-22T05:32:42.000,2016-06-22T05:32:42.000
Radicar Solicitud Homologacion,127151,22950,Radicar Solicitud Homologacion,22950,Fluxicon Disco,Variant 1,1,2016-06-22T05:32:46.000,2016-06-22T05:32:46.000
Cancelar Solicitud,127151,22404,Cancelar Solicitud,22404,Fluxicon Disco,Variant 1,1,2016-06-22T06:26:52.000,2016-06-22T05:45:30.000
Notificacion estudiante cancelacion soli,127151,22404,Notificacion estudiante cancelacion soli,22404,Fluxicon Disco,Variant 1,1,2016-06-29T16:22:33.000,2016-06-29T16:22:33.000
End,127151,End,End,End,Fluxicon Disco,Variant 1,1,2016-06-29T16:22:33.000,2016-06-29T16:22:33.000
Start,127305,Start,Start,Start,Fluxicon Disco,Variant 1,1,2016-06-22T15:29:33.000,2016-06-22T15:29:33.000
Traer informacion estudiante - banner,127305,11993,Traer informacion estudiante - banner,11993,Fluxicon Disco,Variant 1,1,2016-06-22T15:29:33.000,2016-06-22T15:29:33.000
Radicar Solicitud Homologacion,127305,11993,Radicar Solicitud Homologacion,11993,Fluxicon Disco,Variant 1,1,2016-06-22T15:37:03.000,2016-06-22T15:29:33.000
Cancelar Solicitud,127305,11993,Cancelar Solicitud,11993,Fluxicon Disco,Variant 1,1,2016-06-23T02:18:04.000,2016-06-23T02:18:04.000
Notificacion estudiante cancelacion soli,127305,11993,Notificacion estudiante cancelacion soli,11993,Fluxicon Disco,Variant 1,1,2016-06-23T02:23:50.000,2016-06-23T02:23:50.000
End,127305,End,End,End,Fluxicon Disco,Variant 1,1,2016-06-23T02:23:50.000,2016-06-23T02:23:50.000
Start,127351,Start,Start,Start,Fluxicon Disco,Variant 2,2,2016-06-22T17:23:56.000,2016-06-22T17:23:56.000
Traer informacion estudiante - banner,127351,11175,Traer informacion estudiante - banner,11175,Fluxicon Disco,Variant 2,2,2016-06-22T17:23:56.000,2016-06-22T17:23:56.000
Radicar Solicitud Homologacion,127351,11175,Radicar Solicitud Homologacion,11175,Fluxicon Disco,Variant 2,2,2016-06-22T17:24:04.000,2016-06-22T17:24:01.000
Validar solicitud,127351,29277,Validar solicitud,29277,Fluxicon Disco,Variant 2,2,2016-06-22T17:28:48.000,2016-06-22T17:27:16.000
Homologacion por grupo de cursos,127351,29277,Homologacion por grupo de cursos,29277,Fluxicon Disco,Variant 2,2,2016-06-22T19:34:45.000,2016-06-22T19:17:48.000
End,127351,End,End,End,Fluxicon Disco,Variant 2,2,2016-06-22T19:34:45.000,2016-06-22T19:34:45.000
Start,127401,Start,Start,Start,Fluxicon Disco,Variant 10,10,2016-06-22T19:29:02.000,2016-06-22T19:29:02.000
Notificacion estudiante cancelacion soli,127401,695,Notificacion estudiante cancelacion soli,695,Fluxicon Disco,Variant 10,10,2016-06-22T19:29:02.000,2016-06-22T19:29:02.000
Traer informacion estudiante - banner,127401,6229,Traer informacion estudiante - banner,6229,Fluxicon Disco,Variant 10,10,2016-06-22T20:10:08.000,2016-06-22T20:10:08.000
Radicar Solicitud Homologacion,127401,6229,Radicar Solicitud Homologacion,6229,Fluxicon Disco,Variant 10,10,2016-06-22T20:10:14.000,2016-06-22T20:10:14.000
Cancelar Solicitud,127401,695,Cancelar Solicitud,695,Fluxicon Disco,Variant 10,10,2016-06-22T20:28:07.000,2016-06-22T20:28:07.000
End,127401,End,End,End,Fluxicon Disco,Variant 10,10,2016-06-22T20:28:07.000,2016-06-22T20:28:07.000
Start,127402,Start,Start,Start,Fluxicon Disco,Variant 10,10,2016-06-22T19:33:24.000,2016-06-22T19:33:24.000
Notificacion estudiante cancelacion soli,127402,695,Notificacion estudiante cancelacion soli,695,Fluxicon Disco,Variant 10,10,2016-06-22T19:33:24.000,2016-06-22T19:33:24.000
Traer informacion estudiante - banner,127402,6229,Traer informacion estudiante - banner,6229,Fluxicon Disco,Variant 10,10,2016-06-22T20:35:08.000,2016-06-22T20:35:08.000
Radicar Solicitud Homologacion,127402,6229,Radicar Solicitud Homologacion,6229,Fluxicon Disco,Variant 10,10,2016-06-22T20:35:11.000,2016-06-22T20:35:11.000
Cancelar Solicitud,127402,695,Cancelar Solicitud,695,Fluxicon Disco,Variant 10,10,2016-06-22T20:38:36.000,2016-06-22T20:38:36.000
End,127402,End,End,End,Fluxicon Disco,Variant 10,10,2016-06-22T20:38:36.000,2016-06-22T20:38:36.000
Start,127603,Start,Start,Start,Fluxicon Disco,Variant 1,1,2016-06-23T14:38:47.000,2016-06-23T14:38:47.000
Traer informacion estudiante - banner,127603,9146,Traer informacion estudiante - banner,9146,Fluxicon Disco,Variant 1,1,2016-06-23T14:38:47.000,2016-06-23T14:38:47.000
Radicar Solicitud Homologacion,127603,9146,Radicar Solicitud Homologacion,9146,Fluxicon Disco,Variant 1,1,2016-06-23T14:38:48.000,2016-06-23T14:38:48.000
Cancelar Solicitud,127603,29277,Cancelar Solicitud,29277,Fluxicon Disco,Variant 1,1,2016-06-23T14:46:05.000,2016-06-23T14:45:29.000
Notificacion estudiante cancelacion soli,127603,29277,Notificacion estudiante cancelacion soli,29277,Fluxicon Disco,Variant 1,1,2016-06-23T15:36:40.000,2016-06-23T15:36:40.000
End,127603,End,End,End,Fluxicon Disco,Variant 1,1,2016-06-23T15:36:40.000,2016-06-23T15:36:40.000
Start,127703,Start,Start,Start,Fluxicon Disco,Variant 1,1,2016-06-23T22:19:21.000,2016-06-23T22:19:21.000
Traer informacion estudiante - banner,127703,29577,Traer informacion estudiante - banner,29577,Fluxicon Disco,Variant 1,1,2016-06-23T22:19:21.000,2016-06-23T22:19:21.000
Radicar Solicitud Homologacion,127703,29577,Radicar Solicitud Homologacion,29577,Fluxicon Disco,Variant 1,1,2016-06-23T22:21:14.000,2016-06-23T22:19:22.000
Cancelar Solicitud,127703,22475,Cancelar Solicitud,22475,Fluxicon Disco,Variant 1,1,2016-06-24T00:12:47.000,2016-06-24T00:12:03.000
Notificacion estudiante cancelacion soli,127703,22475,Notificacion estudiante cancelacion soli,22475,Fluxicon Disco,Variant 1,1,2016-06-24T00:56:51.000,2016-06-24T00:56:51.000
End,127703,End,End,End,Fluxicon Disco,Variant 1,1,2016-06-24T00:56:51.000,2016-06-24T00:56:51.000
Start,127704,Start,Start,Start,Fluxicon Disco,Variant 1,1,2016-06-23T22:31:50.000,2016-06-23T22:31:50.000
Traer informacion estudiante - banner,127704,29577,Traer informacion estudiante - banner,29577,Fluxicon Disco,Variant 1,1,2016-06-23T22:31:50.000,2016-06-23T22:31:50.000
Radicar Solicitud Homologacion,127704,29577,Radicar Solicitud Homologacion,29577,Fluxicon Disco,Variant 1,1,2016-06-23T22:33:42.000,2016-06-23T22:31:54.000
Cancelar Solicitud,127704,22475,Cancelar Solicitud,22475,Fluxicon Disco,Variant 1,1,2016-06-24T00:21:13.000,2016-06-24T00:20:38.000
Notificacion estudiante cancelacion soli,127704,22475,Notificacion estudiante cancelacion soli,22475,Fluxicon Disco,Variant 1,1,2016-06-24T00:55:44.000,2016-06-24T00:55:44.000
End,127704,End,End,End,Fluxicon Disco,Variant 1,1,2016-06-24T00:55:44.000,2016-06-24T00:55:44.000
Start,127707,Start,Start,Start,Fluxicon Disco,Variant 1,1,2016-06-23T23:05:52.000,2016-06-23T23:05:52.000
Traer informacion estudiante - banner,127707,29577,Traer informacion estudiante - banner,29577,Fluxicon Disco,Variant 1,1,2016-06-23T23:05:52.000,2016-06-23T23:05:52.000
Radicar Solicitud Homologacion,127707,29577,Radicar Solicitud Homologacion,29577,Fluxicon Disco,Variant 1,1,2016-06-23T23:07:11.000,2016-06-23T23:05:52.000
Cancelar Solicitud,127707,22475,Cancelar Solicitud,22475,Fluxicon Disco,Variant 1,1,2016-06-24T00:25:58.000,2016-06-24T00:25:45.000
Notificacion estudiante cancelacion soli,127707,22475,Notificacion estudiante cancelacion soli,22475,Fluxicon Disco,Variant 1,1,2016-06-24T00:39:29.000,2016-06-24T00:39:29.000
End,127707,End,End,End,Fluxicon Disco,Variant 1,1,2016-06-24T00:39:29.000,2016-06-24T00:39:29.000
Start,127752,Start,Start,Start,Fluxicon Disco,Variant 2,2,2016-06-23T21:01:19.000,2016-06-23T21:01:19.000
Traer informacion estudiante - banner,127752,4840,Traer informacion estudiante - banner,4840,Fluxicon Disco,Variant 2,2,2016-06-23T21:01:19.000,2016-06-23T21:01:19.000
Radicar Solicitud Homologacion,127752,4840,Radicar Solicitud Homologacion,4840,Fluxicon Disco,Variant 2,2,2016-06-23T21:01:27.000,2016-06-23T21:01:21.000
Validar solicitud,127752,29277,Validar solicitud,29277,Fluxicon Disco,Variant 2,2,2016-06-23T21:11:37.000,2016-06-23T21:07:45.000
Homologacion por grupo de cursos,127752,1007,Homologacion por grupo de cursos,1007,Fluxicon Disco,Variant 2,2,2016-06-24T14:39:51.000,2016-06-24T14:34:22.000
End,127752,End,End,End,Fluxicon Disco,Variant 2,2,2016-06-24T14:39:51.000,2016-06-24T14:39:51.000
Start,127753,Start,Start,Start,Fluxicon Disco,Variant 2,2,2016-06-23T21:14:44.000,2016-06-23T21:14:44.000
Traer informacion estudiante - banner,127753,4840,Traer informacion estudiante - banner,4840,Fluxicon Disco,Variant 2,2,2016-06-23T21:14:44.000,2016-06-23T21:14:44.000
Radicar Solicitud Homologacion,127753,4840,Radicar Solicitud Homologacion,4840,Fluxicon Disco,Variant 2,2,2016-06-23T21:14:49.000,2016-06-23T21:14:45.000
Validar solicitud,127753,29277,Validar solicitud,29277,Fluxicon Disco,Variant 2,2,2016-06-23T21:22:55.000,2016-06-23T21:19:15.000
Homologacion por grupo de cursos,127753,1007,Homologacion por grupo de cursos,1007,Fluxicon Disco,Variant 2,2,2016-06-24T14:47:33.000,2016-06-24T14:35:33.000
End,127753,End,End,End,Fluxicon Disco,Variant 2,2,2016-06-24T14:47:33.000,2016-06-24T14:47:33.000
Start,127866,Start,Start,Start,Fluxicon Disco,Variant 7,7,2016-06-24T20:36:21.000,2016-06-24T20:36:21.000
Traer informacion estudiante - banner,127866,27293,Traer informacion estudiante - banner,27293,Fluxicon Disco,Variant 7,7,2016-06-24T20:36:21.000,2016-06-24T20:36:21.000
Radicar Solicitud Homologacion,127866,27293,Radicar Solicitud Homologacion,27293,Fluxicon Disco,Variant 7,7,2016-06-24T20:36:23.000,2016-06-24T20:36:23.000
Cancelar Solicitud,127866,659,Cancelar Solicitud,659,Fluxicon Disco,Variant 7,7,2016-06-24T20:48:55.000,2016-06-24T20:42:46.000
Validar solicitud,127866,659,Validar solicitud,659,Fluxicon Disco,Variant 7,7,2016-06-24T20:42:54.000,2016-06-24T20:42:46.000
Notificacion estudiante cancelacion soli,127866,659,Notificacion estudiante cancelacion soli,659,Fluxicon Disco,Variant 7,7,2016-06-27T17:09:01.000,2016-06-27T17:09:01.000
End,127866,End,End,End,Fluxicon Disco,Variant 7,7,2016-06-27T17:09:01.000,2016-06-27T17:09:01.000
Start,127869,Start,Start,Start,Fluxicon Disco,Variant 1,1,2016-06-24T21:26:43.000,2016-06-24T21:26:43.000
Traer informacion estudiante - banner,127869,9711,Traer informacion estudiante - banner,9711,Fluxicon Disco,Variant 1,1,2016-06-24T21:26:43.000,2016-06-24T21:26:43.000
Radicar Solicitud Homologacion,127869,9711,Radicar Solicitud Homologacion,9711,Fluxicon Disco,Variant 1,1,2016-06-24T21:26:57.000,2016-06-24T21:26:44.000
Cancelar Solicitud,127869,9711,Cancelar Solicitud,9711,Fluxicon Disco,Variant 1,1,2016-06-24T21:43:55.000,2016-06-24T21:40:36.000
Notificacion estudiante cancelacion soli,127869,9711,Notificacion estudiante cancelacion soli,9711,Fluxicon Disco,Variant 1,1,2016-06-25T17:17:01.000,2016-06-25T17:17:01.000
End,127869,End,End,End,Fluxicon Disco,Variant 1,1,2016-06-25T17:17:01.000,2016-06-25T17:17:01.000
Start,127951,Start,Start,Start,Fluxicon Disco,Variant 1,1,2016-06-25T00:23:24.000,2016-06-25T00:23:24.000
Traer informacion estudiante - banner,127951,5668,Traer informacion estudiante - banner,5668,Fluxicon Disco,Variant 1,1,2016-06-25T00:23:24.000,2016-06-25T00:23:24.000
Radicar Solicitud Homologacion,127951,5668,Radicar Solicitud Homologacion,5668,Fluxicon Disco,Variant 1,1,2016-06-25T00:24:04.000,2016-06-25T00:23:28.000
Cancelar Solicitud,127951,29277,Cancelar Solicitud,29277,Fluxicon Disco,Variant 1,1,2016-06-25T03:03:39.000,2016-06-25T03:01:27.000
Notificacion estudiante cancelacion soli,127951,29277,Notificacion estudiante cancelacion soli,29277,Fluxicon Disco,Variant 1,1,2016-06-27T17:12:30.000,2016-06-27T17:12:30.000
End,127951,End,End,End,Fluxicon Disco,Variant 1,1,2016-06-27T17:12:30.000,2016-06-27T17:12:30.000
Start,128451,Start,Start,Start,Fluxicon Disco,Variant 1,1,2016-06-26T03:36:09.000,2016-06-26T03:36:09.000
Traer informacion estudiante - banner,128451,15370,Traer informacion estudiante - banner,15370,Fluxicon Disco,Variant 1,1,2016-06-26T03:36:09.000,2016-06-26T03:36:09.000
Radicar Solicitud Homologacion,128451,15370,Radicar Solicitud Homologacion,15370,Fluxicon Disco,Variant 1,1,2016-06-26T03:36:14.000,2016-06-26T03:36:14.000
Cancelar Solicitud,128451,15370,Cancelar Solicitud,15370,Fluxicon Disco,Variant 1,1,2016-06-26T03:52:27.000,2016-06-26T03:52:27.000
Notificacion estudiante cancelacion soli,128451,15370,Notificacion estudiante cancelacion soli,15370,Fluxicon Disco,Variant 1,1,2016-06-26T04:06:18.000,2016-06-26T04:06:18.000
End,128451,End,End,End,Fluxicon Disco,Variant 1,1,2016-06-26T04:06:18.000,2016-06-26T04:06:18.000
Start,128853,Start,Start,Start,Fluxicon Disco,Variant 1,1,2016-06-27T18:05:20.000,2016-06-27T18:05:20.000
Traer informacion estudiante - banner,128853,7147,Traer informacion estudiante - banner,7147,Fluxicon Disco,Variant 1,1,2016-06-27T18:05:20.000,2016-06-27T18:05:20.000
Radicar Solicitud Homologacion,128853,7147,Radicar Solicitud Homologacion,7147,Fluxicon Disco,Variant 1,1,2016-06-27T18:06:15.000,2016-06-27T18:05:21.000
Cancelar Solicitud,128853,29277,Cancelar Solicitud,29277,Fluxicon Disco,Variant 1,1,2016-06-27T19:47:56.000,2016-06-27T19:42:06.000
Notificacion estudiante cancelacion soli,128853,29277,Notificacion estudiante cancelacion soli,29277,Fluxicon Disco,Variant 1,1,2016-06-28T16:50:13.000,2016-06-28T16:50:13.000
End,128853,End,End,End,Fluxicon Disco,Variant 1,1,2016-06-28T16:50:13.000,2016-06-28T16:50:13.000
Start,128860,Start,Start,Start,Fluxicon Disco,Variant 1,1,2016-06-27T20:08:37.000,2016-06-27T20:08:37.000
Traer informacion estudiante - banner,128860,8486,Traer informacion estudiante - banner,8486,Fluxicon Disco,Variant 1,1,2016-06-27T20:08:37.000,2016-06-27T20:08:37.000
Radicar Solicitud Homologacion,128860,8486,Radicar Solicitud Homologacion,8486,Fluxicon Disco,Variant 1,1,2016-06-27T20:08:42.000,2016-06-27T20:08:38.000
Cancelar Solicitud,128860,29277,Cancelar Solicitud,29277,Fluxicon Disco,Variant 1,1,2016-06-27T21:05:14.000,2016-06-27T21:04:47.000
Notificacion estudiante cancelacion soli,128860,29277,Notificacion estudiante cancelacion soli,29277,Fluxicon Disco,Variant 1,1,2016-06-27T21:32:31.000,2016-06-27T21:32:31.000
End,128860,End,End,End,Fluxicon Disco,Variant 1,1,2016-06-27T21:32:31.000,2016-06-27T21:32:31.000
Start,128951,Start,Start,Start,Fluxicon Disco,Variant 1,1,2016-06-27T15:15:50.000,2016-06-27T15:15:50.000
Traer informacion estudiante - banner,128951,369,Traer informacion estudiante - banner,369,Fluxicon Disco,Variant 1,1,2016-06-27T15:15:50.000,2016-06-27T15:15:50.000
Radicar Solicitud Homologacion,128951,369,Radicar Solicitud Homologacion,369,Fluxicon Disco,Variant 1,1,2016-06-27T15:23:35.000,2016-06-27T15:15:51.000
Cancelar Solicitud,128951,669,Cancelar Solicitud,669,Fluxicon Disco,Variant 1,1,2016-06-28T02:40:32.000,2016-06-28T02:40:17.000
Notificacion estudiante cancelacion soli,128951,669,Notificacion estudiante cancelacion soli,669,Fluxicon Disco,Variant 1,1,2016-06-28T15:15:46.000,2016-06-28T15:15:46.000
End,128951,End,End,End,Fluxicon Disco,Variant 1,1,2016-06-28T15:15:46.000,2016-06-28T15:15:46.000
Start,129002,Start,Start,Start,Fluxicon Disco,Variant 7,7,2016-06-27T22:56:36.000,2016-06-27T22:56:36.000
Traer informacion estudiante - banner,129002,4701,Traer informacion estudiante - banner,4701,Fluxicon Disco,Variant 7,7,2016-06-27T22:56:36.000,2016-06-27T22:56:36.000
Radicar Solicitud Homologacion,129002,4701,Radicar Solicitud Homologacion,4701,Fluxicon Disco,Variant 7,7,2016-06-27T22:56:53.000,2016-06-27T22:56:40.000
Cancelar Solicitud,129002,29277,Cancelar Solicitud,29277,Fluxicon Disco,Variant 7,7,2016-06-27T23:12:14.000,2016-06-27T23:09:59.000
Validar solicitud,129002,29277,Validar solicitud,29277,Fluxicon Disco,Variant 7,7,2016-06-27T23:12:11.000,2016-06-27T23:09:59.000
Notificacion estudiante cancelacion soli,129002,29277,Notificacion estudiante cancelacion soli,29277,Fluxicon Disco,Variant 7,7,2016-06-28T15:25:10.000,2016-06-28T15:25:10.000
End,129002,End,End,End,Fluxicon Disco,Variant 7,7,2016-06-28T15:25:10.000,2016-06-28T15:25:10.000
Start,129052,Start,Start,Start,Fluxicon Disco,Variant 1,1,2016-06-28T02:41:26.000,2016-06-28T02:41:26.000
Traer informacion estudiante - banner,129052,369,Traer informacion estudiante - banner,369,Fluxicon Disco,Variant 1,1,2016-06-28T02:41:26.000,2016-06-28T02:41:26.000
Radicar Solicitud Homologacion,129052,369,Radicar Solicitud Homologacion,369,Fluxicon Disco,Variant 1,1,2016-06-28T02:41:27.000,2016-06-28T02:41:27.000
Cancelar Solicitud,129052,669,Cancelar Solicitud,669,Fluxicon Disco,Variant 1,1,2016-06-28T02:45:41.000,2016-06-28T02:45:29.000
Notificacion estudiante cancelacion soli,129052,669,Notificacion estudiante cancelacion soli,669,Fluxicon Disco,Variant 1,1,2016-06-28T15:12:44.000,2016-06-28T15:12:44.000
End,129052,End,End,End,Fluxicon Disco,Variant 1,1,2016-06-28T15:12:44.000,2016-06-28T15:12:44.000
Start,129254,Start,Start,Start,Fluxicon Disco,Variant 2,2,2016-06-28T13:34:25.000,2016-06-28T13:34:25.000
Traer informacion estudiante - banner,129254,19692,Traer informacion estudiante - banner,19692,Fluxicon Disco,Variant 2,2,2016-06-28T13:34:25.000,2016-06-28T13:34:25.000
Radicar Solicitud Homologacion,129254,19692,Radicar Solicitud Homologacion,19692,Fluxicon Disco,Variant 2,2,2016-06-28T13:34:25.000,2016-06-28T13:34:25.000
Validar solicitud,129254,29277,Validar solicitud,29277,Fluxicon Disco,Variant 2,2,2016-06-28T13:39:09.000,2016-06-28T13:38:41.000
Homologacion por grupo de cursos,129254,1007,Homologacion por grupo de cursos,1007,Fluxicon Disco,Variant 2,2,2016-06-28T15:32:57.000,2016-06-28T15:28:36.000
End,129254,End,End,End,Fluxicon Disco,Variant 2,2,2016-06-28T15:32:57.000,2016-06-28T15:32:57.000
Start,129262,Start,Start,Start,Fluxicon Disco,Variant 2,2,2016-06-28T14:08:14.000,2016-06-28T14:08:14.000
Traer informacion estudiante - banner,129262,19692,Traer informacion estudiante - banner,19692,Fluxicon Disco,Variant 2,2,2016-06-28T14:08:14.000,2016-06-28T14:08:14.000
Radicar Solicitud Homologacion,129262,19692,Radicar Solicitud Homologacion,19692,Fluxicon Disco,Variant 2,2,2016-06-28T14:08:15.000,2016-06-28T14:08:15.000
Validar solicitud,129262,29277,Validar solicitud,29277,Fluxicon Disco,Variant 2,2,2016-06-28T14:11:15.000,2016-06-28T14:10:32.000
Homologacion por grupo de cursos,129262,1007,Homologacion por grupo de cursos,1007,Fluxicon Disco,Variant 2,2,2016-06-28T15:47:25.000,2016-06-28T15:43:19.000
End,129262,End,End,End,Fluxicon Disco,Variant 2,2,2016-06-28T15:47:25.000,2016-06-28T15:47:25.000
Start,81051,Start,Start,Start,Fluxicon Disco,Variant 2,2,2016-02-01T12:23:52.000,2016-02-01T12:23:52.000
Traer informacion estudiante - banner,81051,8997,Traer informacion estudiante - banner,8997,Fluxicon Disco,Variant 2,2,2016-02-01T12:23:52.000,2016-02-01T12:23:52.000
Radicar Solicitud Homologacion,81051,8997,Radicar Solicitud Homologacion,8997,Fluxicon Disco,Variant 2,2,2016-02-01T12:24:02.000,2016-02-01T12:24:02.000
Validar solicitud,81051,387,Validar solicitud,387,Fluxicon Disco,Variant 2,2,2016-02-01T12:32:06.000,2016-02-01T12:27:47.000
Homologacion por grupo de cursos,81051,1007,Homologacion por grupo de cursos,1007,Fluxicon Disco,Variant 2,2,2016-02-01T20:38:15.000,2016-02-01T20:19:41.000
End,81051,End,End,End,Fluxicon Disco,Variant 2,2,2016-02-01T20:38:15.000,2016-02-01T20:38:15.000
Start,81102,Start,Start,Start,Fluxicon Disco,Variant 2,2,2016-02-01T17:53:46.000,2016-02-01T17:53:46.000
Traer informacion estudiante - banner,81102,6426,Traer informacion estudiante - banner,6426,Fluxicon Disco,Variant 2,2,2016-02-01T17:53:46.000,2016-02-01T17:53:46.000
Radicar Solicitud Homologacion,81102,6426,Radicar Solicitud Homologacion,6426,Fluxicon Disco,Variant 2,2,2016-02-01T18:09:56.000,2016-02-01T17:53:50.000
Validar solicitud,81102,22475,Validar solicitud,22475,Fluxicon Disco,Variant 2,2,2016-02-03T18:49:35.000,2016-02-03T18:47:36.000
Homologacion por grupo de cursos,81102,1343,Homologacion por grupo de cursos,1343,Fluxicon Disco,Variant 2,2,2016-02-03T22:48:38.000,2016-02-03T21:59:19.000
End,81102,End,End,End,Fluxicon Disco,Variant 2,2,2016-02-03T22:48:38.000,2016-02-03T22:48:38.000
Start,81201,Start,Start,Start,Fluxicon Disco,Variant 22,22,2016-02-02T06:39:32.000,2016-02-02T06:39:32.000
Traer informacion estudiante - banner,81201,8916,Traer informacion estudiante - banner,8916,Fluxicon Disco,Variant 22,22,2016-02-02T06:39:32.000,2016-02-02T06:39:32.000
Radicar Solicitud Homologacion,81201,8916,Radicar Solicitud Homologacion,8916,Fluxicon Disco,Variant 22,22,2016-02-02T06:55:38.000,2016-02-02T06:39:38.000
Notificacion estudiante cancelacion soli,81201,8916,Notificacion estudiante cancelacion soli,8916,Fluxicon Disco,Variant 22,22,2016-02-04T03:15:31.000,2016-02-04T03:15:31.000
Cancelar Solicitud,81201,8916,Cancelar Solicitud,8916,Fluxicon Disco,Variant 22,22,2016-02-04T05:15:12.000,2016-02-04T05:15:12.000
End,81201,End,End,End,Fluxicon Disco,Variant 22,22,2016-02-04T05:15:12.000,2016-02-04T05:15:12.000
Start,81301,Start,Start,Start,Fluxicon Disco,Variant 9,9,2016-02-02T09:30:08.000,2016-02-02T09:30:08.000
Traer informacion estudiante - banner,81301,4867,Traer informacion estudiante - banner,4867,Fluxicon Disco,Variant 9,9,2016-02-02T09:30:08.000,2016-02-02T09:30:08.000
Radicar Solicitud Homologacion,81301,4867,Radicar Solicitud Homologacion,4867,Fluxicon Disco,Variant 9,9,2016-02-02T09:30:12.000,2016-02-02T09:30:12.000
Validar solicitud,81301,22475,Validar solicitud,22475,Fluxicon Disco,Variant 9,9,2016-02-02T09:49:59.000,2016-02-02T09:38:03.000
Cancelar Solicitud,81301,669,Cancelar Solicitud,669,Fluxicon Disco,Variant 9,9,2016-02-02T10:10:03.000,2016-02-02T09:38:03.000
Notificacion estudiante cancelacion soli,81301,669,Notificacion estudiante cancelacion soli,669,Fluxicon Disco,Variant 9,9,2016-02-08T13:22:23.000,2016-02-08T13:22:23.000
End,81301,End,End,End,Fluxicon Disco,Variant 9,9,2016-02-08T13:22:23.000,2016-02-08T13:22:23.000
Start,81801,Start,Start,Start,Fluxicon Disco,Variant 15,15,2016-02-03T14:03:14.000,2016-02-03T14:03:14.000
Homologacion por grupo de cursos,81801,1007,Homologacion por grupo de cursos,1007,Fluxicon Disco,Variant 15,15,2016-02-03T15:11:05.000,2016-02-03T14:03:14.000
Traer informacion estudiante - banner,81801,8997,Traer informacion estudiante - banner,8997,Fluxicon Disco,Variant 15,15,2016-02-03T15:13:10.000,2016-02-03T15:13:10.000
Radicar Solicitud Homologacion,81801,8997,Radicar Solicitud Homologacion,8997,Fluxicon Disco,Variant 15,15,2016-02-03T15:13:57.000,2016-02-03T15:13:17.000
Validar solicitud,81801,19019,Validar solicitud,19019,Fluxicon Disco,Variant 15,15,2016-02-03T15:54:00.000,2016-02-03T15:54:00.000
End,81801,End,End,End,Fluxicon Disco,Variant 15,15,2016-02-03T15:54:00.000,2016-02-03T15:54:00.000
Start,81802,Start,Start,Start,Fluxicon Disco,Variant 2,2,2016-02-03T15:22:13.000,2016-02-03T15:22:13.000
Traer informacion estudiante - banner,81802,8997,Traer informacion estudiante - banner,8997,Fluxicon Disco,Variant 2,2,2016-02-03T15:22:13.000,2016-02-03T15:22:13.000
Radicar Solicitud Homologacion,81802,8997,Radicar Solicitud Homologacion,8997,Fluxicon Disco,Variant 2,2,2016-02-03T15:22:19.000,2016-02-03T15:22:14.000
Validar solicitud,81802,387,Validar solicitud,387,Fluxicon Disco,Variant 2,2,2016-02-03T15:29:03.000,2016-02-03T15:27:40.000
Homologacion por grupo de cursos,81802,1007,Homologacion por grupo de cursos,1007,Fluxicon Disco,Variant 2,2,2016-02-04T01:39:09.000,2016-02-03T16:51:35.000
End,81802,End,End,End,Fluxicon Disco,Variant 2,2,2016-02-04T01:39:09.000,2016-02-04T01:39:09.000
Start,81803,Start,Start,Start,Fluxicon Disco,Variant 2,2,2016-02-03T15:29:30.000,2016-02-03T15:29:30.000
Traer informacion estudiante - banner,81803,8997,Traer informacion estudiante - banner,8997,Fluxicon Disco,Variant 2,2,2016-02-03T15:29:30.000,2016-02-03T15:29:30.000
Radicar Solicitud Homologacion,81803,8997,Radicar Solicitud Homologacion,8997,Fluxicon Disco,Variant 2,2,2016-02-03T15:29:38.000,2016-02-03T15:29:31.000
Validar solicitud,81803,387,Validar solicitud,387,Fluxicon Disco,Variant 2,2,2016-02-03T15:38:13.000,2016-02-03T15:36:58.000
Homologacion por grupo de cursos,81803,22491,Homologacion por grupo de cursos,22491,Fluxicon Disco,Variant 2,2,2016-02-03T19:57:36.000,2016-02-03T16:52:29.000
End,81803,End,End,End,Fluxicon Disco,Variant 2,2,2016-02-03T19:57:36.000,2016-02-03T19:57:36.000
Start,81804,Start,Start,Start,Fluxicon Disco,Variant 2,2,2016-02-03T15:39:44.000,2016-02-03T15:39:44.000
Traer informacion estudiante - banner,81804,8997,Traer informacion estudiante - banner,8997,Fluxicon Disco,Variant 2,2,2016-02-03T15:39:44.000,2016-02-03T15:39:44.000
Radicar Solicitud Homologacion,81804,8997,Radicar Solicitud Homologacion,8997,Fluxicon Disco,Variant 2,2,2016-02-03T15:39:54.000,2016-02-03T15:39:45.000
Validar solicitud,81804,387,Validar solicitud,387,Fluxicon Disco,Variant 2,2,2016-02-03T15:50:19.000,2016-02-03T15:49:16.000
Homologacion por grupo de cursos,81804,1007,Homologacion por grupo de cursos,1007,Fluxicon Disco,Variant 2,2,2016-02-03T17:12:02.000,2016-02-03T16:52:59.000
End,81804,End,End,End,Fluxicon Disco,Variant 2,2,2016-02-03T17:12:02.000,2016-02-03T17:12:02.000
Start,81805,Start,Start,Start,Fluxicon Disco,Variant 2,2,2016-02-03T15:54:27.000,2016-02-03T15:54:27.000
Traer informacion estudiante - banner,81805,8997,Traer informacion estudiante - banner,8997,Fluxicon Disco,Variant 2,2,2016-02-03T15:54:27.000,2016-02-03T15:54:27.000
Radicar Solicitud Homologacion,81805,8997,Radicar Solicitud Homologacion,8997,Fluxicon Disco,Variant 2,2,2016-02-03T15:54:32.000,2016-02-03T15:54:28.000
Validar solicitud,81805,387,Validar solicitud,387,Fluxicon Disco,Variant 2,2,2016-02-03T15:59:42.000,2016-02-03T15:58:47.000
Homologacion por grupo de cursos,81805,1007,Homologacion por grupo de cursos,1007,Fluxicon Disco,Variant 2,2,2016-02-03T17:13:43.000,2016-02-03T16:54:40.000
End,81805,End,End,End,Fluxicon Disco,Variant 2,2,2016-02-03T17:13:43.000,2016-02-03T17:13:43.000
Start,81851,Start,Start,Start,Fluxicon Disco,Variant 1,1,2016-02-03T13:24:22.000,2016-02-03T13:24:22.000
Traer informacion estudiante - banner,81851,955,Traer informacion estudiante - banner,955,Fluxicon Disco,Variant 1,1,2016-02-03T13:24:22.000,2016-02-03T13:24:22.000
Radicar Solicitud Homologacion,81851,955,Radicar Solicitud Homologacion,955,Fluxicon Disco,Variant 1,1,2016-02-03T13:30:27.000,2016-02-03T13:24:26.000
Cancelar Solicitud,81851,22475,Cancelar Solicitud,22475,Fluxicon Disco,Variant 1,1,2016-02-03T22:17:37.000,2016-02-03T22:01:07.000
Notificacion estudiante cancelacion soli,81851,22475,Notificacion estudiante cancelacion soli,22475,Fluxicon Disco,Variant 1,1,2016-02-05T22:31:27.000,2016-02-05T22:31:27.000
End,81851,End,End,End,Fluxicon Disco,Variant 1,1,2016-02-05T22:31:27.000,2016-02-05T22:31:27.000
Start,81951,Start,Start,Start,Fluxicon Disco,Variant 1,1,2016-02-03T20:22:37.000,2016-02-03T20:22:37.000
Traer informacion estudiante - banner,81951,8443,Traer informacion estudiante - banner,8443,Fluxicon Disco,Variant 1,1,2016-02-03T20:22:37.000,2016-02-03T20:22:37.000
Radicar Solicitud Homologacion,81951,8443,Radicar Solicitud Homologacion,8443,Fluxicon Disco,Variant 1,1,2016-02-03T20:50:18.000,2016-02-03T20:22:41.000
Cancelar Solicitud,81951,8443,Cancelar Solicitud,8443,Fluxicon Disco,Variant 1,1,2016-02-09T04:18:13.000,2016-02-09T02:52:53.000
Notificacion estudiante cancelacion soli,81951,8443,Notificacion estudiante cancelacion soli,8443,Fluxicon Disco,Variant 1,1,2016-02-23T21:20:40.000,2016-02-23T21:20:40.000
End,81951,End,End,End,Fluxicon Disco,Variant 1,1,2016-02-23T21:20:40.000,2016-02-23T21:20:40.000
Start,82008,Start,Start,Start,Fluxicon Disco,Variant 2,2,2016-02-03T22:08:17.000,2016-02-03T22:08:17.000
Traer informacion estudiante - banner,82008,955,Traer informacion estudiante - banner,955,Fluxicon Disco,Variant 2,2,2016-02-03T22:08:17.000,2016-02-03T22:08:17.000
Radicar Solicitud Homologacion,82008,955,Radicar Solicitud Homologacion,955,Fluxicon Disco,Variant 2,2,2016-02-03T22:08:29.000,2016-02-03T22:08:18.000
Validar solicitud,82008,1707,Validar solicitud,1707,Fluxicon Disco,Variant 2,2,2016-02-03T23:04:55.000,2016-02-03T22:19:36.000
Homologacion por grupo de cursos,82008,15930,Homologacion por grupo de cursos,15930,Fluxicon Disco,Variant 2,2,2016-02-11T19:55:40.000,2016-02-11T17:39:20.000
End,82008,End,End,End,Fluxicon Disco,Variant 2,2,2016-02-11T19:55:40.000,2016-02-11T19:55:40.000
Start,82009,Start,Start,Start,Fluxicon Disco,Variant 2,2,2016-02-03T22:20:30.000,2016-02-03T22:20:30.000
Traer informacion estudiante - banner,82009,955,Traer informacion estudiante - banner,955,Fluxicon Disco,Variant 2,2,2016-02-03T22:20:30.000,2016-02-03T22:20:30.000
Radicar Solicitud Homologacion,82009,955,Radicar Solicitud Homologacion,955,Fluxicon Disco,Variant 2,2,2016-02-03T22:20:39.000,2016-02-03T22:20:31.000
Validar solicitud,82009,1707,Validar solicitud,1707,Fluxicon Disco,Variant 2,2,2016-02-03T23:13:51.000,2016-02-03T22:28:42.000
Homologacion por grupo de cursos,82009,15930,Homologacion por grupo de cursos,15930,Fluxicon Disco,Variant 2,2,2016-02-11T19:51:10.000,2016-02-11T17:37:42.000
End,82009,End,End,End,Fluxicon Disco,Variant 2,2,2016-02-11T19:51:10.000,2016-02-11T19:51:10.000
Start,82054,Start,Start,Start,Fluxicon Disco,Variant 2,2,2016-02-04T01:15:40.000,2016-02-04T01:15:40.000
Traer informacion estudiante - banner,82054,18289,Traer informacion estudiante - banner,18289,Fluxicon Disco,Variant 2,2,2016-02-04T01:15:40.000,2016-02-04T01:15:40.000
Radicar Solicitud Homologacion,82054,18289,Radicar Solicitud Homologacion,18289,Fluxicon Disco,Variant 2,2,2016-02-04T01:15:41.000,2016-02-04T01:15:41.000
Validar solicitud,82054,22475,Validar solicitud,22475,Fluxicon Disco,Variant 2,2,2016-02-04T01:48:23.000,2016-02-04T01:34:06.000
Homologacion por grupo de cursos,82054,1343,Homologacion por grupo de cursos,1343,Fluxicon Disco,Variant 2,2,2016-02-05T22:50:08.000,2016-02-05T22:17:06.000
End,82054,End,End,End,Fluxicon Disco,Variant 2,2,2016-02-05T22:50:08.000,2016-02-05T22:50:08.000
Start,82101,Start,Start,Start,Fluxicon Disco,Variant 2,2,2016-02-04T02:31:58.000,2016-02-04T02:31:58.000
Traer informacion estudiante - banner,82101,16695,Traer informacion estudiante - banner,16695,Fluxicon Disco,Variant 2,2,2016-02-04T02:31:58.000,2016-02-04T02:31:58.000
Radicar Solicitud Homologacion,82101,16695,Radicar Solicitud Homologacion,16695,Fluxicon Disco,Variant 2,2,2016-02-04T02:33:00.000,2016-02-04T02:32:03.000
Validar solicitud,82101,659,Validar solicitud,659,Fluxicon Disco,Variant 2,2,2016-02-04T15:05:49.000,2016-02-04T14:57:57.000
Homologacion por grupo de cursos,82101,1422,Homologacion por grupo de cursos,1422,Fluxicon Disco,Variant 2,2,2016-02-05T14:51:10.000,2016-02-05T14:50:37.000
End,82101,End,End,End,Fluxicon Disco,Variant 2,2,2016-02-05T14:51:10.000,2016-02-05T14:51:10.000
Start,82102,Start,Start,Start,Fluxicon Disco,Variant 2,2,2016-02-04T02:55:28.000,2016-02-04T02:55:28.000
Traer informacion estudiante - banner,82102,528,Traer informacion estudiante - banner,528,Fluxicon Disco,Variant 2,2,2016-02-04T02:55:28.000,2016-02-04T02:55:28.000
Radicar Solicitud Homologacion,82102,528,Radicar Solicitud Homologacion,528,Fluxicon Disco,Variant 2,2,2016-02-04T02:55:29.000,2016-02-04T02:55:29.000
Validar solicitud,82102,716,Validar solicitud,716,Fluxicon Disco,Variant 2,2,2016-02-04T04:46:17.000,2016-02-04T04:18:54.000
Homologacion por grupo de cursos,82102,7394,Homologacion por grupo de cursos,7394,Fluxicon Disco,Variant 2,2,2016-02-09T18:52:30.000,2016-02-09T17:23:47.000
End,82102,End,End,End,Fluxicon Disco,Variant 2,2,2016-02-09T18:52:30.000,2016-02-09T18:52:30.000
Start,82151,Start,Start,Start,Fluxicon Disco,Variant 1,1,2016-02-04T00:39:02.000,2016-02-04T00:39:02.000
Traer informacion estudiante - banner,82151,6186,Traer informacion estudiante - banner,6186,Fluxicon Disco,Variant 1,1,2016-02-04T00:39:02.000,2016-02-04T00:39:02.000
Radicar Solicitud Homologacion,82151,6186,Radicar Solicitud Homologacion,6186,Fluxicon Disco,Variant 1,1,2016-02-04T00:39:07.000,2016-02-04T00:39:07.000
Cancelar Solicitud,82151,22404,Cancelar Solicitud,22404,Fluxicon Disco,Variant 1,1,2016-02-04T01:45:05.000,2016-02-04T00:55:20.000
Notificacion estudiante cancelacion soli,82151,22404,Notificacion estudiante cancelacion soli,22404,Fluxicon Disco,Variant 1,1,2016-02-12T15:45:53.000,2016-02-12T15:45:53.000
End,82151,End,End,End,Fluxicon Disco,Variant 1,1,2016-02-12T15:45:53.000,2016-02-12T15:45:53.000
Start,82251,Start,Start,Start,Fluxicon Disco,Variant 9,9,2016-02-04T05:20:38.000,2016-02-04T05:20:38.000
Traer informacion estudiante - banner,82251,8916,Traer informacion estudiante - banner,8916,Fluxicon Disco,Variant 9,9,2016-02-04T05:20:38.000,2016-02-04T05:20:38.000
Radicar Solicitud Homologacion,82251,8916,Radicar Solicitud Homologacion,8916,Fluxicon Disco,Variant 9,9,2016-02-04T05:20:41.000,2016-02-04T05:20:41.000
Validar solicitud,82251,669,Validar solicitud,669,Fluxicon Disco,Variant 9,9,2016-02-04T05:38:22.000,2016-02-04T05:28:26.000
Cancelar Solicitud,82251,8916,Cancelar Solicitud,8916,Fluxicon Disco,Variant 9,9,2016-02-04T06:07:51.000,2016-02-04T05:28:26.000
Notificacion estudiante cancelacion soli,82251,8916,Notificacion estudiante cancelacion soli,8916,Fluxicon Disco,Variant 9,9,2016-02-10T23:25:56.000,2016-02-10T23:25:56.000
End,82251,End,End,End,Fluxicon Disco,Variant 9,9,2016-02-10T23:25:56.000,2016-02-10T23:25:56.000
Start,82301,Start,Start,Start,Fluxicon Disco,Variant 43,43,2016-02-04T06:55:23.000,2016-02-04T06:55:23.000
Traer informacion estudiante - banner,82301,8186,Traer informacion estudiante - banner,8186,Fluxicon Disco,Variant 43,43,2016-02-04T06:55:23.000,2016-02-04T06:55:23.000
Radicar Solicitud Homologacion,82301,8186,Radicar Solicitud Homologacion,8186,Fluxicon Disco,Variant 43,43,2016-02-04T07:07:46.000,2016-02-04T06:55:26.000
Recepcion de documentos,82301,26789,Recepcion de documentos,26789,Fluxicon Disco,Variant 43,43,2016-02-06T06:33:26.000,2016-02-05T18:25:26.000
Homologacion por grupo de cursos,82301,1007,Homologacion por grupo de cursos,1007,Fluxicon Disco,Variant 43,43,2016-02-06T06:42:52.000,2016-02-05T18:25:27.000
Validar solicitud,82301,387,Validar solicitud,387,Fluxicon Disco,Variant 43,43,2016-02-05T20:20:17.000,2016-02-05T20:20:17.000
End,82301,End,End,End,Fluxicon Disco,Variant 43,43,2016-02-05T20:20:17.000,2016-02-05T20:20:17.000
Start,82503,Start,Start,Start,Fluxicon Disco,Variant 1,1,2016-02-04T13:47:27.000,2016-02-04T13:47:27.000
Traer informacion estudiante - banner,82503,8528,Traer informacion estudiante - banner,8528,Fluxicon Disco,Variant 1,1,2016-02-04T13:47:27.000,2016-02-04T13:47:27.000
Radicar Solicitud Homologacion,82503,8528,Radicar Solicitud Homologacion,8528,Fluxicon Disco,Variant 1,1,2016-02-04T13:47:36.000,2016-02-04T13:47:30.000
Cancelar Solicitud,82503,8528,Cancelar Solicitud,8528,Fluxicon Disco,Variant 1,1,2016-02-04T14:06:28.000,2016-02-04T14:06:17.000
Notificacion estudiante cancelacion soli,82503,8528,Notificacion estudiante cancelacion soli,8528,Fluxicon Disco,Variant 1,1,2016-02-04T14:18:12.000,2016-02-04T14:18:12.000
End,82503,End,End,End,Fluxicon Disco,Variant 1,1,2016-02-04T14:18:12.000,2016-02-04T14:18:12.000
Start,82505,Start,Start,Start,Fluxicon Disco,Variant 1,1,2016-02-04T14:06:44.000,2016-02-04T14:06:44.000
Traer informacion estudiante - banner,82505,8528,Traer informacion estudiante - banner,8528,Fluxicon Disco,Variant 1,1,2016-02-04T14:06:44.000,2016-02-04T14:06:44.000
Radicar Solicitud Homologacion,82505,8528,Radicar Solicitud Homologacion,8528,Fluxicon Disco,Variant 1,1,2016-02-04T14:06:50.000,2016-02-04T14:06:45.000
Cancelar Solicitud,82505,1707,Cancelar Solicitud,1707,Fluxicon Disco,Variant 1,1,2016-02-04T14:56:14.000,2016-02-04T14:12:27.000
Notificacion estudiante cancelacion soli,82505,1707,Notificacion estudiante cancelacion soli,1707,Fluxicon Disco,Variant 1,1,2016-02-11T18:15:32.000,2016-02-11T18:15:32.000
End,82505,End,End,End,Fluxicon Disco,Variant 1,1,2016-02-11T18:15:32.000,2016-02-11T18:15:32.000
Start,82506,Start,Start,Start,Fluxicon Disco,Variant 2,2,2016-02-04T14:16:32.000,2016-02-04T14:16:32.000
Traer informacion estudiante - banner,82506,2804,Traer informacion estudiante - banner,2804,Fluxicon Disco,Variant 2,2,2016-02-04T14:16:32.000,2016-02-04T14:16:32.000
Radicar Solicitud Homologacion,82506,2804,Radicar Solicitud Homologacion,2804,Fluxicon Disco,Variant 2,2,2016-02-04T14:16:40.000,2016-02-04T14:16:33.000
Validar solicitud,82506,677,Validar solicitud,677,Fluxicon Disco,Variant 2,2,2016-02-04T14:40:05.000,2016-02-04T14:24:30.000
Homologacion por grupo de cursos,82506,3445,Homologacion por grupo de cursos,3445,Fluxicon Disco,Variant 2,2,2016-02-08T15:24:31.000,2016-02-08T13:36:31.000
End,82506,End,End,End,Fluxicon Disco,Variant 2,2,2016-02-08T15:24:31.000,2016-02-08T15:24:31.000
Start,82507,Start,Start,Start,Fluxicon Disco,Variant 2,2,2016-02-04T14:18:19.000,2016-02-04T14:18:19.000
Traer informacion estudiante - banner,82507,8528,Traer informacion estudiante - banner,8528,Fluxicon Disco,Variant 2,2,2016-02-04T14:18:19.000,2016-02-04T14:18:19.000
Radicar Solicitud Homologacion,82507,8528,Radicar Solicitud Homologacion,8528,Fluxicon Disco,Variant 2,2,2016-02-04T14:18:21.000,2016-02-04T14:18:20.000
Validar solicitud,82507,6694,Validar solicitud,6694,Fluxicon Disco,Variant 2,2,2016-02-04T14:29:27.000,2016-02-04T14:19:58.000
Homologacion por grupo de cursos,82507,6990,Homologacion por grupo de cursos,6990,Fluxicon Disco,Variant 2,2,2016-02-05T18:23:54.000,2016-02-05T15:49:44.000
End,82507,End,End,End,Fluxicon Disco,Variant 2,2,2016-02-05T18:23:54.000,2016-02-05T18:23:54.000
Start,82508,Start,Start,Start,Fluxicon Disco,Variant 2,2,2016-02-04T14:24:47.000,2016-02-04T14:24:47.000
Traer informacion estudiante - banner,82508,8528,Traer informacion estudiante - banner,8528,Fluxicon Disco,Variant 2,2,2016-02-04T14:24:47.000,2016-02-04T14:24:47.000
Radicar Solicitud Homologacion,82508,8528,Radicar Solicitud Homologacion,8528,Fluxicon Disco,Variant 2,2,2016-02-04T14:24:57.000,2016-02-04T14:24:49.000
Validar solicitud,82508,1707,Validar solicitud,1707,Fluxicon Disco,Variant 2,2,2016-02-04T15:17:00.000,2016-02-04T14:33:34.000
Homologacion por grupo de cursos,82508,15930,Homologacion por grupo de cursos,15930,Fluxicon Disco,Variant 2,2,2016-02-11T20:57:32.000,2016-02-11T18:12:01.000
End,82508,End,End,End,Fluxicon Disco,Variant 2,2,2016-02-11T20:57:32.000,2016-02-11T20:57:32.000
Start,82604,Start,Start,Start,Fluxicon Disco,Variant 2,2,2016-02-04T20:15:57.000,2016-02-04T20:15:57.000
Traer informacion estudiante - banner,82604,8450,Traer informacion estudiante - banner,8450,Fluxicon Disco,Variant 2,2,2016-02-04T20:15:57.000,2016-02-04T20:15:57.000
Radicar Solicitud Homologacion,82604,8450,Radicar Solicitud Homologacion,8450,Fluxicon Disco,Variant 2,2,2016-02-04T20:16:08.000,2016-02-04T20:16:00.000
Validar solicitud,82604,18929,Validar solicitud,18929,Fluxicon Disco,Variant 2,2,2016-02-04T22:03:47.000,2016-02-04T20:24:12.000
Homologacion por grupo de cursos,82604,18929,Homologacion por grupo de cursos,18929,Fluxicon Disco,Variant 2,2,2016-02-23T20:50:58.000,2016-02-23T12:00:08.000
End,82604,End,End,End,Fluxicon Disco,Variant 2,2,2016-02-23T20:50:58.000,2016-02-23T20:50:58.000
Start,82651,Start,Start,Start,Fluxicon Disco,Variant 2,2,2016-02-04T22:01:04.000,2016-02-04T22:01:04.000
Traer informacion estudiante - banner,82651,2925,Traer informacion estudiante - banner,2925,Fluxicon Disco,Variant 2,2,2016-02-04T22:01:04.000,2016-02-04T22:01:04.000
Radicar Solicitud Homologacion,82651,2925,Radicar Solicitud Homologacion,2925,Fluxicon Disco,Variant 2,2,2016-02-04T22:01:33.000,2016-02-04T22:01:08.000
Validar solicitud,82651,49,Validar solicitud,49,Fluxicon Disco,Variant 2,2,2016-02-04T22:50:31.000,2016-02-04T22:26:58.000
Homologacion por grupo de cursos,82651,2541,Homologacion por grupo de cursos,2541,Fluxicon Disco,Variant 2,2,2016-02-09T22:01:46.000,2016-02-09T22:00:18.000
End,82651,End,End,End,Fluxicon Disco,Variant 2,2,2016-02-09T22:01:46.000,2016-02-09T22:01:46.000
Start,82652,Start,Start,Start,Fluxicon Disco,Variant 2,2,2016-02-04T22:08:03.000,2016-02-04T22:08:03.000
Traer informacion estudiante - banner,82652,3421,Traer informacion estudiante - banner,3421,Fluxicon Disco,Variant 2,2,2016-02-04T22:08:03.000,2016-02-04T22:08:03.000
Radicar Solicitud Homologacion,82652,3421,Radicar Solicitud Homologacion,3421,Fluxicon Disco,Variant 2,2,2016-02-04T22:08:21.000,2016-02-04T22:08:04.000
Validar solicitud,82652,19019,Validar solicitud,19019,Fluxicon Disco,Variant 2,2,2016-02-04T22:33:13.000,2016-02-04T22:25:36.000
Homologacion por grupo de cursos,82652,1007,Homologacion por grupo de cursos,1007,Fluxicon Disco,Variant 2,2,2016-02-06T06:31:20.000,2016-02-05T22:02:57.000
End,82652,End,End,End,Fluxicon Disco,Variant 2,2,2016-02-06T06:31:20.000,2016-02-06T06:31:20.000
Start,82655,Start,Start,Start,Fluxicon Disco,Variant 16,16,2016-02-04T19:49:43.000,2016-02-04T19:49:43.000
Validar solicitud,82655,22475,Validar solicitud,22475,Fluxicon Disco,Variant 16,16,2016-02-04T19:59:50.000,2016-02-04T19:49:43.000
Traer informacion estudiante - banner,82655,2834,Traer informacion estudiante - banner,2834,Fluxicon Disco,Variant 16,16,2016-02-04T22:27:22.000,2016-02-04T22:27:22.000
Radicar Solicitud Homologacion,82655,2834,Radicar Solicitud Homologacion,2834,Fluxicon Disco,Variant 16,16,2016-02-04T22:27:23.000,2016-02-04T22:27:23.000
Homologacion por grupo de cursos,82655,1343,Homologacion por grupo de cursos,1343,Fluxicon Disco,Variant 16,16,2016-02-05T22:40:13.000,2016-02-05T22:07:02.000
End,82655,End,End,End,Fluxicon Disco,Variant 16,16,2016-02-05T22:40:13.000,2016-02-05T22:40:13.000
Start,82701,Start,Start,Start,Fluxicon Disco,Variant 9,9,2016-02-05T00:33:33.000,2016-02-05T00:33:33.000
Traer informacion estudiante - banner,82701,26147,Traer informacion estudiante - banner,26147,Fluxicon Disco,Variant 9,9,2016-02-05T00:33:33.000,2016-02-05T00:33:33.000
Radicar Solicitud Homologacion,82701,26147,Radicar Solicitud Homologacion,26147,Fluxicon Disco,Variant 9,9,2016-02-05T00:53:12.000,2016-02-05T00:33:38.000
Validar solicitud,82701,7080,Validar solicitud,7080,Fluxicon Disco,Variant 9,9,2016-02-09T18:07:18.000,2016-02-09T17:34:53.000
Cancelar Solicitud,82701,7080,Cancelar Solicitud,7080,Fluxicon Disco,Variant 9,9,2016-02-09T18:16:56.000,2016-02-09T17:34:54.000
Notificacion estudiante cancelacion soli,82701,7080,Notificacion estudiante cancelacion soli,7080,Fluxicon Disco,Variant 9,9,2016-02-16T21:37:36.000,2016-02-16T21:37:36.000
End,82701,End,End,End,Fluxicon Disco,Variant 9,9,2016-02-16T21:37:36.000,2016-02-16T21:37:36.000
Start,82801,Start,Start,Start,Fluxicon Disco,Variant 2,2,2016-02-04T23:29:25.000,2016-02-04T23:29:25.000
Traer informacion estudiante - banner,82801,5571,Traer informacion estudiante - banner,5571,Fluxicon Disco,Variant 2,2,2016-02-04T23:29:25.000,2016-02-04T23:29:25.000
Radicar Solicitud Homologacion,82801,5571,Radicar Solicitud Homologacion,5571,Fluxicon Disco,Variant 2,2,2016-02-04T23:30:00.000,2016-02-04T23:29:30.000
Validar solicitud,82801,669,Validar solicitud,669,Fluxicon Disco,Variant 2,2,2016-02-05T02:49:58.000,2016-02-05T02:48:08.000
Homologacion por grupo de cursos,82801,1343,Homologacion por grupo de cursos,1343,Fluxicon Disco,Variant 2,2,2016-02-05T16:28:11.000,2016-02-05T15:50:43.000
End,82801,End,End,End,Fluxicon Disco,Variant 2,2,2016-02-05T16:28:11.000,2016-02-05T16:28:11.000
Start,82802,Start,Start,Start,Fluxicon Disco,Variant 2,2,2016-02-04T23:41:16.000,2016-02-04T23:41:16.000
Traer informacion estudiante - banner,82802,9872,Traer informacion estudiante - banner,9872,Fluxicon Disco,Variant 2,2,2016-02-04T23:41:16.000,2016-02-04T23:41:16.000
Radicar Solicitud Homologacion,82802,9872,Radicar Solicitud Homologacion,9872,Fluxicon Disco,Variant 2,2,2016-02-04T23:41:28.000,2016-02-04T23:41:17.000
Validar solicitud,82802,1707,Validar solicitud,1707,Fluxicon Disco,Variant 2,2,2016-02-05T00:19:35.000,2016-02-04T23:52:53.000
Homologacion por grupo de cursos,82802,15930,Homologacion por grupo de cursos,15930,Fluxicon Disco,Variant 2,2,2016-02-10T19:30:33.000,2016-02-10T16:35:39.000
End,82802,End,End,End,Fluxicon Disco,Variant 2,2,2016-02-10T19:30:33.000,2016-02-10T19:30:33.000
Start,82851,Start,Start,Start,Fluxicon Disco,Variant 1,1,2016-02-05T10:18:45.000,2016-02-05T10:18:45.000
Traer informacion estudiante - banner,82851,8588,Traer informacion estudiante - banner,8588,Fluxicon Disco,Variant 1,1,2016-02-05T10:18:45.000,2016-02-05T10:18:45.000
Radicar Solicitud Homologacion,82851,8588,Radicar Solicitud Homologacion,8588,Fluxicon Disco,Variant 1,1,2016-02-05T10:54:52.000,2016-02-05T10:18:52.000
Cancelar Solicitud,82851,677,Cancelar Solicitud,677,Fluxicon Disco,Variant 1,1,2016-02-11T20:29:29.000,2016-02-11T19:29:29.000
Notificacion estudiante cancelacion soli,82851,677,Notificacion estudiante cancelacion soli,677,Fluxicon Disco,Variant 1,1,2016-02-23T13:11:02.000,2016-02-23T13:11:02.000
End,82851,End,End,End,Fluxicon Disco,Variant 1,1,2016-02-23T13:11:02.000,2016-02-23T13:11:02.000
Start,82902,Start,Start,Start,Fluxicon Disco,Variant 15,15,2016-02-05T13:40:37.000,2016-02-05T13:40:37.000
Homologacion por grupo de cursos,82902,1343,Homologacion por grupo de cursos,1343,Fluxicon Disco,Variant 15,15,2016-02-05T14:19:56.000,2016-02-05T13:40:37.000
Traer informacion estudiante - banner,82902,6159,Traer informacion estudiante - banner,6159,Fluxicon Disco,Variant 15,15,2016-02-05T16:10:51.000,2016-02-05T16:10:51.000
Radicar Solicitud Homologacion,82902,6159,Radicar Solicitud Homologacion,6159,Fluxicon Disco,Variant 15,15,2016-02-05T16:10:54.000,2016-02-05T16:10:52.000
Validar solicitud,82902,669,Validar solicitud,669,Fluxicon Disco,Variant 15,15,2016-02-05T16:13:41.000,2016-02-05T16:13:41.000
End,82902,End,End,End,Fluxicon Disco,Variant 15,15,2016-02-05T16:13:41.000,2016-02-05T16:13:41.000
Start,82903,Start,Start,Start,Fluxicon Disco,Variant 9,9,2016-02-05T18:03:29.000,2016-02-05T18:03:29.000
Traer informacion estudiante - banner,82903,8213,Traer informacion estudiante - banner,8213,Fluxicon Disco,Variant 9,9,2016-02-05T18:03:29.000,2016-02-05T18:03:29.000
Radicar Solicitud Homologacion,82903,8213,Radicar Solicitud Homologacion,8213,Fluxicon Disco,Variant 9,9,2016-02-05T18:03:30.000,2016-02-05T18:03:30.000
Validar solicitud,82903,1707,Validar solicitud,1707,Fluxicon Disco,Variant 9,9,2016-02-05T18:53:25.000,2016-02-05T18:21:25.000
Cancelar Solicitud,82903,8213,Cancelar Solicitud,8213,Fluxicon Disco,Variant 9,9,2016-02-05T19:05:25.000,2016-02-05T18:21:25.000
Notificacion estudiante cancelacion soli,82903,8213,Notificacion estudiante cancelacion soli,8213,Fluxicon Disco,Variant 9,9,2016-02-15T13:23:44.000,2016-02-15T13:23:44.000
End,82903,End,End,End,Fluxicon Disco,Variant 9,9,2016-02-15T13:23:44.000,2016-02-15T13:23:44.000
Start,82904,Start,Start,Start,Fluxicon Disco,Variant 2,2,2016-02-05T18:13:49.000,2016-02-05T18:13:49.000
Traer informacion estudiante - banner,82904,8213,Traer informacion estudiante - banner,8213,Fluxicon Disco,Variant 2,2,2016-02-05T18:13:49.000,2016-02-05T18:13:49.000
Radicar Solicitud Homologacion,82904,8213,Radicar Solicitud Homologacion,8213,Fluxicon Disco,Variant 2,2,2016-02-05T18:13:50.000,2016-02-05T18:13:50.000
Validar solicitud,82904,1707,Validar solicitud,1707,Fluxicon Disco,Variant 2,2,2016-02-05T18:52:09.000,2016-02-05T18:20:09.000
Homologacion por grupo de cursos,82904,1707,Homologacion por grupo de cursos,1707,Fluxicon Disco,Variant 2,2,2016-02-11T18:21:27.000,2016-02-11T18:08:11.000
End,82904,End,End,End,Fluxicon Disco,Variant 2,2,2016-02-11T18:21:27.000,2016-02-11T18:21:27.000
Start,82906,Start,Start,Start,Fluxicon Disco,Variant 25,25,2016-02-05T18:24:25.000,2016-02-05T18:24:25.000
Traer informacion estudiante - banner,82906,1910,Traer informacion estudiante - banner,1910,Fluxicon Disco,Variant 25,25,2016-02-05T18:24:25.000,2016-02-05T18:24:25.000
Radicar Solicitud Homologacion,82906,1910,Radicar Solicitud Homologacion,1910,Fluxicon Disco,Variant 25,25,2016-02-05T18:28:26.000,2016-02-05T18:24:26.000
Validar solicitud,82906,387,Validar solicitud,387,Fluxicon Disco,Variant 25,25,2016-02-06T16:09:57.000,2016-02-06T15:25:06.000
Homologacion por grupo de cursos,82906,1007,Homologacion por grupo de cursos,1007,Fluxicon Disco,Variant 25,25,2016-02-16T00:26:17.000,2016-02-15T20:51:09.000
Recepcion de documentos,82906,19019,Recepcion de documentos,19019,Fluxicon Disco,Variant 25,25,2016-02-16T00:10:17.000,2016-02-15T20:51:09.000
End,82906,End,End,End,Fluxicon Disco,Variant 25,25,2016-02-16T00:10:17.000,2016-02-16T00:10:17.000
Start,82909,Start,Start,Start,Fluxicon Disco,Variant 1,1,2016-02-05T23:42:58.000,2016-02-05T23:42:58.000
Traer informacion estudiante - banner,82909,12836,Traer informacion estudiante - banner,12836,Fluxicon Disco,Variant 1,1,2016-02-05T23:42:58.000,2016-02-05T23:42:58.000
Radicar Solicitud Homologacion,82909,12836,Radicar Solicitud Homologacion,12836,Fluxicon Disco,Variant 1,1,2016-02-05T23:43:09.000,2016-02-05T23:42:59.000
Cancelar Solicitud,82909,19019,Cancelar Solicitud,19019,Fluxicon Disco,Variant 1,1,2016-02-06T00:10:00.000,2016-02-05T23:53:54.000
Notificacion estudiante cancelacion soli,82909,19019,Notificacion estudiante cancelacion soli,19019,Fluxicon Disco,Variant 1,1,2016-02-10T13:07:32.000,2016-02-10T13:07:32.000
End,82909,End,End,End,Fluxicon Disco,Variant 1,1,2016-02-10T13:07:32.000,2016-02-10T13:07:32.000
Start,82910,Start,Start,Start,Fluxicon Disco,Variant 2,2,2016-02-05T23:54:28.000,2016-02-05T23:54:28.000
Traer informacion estudiante - banner,82910,12836,Traer informacion estudiante - banner,12836,Fluxicon Disco,Variant 2,2,2016-02-05T23:54:28.000,2016-02-05T23:54:28.000
Radicar Solicitud Homologacion,82910,12836,Radicar Solicitud Homologacion,12836,Fluxicon Disco,Variant 2,2,2016-02-05T23:54:34.000,2016-02-05T23:54:29.000
Validar solicitud,82910,1707,Validar solicitud,1707,Fluxicon Disco,Variant 2,2,2016-02-06T00:28:11.000,2016-02-06T00:00:11.000
Homologacion por grupo de cursos,82910,15930,Homologacion por grupo de cursos,15930,Fluxicon Disco,Variant 2,2,2016-02-11T20:22:29.000,2016-02-11T18:06:29.000
End,82910,End,End,End,Fluxicon Disco,Variant 2,2,2016-02-11T20:22:29.000,2016-02-11T20:22:29.000
Start,82952,Start,Start,Start,Fluxicon Disco,Variant 1,1,2016-02-05T14:52:59.000,2016-02-05T14:52:59.000
Traer informacion estudiante - banner,82952,4708,Traer informacion estudiante - banner,4708,Fluxicon Disco,Variant 1,1,2016-02-05T14:52:59.000,2016-02-05T14:52:59.000
Radicar Solicitud Homologacion,82952,4708,Radicar Solicitud Homologacion,4708,Fluxicon Disco,Variant 1,1,2016-02-05T14:53:19.000,2016-02-05T14:53:00.000
Cancelar Solicitud,82952,677,Cancelar Solicitud,677,Fluxicon Disco,Variant 1,1,2016-02-05T15:18:58.000,2016-02-05T15:12:11.000
Notificacion estudiante cancelacion soli,82952,677,Notificacion estudiante cancelacion soli,677,Fluxicon Disco,Variant 1,1,2016-02-08T13:52:36.000,2016-02-08T13:52:36.000
End,82952,End,End,End,Fluxicon Disco,Variant 1,1,2016-02-08T13:52:36.000,2016-02-08T13:52:36.000
Start,82960,Start,Start,Start,Fluxicon Disco,Variant 1,1,2016-02-05T18:30:31.000,2016-02-05T18:30:31.000
Traer informacion estudiante - banner,82960,11811,Traer informacion estudiante - banner,11811,Fluxicon Disco,Variant 1,1,2016-02-05T18:30:31.000,2016-02-05T18:30:31.000
Radicar Solicitud Homologacion,82960,11811,Radicar Solicitud Homologacion,11811,Fluxicon Disco,Variant 1,1,2016-02-05T18:30:32.000,2016-02-05T18:30:32.000
Cancelar Solicitud,82960,669,Cancelar Solicitud,669,Fluxicon Disco,Variant 1,1,2016-02-05T18:39:49.000,2016-02-05T18:37:13.000
Notificacion estudiante cancelacion soli,82960,669,Notificacion estudiante cancelacion soli,669,Fluxicon Disco,Variant 1,1,2016-02-05T22:36:38.000,2016-02-05T22:36:38.000
End,82960,End,End,End,Fluxicon Disco,Variant 1,1,2016-02-05T22:36:38.000,2016-02-05T22:36:38.000
Start,83051,Start,Start,Start,Fluxicon Disco,Variant 1,1,2016-02-06T02:14:46.000,2016-02-06T02:14:46.000
Traer informacion estudiante - banner,83051,10962,Traer informacion estudiante - banner,10962,Fluxicon Disco,Variant 1,1,2016-02-06T02:14:46.000,2016-02-06T02:14:46.000
Radicar Solicitud Homologacion,83051,10962,Radicar Solicitud Homologacion,10962,Fluxicon Disco,Variant 1,1,2016-02-06T02:14:49.000,2016-02-06T02:14:49.000
Cancelar Solicitud,83051,716,Cancelar Solicitud,716,Fluxicon Disco,Variant 1,1,2016-02-06T18:49:21.000,2016-02-06T16:01:21.000
Notificacion estudiante cancelacion soli,83051,716,Notificacion estudiante cancelacion soli,716,Fluxicon Disco,Variant 1,1,2016-03-08T12:51:08.000,2016-03-08T12:51:08.000
End,83051,End,End,End,Fluxicon Disco,Variant 1,1,2016-03-08T12:51:08.000,2016-03-08T12:51:08.000
Start,83053,Start,Start,Start,Fluxicon Disco,Variant 2,2,2016-02-06T02:34:43.000,2016-02-06T02:34:43.000
Traer informacion estudiante - banner,83053,6639,Traer informacion estudiante - banner,6639,Fluxicon Disco,Variant 2,2,2016-02-06T02:34:43.000,2016-02-06T02:34:43.000
Radicar Solicitud Homologacion,83053,6639,Radicar Solicitud Homologacion,6639,Fluxicon Disco,Variant 2,2,2016-02-06T02:34:44.000,2016-02-06T02:34:44.000
Validar solicitud,83053,22475,Validar solicitud,22475,Fluxicon Disco,Variant 2,2,2016-02-06T02:52:44.000,2016-02-06T02:52:44.000
Homologacion por grupo de cursos,83053,1343,Homologacion por grupo de cursos,1343,Fluxicon Disco,Variant 2,2,2016-02-08T12:53:18.000,2016-02-08T12:21:59.000
End,83053,End,End,End,Fluxicon Disco,Variant 2,2,2016-02-08T12:53:18.000,2016-02-08T12:53:18.000
Start,83201,Start,Start,Start,Fluxicon Disco,Variant 5,5,2016-02-06T11:48:18.000,2016-02-06T11:48:18.000
Traer informacion estudiante - banner,83201,11583,Traer informacion estudiante - banner,11583,Fluxicon Disco,Variant 5,5,2016-02-06T11:48:18.000,2016-02-06T11:48:18.000
Radicar Solicitud Homologacion,83201,11583,Radicar Solicitud Homologacion,11583,Fluxicon Disco,Variant 5,5,2016-02-06T12:26:12.000,2016-02-06T11:48:26.000
Notificacion estudiante cancelacion soli,83201,1,Notificacion estudiante cancelacion soli,1,Fluxicon Disco,Variant 5,5,2016-02-23T20:10:18.000,2016-02-23T20:10:18.000
End,83201,End,End,End,Fluxicon Disco,Variant 5,5,2016-02-23T20:10:18.000,2016-02-23T20:10:18.000
Start,83251,Start,Start,Start,Fluxicon Disco,Variant 44,44,2016-02-06T16:29:53.000,2016-02-06T16:29:53.000
Validar solicitud,83251,716,Validar solicitud,716,Fluxicon Disco,Variant 44,44,2016-02-06T18:09:21.000,2016-02-06T16:29:53.000
Traer informacion estudiante - banner,83251,7770,Traer informacion estudiante - banner,7770,Fluxicon Disco,Variant 44,44,2016-02-06T16:48:54.000,2016-02-06T16:48:54.000
Radicar Solicitud Homologacion,83251,7770,Radicar Solicitud Homologacion,7770,Fluxicon Disco,Variant 44,44,2016-02-06T16:49:00.000,2016-02-06T16:49:00.000
Homologacion por grupo de cursos,83251,7394,Homologacion por grupo de cursos,7394,Fluxicon Disco,Variant 44,44,2016-02-24T17:28:51.000,2016-02-24T17:28:01.000
Revisar curso,83251,716,Revisar curso,716,Fluxicon Disco,Variant 44,44,2016-02-24T17:28:03.000,2016-02-24T17:28:01.000
Evaluacion curso,83251,716,Evaluacion curso,716,Fluxicon Disco,Variant 44,44,2016-02-24T17:30:42.000,2016-02-24T17:30:02.000
Validacion final,83251,716,Validacion final,716,Fluxicon Disco,Variant 44,44,2016-02-24T20:10:59.000,2016-02-24T20:10:59.000
Visto Bueno Cierre Proceso,83251,7394,Visto Bueno Cierre Proceso,7394,Fluxicon Disco,Variant 44,44,2016-02-24T20:11:42.000,2016-02-24T20:11:36.000
Transferir Creditos,83251,7394,Transferir Creditos,7394,Fluxicon Disco,Variant 44,44,2016-02-24T20:18:04.000,2016-02-24T20:18:04.000
Transferir creditos homologables,83251,7394,Transferir creditos homologables,7394,Fluxicon Disco,Variant 44,44,2016-02-24T20:18:05.000,2016-02-24T20:18:05.000
Transferir creditos homologables,83251,7394,Transferir creditos homologables,7394,Fluxicon Disco,Variant 44,44,2016-02-24T20:18:05.000,2016-02-24T20:18:05.000
End,83251,End,End,End,Fluxicon Disco,Variant 44,44,2016-02-24T20:18:05.000,2016-02-24T20:18:05.000
Start,83252,Start,Start,Start,Fluxicon Disco,Variant 17,17,2016-02-06T15:08:27.000,2016-02-06T15:08:27.000
Cancelar Solicitud,83252,19019,Cancelar Solicitud,19019,Fluxicon Disco,Variant 17,17,2016-02-06T15:08:27.000,2016-02-06T15:08:27.000
Traer informacion estudiante - banner,83252,11204,Traer informacion estudiante - banner,11204,Fluxicon Disco,Variant 17,17,2016-02-06T17:12:15.000,2016-02-06T17:12:15.000
Radicar Solicitud Homologacion,83252,11204,Radicar Solicitud Homologacion,11204,Fluxicon Disco,Variant 17,17,2016-02-06T17:12:18.000,2016-02-06T17:12:18.000
Notificacion estudiante cancelacion soli,83252,19019,Notificacion estudiante cancelacion soli,19019,Fluxicon Disco,Variant 17,17,2016-02-08T13:01:35.000,2016-02-08T13:01:35.000
End,83252,End,End,End,Fluxicon Disco,Variant 17,17,2016-02-08T13:01:35.000,2016-02-08T13:01:35.000
Start,83601,Start,Start,Start,Fluxicon Disco,Variant 2,2,2016-02-07T14:53:43.000,2016-02-07T14:53:43.000
Traer informacion estudiante - banner,83601,12814,Traer informacion estudiante - banner,12814,Fluxicon Disco,Variant 2,2,2016-02-07T14:53:43.000,2016-02-07T14:53:43.000
Radicar Solicitud Homologacion,83601,12814,Radicar Solicitud Homologacion,12814,Fluxicon Disco,Variant 2,2,2016-02-07T14:53:50.000,2016-02-07T14:53:50.000
Validar solicitud,83601,6694,Validar solicitud,6694,Fluxicon Disco,Variant 2,2,2016-02-07T15:18:45.000,2016-02-07T15:18:45.000
Homologacion por grupo de cursos,83601,6971,Homologacion por grupo de cursos,6971,Fluxicon Disco,Variant 2,2,2016-02-08T11:56:36.000,2016-02-08T11:08:36.000
End,83601,End,End,End,Fluxicon Disco,Variant 2,2,2016-02-08T11:56:36.000,2016-02-08T11:56:36.000
Start,83651,Start,Start,Start,Fluxicon Disco,Variant 1,1,2016-02-07T16:00:59.000,2016-02-07T16:00:59.000
Traer informacion estudiante - banner,83651,9519,Traer informacion estudiante - banner,9519,Fluxicon Disco,Variant 1,1,2016-02-07T16:00:59.000,2016-02-07T16:00:59.000
Radicar Solicitud Homologacion,83651,9519,Radicar Solicitud Homologacion,9519,Fluxicon Disco,Variant 1,1,2016-02-07T16:01:06.000,2016-02-07T16:01:06.000
Cancelar Solicitud,83651,677,Cancelar Solicitud,677,Fluxicon Disco,Variant 1,1,2016-02-07T20:39:21.000,2016-02-07T20:38:26.000
Notificacion estudiante cancelacion soli,83651,677,Notificacion estudiante cancelacion soli,677,Fluxicon Disco,Variant 1,1,2016-02-08T14:55:59.000,2016-02-08T14:55:59.000
End,83651,End,End,End,Fluxicon Disco,Variant 1,1,2016-02-08T14:55:59.000,2016-02-08T14:55:59.000
Start,83753,Start,Start,Start,Fluxicon Disco,Variant 1,1,2016-02-07T22:54:40.000,2016-02-07T22:54:40.000
Traer informacion estudiante - banner,83753,9298,Traer informacion estudiante - banner,9298,Fluxicon Disco,Variant 1,1,2016-02-07T22:54:40.000,2016-02-07T22:54:40.000
Radicar Solicitud Homologacion,83753,9298,Radicar Solicitud Homologacion,9298,Fluxicon Disco,Variant 1,1,2016-02-07T22:54:43.000,2016-02-07T22:54:43.000
Cancelar Solicitud,83753,7297,Cancelar Solicitud,7297,Fluxicon Disco,Variant 1,1,2016-02-08T00:41:09.000,2016-02-07T23:37:04.000
Notificacion estudiante cancelacion soli,83753,7297,Notificacion estudiante cancelacion soli,7297,Fluxicon Disco,Variant 1,1,2016-02-18T14:05:37.000,2016-02-18T14:05:37.000
End,83753,End,End,End,Fluxicon Disco,Variant 1,1,2016-02-18T14:05:37.000,2016-02-18T14:05:37.000
Start,83852,Start,Start,Start,Fluxicon Disco,Variant 2,2,2016-02-07T21:18:22.000,2016-02-07T21:18:22.000
Traer informacion estudiante - banner,83852,5292,Traer informacion estudiante - banner,5292,Fluxicon Disco,Variant 2,2,2016-02-07T21:18:22.000,2016-02-07T21:18:22.000
Radicar Solicitud Homologacion,83852,5292,Radicar Solicitud Homologacion,5292,Fluxicon Disco,Variant 2,2,2016-02-07T21:42:25.000,2016-02-07T21:18:25.000
Validar solicitud,83852,19019,Validar solicitud,19019,Fluxicon Disco,Variant 2,2,2016-02-11T12:27:57.000,2016-02-11T12:26:11.000
Homologacion por grupo de cursos,83852,1007,Homologacion por grupo de cursos,1007,Fluxicon Disco,Variant 2,2,2016-02-11T16:11:37.000,2016-02-11T15:46:23.000
End,83852,End,End,End,Fluxicon Disco,Variant 2,2,2016-02-11T16:11:37.000,2016-02-11T16:11:37.000
Start,83853,Start,Start,Start,Fluxicon Disco,Variant 2,2,2016-02-07T21:57:26.000,2016-02-07T21:57:26.000
Traer informacion estudiante - banner,83853,5396,Traer informacion estudiante - banner,5396,Fluxicon Disco,Variant 2,2,2016-02-07T21:57:26.000,2016-02-07T21:57:26.000
Radicar Solicitud Homologacion,83853,5396,Radicar Solicitud Homologacion,5396,Fluxicon Disco,Variant 2,2,2016-02-07T22:21:30.000,2016-02-07T21:57:30.000
Validar solicitud,83853,5802,Validar solicitud,5802,Fluxicon Disco,Variant 2,2,2016-02-11T04:23:42.000,2016-02-11T03:17:57.000
Homologacion por grupo de cursos,83853,7323,Homologacion por grupo de cursos,7323,Fluxicon Disco,Variant 2,2,2016-02-23T17:03:43.000,2016-02-23T15:45:29.000
End,83853,End,End,End,Fluxicon Disco,Variant 2,2,2016-02-23T17:03:43.000,2016-02-23T17:03:43.000
Start,83902,Start,Start,Start,Fluxicon Disco,Variant 1,1,2016-02-08T02:52:19.000,2016-02-08T02:52:19.000
Traer informacion estudiante - banner,83902,22624,Traer informacion estudiante - banner,22624,Fluxicon Disco,Variant 1,1,2016-02-08T02:52:19.000,2016-02-08T02:52:19.000
Radicar Solicitud Homologacion,83902,22624,Radicar Solicitud Homologacion,22624,Fluxicon Disco,Variant 1,1,2016-02-08T02:52:21.000,2016-02-08T02:52:21.000
Cancelar Solicitud,83902,22624,Cancelar Solicitud,22624,Fluxicon Disco,Variant 1,1,2016-02-08T03:42:40.000,2016-02-08T03:42:40.000
Notificacion estudiante cancelacion soli,83902,22624,Notificacion estudiante cancelacion soli,22624,Fluxicon Disco,Variant 1,1,2016-02-08T04:02:18.000,2016-02-08T04:02:18.000
End,83902,End,End,End,Fluxicon Disco,Variant 1,1,2016-02-08T04:02:18.000,2016-02-08T04:02:18.000
Start,83903,Start,Start,Start,Fluxicon Disco,Variant 3,3,2016-02-08T03:49:25.000,2016-02-08T03:49:25.000
Traer informacion estudiante - banner,83903,22624,Traer informacion estudiante - banner,22624,Fluxicon Disco,Variant 3,3,2016-02-08T03:49:25.000,2016-02-08T03:49:25.000
Radicar Solicitud Homologacion,83903,22624,Radicar Solicitud Homologacion,22624,Fluxicon Disco,Variant 3,3,2016-02-08T03:49:29.000,2016-02-08T03:49:29.000
Validar solicitud,83903,716,Validar solicitud,716,Fluxicon Disco,Variant 3,3,2016-02-08T05:38:41.000,2016-02-08T03:59:46.000
Homologacion por grupo de cursos,83903,7394,Homologacion por grupo de cursos,7394,Fluxicon Disco,Variant 3,3,2016-02-24T16:56:56.000,2016-02-24T16:55:33.000
Revisar curso,83903,716,Revisar curso,716,Fluxicon Disco,Variant 3,3,2016-02-24T16:55:35.000,2016-02-24T16:55:34.000
Evaluacion curso,83903,716,Evaluacion curso,716,Fluxicon Disco,Variant 3,3,2016-02-24T16:58:16.000,2016-02-24T16:56:59.000
Validacion final,83903,716,Validacion final,716,Fluxicon Disco,Variant 3,3,2016-02-24T20:14:38.000,2016-02-24T20:14:37.000
Visto Bueno Cierre Proceso,83903,7394,Visto Bueno Cierre Proceso,7394,Fluxicon Disco,Variant 3,3,2016-02-24T20:15:55.000,2016-02-24T20:15:52.000
End,83903,End,End,End,Fluxicon Disco,Variant 3,3,2016-02-24T20:15:55.000,2016-02-24T20:15:55.000
Start,84001,Start,Start,Start,Fluxicon Disco,Variant 2,2,2016-02-08T13:07:49.000,2016-02-08T13:07:49.000
Traer informacion estudiante - banner,84001,8225,Traer informacion estudiante - banner,8225,Fluxicon Disco,Variant 2,2,2016-02-08T13:07:49.000,2016-02-08T13:07:49.000
Radicar Solicitud Homologacion,84001,8225,Radicar Solicitud Homologacion,8225,Fluxicon Disco,Variant 2,2,2016-02-08T13:15:57.000,2016-02-08T13:07:57.000
Validar solicitud,84001,19019,Validar solicitud,19019,Fluxicon Disco,Variant 2,2,2016-02-09T00:34:55.000,2016-02-09T00:34:14.000
Homologacion por grupo de cursos,84001,1007,Homologacion por grupo de cursos,1007,Fluxicon Disco,Variant 2,2,2016-02-09T18:31:02.000,2016-02-09T14:41:23.000
End,84001,End,End,End,Fluxicon Disco,Variant 2,2,2016-02-09T18:31:02.000,2016-02-09T18:31:02.000
Start,84051,Start,Start,Start,Fluxicon Disco,Variant 15,15,2016-02-08T14:59:47.000,2016-02-08T14:59:47.000
Homologacion por grupo de cursos,84051,3445,Homologacion por grupo de cursos,3445,Fluxicon Disco,Variant 15,15,2016-02-08T18:42:47.000,2016-02-08T14:59:47.000
Traer informacion estudiante - banner,84051,1792,Traer informacion estudiante - banner,1792,Fluxicon Disco,Variant 15,15,2016-02-08T15:47:09.000,2016-02-08T15:47:09.000
Radicar Solicitud Homologacion,84051,1792,Radicar Solicitud Homologacion,1792,Fluxicon Disco,Variant 15,15,2016-02-08T15:48:38.000,2016-02-08T15:47:15.000
Validar solicitud,84051,677,Validar solicitud,677,Fluxicon Disco,Variant 15,15,2016-02-08T17:10:59.000,2016-02-08T17:10:59.000
End,84051,End,End,End,Fluxicon Disco,Variant 15,15,2016-02-08T17:10:59.000,2016-02-08T17:10:59.000
Start,84103,Start,Start,Start,Fluxicon Disco,Variant 1,1,2016-02-08T13:59:51.000,2016-02-08T13:59:51.000
Traer informacion estudiante - banner,84103,2150,Traer informacion estudiante - banner,2150,Fluxicon Disco,Variant 1,1,2016-02-08T13:59:51.000,2016-02-08T13:59:51.000
Radicar Solicitud Homologacion,84103,2150,Radicar Solicitud Homologacion,2150,Fluxicon Disco,Variant 1,1,2016-02-08T14:00:01.000,2016-02-08T13:59:52.000
Cancelar Solicitud,84103,22475,Cancelar Solicitud,22475,Fluxicon Disco,Variant 1,1,2016-02-08T14:12:57.000,2016-02-08T14:09:07.000
Notificacion estudiante cancelacion soli,84103,22475,Notificacion estudiante cancelacion soli,22475,Fluxicon Disco,Variant 1,1,2016-02-08T19:36:10.000,2016-02-08T19:36:10.000
End,84103,End,End,End,Fluxicon Disco,Variant 1,1,2016-02-08T19:36:10.000,2016-02-08T19:36:10.000
Start,84105,Start,Start,Start,Fluxicon Disco,Variant 1,1,2016-02-08T14:08:01.000,2016-02-08T14:08:01.000
Traer informacion estudiante - banner,84105,3729,Traer informacion estudiante - banner,3729,Fluxicon Disco,Variant 1,1,2016-02-08T14:08:01.000,2016-02-08T14:08:01.000
Radicar Solicitud Homologacion,84105,3729,Radicar Solicitud Homologacion,3729,Fluxicon Disco,Variant 1,1,2016-02-08T14:08:04.000,2016-02-08T14:08:02.000
Cancelar Solicitud,84105,22475,Cancelar Solicitud,22475,Fluxicon Disco,Variant 1,1,2016-02-08T14:14:41.000,2016-02-08T14:10:52.000
Notificacion estudiante cancelacion soli,84105,22475,Notificacion estudiante cancelacion soli,22475,Fluxicon Disco,Variant 1,1,2016-02-08T19:33:44.000,2016-02-08T19:33:44.000
End,84105,End,End,End,Fluxicon Disco,Variant 1,1,2016-02-08T19:33:44.000,2016-02-08T19:33:44.000
Start,84252,Start,Start,Start,Fluxicon Disco,Variant 1,1,2016-02-08T20:03:48.000,2016-02-08T20:03:48.000
Traer informacion estudiante - banner,84252,8819,Traer informacion estudiante - banner,8819,Fluxicon Disco,Variant 1,1,2016-02-08T20:03:48.000,2016-02-08T20:03:48.000
Radicar Solicitud Homologacion,84252,8819,Radicar Solicitud Homologacion,8819,Fluxicon Disco,Variant 1,1,2016-02-08T20:03:54.000,2016-02-08T20:03:49.000
Cancelar Solicitud,84252,8819,Cancelar Solicitud,8819,Fluxicon Disco,Variant 1,1,2016-02-08T20:17:49.000,2016-02-08T20:09:11.000
Notificacion estudiante cancelacion soli,84252,8819,Notificacion estudiante cancelacion soli,8819,Fluxicon Disco,Variant 1,1,2016-02-09T20:47:25.000,2016-02-09T20:47:25.000
End,84252,End,End,End,Fluxicon Disco,Variant 1,1,2016-02-09T20:47:25.000,2016-02-09T20:47:25.000
Start,84352,Start,Start,Start,Fluxicon Disco,Variant 1,1,2016-02-08T19:28:30.000,2016-02-08T19:28:30.000
Traer informacion estudiante - banner,84352,24519,Traer informacion estudiante - banner,24519,Fluxicon Disco,Variant 1,1,2016-02-08T19:28:30.000,2016-02-08T19:28:30.000
Radicar Solicitud Homologacion,84352,24519,Radicar Solicitud Homologacion,24519,Fluxicon Disco,Variant 1,1,2016-02-08T19:29:01.000,2016-02-08T19:28:30.000
Cancelar Solicitud,84352,559,Cancelar Solicitud,559,Fluxicon Disco,Variant 1,1,2016-02-09T00:39:45.000,2016-02-08T20:31:36.000
Notificacion estudiante cancelacion soli,84352,559,Notificacion estudiante cancelacion soli,559,Fluxicon Disco,Variant 1,1,2016-03-29T21:40:55.000,2016-03-29T21:40:55.000
End,84352,End,End,End,Fluxicon Disco,Variant 1,1,2016-03-29T21:40:55.000,2016-03-29T21:40:55.000
Start,84451,Start,Start,Start,Fluxicon Disco,Variant 15,15,2016-02-09T13:42:53.000,2016-02-09T13:42:53.000
Homologacion por grupo de cursos,84451,3445,Homologacion por grupo de cursos,3445,Fluxicon Disco,Variant 15,15,2016-02-09T17:18:53.000,2016-02-09T13:42:53.000
Traer informacion estudiante - banner,84451,4708,Traer informacion estudiante - banner,4708,Fluxicon Disco,Variant 15,15,2016-02-09T16:16:47.000,2016-02-09T16:16:47.000
Radicar Solicitud Homologacion,84451,4708,Radicar Solicitud Homologacion,4708,Fluxicon Disco,Variant 15,15,2016-02-09T16:17:05.000,2016-02-09T16:16:54.000
Validar solicitud,84451,677,Validar solicitud,677,Fluxicon Disco,Variant 15,15,2016-02-09T16:28:00.000,2016-02-09T16:28:00.000
End,84451,End,End,End,Fluxicon Disco,Variant 15,15,2016-02-09T16:28:00.000,2016-02-09T16:28:00.000
Start,84452,Start,Start,Start,Fluxicon Disco,Variant 15,15,2016-02-09T13:44:35.000,2016-02-09T13:44:35.000
Homologacion por grupo de cursos,84452,3445,Homologacion por grupo de cursos,3445,Fluxicon Disco,Variant 15,15,2016-02-09T13:44:35.000,2016-02-09T13:44:35.000
Traer informacion estudiante - banner,84452,4708,Traer informacion estudiante - banner,4708,Fluxicon Disco,Variant 15,15,2016-02-09T16:30:10.000,2016-02-09T16:30:10.000
Radicar Solicitud Homologacion,84452,4708,Radicar Solicitud Homologacion,4708,Fluxicon Disco,Variant 15,15,2016-02-09T16:30:16.000,2016-02-09T16:30:13.000
Validar solicitud,84452,677,Validar solicitud,677,Fluxicon Disco,Variant 15,15,2016-02-09T16:33:49.000,2016-02-09T16:33:49.000
End,84452,End,End,End,Fluxicon Disco,Variant 15,15,2016-02-09T16:33:49.000,2016-02-09T16:33:49.000
Start,84454,Start,Start,Start,Fluxicon Disco,Variant 1,1,2016-02-09T17:03:15.000,2016-02-09T17:03:15.000
Traer informacion estudiante - banner,84454,8797,Traer informacion estudiante - banner,8797,Fluxicon Disco,Variant 1,1,2016-02-09T17:03:15.000,2016-02-09T17:03:15.000
Radicar Solicitud Homologacion,84454,8797,Radicar Solicitud Homologacion,8797,Fluxicon Disco,Variant 1,1,2016-02-09T17:03:41.000,2016-02-09T17:03:18.000
Cancelar Solicitud,84454,241,Cancelar Solicitud,241,Fluxicon Disco,Variant 1,1,2016-02-09T18:15:02.000,2016-02-09T17:26:29.000
Notificacion estudiante cancelacion soli,84454,241,Notificacion estudiante cancelacion soli,241,Fluxicon Disco,Variant 1,1,2016-02-17T19:09:41.000,2016-02-17T19:09:41.000
End,84454,End,End,End,Fluxicon Disco,Variant 1,1,2016-02-17T19:09:41.000,2016-02-17T19:09:41.000
Start,84456,Start,Start,Start,Fluxicon Disco,Variant 25,25,2016-02-09T17:48:42.000,2016-02-09T17:48:42.000
Traer informacion estudiante - banner,84456,3917,Traer informacion estudiante - banner,3917,Fluxicon Disco,Variant 25,25,2016-02-09T17:48:42.000,2016-02-09T17:48:42.000
Radicar Solicitud Homologacion,84456,3917,Radicar Solicitud Homologacion,3917,Fluxicon Disco,Variant 25,25,2016-02-09T17:48:47.000,2016-02-09T17:48:44.000
Validar solicitud,84456,19019,Validar solicitud,19019,Fluxicon Disco,Variant 25,25,2016-02-09T17:52:38.000,2016-02-09T17:52:31.000
Homologacion por grupo de cursos,84456,1007,Homologacion por grupo de cursos,1007,Fluxicon Disco,Variant 25,25,2016-02-10T00:25:12.000,2016-02-09T19:07:23.000
Recepcion de documentos,84456,157,Recepcion de documentos,157,Fluxicon Disco,Variant 25,25,2016-02-09T23:11:46.000,2016-02-09T19:07:23.000
End,84456,End,End,End,Fluxicon Disco,Variant 25,25,2016-02-09T23:11:46.000,2016-02-09T23:11:46.000
Start,84460,Start,Start,Start,Fluxicon Disco,Variant 5,5,2016-02-09T21:37:51.000,2016-02-09T21:37:51.000
Traer informacion estudiante - banner,84460,3703,Traer informacion estudiante - banner,3703,Fluxicon Disco,Variant 5,5,2016-02-09T21:37:51.000,2016-02-09T21:37:51.000
Radicar Solicitud Homologacion,84460,3703,Radicar Solicitud Homologacion,3703,Fluxicon Disco,Variant 5,5,2016-02-09T21:37:58.000,2016-02-09T21:37:52.000
Notificacion estudiante cancelacion soli,84460,1,Notificacion estudiante cancelacion soli,1,Fluxicon Disco,Variant 5,5,2016-02-18T20:08:01.000,2016-02-18T20:08:01.000
End,84460,End,End,End,Fluxicon Disco,Variant 5,5,2016-02-18T20:08:01.000,2016-02-18T20:08:01.000
Start,84462,Start,Start,Start,Fluxicon Disco,Variant 16,16,2016-02-09T22:04:47.000,2016-02-09T22:04:47.000
Validar solicitud,84462,1707,Validar solicitud,1707,Fluxicon Disco,Variant 16,16,2016-02-09T22:18:35.000,2016-02-09T22:04:47.000
Traer informacion estudiante - banner,84462,5778,Traer informacion estudiante - banner,5778,Fluxicon Disco,Variant 16,16,2016-02-09T22:36:41.000,2016-02-09T22:36:41.000
Radicar Solicitud Homologacion,84462,5778,Radicar Solicitud Homologacion,5778,Fluxicon Disco,Variant 16,16,2016-02-09T22:36:45.000,2016-02-09T22:36:45.000
Homologacion por grupo de cursos,84462,15930,Homologacion por grupo de cursos,15930,Fluxicon Disco,Variant 16,16,2016-02-11T20:06:20.000,2016-02-11T17:52:59.000
End,84462,End,End,End,Fluxicon Disco,Variant 16,16,2016-02-11T20:06:20.000,2016-02-11T20:06:20.000
Start,84466,Start,Start,Start,Fluxicon Disco,Variant 39,39,2016-02-09T22:25:56.000,2016-02-09T22:25:56.000
Validar solicitud,84466,716,Validar solicitud,716,Fluxicon Disco,Variant 39,39,2016-02-09T23:50:29.000,2016-02-09T22:25:56.000
Traer informacion estudiante - banner,84466,6987,Traer informacion estudiante - banner,6987,Fluxicon Disco,Variant 39,39,2016-02-10T00:40:37.000,2016-02-10T00:40:37.000
Radicar Solicitud Homologacion,84466,6987,Radicar Solicitud Homologacion,6987,Fluxicon Disco,Variant 39,39,2016-02-10T00:40:38.000,2016-02-10T00:40:38.000
Homologacion por grupo de cursos,84466,7394,Homologacion por grupo de cursos,7394,Fluxicon Disco,Variant 39,39,2016-02-24T17:00:28.000,2016-02-24T16:59:09.000
Revisar curso,84466,716,Revisar curso,716,Fluxicon Disco,Variant 39,39,2016-02-24T16:59:10.000,2016-02-24T16:59:09.000
Evaluacion curso,84466,716,Evaluacion curso,716,Fluxicon Disco,Variant 39,39,2016-02-24T17:01:37.000,2016-02-24T17:00:25.000
Validacion final,84466,716,Validacion final,716,Fluxicon Disco,Variant 39,39,2016-02-24T20:12:57.000,2016-02-24T20:12:55.000
Visto Bueno Cierre Proceso,84466,7394,Visto Bueno Cierre Proceso,7394,Fluxicon Disco,Variant 39,39,2016-02-24T20:15:28.000,2016-02-24T20:15:25.000
End,84466,End,End,End,Fluxicon Disco,Variant 39,39,2016-02-24T20:15:28.000,2016-02-24T20:15:28.000
Start,84468,Start,Start,Start,Fluxicon Disco,Variant 2,2,2016-02-10T01:12:21.000,2016-02-10T01:12:21.000
Traer informacion estudiante - banner,84468,3409,Traer informacion estudiante - banner,3409,Fluxicon Disco,Variant 2,2,2016-02-10T01:12:21.000,2016-02-10T01:12:21.000
Radicar Solicitud Homologacion,84468,3409,Radicar Solicitud Homologacion,3409,Fluxicon Disco,Variant 2,2,2016-02-10T01:12:22.000,2016-02-10T01:12:22.000
Validar solicitud,84468,49,Validar solicitud,49,Fluxicon Disco,Variant 2,2,2016-02-10T02:04:57.000,2016-02-10T01:40:57.000
Homologacion por grupo de cursos,84468,2541,Homologacion por grupo de cursos,2541,Fluxicon Disco,Variant 2,2,2016-02-13T16:35:10.000,2016-02-13T16:29:08.000
End,84468,End,End,End,Fluxicon Disco,Variant 2,2,2016-02-13T16:35:10.000,2016-02-13T16:35:10.000
Start,84502,Start,Start,Start,Fluxicon Disco,Variant 2,2,2016-02-09T14:12:38.000,2016-02-09T14:12:38.000
Traer informacion estudiante - banner,84502,4701,Traer informacion estudiante - banner,4701,Fluxicon Disco,Variant 2,2,2016-02-09T14:12:38.000,2016-02-09T14:12:38.000
Radicar Solicitud Homologacion,84502,4701,Radicar Solicitud Homologacion,4701,Fluxicon Disco,Variant 2,2,2016-02-09T14:13:31.000,2016-02-09T14:12:39.000
Validar solicitud,84502,19019,Validar solicitud,19019,Fluxicon Disco,Variant 2,2,2016-02-09T15:07:56.000,2016-02-09T15:05:02.000
Homologacion por grupo de cursos,84502,387,Homologacion por grupo de cursos,387,Fluxicon Disco,Variant 2,2,2016-02-09T19:46:05.000,2016-02-09T19:10:05.000
End,84502,End,End,End,Fluxicon Disco,Variant 2,2,2016-02-09T19:46:05.000,2016-02-09T19:46:05.000
Start,84505,Start,Start,Start,Fluxicon Disco,Variant 9,9,2016-02-09T15:07:30.000,2016-02-09T15:07:30.000
Traer informacion estudiante - banner,84505,9531,Traer informacion estudiante - banner,9531,Fluxicon Disco,Variant 9,9,2016-02-09T15:07:30.000,2016-02-09T15:07:30.000
Radicar Solicitud Homologacion,84505,9531,Radicar Solicitud Homologacion,9531,Fluxicon Disco,Variant 9,9,2016-02-09T15:07:46.000,2016-02-09T15:07:32.000
Validar solicitud,84505,18929,Validar solicitud,18929,Fluxicon Disco,Variant 9,9,2016-02-09T16:41:08.000,2016-02-09T15:22:31.000
Cancelar Solicitud,84505,18929,Cancelar Solicitud,18929,Fluxicon Disco,Variant 9,9,2016-02-09T17:22:24.000,2016-02-09T15:22:31.000
Notificacion estudiante cancelacion soli,84505,18929,Notificacion estudiante cancelacion soli,18929,Fluxicon Disco,Variant 9,9,2016-03-01T15:16:13.000,2016-03-01T15:16:13.000
End,84505,End,End,End,Fluxicon Disco,Variant 9,9,2016-03-01T15:16:13.000,2016-03-01T15:16:13.000
Start,84506,Start,Start,Start,Fluxicon Disco,Variant 9,9,2016-02-09T15:25:26.000,2016-02-09T15:25:26.000
Traer informacion estudiante - banner,84506,9531,Traer informacion estudiante - banner,9531,Fluxicon Disco,Variant 9,9,2016-02-09T15:25:26.000,2016-02-09T15:25:26.000
Radicar Solicitud Homologacion,84506,9531,Radicar Solicitud Homologacion,9531,Fluxicon Disco,Variant 9,9,2016-02-09T15:25:37.000,2016-02-09T15:25:30.000
Validar solicitud,84506,18929,Validar solicitud,18929,Fluxicon Disco,Variant 9,9,2016-02-09T16:51:48.000,2016-02-09T15:33:22.000
Cancelar Solicitud,84506,18929,Cancelar Solicitud,18929,Fluxicon Disco,Variant 9,9,2016-02-09T17:33:07.000,2016-02-09T15:33:23.000
Notificacion estudiante cancelacion soli,84506,18929,Notificacion estudiante cancelacion soli,18929,Fluxicon Disco,Variant 9,9,2016-03-01T15:18:07.000,2016-03-01T15:18:07.000
End,84506,End,End,End,Fluxicon Disco,Variant 9,9,2016-03-01T15:18:07.000,2016-03-01T15:18:07.000
Start,84552,Start,Start,Start,Fluxicon Disco,Variant 2,2,2016-02-09T18:31:58.000,2016-02-09T18:31:58.000
Traer informacion estudiante - banner,84552,2144,Traer informacion estudiante - banner,2144,Fluxicon Disco,Variant 2,2,2016-02-09T18:31:58.000,2016-02-09T18:31:58.000
Radicar Solicitud Homologacion,84552,2144,Radicar Solicitud Homologacion,2144,Fluxicon Disco,Variant 2,2,2016-02-09T18:32:03.000,2016-02-09T18:32:03.000
Validar solicitud,84552,1707,Validar solicitud,1707,Fluxicon Disco,Variant 2,2,2016-02-09T18:52:04.000,2016-02-09T18:42:53.000
Homologacion por grupo de cursos,84552,15930,Homologacion por grupo de cursos,15930,Fluxicon Disco,Variant 2,2,2016-02-10T23:31:49.000,2016-02-10T21:11:56.000
End,84552,End,End,End,Fluxicon Disco,Variant 2,2,2016-02-10T23:31:49.000,2016-02-10T23:31:49.000
Start,84553,Start,Start,Start,Fluxicon Disco,Variant 2,2,2016-02-09T18:33:52.000,2016-02-09T18:33:52.000
Traer informacion estudiante - banner,84553,5151,Traer informacion estudiante - banner,5151,Fluxicon Disco,Variant 2,2,2016-02-09T18:33:52.000,2016-02-09T18:33:52.000
Radicar Solicitud Homologacion,84553,5151,Radicar Solicitud Homologacion,5151,Fluxicon Disco,Variant 2,2,2016-02-09T18:33:54.000,2016-02-09T18:33:54.000
Validar solicitud,84553,49,Validar solicitud,49,Fluxicon Disco,Variant 2,2,2016-02-09T18:48:08.000,2016-02-09T18:45:55.000
Homologacion por grupo de cursos,84553,2541,Homologacion por grupo de cursos,2541,Fluxicon Disco,Variant 2,2,2016-02-09T22:15:01.000,2016-02-09T22:13:27.000
End,84553,End,End,End,Fluxicon Disco,Variant 2,2,2016-02-09T22:15:01.000,2016-02-09T22:15:01.000
Start,84554,Start,Start,Start,Fluxicon Disco,Variant 2,2,2016-02-09T19:11:28.000,2016-02-09T19:11:28.000
Traer informacion estudiante - banner,84554,6426,Traer informacion estudiante - banner,6426,Fluxicon Disco,Variant 2,2,2016-02-09T19:11:28.000,2016-02-09T19:11:28.000
Radicar Solicitud Homologacion,84554,6426,Radicar Solicitud Homologacion,6426,Fluxicon Disco,Variant 2,2,2016-02-09T19:14:38.000,2016-02-09T19:11:33.000
Validar solicitud,84554,22475,Validar solicitud,22475,Fluxicon Disco,Variant 2,2,2016-02-09T23:06:41.000,2016-02-09T23:05:50.000
Homologacion por grupo de cursos,84554,1343,Homologacion por grupo de cursos,1343,Fluxicon Disco,Variant 2,2,2016-02-10T00:12:38.000,2016-02-09T23:57:16.000
End,84554,End,End,End,Fluxicon Disco,Variant 2,2,2016-02-10T00:12:38.000,2016-02-10T00:12:38.000
Start,84557,Start,Start,Start,Fluxicon Disco,Variant 1,1,2016-02-09T20:10:23.000,2016-02-09T20:10:23.000
Traer informacion estudiante - banner,84557,6469,Traer informacion estudiante - banner,6469,Fluxicon Disco,Variant 1,1,2016-02-09T20:10:23.000,2016-02-09T20:10:23.000
Radicar Solicitud Homologacion,84557,6469,Radicar Solicitud Homologacion,6469,Fluxicon Disco,Variant 1,1,2016-02-09T20:14:13.000,2016-02-09T20:10:24.000
Cancelar Solicitud,84557,19019,Cancelar Solicitud,19019,Fluxicon Disco,Variant 1,1,2016-02-10T00:35:08.000,2016-02-10T00:35:08.000
Notificacion estudiante cancelacion soli,84557,19019,Notificacion estudiante cancelacion soli,19019,Fluxicon Disco,Variant 1,1,2016-02-10T13:06:14.000,2016-02-10T13:06:14.000
End,84557,End,End,End,Fluxicon Disco,Variant 1,1,2016-02-10T13:06:14.000,2016-02-10T13:06:14.000
Start,84558,Start,Start,Start,Fluxicon Disco,Variant 2,2,2016-02-09T20:25:48.000,2016-02-09T20:25:48.000
Traer informacion estudiante - banner,84558,4905,Traer informacion estudiante - banner,4905,Fluxicon Disco,Variant 2,2,2016-02-09T20:25:48.000,2016-02-09T20:25:48.000
Radicar Solicitud Homologacion,84558,4905,Radicar Solicitud Homologacion,4905,Fluxicon Disco,Variant 2,2,2016-02-09T20:26:16.000,2016-02-09T20:25:49.000
Validar solicitud,84558,7297,Validar solicitud,7297,Fluxicon Disco,Variant 2,2,2016-02-09T21:32:06.000,2016-02-09T20:52:59.000
Homologacion por grupo de cursos,84558,7324,Homologacion por grupo de cursos,7324,Fluxicon Disco,Variant 2,2,2016-02-17T03:30:37.000,2016-02-16T18:34:42.000
End,84558,End,End,End,Fluxicon Disco,Variant 2,2,2016-02-17T03:30:37.000,2016-02-17T03:30:37.000
Start,84751,Start,Start,Start,Fluxicon Disco,Variant 1,1,2016-02-10T09:38:46.000,2016-02-10T09:38:46.000
Traer informacion estudiante - banner,84751,8177,Traer informacion estudiante - banner,8177,Fluxicon Disco,Variant 1,1,2016-02-10T09:38:46.000,2016-02-10T09:38:46.000
Radicar Solicitud Homologacion,84751,8177,Radicar Solicitud Homologacion,8177,Fluxicon Disco,Variant 1,1,2016-02-10T09:39:03.000,2016-02-10T09:38:54.000
Cancelar Solicitud,84751,22404,Cancelar Solicitud,22404,Fluxicon Disco,Variant 1,1,2016-02-10T17:39:23.000,2016-02-10T14:09:50.000
Notificacion estudiante cancelacion soli,84751,22404,Notificacion estudiante cancelacion soli,22404,Fluxicon Disco,Variant 1,1,2016-03-17T15:43:22.000,2016-03-17T15:43:22.000
End,84751,End,End,End,Fluxicon Disco,Variant 1,1,2016-03-17T15:43:22.000,2016-03-17T15:43:22.000
Start,84804,Start,Start,Start,Fluxicon Disco,Variant 1,1,2016-02-10T16:09:15.000,2016-02-10T16:09:15.000
Traer informacion estudiante - banner,84804,15957,Traer informacion estudiante - banner,15957,Fluxicon Disco,Variant 1,1,2016-02-10T16:09:15.000,2016-02-10T16:09:15.000
Radicar Solicitud Homologacion,84804,15957,Radicar Solicitud Homologacion,15957,Fluxicon Disco,Variant 1,1,2016-02-10T16:09:34.000,2016-02-10T16:09:18.000
Cancelar Solicitud,84804,18929,Cancelar Solicitud,18929,Fluxicon Disco,Variant 1,1,2016-02-10T18:39:29.000,2016-02-10T16:25:55.000
Notificacion estudiante cancelacion soli,84804,18929,Notificacion estudiante cancelacion soli,18929,Fluxicon Disco,Variant 1,1,2016-03-04T12:20:47.000,2016-03-04T12:20:47.000
End,84804,End,End,End,Fluxicon Disco,Variant 1,1,2016-03-04T12:20:47.000,2016-03-04T12:20:47.000
Start,84805,Start,Start,Start,Fluxicon Disco,Variant 1,1,2016-02-10T18:06:44.000,2016-02-10T18:06:44.000
Traer informacion estudiante - banner,84805,8177,Traer informacion estudiante - banner,8177,Fluxicon Disco,Variant 1,1,2016-02-10T18:06:44.000,2016-02-10T18:06:44.000
Radicar Solicitud Homologacion,84805,8177,Radicar Solicitud Homologacion,8177,Fluxicon Disco,Variant 1,1,2016-02-10T18:06:46.000,2016-02-10T18:06:46.000
Cancelar Solicitud,84805,22404,Cancelar Solicitud,22404,Fluxicon Disco,Variant 1,1,2016-02-10T21:38:45.000,2016-02-10T18:12:16.000
Notificacion estudiante cancelacion soli,84805,22404,Notificacion estudiante cancelacion soli,22404,Fluxicon Disco,Variant 1,1,2016-03-17T16:29:03.000,2016-03-17T16:29:03.000
End,84805,End,End,End,Fluxicon Disco,Variant 1,1,2016-03-17T16:29:03.000,2016-03-17T16:29:03.000
Start,84807,Start,Start,Start,Fluxicon Disco,Variant 1,1,2016-02-10T18:12:59.000,2016-02-10T18:12:59.000
Traer informacion estudiante - banner,84807,8177,Traer informacion estudiante - banner,8177,Fluxicon Disco,Variant 1,1,2016-02-10T18:12:59.000,2016-02-10T18:12:59.000
Radicar Solicitud Homologacion,84807,8177,Radicar Solicitud Homologacion,8177,Fluxicon Disco,Variant 1,1,2016-02-10T18:13:00.000,2016-02-10T18:13:00.000
Cancelar Solicitud,84807,22404,Cancelar Solicitud,22404,Fluxicon Disco,Variant 1,1,2016-02-10T21:46:05.000,2016-02-10T18:19:35.000
Notificacion estudiante cancelacion soli,84807,22404,Notificacion estudiante cancelacion soli,22404,Fluxicon Disco,Variant 1,1,2016-03-17T16:30:16.000,2016-03-17T16:30:16.000
End,84807,End,End,End,Fluxicon Disco,Variant 1,1,2016-03-17T16:30:16.000,2016-03-17T16:30:16.000
Start,84855,Start,Start,Start,Fluxicon Disco,Variant 1,1,2016-02-10T14:22:17.000,2016-02-10T14:22:17.000
Traer informacion estudiante - banner,84855,11041,Traer informacion estudiante - banner,11041,Fluxicon Disco,Variant 1,1,2016-02-10T14:22:17.000,2016-02-10T14:22:17.000
Radicar Solicitud Homologacion,84855,11041,Radicar Solicitud Homologacion,11041,Fluxicon Disco,Variant 1,1,2016-02-10T14:22:25.000,2016-02-10T14:22:21.000
Cancelar Solicitud,84855,11041,Cancelar Solicitud,11041,Fluxicon Disco,Variant 1,1,2016-02-10T14:27:10.000,2016-02-10T14:27:08.000
Notificacion estudiante cancelacion soli,84855,11041,Notificacion estudiante cancelacion soli,11041,Fluxicon Disco,Variant 1,1,2016-02-10T14:29:27.000,2016-02-10T14:29:27.000
End,84855,End,End,End,Fluxicon Disco,Variant 1,1,2016-02-10T14:29:27.000,2016-02-10T14:29:27.000
Start,84857,Start,Start,Start,Fluxicon Disco,Variant 45,45,2016-02-10T14:44:07.000,2016-02-10T14:44:07.000
Traer informacion estudiante - banner,84857,5183,Traer informacion estudiante - banner,5183,Fluxicon Disco,Variant 45,45,2016-02-10T14:44:07.000,2016-02-10T14:44:07.000
Radicar Solicitud Homologacion,84857,5183,Radicar Solicitud Homologacion,5183,Fluxicon Disco,Variant 45,45,2016-02-10T14:44:33.000,2016-02-10T14:44:08.000
Validar solicitud,84857,22475,Validar solicitud,22475,Fluxicon Disco,Variant 45,45,2016-02-10T15:10:54.000,2016-02-10T15:09:23.000
Cancelar Solicitud,84857,22491,Cancelar Solicitud,22491,Fluxicon Disco,Variant 45,45,2016-02-11T03:04:13.000,2016-02-10T15:09:23.000
Recepcion de documentos,84857,26789,Recepcion de documentos,26789,Fluxicon Disco,Variant 45,45,2016-02-11T02:55:45.000,2016-02-10T16:41:22.000
Notificacion estudiante cancelacion soli,84857,22491,Notificacion estudiante cancelacion soli,22491,Fluxicon Disco,Variant 45,45,2016-06-24T19:06:42.000,2016-06-24T19:06:42.000
End,84857,End,End,End,Fluxicon Disco,Variant 45,45,2016-06-24T19:06:42.000,2016-06-24T19:06:42.000
Start,84901,Start,Start,Start,Fluxicon Disco,Variant 1,1,2016-02-10T16:28:01.000,2016-02-10T16:28:01.000
Traer informacion estudiante - banner,84901,11204,Traer informacion estudiante - banner,11204,Fluxicon Disco,Variant 1,1,2016-02-10T16:28:01.000,2016-02-10T16:28:01.000
Radicar Solicitud Homologacion,84901,11204,Radicar Solicitud Homologacion,11204,Fluxicon Disco,Variant 1,1,2016-02-10T16:28:10.000,2016-02-10T16:28:06.000
Cancelar Solicitud,84901,19019,Cancelar Solicitud,19019,Fluxicon Disco,Variant 1,1,2016-02-10T16:33:58.000,2016-02-10T16:32:28.000
Notificacion estudiante cancelacion soli,84901,19019,Notificacion estudiante cancelacion soli,19019,Fluxicon Disco,Variant 1,1,2016-02-10T20:03:03.000,2016-02-10T20:03:03.000
End,84901,End,End,End,Fluxicon Disco,Variant 1,1,2016-02-10T20:03:03.000,2016-02-10T20:03:03.000
Start,84902,Start,Start,Start,Fluxicon Disco,Variant 1,1,2016-02-10T16:32:52.000,2016-02-10T16:32:52.000
Traer informacion estudiante - banner,84902,11204,Traer informacion estudiante - banner,11204,Fluxicon Disco,Variant 1,1,2016-02-10T16:32:52.000,2016-02-10T16:32:52.000
Radicar Solicitud Homologacion,84902,11204,Radicar Solicitud Homologacion,11204,Fluxicon Disco,Variant 1,1,2016-02-10T16:32:56.000,2016-02-10T16:32:53.000
Cancelar Solicitud,84902,19019,Cancelar Solicitud,19019,Fluxicon Disco,Variant 1,1,2016-02-10T16:37:40.000,2016-02-10T16:36:12.000
Notificacion estudiante cancelacion soli,84902,19019,Notificacion estudiante cancelacion soli,19019,Fluxicon Disco,Variant 1,1,2016-02-10T20:04:23.000,2016-02-10T20:04:23.000
End,84902,End,End,End,Fluxicon Disco,Variant 1,1,2016-02-10T20:04:23.000,2016-02-10T20:04:23.000
Start,84903,Start,Start,Start,Fluxicon Disco,Variant 1,1,2016-02-10T16:36:34.000,2016-02-10T16:36:34.000
Traer informacion estudiante - banner,84903,11204,Traer informacion estudiante - banner,11204,Fluxicon Disco,Variant 1,1,2016-02-10T16:36:34.000,2016-02-10T16:36:34.000
Radicar Solicitud Homologacion,84903,11204,Radicar Solicitud Homologacion,11204,Fluxicon Disco,Variant 1,1,2016-02-10T16:36:38.000,2016-02-10T16:36:35.000
Cancelar Solicitud,84903,19019,Cancelar Solicitud,19019,Fluxicon Disco,Variant 1,1,2016-02-10T16:41:31.000,2016-02-10T16:40:07.000
Notificacion estudiante cancelacion soli,84903,19019,Notificacion estudiante cancelacion soli,19019,Fluxicon Disco,Variant 1,1,2016-02-10T20:04:49.000,2016-02-10T20:04:49.000
End,84903,End,End,End,Fluxicon Disco,Variant 1,1,2016-02-10T20:04:49.000,2016-02-10T20:04:49.000
Start,84904,Start,Start,Start,Fluxicon Disco,Variant 1,1,2016-02-10T16:40:19.000,2016-02-10T16:40:19.000
Traer informacion estudiante - banner,84904,11204,Traer informacion estudiante - banner,11204,Fluxicon Disco,Variant 1,1,2016-02-10T16:40:19.000,2016-02-10T16:40:19.000
Radicar Solicitud Homologacion,84904,11204,Radicar Solicitud Homologacion,11204,Fluxicon Disco,Variant 1,1,2016-02-10T16:40:22.000,2016-02-10T16:40:20.000
Cancelar Solicitud,84904,19019,Cancelar Solicitud,19019,Fluxicon Disco,Variant 1,1,2016-02-10T16:44:07.000,2016-02-10T16:42:45.000
Notificacion estudiante cancelacion soli,84904,19019,Notificacion estudiante cancelacion soli,19019,Fluxicon Disco,Variant 1,1,2016-02-10T20:05:02.000,2016-02-10T20:05:02.000
End,84904,End,End,End,Fluxicon Disco,Variant 1,1,2016-02-10T20:05:02.000,2016-02-10T20:05:02.000
Start,85051,Start,Start,Start,Fluxicon Disco,Variant 1,1,2016-02-10T21:17:11.000,2016-02-10T21:17:11.000
Traer informacion estudiante - banner,85051,11614,Traer informacion estudiante - banner,11614,Fluxicon Disco,Variant 1,1,2016-02-10T21:17:11.000,2016-02-10T21:17:11.000
Radicar Solicitud Homologacion,85051,11614,Radicar Solicitud Homologacion,11614,Fluxicon Disco,Variant 1,1,2016-02-10T21:23:56.000,2016-02-10T21:17:18.000
Cancelar Solicitud,85051,19019,Cancelar Solicitud,19019,Fluxicon Disco,Variant 1,1,2016-02-11T17:59:30.000,2016-02-11T17:55:26.000
Notificacion estudiante cancelacion soli,85051,19019,Notificacion estudiante cancelacion soli,19019,Fluxicon Disco,Variant 1,1,2016-02-12T12:02:36.000,2016-02-12T12:02:36.000
End,85051,End,End,End,Fluxicon Disco,Variant 1,1,2016-02-12T12:02:36.000,2016-02-12T12:02:36.000
Start,85101,Start,Start,Start,Fluxicon Disco,Variant 2,2,2016-02-10T22:35:33.000,2016-02-10T22:35:33.000
Traer informacion estudiante - banner,85101,5064,Traer informacion estudiante - banner,5064,Fluxicon Disco,Variant 2,2,2016-02-10T22:35:33.000,2016-02-10T22:35:33.000
Radicar Solicitud Homologacion,85101,5064,Radicar Solicitud Homologacion,5064,Fluxicon Disco,Variant 2,2,2016-02-10T23:00:54.000,2016-02-10T22:35:37.000
Validar solicitud,85101,49,Validar solicitud,49,Fluxicon Disco,Variant 2,2,2016-02-16T00:09:42.000,2016-02-15T23:53:08.000
Homologacion por grupo de cursos,85101,2541,Homologacion por grupo de cursos,2541,Fluxicon Disco,Variant 2,2,2016-02-18T14:31:30.000,2016-02-18T14:28:07.000
End,85101,End,End,End,Fluxicon Disco,Variant 2,2,2016-02-18T14:31:30.000,2016-02-18T14:31:30.000
Start,85305,Start,Start,Start,Fluxicon Disco,Variant 1,1,2016-02-11T13:52:05.000,2016-02-11T13:52:05.000
Traer informacion estudiante - banner,85305,9449,Traer informacion estudiante - banner,9449,Fluxicon Disco,Variant 1,1,2016-02-11T13:52:05.000,2016-02-11T13:52:05.000
Radicar Solicitud Homologacion,85305,9449,Radicar Solicitud Homologacion,9449,Fluxicon Disco,Variant 1,1,2016-02-11T13:52:13.000,2016-02-11T13:52:06.000
Start,85613,Start,Start,Start,Fluxicon Disco,Variant 2,2,2016-02-12T23:00:21.000,2016-02-12T23:00:21.000
Traer informacion estudiante - banner,85613,9336,Traer informacion estudiante - banner,9336,Fluxicon Disco,Variant 2,2,2016-02-12T23:00:21.000,2016-02-12T23:00:21.000
Radicar Solicitud Homologacion,85613,9336,Radicar Solicitud Homologacion,9336,Fluxicon Disco,Variant 2,2,2016-02-12T23:00:48.000,2016-02-12T23:00:23.000
Validar solicitud,85613,677,Validar solicitud,677,Fluxicon Disco,Variant 2,2,2016-02-12T23:59:24.000,2016-02-12T23:25:52.000
Homologacion por grupo de cursos,85613,3445,Homologacion por grupo de cursos,3445,Fluxicon Disco,Variant 2,2,2016-02-19T15:24:13.000,2016-02-19T14:58:24.000
End,85613,End,End,End,Fluxicon Disco,Variant 2,2,2016-02-19T15:24:13.000,2016-02-19T15:24:13.000
Start,85654,Start,Start,Start,Fluxicon Disco,Variant 1,1,2016-02-12T15:08:02.000,2016-02-12T15:08:02.000
Traer informacion estudiante - banner,85654,9336,Traer informacion estudiante - banner,9336,Fluxicon Disco,Variant 1,1,2016-02-12T15:08:02.000,2016-02-12T15:08:02.000
Radicar Solicitud Homologacion,85654,9336,Radicar Solicitud Homologacion,9336,Fluxicon Disco,Variant 1,1,2016-02-12T15:08:28.000,2016-02-12T15:08:08.000
Cancelar Solicitud,85654,677,Cancelar Solicitud,677,Fluxicon Disco,Variant 1,1,2016-02-12T16:27:34.000,2016-02-12T15:29:04.000
Notificacion estudiante cancelacion soli,85654,677,Notificacion estudiante cancelacion soli,677,Fluxicon Disco,Variant 1,1,2016-02-23T19:16:38.000,2016-02-23T19:16:38.000
End,85654,End,End,End,Fluxicon Disco,Variant 1,1,2016-02-23T19:16:38.000,2016-02-23T19:16:38.000
Start,85657,Start,Start,Start,Fluxicon Disco,Variant 1,1,2016-02-12T15:36:21.000,2016-02-12T15:36:21.000
Traer informacion estudiante - banner,85657,9336,Traer informacion estudiante - banner,9336,Fluxicon Disco,Variant 1,1,2016-02-12T15:36:21.000,2016-02-12T15:36:21.000
Radicar Solicitud Homologacion,85657,9336,Radicar Solicitud Homologacion,9336,Fluxicon Disco,Variant 1,1,2016-02-12T15:36:27.000,2016-02-12T15:36:22.000
Cancelar Solicitud,85657,677,Cancelar Solicitud,677,Fluxicon Disco,Variant 1,1,2016-02-12T15:45:55.000,2016-02-12T15:41:30.000
Notificacion estudiante cancelacion soli,85657,677,Notificacion estudiante cancelacion soli,677,Fluxicon Disco,Variant 1,1,2016-02-12T22:07:11.000,2016-02-12T22:07:11.000
End,85657,End,End,End,Fluxicon Disco,Variant 1,1,2016-02-12T22:07:11.000,2016-02-12T22:07:11.000
Start,85701,Start,Start,Start,Fluxicon Disco,Variant 1,1,2016-02-13T01:07:58.000,2016-02-13T01:07:58.000
Traer informacion estudiante - banner,85701,13733,Traer informacion estudiante - banner,13733,Fluxicon Disco,Variant 1,1,2016-02-13T01:07:58.000,2016-02-13T01:07:58.000
Radicar Solicitud Homologacion,85701,13733,Radicar Solicitud Homologacion,13733,Fluxicon Disco,Variant 1,1,2016-02-13T01:44:03.000,2016-02-13T01:08:03.000
Cancelar Solicitud,85701,7297,Cancelar Solicitud,7297,Fluxicon Disco,Variant 1,1,2016-02-19T18:09:36.000,2016-02-19T18:09:36.000
Notificacion estudiante cancelacion soli,85701,7297,Notificacion estudiante cancelacion soli,7297,Fluxicon Disco,Variant 1,1,2016-02-19T18:16:51.000,2016-02-19T18:16:51.000
End,85701,End,End,End,Fluxicon Disco,Variant 1,1,2016-02-19T18:16:51.000,2016-02-19T18:16:51.000
Start,85901,Start,Start,Start,Fluxicon Disco,Variant 16,16,2016-02-13T22:33:10.000,2016-02-13T22:33:10.000
Validar solicitud,85901,18929,Validar solicitud,18929,Fluxicon Disco,Variant 16,16,2016-02-13T23:21:10.000,2016-02-13T22:33:10.000
Traer informacion estudiante - banner,85901,11353,Traer informacion estudiante - banner,11353,Fluxicon Disco,Variant 16,16,2016-02-14T01:15:37.000,2016-02-14T01:15:37.000
Radicar Solicitud Homologacion,85901,11353,Radicar Solicitud Homologacion,11353,Fluxicon Disco,Variant 16,16,2016-02-14T01:15:44.000,2016-02-14T01:15:44.000
Homologacion por grupo de cursos,85901,18929,Homologacion por grupo de cursos,18929,Fluxicon Disco,Variant 16,16,2016-02-23T23:10:53.000,2016-02-23T12:09:55.000
End,85901,End,End,End,Fluxicon Disco,Variant 16,16,2016-02-23T23:10:53.000,2016-02-23T23:10:53.000
Start,85902,Start,Start,Start,Fluxicon Disco,Variant 9,9,2016-02-14T01:40:10.000,2016-02-14T01:40:10.000
Traer informacion estudiante - banner,85902,11353,Traer informacion estudiante - banner,11353,Fluxicon Disco,Variant 9,9,2016-02-14T01:40:10.000,2016-02-14T01:40:10.000
Radicar Solicitud Homologacion,85902,11353,Radicar Solicitud Homologacion,11353,Fluxicon Disco,Variant 9,9,2016-02-14T01:40:13.000,2016-02-14T01:40:13.000
Validar solicitud,85902,18929,Validar solicitud,18929,Fluxicon Disco,Variant 9,9,2016-02-14T02:43:44.000,2016-02-14T01:55:44.000
Cancelar Solicitud,85902,18929,Cancelar Solicitud,18929,Fluxicon Disco,Variant 9,9,2016-02-14T13:44:39.000,2016-02-14T01:55:44.000
Notificacion estudiante cancelacion soli,85902,18929,Notificacion estudiante cancelacion soli,18929,Fluxicon Disco,Variant 9,9,2016-06-28T21:55:25.000,2016-06-28T21:55:25.000
End,85902,End,End,End,Fluxicon Disco,Variant 9,9,2016-06-28T21:55:25.000,2016-06-28T21:55:25.000
Start,86001,Start,Start,Start,Fluxicon Disco,Variant 2,2,2016-02-14T13:27:28.000,2016-02-14T13:27:28.000
Traer informacion estudiante - banner,86001,6107,Traer informacion estudiante - banner,6107,Fluxicon Disco,Variant 2,2,2016-02-14T13:27:28.000,2016-02-14T13:27:28.000
Radicar Solicitud Homologacion,86001,6107,Radicar Solicitud Homologacion,6107,Fluxicon Disco,Variant 2,2,2016-02-14T13:27:35.000,2016-02-14T13:27:35.000
Validar solicitud,86001,19019,Validar solicitud,19019,Fluxicon Disco,Variant 2,2,2016-02-14T13:38:01.000,2016-02-14T13:38:01.000
Homologacion por grupo de cursos,86001,1007,Homologacion por grupo de cursos,1007,Fluxicon Disco,Variant 2,2,2016-02-15T12:14:04.000,2016-02-15T11:30:04.000
End,86001,End,End,End,Fluxicon Disco,Variant 2,2,2016-02-15T12:14:04.000,2016-02-15T12:14:04.000
Start,86051,Start,Start,Start,Fluxicon Disco,Variant 2,2,2016-02-14T14:49:24.000,2016-02-14T14:49:24.000
Traer informacion estudiante - banner,86051,8528,Traer informacion estudiante - banner,8528,Fluxicon Disco,Variant 2,2,2016-02-14T14:49:24.000,2016-02-14T14:49:24.000
Radicar Solicitud Homologacion,86051,8528,Radicar Solicitud Homologacion,8528,Fluxicon Disco,Variant 2,2,2016-02-14T14:49:31.000,2016-02-14T14:49:31.000
Validar solicitud,86051,1707,Validar solicitud,1707,Fluxicon Disco,Variant 2,2,2016-02-14T14:59:44.000,2016-02-14T14:57:51.000
Homologacion por grupo de cursos,86051,15930,Homologacion por grupo de cursos,15930,Fluxicon Disco,Variant 2,2,2016-02-15T19:03:46.000,2016-02-15T15:53:48.000
End,86051,End,End,End,Fluxicon Disco,Variant 2,2,2016-02-15T19:03:46.000,2016-02-15T19:03:46.000
Start,86102,Start,Start,Start,Fluxicon Disco,Variant 1,1,2016-02-14T12:54:06.000,2016-02-14T12:54:06.000
Traer informacion estudiante - banner,86102,6186,Traer informacion estudiante - banner,6186,Fluxicon Disco,Variant 1,1,2016-02-14T12:54:06.000,2016-02-14T12:54:06.000
Radicar Solicitud Homologacion,86102,6186,Radicar Solicitud Homologacion,6186,Fluxicon Disco,Variant 1,1,2016-02-14T12:54:07.000,2016-02-14T12:54:07.000
Cancelar Solicitud,86102,22404,Cancelar Solicitud,22404,Fluxicon Disco,Variant 1,1,2016-02-14T14:24:54.000,2016-02-14T13:48:54.000
Notificacion estudiante cancelacion soli,86102,22404,Notificacion estudiante cancelacion soli,22404,Fluxicon Disco,Variant 1,1,2016-02-19T19:22:18.000,2016-02-19T19:22:18.000
End,86102,End,End,End,Fluxicon Disco,Variant 1,1,2016-02-19T19:22:18.000,2016-02-19T19:22:18.000
Start,86151,Start,Start,Start,Fluxicon Disco,Variant 2,2,2016-02-14T16:17:31.000,2016-02-14T16:17:31.000
Traer informacion estudiante - banner,86151,4924,Traer informacion estudiante - banner,4924,Fluxicon Disco,Variant 2,2,2016-02-14T16:17:31.000,2016-02-14T16:17:31.000
Radicar Solicitud Homologacion,86151,4924,Radicar Solicitud Homologacion,4924,Fluxicon Disco,Variant 2,2,2016-02-14T16:26:09.000,2016-02-14T16:17:36.000
Validar solicitud,86151,294,Validar solicitud,294,Fluxicon Disco,Variant 2,2,2016-02-16T14:45:11.000,2016-02-16T14:33:45.000
Homologacion por grupo de cursos,86151,7311,Homologacion por grupo de cursos,7311,Fluxicon Disco,Variant 2,2,2016-02-17T20:56:55.000,2016-02-17T18:16:55.000
End,86151,End,End,End,Fluxicon Disco,Variant 2,2,2016-02-17T20:56:55.000,2016-02-17T20:56:55.000
Start,86401,Start,Start,Start,Fluxicon Disco,Variant 1,1,2016-02-14T21:42:23.000,2016-02-14T21:42:23.000
Traer informacion estudiante - banner,86401,11959,Traer informacion estudiante - banner,11959,Fluxicon Disco,Variant 1,1,2016-02-14T21:42:23.000,2016-02-14T21:42:23.000
Radicar Solicitud Homologacion,86401,11959,Radicar Solicitud Homologacion,11959,Fluxicon Disco,Variant 1,1,2016-02-14T21:42:29.000,2016-02-14T21:42:29.000
Cancelar Solicitud,86401,19019,Cancelar Solicitud,19019,Fluxicon Disco,Variant 1,1,2016-02-14T22:00:40.000,2016-02-14T21:52:02.000
Notificacion estudiante cancelacion soli,86401,19019,Notificacion estudiante cancelacion soli,19019,Fluxicon Disco,Variant 1,1,2016-02-16T14:38:07.000,2016-02-16T14:38:07.000
End,86401,End,End,End,Fluxicon Disco,Variant 1,1,2016-02-16T14:38:07.000,2016-02-16T14:38:07.000
Start,86451,Start,Start,Start,Fluxicon Disco,Variant 2,2,2016-02-15T01:33:58.000,2016-02-15T01:33:58.000
Traer informacion estudiante - banner,86451,11204,Traer informacion estudiante - banner,11204,Fluxicon Disco,Variant 2,2,2016-02-15T01:33:58.000,2016-02-15T01:33:58.000
Radicar Solicitud Homologacion,86451,11204,Radicar Solicitud Homologacion,11204,Fluxicon Disco,Variant 2,2,2016-02-15T01:34:06.000,2016-02-15T01:34:06.000
Validar solicitud,86451,19019,Validar solicitud,19019,Fluxicon Disco,Variant 2,2,2016-02-15T01:46:40.000,2016-02-15T01:37:59.000
Homologacion por grupo de cursos,86451,1007,Homologacion por grupo de cursos,1007,Fluxicon Disco,Variant 2,2,2016-02-16T15:16:30.000,2016-02-16T14:41:12.000
End,86451,End,End,End,Fluxicon Disco,Variant 2,2,2016-02-16T15:16:30.000,2016-02-16T15:16:30.000
Start,86452,Start,Start,Start,Fluxicon Disco,Variant 2,2,2016-02-15T01:38:25.000,2016-02-15T01:38:25.000
Traer informacion estudiante - banner,86452,11204,Traer informacion estudiante - banner,11204,Fluxicon Disco,Variant 2,2,2016-02-15T01:38:25.000,2016-02-15T01:38:25.000
Radicar Solicitud Homologacion,86452,11204,Radicar Solicitud Homologacion,11204,Fluxicon Disco,Variant 2,2,2016-02-15T01:38:28.000,2016-02-15T01:38:28.000
Validar solicitud,86452,19019,Validar solicitud,19019,Fluxicon Disco,Variant 2,2,2016-02-15T01:49:32.000,2016-02-15T01:40:50.000
Homologacion por grupo de cursos,86452,1007,Homologacion por grupo de cursos,1007,Fluxicon Disco,Variant 2,2,2016-02-16T15:18:05.000,2016-02-16T14:42:48.000
End,86452,End,End,End,Fluxicon Disco,Variant 2,2,2016-02-16T15:18:05.000,2016-02-16T15:18:05.000
Start,86453,Start,Start,Start,Fluxicon Disco,Variant 2,2,2016-02-15T01:40:55.000,2016-02-15T01:40:55.000
Traer informacion estudiante - banner,86453,11204,Traer informacion estudiante - banner,11204,Fluxicon Disco,Variant 2,2,2016-02-15T01:40:55.000,2016-02-15T01:40:55.000
Radicar Solicitud Homologacion,86453,11204,Radicar Solicitud Homologacion,11204,Fluxicon Disco,Variant 2,2,2016-02-15T01:40:57.000,2016-02-15T01:40:57.000
Validar solicitud,86453,19019,Validar solicitud,19019,Fluxicon Disco,Variant 2,2,2016-02-15T01:52:10.000,2016-02-15T01:43:26.000
Homologacion por grupo de cursos,86453,1007,Homologacion por grupo de cursos,1007,Fluxicon Disco,Variant 2,2,2016-02-16T22:22:08.000,2016-02-16T14:44:26.000
End,86453,End,End,End,Fluxicon Disco,Variant 2,2,2016-02-16T22:22:08.000,2016-02-16T22:22:08.000
Start,86454,Start,Start,Start,Fluxicon Disco,Variant 2,2,2016-02-15T01:43:30.000,2016-02-15T01:43:30.000
Traer informacion estudiante - banner,86454,11204,Traer informacion estudiante - banner,11204,Fluxicon Disco,Variant 2,2,2016-02-15T01:43:30.000,2016-02-15T01:43:30.000
Radicar Solicitud Homologacion,86454,11204,Radicar Solicitud Homologacion,11204,Fluxicon Disco,Variant 2,2,2016-02-15T01:43:31.000,2016-02-15T01:43:31.000
Validar solicitud,86454,19019,Validar solicitud,19019,Fluxicon Disco,Variant 2,2,2016-02-15T01:54:48.000,2016-02-15T01:46:03.000
Homologacion por grupo de cursos,86454,1007,Homologacion por grupo de cursos,1007,Fluxicon Disco,Variant 2,2,2016-02-16T14:57:29.000,2016-02-16T14:45:52.000
End,86454,End,End,End,Fluxicon Disco,Variant 2,2,2016-02-16T14:57:29.000,2016-02-16T14:57:29.000
Start,86503,Start,Start,Start,Fluxicon Disco,Variant 1,1,2016-02-14T23:27:32.000,2016-02-14T23:27:32.000
Traer informacion estudiante - banner,86503,9298,Traer informacion estudiante - banner,9298,Fluxicon Disco,Variant 1,1,2016-02-14T23:27:32.000,2016-02-14T23:27:32.000
Radicar Solicitud Homologacion,86503,9298,Radicar Solicitud Homologacion,9298,Fluxicon Disco,Variant 1,1,2016-02-14T23:27:33.000,2016-02-14T23:27:33.000
Cancelar Solicitud,86503,7297,Cancelar Solicitud,7297,Fluxicon Disco,Variant 1,1,2016-02-15T02:39:56.000,2016-02-14T23:35:56.000
Notificacion estudiante cancelacion soli,86503,7297,Notificacion estudiante cancelacion soli,7297,Fluxicon Disco,Variant 1,1,2016-03-17T13:55:13.000,2016-03-17T13:55:13.000
End,86503,End,End,End,Fluxicon Disco,Variant 1,1,2016-03-17T13:55:13.000,2016-03-17T13:55:13.000
Start,86601,Start,Start,Start,Fluxicon Disco,Variant 1,1,2016-02-15T08:43:09.000,2016-02-15T08:43:09.000
Traer informacion estudiante - banner,86601,8995,Traer informacion estudiante - banner,8995,Fluxicon Disco,Variant 1,1,2016-02-15T08:43:09.000,2016-02-15T08:43:09.000
Radicar Solicitud Homologacion,86601,8995,Radicar Solicitud Homologacion,8995,Fluxicon Disco,Variant 1,1,2016-02-15T08:43:17.000,2016-02-15T08:43:17.000
Cancelar Solicitud,86601,19019,Cancelar Solicitud,19019,Fluxicon Disco,Variant 1,1,2016-02-15T08:57:55.000,2016-02-15T08:49:01.000
Notificacion estudiante cancelacion soli,86601,19019,Notificacion estudiante cancelacion soli,19019,Fluxicon Disco,Variant 1,1,2016-02-16T14:54:24.000,2016-02-16T14:54:24.000
End,86601,End,End,End,Fluxicon Disco,Variant 1,1,2016-02-16T14:54:24.000,2016-02-16T14:54:24.000
Start,86751,Start,Start,Start,Fluxicon Disco,Variant 5,5,2016-02-15T10:41:28.000,2016-02-15T10:41:28.000
Traer informacion estudiante - banner,86751,9384,Traer informacion estudiante - banner,9384,Fluxicon Disco,Variant 5,5,2016-02-15T10:41:28.000,2016-02-15T10:41:28.000
Radicar Solicitud Homologacion,86751,9384,Radicar Solicitud Homologacion,9384,Fluxicon Disco,Variant 5,5,2016-02-15T10:41:35.000,2016-02-15T10:41:35.000
Notificacion estudiante cancelacion soli,86751,1,Notificacion estudiante cancelacion soli,1,Fluxicon Disco,Variant 5,5,2016-02-23T22:24:21.000,2016-02-23T22:24:21.000
End,86751,End,End,End,Fluxicon Disco,Variant 5,5,2016-02-23T22:24:21.000,2016-02-23T22:24:21.000
Start,86851,Start,Start,Start,Fluxicon Disco,Variant 2,2,2016-02-15T13:17:12.000,2016-02-15T13:17:12.000
Traer informacion estudiante - banner,86851,8213,Traer informacion estudiante - banner,8213,Fluxicon Disco,Variant 2,2,2016-02-15T13:17:12.000,2016-02-15T13:17:12.000
Radicar Solicitud Homologacion,86851,8213,Radicar Solicitud Homologacion,8213,Fluxicon Disco,Variant 2,2,2016-02-15T13:17:18.000,2016-02-15T13:17:18.000
Validar solicitud,86851,1707,Validar solicitud,1707,Fluxicon Disco,Variant 2,2,2016-02-15T13:40:59.000,2016-02-15T13:22:37.000
Homologacion por grupo de cursos,86851,15930,Homologacion por grupo de cursos,15930,Fluxicon Disco,Variant 2,2,2016-02-17T18:08:32.000,2016-02-17T16:22:55.000
End,86851,End,End,End,Fluxicon Disco,Variant 2,2,2016-02-17T18:08:32.000,2016-02-17T18:08:32.000
Start,87051,Start,Start,Start,Fluxicon Disco,Variant 1,1,2016-02-15T19:37:17.000,2016-02-15T19:37:17.000
Traer informacion estudiante - banner,87051,14128,Traer informacion estudiante - banner,14128,Fluxicon Disco,Variant 1,1,2016-02-15T19:37:17.000,2016-02-15T19:37:17.000
Radicar Solicitud Homologacion,87051,14128,Radicar Solicitud Homologacion,14128,Fluxicon Disco,Variant 1,1,2016-02-15T20:23:41.000,2016-02-15T19:37:21.000
Cancelar Solicitud,87051,14128,Cancelar Solicitud,14128,Fluxicon Disco,Variant 1,1,2016-02-23T16:20:59.000,2016-02-23T16:20:56.000
Notificacion estudiante cancelacion soli,87051,14128,Notificacion estudiante cancelacion soli,14128,Fluxicon Disco,Variant 1,1,2016-02-23T16:24:07.000,2016-02-23T16:24:07.000
End,87051,End,End,End,Fluxicon Disco,Variant 1,1,2016-02-23T16:24:07.000,2016-02-23T16:24:07.000
Start,87101,Start,Start,Start,Fluxicon Disco,Variant 2,2,2016-02-15T23:19:15.000,2016-02-15T23:19:15.000
Traer informacion estudiante - banner,87101,17642,Traer informacion estudiante - banner,17642,Fluxicon Disco,Variant 2,2,2016-02-15T23:19:15.000,2016-02-15T23:19:15.000
Radicar Solicitud Homologacion,87101,17642,Radicar Solicitud Homologacion,17642,Fluxicon Disco,Variant 2,2,2016-02-15T23:48:13.000,2016-02-15T23:19:21.000
Validar solicitud,87101,677,Validar solicitud,677,Fluxicon Disco,Variant 2,2,2016-02-19T20:23:23.000,2016-02-19T20:11:35.000
Homologacion por grupo de cursos,87101,3445,Homologacion por grupo de cursos,3445,Fluxicon Disco,Variant 2,2,2016-02-23T13:30:13.000,2016-02-23T13:19:24.000
End,87101,End,End,End,Fluxicon Disco,Variant 2,2,2016-02-23T13:30:13.000,2016-02-23T13:30:13.000
Start,87401,Start,Start,Start,Fluxicon Disco,Variant 2,2,2016-02-16T20:07:34.000,2016-02-16T20:07:34.000
Traer informacion estudiante - banner,87401,305,Traer informacion estudiante - banner,305,Fluxicon Disco,Variant 2,2,2016-02-16T20:07:34.000,2016-02-16T20:07:34.000
Radicar Solicitud Homologacion,87401,305,Radicar Solicitud Homologacion,305,Fluxicon Disco,Variant 2,2,2016-02-16T20:08:13.000,2016-02-16T20:07:40.000
Validar solicitud,87401,7019,Validar solicitud,7019,Fluxicon Disco,Variant 2,2,2016-02-16T20:44:51.000,2016-02-16T20:41:33.000
Homologacion por grupo de cursos,87401,26796,Homologacion por grupo de cursos,26796,Fluxicon Disco,Variant 2,2,2016-02-17T23:09:06.000,2016-02-17T13:55:41.000
End,87401,End,End,End,Fluxicon Disco,Variant 2,2,2016-02-17T23:09:06.000,2016-02-17T23:09:06.000
Start,87402,Start,Start,Start,Fluxicon Disco,Variant 23,23,2016-02-16T20:58:58.000,2016-02-16T20:58:58.000
Traer informacion estudiante - banner,87402,7007,Traer informacion estudiante - banner,7007,Fluxicon Disco,Variant 23,23,2016-02-16T20:58:58.000,2016-02-16T20:58:58.000
Radicar Solicitud Homologacion,87402,7007,Radicar Solicitud Homologacion,7007,Fluxicon Disco,Variant 23,23,2016-02-16T21:30:00.000,2016-02-16T20:58:59.000
Radicar Solicitud Homologacion,87402,7007,Radicar Solicitud Homologacion,7007,Fluxicon Disco,Variant 23,23,2016-02-23T17:01:50.000,2016-02-23T16:24:12.000
Notificacion estudiante cancelacion soli,87402,1,Notificacion estudiante cancelacion soli,1,Fluxicon Disco,Variant 23,23,2016-03-09T22:27:05.000,2016-03-09T22:27:05.000
End,87402,End,End,End,Fluxicon Disco,Variant 23,23,2016-03-09T22:27:05.000,2016-03-09T22:27:05.000
Start,87451,Start,Start,Start,Fluxicon Disco,Variant 1,1,2016-02-16T17:26:08.000,2016-02-16T17:26:08.000
Traer informacion estudiante - banner,87451,6004,Traer informacion estudiante - banner,6004,Fluxicon Disco,Variant 1,1,2016-02-16T17:26:08.000,2016-02-16T17:26:08.000
Radicar Solicitud Homologacion,87451,6004,Radicar Solicitud Homologacion,6004,Fluxicon Disco,Variant 1,1,2016-02-16T17:26:21.000,2016-02-16T17:26:13.000
Cancelar Solicitud,87451,22404,Cancelar Solicitud,22404,Fluxicon Disco,Variant 1,1,2016-02-16T17:58:40.000,2016-02-16T17:34:15.000
Notificacion estudiante cancelacion soli,87451,22404,Notificacion estudiante cancelacion soli,22404,Fluxicon Disco,Variant 1,1,2016-02-19T19:31:08.000,2016-02-19T19:31:08.000
End,87451,End,End,End,Fluxicon Disco,Variant 1,1,2016-02-19T19:31:08.000,2016-02-19T19:31:08.000
Start,87454,Start,Start,Start,Fluxicon Disco,Variant 2,2,2016-02-16T19:28:34.000,2016-02-16T19:28:34.000
Traer informacion estudiante - banner,87454,8736,Traer informacion estudiante - banner,8736,Fluxicon Disco,Variant 2,2,2016-02-16T19:28:34.000,2016-02-16T19:28:34.000
Radicar Solicitud Homologacion,87454,8736,Radicar Solicitud Homologacion,8736,Fluxicon Disco,Variant 2,2,2016-02-16T19:32:35.000,2016-02-16T19:28:35.000
Validar solicitud,87454,7320,Validar solicitud,7320,Fluxicon Disco,Variant 2,2,2016-02-17T03:18:34.000,2016-02-17T02:50:34.000
Homologacion por grupo de cursos,87454,6952,Homologacion por grupo de cursos,6952,Fluxicon Disco,Variant 2,2,2016-02-22T23:37:36.000,2016-02-22T18:13:40.000
End,87454,End,End,End,Fluxicon Disco,Variant 2,2,2016-02-22T23:37:36.000,2016-02-22T23:37:36.000
Start,87501,Start,Start,Start,Fluxicon Disco,Variant 2,2,2016-02-16T19:51:08.000,2016-02-16T19:51:08.000
Traer informacion estudiante - banner,87501,6639,Traer informacion estudiante - banner,6639,Fluxicon Disco,Variant 2,2,2016-02-16T19:51:08.000,2016-02-16T19:51:08.000
Radicar Solicitud Homologacion,87501,6639,Radicar Solicitud Homologacion,6639,Fluxicon Disco,Variant 2,2,2016-02-16T19:51:14.000,2016-02-16T19:51:14.000
Validar solicitud,87501,22475,Validar solicitud,22475,Fluxicon Disco,Variant 2,2,2016-02-16T20:04:38.000,2016-02-16T19:57:56.000
Homologacion por grupo de cursos,87501,1343,Homologacion por grupo de cursos,1343,Fluxicon Disco,Variant 2,2,2016-02-17T21:39:10.000,2016-02-17T16:42:14.000
End,87501,End,End,End,Fluxicon Disco,Variant 2,2,2016-02-17T21:39:10.000,2016-02-17T21:39:10.000
Start,87751,Start,Start,Start,Fluxicon Disco,Variant 11,11,2016-02-17T11:53:11.000,2016-02-17T11:53:11.000
Traer informacion estudiante - banner,87751,10995,Traer informacion estudiante - banner,10995,Fluxicon Disco,Variant 11,11,2016-02-17T11:53:11.000,2016-02-17T11:53:11.000
Radicar Solicitud Homologacion,87751,10995,Radicar Solicitud Homologacion,10995,Fluxicon Disco,Variant 11,11,2016-02-17T12:09:16.000,2016-02-17T11:53:16.000
Validar solicitud,87751,1707,Validar solicitud,1707,Fluxicon Disco,Variant 11,11,2016-02-19T12:46:50.000,2016-02-19T12:11:12.000
Homologacion por grupo de cursos,87751,15930,Homologacion por grupo de cursos,15930,Fluxicon Disco,Variant 11,11,2016-02-25T18:42:07.000,2016-02-25T17:38:58.000
Revisar curso,87751,1707,Revisar curso,1707,Fluxicon Disco,Variant 11,11,2016-02-25T17:46:54.000,2016-02-25T17:38:59.000
Evaluacion curso,87751,15930,Evaluacion curso,15930,Fluxicon Disco,Variant 11,11,2016-02-26T18:22:34.000,2016-02-26T17:34:38.000
Validacion final,87751,1707,Validacion final,1707,Fluxicon Disco,Variant 11,11,2016-03-07T17:35:23.000,2016-03-07T17:30:54.000
Visto Bueno Cierre Proceso,87751,15930,Visto Bueno Cierre Proceso,15930,Fluxicon Disco,Variant 11,11,2016-03-08T13:50:04.000,2016-03-08T13:47:16.000
Transferir Creditos,87751,15930,Transferir Creditos,15930,Fluxicon Disco,Variant 11,11,2016-03-08T16:48:04.000,2016-03-08T16:48:04.000
Transferir creditos homologables,87751,15930,Transferir creditos homologables,15930,Fluxicon Disco,Variant 11,11,2016-03-08T16:48:05.000,2016-03-08T16:48:05.000
End,87751,End,End,End,Fluxicon Disco,Variant 11,11,2016-03-08T16:48:05.000,2016-03-08T16:48:05.000
Start,87752,Start,Start,Start,Fluxicon Disco,Variant 24,24,2016-02-17T12:46:27.000,2016-02-17T12:46:27.000
Traer informacion estudiante - banner,87752,9886,Traer informacion estudiante - banner,9886,Fluxicon Disco,Variant 24,24,2016-02-17T12:46:27.000,2016-02-17T12:46:27.000
Radicar Solicitud Homologacion,87752,9886,Radicar Solicitud Homologacion,9886,Fluxicon Disco,Variant 24,24,2016-02-17T12:53:53.000,2016-02-17T12:46:31.000
Homologacion por grupo de cursos,87752,1343,Homologacion por grupo de cursos,1343,Fluxicon Disco,Variant 24,24,2016-02-18T02:09:56.000,2016-02-17T21:15:45.000
Validar solicitud,87752,22475,Validar solicitud,22475,Fluxicon Disco,Variant 24,24,2016-02-17T23:22:26.000,2016-02-17T23:22:26.000
End,87752,End,End,End,Fluxicon Disco,Variant 24,24,2016-02-17T23:22:26.000,2016-02-17T23:22:26.000
Start,87753,Start,Start,Start,Fluxicon Disco,Variant 1,1,2016-02-17T14:03:22.000,2016-02-17T14:03:22.000
Traer informacion estudiante - banner,87753,26147,Traer informacion estudiante - banner,26147,Fluxicon Disco,Variant 1,1,2016-02-17T14:03:22.000,2016-02-17T14:03:22.000
Radicar Solicitud Homologacion,87753,26147,Radicar Solicitud Homologacion,26147,Fluxicon Disco,Variant 1,1,2016-02-17T14:03:42.000,2016-02-17T14:03:25.000
Cancelar Solicitud,87753,7080,Cancelar Solicitud,7080,Fluxicon Disco,Variant 1,1,2016-02-17T14:44:57.000,2016-02-17T14:21:19.000
Notificacion estudiante cancelacion soli,87753,7080,Notificacion estudiante cancelacion soli,7080,Fluxicon Disco,Variant 1,1,2016-02-22T11:34:39.000,2016-02-22T11:34:39.000
End,87753,End,End,End,Fluxicon Disco,Variant 1,1,2016-02-22T11:34:39.000,2016-02-22T11:34:39.000
Start,87754,Start,Start,Start,Fluxicon Disco,Variant 3,3,2016-02-17T14:41:23.000,2016-02-17T14:41:23.000
Traer informacion estudiante - banner,87754,10168,Traer informacion estudiante - banner,10168,Fluxicon Disco,Variant 3,3,2016-02-17T14:41:23.000,2016-02-17T14:41:23.000
Radicar Solicitud Homologacion,87754,10168,Radicar Solicitud Homologacion,10168,Fluxicon Disco,Variant 3,3,2016-02-17T15:04:42.000,2016-02-17T14:41:24.000
Validar solicitud,87754,7297,Validar solicitud,7297,Fluxicon Disco,Variant 3,3,2016-02-22T11:59:06.000,2016-02-22T09:35:06.000
Homologacion por grupo de cursos,87754,7324,Homologacion por grupo de cursos,7324,Fluxicon Disco,Variant 3,3,2016-03-17T19:39:17.000,2016-03-17T13:35:17.000
Revisar curso,87754,7297,Revisar curso,7297,Fluxicon Disco,Variant 3,3,2016-03-17T13:35:17.000,2016-03-17T13:35:17.000
Evaluacion curso,87754,7297,Evaluacion curso,7297,Fluxicon Disco,Variant 3,3,2016-03-17T19:50:28.000,2016-03-17T13:46:28.000
Validacion final,87754,7297,Validacion final,7297,Fluxicon Disco,Variant 3,3,2016-05-27T19:06:30.000,2016-05-27T19:06:30.000
Visto Bueno Cierre Proceso,87754,7324,Visto Bueno Cierre Proceso,7324,Fluxicon Disco,Variant 3,3,2016-05-27T19:14:19.000,2016-05-27T19:14:19.000
End,87754,End,End,End,Fluxicon Disco,Variant 3,3,2016-05-27T19:14:19.000,2016-05-27T19:14:19.000
Start,87755,Start,Start,Start,Fluxicon Disco,Variant 3,3,2016-02-17T15:36:39.000,2016-02-17T15:36:39.000
Traer informacion estudiante - banner,87755,7007,Traer informacion estudiante - banner,7007,Fluxicon Disco,Variant 3,3,2016-02-17T15:36:39.000,2016-02-17T15:36:39.000
Radicar Solicitud Homologacion,87755,7007,Radicar Solicitud Homologacion,7007,Fluxicon Disco,Variant 3,3,2016-02-17T15:37:30.000,2016-02-17T15:36:40.000
Validar solicitud,87755,1707,Validar solicitud,1707,Fluxicon Disco,Variant 3,3,2016-02-17T17:16:40.000,2016-02-17T16:27:35.000
Homologacion por grupo de cursos,87755,15930,Homologacion por grupo de cursos,15930,Fluxicon Disco,Variant 3,3,2016-02-25T18:36:09.000,2016-02-25T17:32:55.000
Revisar curso,87755,1707,Revisar curso,1707,Fluxicon Disco,Variant 3,3,2016-02-25T17:40:54.000,2016-02-25T17:32:56.000
Evaluacion curso,87755,15930,Evaluacion curso,15930,Fluxicon Disco,Variant 3,3,2016-02-26T18:19:51.000,2016-02-26T17:31:54.000
Validacion final,87755,1707,Validacion final,1707,Fluxicon Disco,Variant 3,3,2016-03-07T17:33:56.000,2016-03-07T17:29:26.000
Visto Bueno Cierre Proceso,87755,15930,Visto Bueno Cierre Proceso,15930,Fluxicon Disco,Variant 3,3,2016-03-08T13:49:07.000,2016-03-08T13:46:20.000
End,87755,End,End,End,Fluxicon Disco,Variant 3,3,2016-03-08T13:49:07.000,2016-03-08T13:49:07.000
Start,87801,Start,Start,Start,Fluxicon Disco,Variant 12,12,2016-02-17T14:55:09.000,2016-02-17T14:55:09.000
Traer informacion estudiante - banner,87801,566,Traer informacion estudiante - banner,566,Fluxicon Disco,Variant 12,12,2016-02-17T14:55:09.000,2016-02-17T14:55:09.000
Radicar Solicitud Homologacion,87801,566,Radicar Solicitud Homologacion,566,Fluxicon Disco,Variant 12,12,2016-02-17T14:55:17.000,2016-02-17T14:55:12.000
Validar solicitud,87801,677,Validar solicitud,677,Fluxicon Disco,Variant 12,12,2016-02-17T15:36:02.000,2016-02-17T15:01:04.000
Homologacion por grupo de cursos,87801,3445,Homologacion por grupo de cursos,3445,Fluxicon Disco,Variant 12,12,2016-02-24T01:50:20.000,2016-02-23T19:18:20.000
Revisar curso,87801,22534,Revisar curso,22534,Fluxicon Disco,Variant 12,12,2016-02-24T01:01:29.000,2016-02-23T19:18:20.000
Evaluacion curso,87801,22534,Evaluacion curso,22534,Fluxicon Disco,Variant 12,12,2016-04-29T18:20:14.000,2016-04-29T18:09:07.000
Validacion final,87801,677,Validacion final,677,Fluxicon Disco,Variant 12,12,2016-05-02T23:46:54.000,2016-05-02T23:16:19.000
Visto Bueno Cierre Proceso,87801,3445,Visto Bueno Cierre Proceso,3445,Fluxicon Disco,Variant 12,12,2016-05-06T21:59:21.000,2016-05-06T21:52:14.000
Transferir Creditos,87801,3445,Transferir Creditos,3445,Fluxicon Disco,Variant 12,12,2016-05-10T19:10:17.000,2016-05-10T19:10:17.000
End,87801,End,End,End,Fluxicon Disco,Variant 12,12,2016-05-10T19:10:17.000,2016-05-10T19:10:17.000
Start,87901,Start,Start,Start,Fluxicon Disco,Variant 2,2,2016-02-17T18:31:47.000,2016-02-17T18:31:47.000
Traer informacion estudiante - banner,87901,5667,Traer informacion estudiante - banner,5667,Fluxicon Disco,Variant 2,2,2016-02-17T18:31:47.000,2016-02-17T18:31:47.000
Radicar Solicitud Homologacion,87901,5667,Radicar Solicitud Homologacion,5667,Fluxicon Disco,Variant 2,2,2016-02-17T18:31:53.000,2016-02-17T18:31:53.000
Validar solicitud,87901,387,Validar solicitud,387,Fluxicon Disco,Variant 2,2,2016-02-17T19:18:17.000,2016-02-17T19:14:17.000
Homologacion por grupo de cursos,87901,1007,Homologacion por grupo de cursos,1007,Fluxicon Disco,Variant 2,2,2016-02-18T12:48:48.000,2016-02-18T12:28:48.000
End,87901,End,End,End,Fluxicon Disco,Variant 2,2,2016-02-18T12:48:48.000,2016-02-18T12:48:48.000
Start,87902,Start,Start,Start,Fluxicon Disco,Variant 2,2,2016-02-17T18:50:11.000,2016-02-17T18:50:11.000
Traer informacion estudiante - banner,87902,5667,Traer informacion estudiante - banner,5667,Fluxicon Disco,Variant 2,2,2016-02-17T18:50:11.000,2016-02-17T18:50:11.000
Radicar Solicitud Homologacion,87902,5667,Radicar Solicitud Homologacion,5667,Fluxicon Disco,Variant 2,2,2016-02-17T18:50:15.000,2016-02-17T18:50:15.000
Validar solicitud,87902,387,Validar solicitud,387,Fluxicon Disco,Variant 2,2,2016-02-17T19:19:20.000,2016-02-17T19:15:20.000
Homologacion por grupo de cursos,87902,1007,Homologacion por grupo de cursos,1007,Fluxicon Disco,Variant 2,2,2016-02-18T15:23:42.000,2016-02-18T12:29:22.000
End,87902,End,End,End,Fluxicon Disco,Variant 2,2,2016-02-18T15:23:42.000,2016-02-18T15:23:42.000
Start,87903,Start,Start,Start,Fluxicon Disco,Variant 2,2,2016-02-17T19:05:19.000,2016-02-17T19:05:19.000
Traer informacion estudiante - banner,87903,5667,Traer informacion estudiante - banner,5667,Fluxicon Disco,Variant 2,2,2016-02-17T19:05:19.000,2016-02-17T19:05:19.000
Radicar Solicitud Homologacion,87903,5667,Radicar Solicitud Homologacion,5667,Fluxicon Disco,Variant 2,2,2016-02-17T19:05:22.000,2016-02-17T19:05:22.000
Validar solicitud,87903,387,Validar solicitud,387,Fluxicon Disco,Variant 2,2,2016-02-17T19:21:55.000,2016-02-17T19:17:55.000
Homologacion por grupo de cursos,87903,1007,Homologacion por grupo de cursos,1007,Fluxicon Disco,Variant 2,2,2016-02-18T13:48:40.000,2016-02-18T12:30:34.000
End,87903,End,End,End,Fluxicon Disco,Variant 2,2,2016-02-18T13:48:40.000,2016-02-18T13:48:40.000
Start,87904,Start,Start,Start,Fluxicon Disco,Variant 1,1,2016-02-17T19:51:49.000,2016-02-17T19:51:49.000
Traer informacion estudiante - banner,87904,22795,Traer informacion estudiante - banner,22795,Fluxicon Disco,Variant 1,1,2016-02-17T19:51:49.000,2016-02-17T19:51:49.000
Radicar Solicitud Homologacion,87904,22795,Radicar Solicitud Homologacion,22795,Fluxicon Disco,Variant 1,1,2016-02-17T19:52:01.000,2016-02-17T19:51:52.000
Cancelar Solicitud,87904,22795,Cancelar Solicitud,22795,Fluxicon Disco,Variant 1,1,2016-02-17T20:29:05.000,2016-02-17T20:09:15.000
Notificacion estudiante cancelacion soli,87904,22795,Notificacion estudiante cancelacion soli,22795,Fluxicon Disco,Variant 1,1,2016-02-22T13:43:19.000,2016-02-22T13:43:19.000
End,87904,End,End,End,Fluxicon Disco,Variant 1,1,2016-02-22T13:43:19.000,2016-02-22T13:43:19.000
Start,87905,Start,Start,Start,Fluxicon Disco,Variant 1,1,2016-02-17T20:09:26.000,2016-02-17T20:09:26.000
Traer informacion estudiante - banner,87905,22795,Traer informacion estudiante - banner,22795,Fluxicon Disco,Variant 1,1,2016-02-17T20:09:26.000,2016-02-17T20:09:26.000
Radicar Solicitud Homologacion,87905,22795,Radicar Solicitud Homologacion,22795,Fluxicon Disco,Variant 1,1,2016-02-17T20:09:28.000,2016-02-17T20:09:27.000
Cancelar Solicitud,87905,22795,Cancelar Solicitud,22795,Fluxicon Disco,Variant 1,1,2016-02-17T20:30:49.000,2016-02-17T20:11:01.000
Notificacion estudiante cancelacion soli,87905,22795,Notificacion estudiante cancelacion soli,22795,Fluxicon Disco,Variant 1,1,2016-02-22T13:43:37.000,2016-02-22T13:43:37.000
End,87905,End,End,End,Fluxicon Disco,Variant 1,1,2016-02-22T13:43:37.000,2016-02-22T13:43:37.000
Start,87906,Start,Start,Start,Fluxicon Disco,Variant 1,1,2016-02-17T20:53:00.000,2016-02-17T20:53:00.000
Traer informacion estudiante - banner,87906,8248,Traer informacion estudiante - banner,8248,Fluxicon Disco,Variant 1,1,2016-02-17T20:53:00.000,2016-02-17T20:53:00.000
Radicar Solicitud Homologacion,87906,8248,Radicar Solicitud Homologacion,8248,Fluxicon Disco,Variant 1,1,2016-02-17T20:56:07.000,2016-02-17T20:53:01.000
Cancelar Solicitud,87906,2292,Cancelar Solicitud,2292,Fluxicon Disco,Variant 1,1,2016-02-18T02:22:20.000,2016-02-18T02:22:20.000
Notificacion estudiante cancelacion soli,87906,2292,Notificacion estudiante cancelacion soli,2292,Fluxicon Disco,Variant 1,1,2016-02-18T09:26:08.000,2016-02-18T09:26:08.000
End,87906,End,End,End,Fluxicon Disco,Variant 1,1,2016-02-18T09:26:08.000,2016-02-18T09:26:08.000
Start,87907,Start,Start,Start,Fluxicon Disco,Variant 1,1,2016-02-17T21:42:30.000,2016-02-17T21:42:30.000
Traer informacion estudiante - banner,87907,10296,Traer informacion estudiante - banner,10296,Fluxicon Disco,Variant 1,1,2016-02-17T21:42:30.000,2016-02-17T21:42:30.000
Radicar Solicitud Homologacion,87907,10296,Radicar Solicitud Homologacion,10296,Fluxicon Disco,Variant 1,1,2016-02-17T21:42:40.000,2016-02-17T21:42:31.000
Cancelar Solicitud,87907,22475,Cancelar Solicitud,22475,Fluxicon Disco,Variant 1,1,2016-02-17T21:55:32.000,2016-02-17T21:51:38.000
Notificacion estudiante cancelacion soli,87907,22475,Notificacion estudiante cancelacion soli,22475,Fluxicon Disco,Variant 1,1,2016-02-18T15:46:00.000,2016-02-18T15:46:00.000
End,87907,End,End,End,Fluxicon Disco,Variant 1,1,2016-02-18T15:46:00.000,2016-02-18T15:46:00.000
Start,87908,Start,Start,Start,Fluxicon Disco,Variant 1,1,2016-02-17T21:53:46.000,2016-02-17T21:53:46.000
Traer informacion estudiante - banner,87908,10296,Traer informacion estudiante - banner,10296,Fluxicon Disco,Variant 1,1,2016-02-17T21:53:46.000,2016-02-17T21:53:46.000
Radicar Solicitud Homologacion,87908,10296,Radicar Solicitud Homologacion,10296,Fluxicon Disco,Variant 1,1,2016-02-17T21:53:53.000,2016-02-17T21:53:47.000
Cancelar Solicitud,87908,22475,Cancelar Solicitud,22475,Fluxicon Disco,Variant 1,1,2016-02-17T22:03:37.000,2016-02-17T21:59:56.000
Notificacion estudiante cancelacion soli,87908,22475,Notificacion estudiante cancelacion soli,22475,Fluxicon Disco,Variant 1,1,2016-02-18T15:41:45.000,2016-02-18T15:41:45.000
End,87908,End,End,End,Fluxicon Disco,Variant 1,1,2016-02-18T15:41:45.000,2016-02-18T15:41:45.000
Start,87909,Start,Start,Start,Fluxicon Disco,Variant 9,9,2016-02-17T22:00:04.000,2016-02-17T22:00:04.000
Traer informacion estudiante - banner,87909,10296,Traer informacion estudiante - banner,10296,Fluxicon Disco,Variant 9,9,2016-02-17T22:00:04.000,2016-02-17T22:00:04.000
Radicar Solicitud Homologacion,87909,10296,Radicar Solicitud Homologacion,10296,Fluxicon Disco,Variant 9,9,2016-02-17T22:00:18.000,2016-02-17T22:00:05.000
Validar solicitud,87909,22475,Validar solicitud,22475,Fluxicon Disco,Variant 9,9,2016-02-17T22:16:41.000,2016-02-17T22:13:20.000
Cancelar Solicitud,87909,22475,Cancelar Solicitud,22475,Fluxicon Disco,Variant 9,9,2016-02-17T22:16:47.000,2016-02-17T22:13:20.000
Notificacion estudiante cancelacion soli,87909,22475,Notificacion estudiante cancelacion soli,22475,Fluxicon Disco,Variant 9,9,2016-02-18T15:41:14.000,2016-02-18T15:41:14.000
End,87909,End,End,End,Fluxicon Disco,Variant 9,9,2016-02-18T15:41:14.000,2016-02-18T15:41:14.000
Start,87910,Start,Start,Start,Fluxicon Disco,Variant 9,9,2016-02-17T22:06:42.000,2016-02-17T22:06:42.000
Traer informacion estudiante - banner,87910,26298,Traer informacion estudiante - banner,26298,Fluxicon Disco,Variant 9,9,2016-02-17T22:06:42.000,2016-02-17T22:06:42.000
Radicar Solicitud Homologacion,87910,26298,Radicar Solicitud Homologacion,26298,Fluxicon Disco,Variant 9,9,2016-02-17T22:07:09.000,2016-02-17T22:06:43.000
Validar solicitud,87910,7080,Validar solicitud,7080,Fluxicon Disco,Variant 9,9,2016-02-17T22:54:16.000,2016-02-17T22:32:49.000
Cancelar Solicitud,87910,7080,Cancelar Solicitud,7080,Fluxicon Disco,Variant 9,9,2016-02-18T00:29:54.000,2016-02-17T22:32:50.000
Notificacion estudiante cancelacion soli,87910,7080,Notificacion estudiante cancelacion soli,7080,Fluxicon Disco,Variant 9,9,2016-03-09T17:37:31.000,2016-03-09T17:37:31.000
End,87910,End,End,End,Fluxicon Disco,Variant 9,9,2016-03-09T17:37:31.000,2016-03-09T17:37:31.000
Start,88001,Start,Start,Start,Fluxicon Disco,Variant 1,1,2016-02-17T23:22:53.000,2016-02-17T23:22:53.000
Traer informacion estudiante - banner,88001,9886,Traer informacion estudiante - banner,9886,Fluxicon Disco,Variant 1,1,2016-02-17T23:22:53.000,2016-02-17T23:22:53.000
Radicar Solicitud Homologacion,88001,9886,Radicar Solicitud Homologacion,9886,Fluxicon Disco,Variant 1,1,2016-02-17T23:23:00.000,2016-02-17T23:22:55.000
Cancelar Solicitud,88001,22475,Cancelar Solicitud,22475,Fluxicon Disco,Variant 1,1,2016-02-17T23:30:38.000,2016-02-17T23:28:14.000
Notificacion estudiante cancelacion soli,88001,22475,Notificacion estudiante cancelacion soli,22475,Fluxicon Disco,Variant 1,1,2016-02-18T15:53:11.000,2016-02-18T15:53:11.000
End,88001,End,End,End,Fluxicon Disco,Variant 1,1,2016-02-18T15:53:11.000,2016-02-18T15:53:11.000
Start,88002,Start,Start,Start,Fluxicon Disco,Variant 2,2,2016-02-17T23:40:39.000,2016-02-17T23:40:39.000
Traer informacion estudiante - banner,88002,3296,Traer informacion estudiante - banner,3296,Fluxicon Disco,Variant 2,2,2016-02-17T23:40:39.000,2016-02-17T23:40:39.000
Radicar Solicitud Homologacion,88002,3296,Radicar Solicitud Homologacion,3296,Fluxicon Disco,Variant 2,2,2016-02-17T23:41:00.000,2016-02-17T23:40:41.000
Validar solicitud,88002,241,Validar solicitud,241,Fluxicon Disco,Variant 2,2,2016-02-18T00:20:51.000,2016-02-18T00:20:51.000
Homologacion por grupo de cursos,88002,6979,Homologacion por grupo de cursos,6979,Fluxicon Disco,Variant 2,2,2016-02-18T02:51:05.000,2016-02-18T01:51:05.000
End,88002,End,End,End,Fluxicon Disco,Variant 2,2,2016-02-18T02:51:05.000,2016-02-18T02:51:05.000
Start,88005,Start,Start,Start,Fluxicon Disco,Variant 2,2,2016-02-18T00:30:31.000,2016-02-18T00:30:31.000
Traer informacion estudiante - banner,88005,4765,Traer informacion estudiante - banner,4765,Fluxicon Disco,Variant 2,2,2016-02-18T00:30:31.000,2016-02-18T00:30:31.000
Radicar Solicitud Homologacion,88005,4765,Radicar Solicitud Homologacion,4765,Fluxicon Disco,Variant 2,2,2016-02-18T00:30:32.000,2016-02-18T00:30:32.000
Validar solicitud,88005,659,Validar solicitud,659,Fluxicon Disco,Variant 2,2,2016-02-18T01:05:59.000,2016-02-18T00:47:45.000
Homologacion por grupo de cursos,88005,1422,Homologacion por grupo de cursos,1422,Fluxicon Disco,Variant 2,2,2016-02-22T21:44:24.000,2016-02-22T16:14:53.000
End,88005,End,End,End,Fluxicon Disco,Variant 2,2,2016-02-22T21:44:24.000,2016-02-22T21:44:24.000
Start,88007,Start,Start,Start,Fluxicon Disco,Variant 3,3,2016-02-18T01:29:13.000,2016-02-18T01:29:13.000
Traer informacion estudiante - banner,88007,8786,Traer informacion estudiante - banner,8786,Fluxicon Disco,Variant 3,3,2016-02-18T01:29:13.000,2016-02-18T01:29:13.000
Radicar Solicitud Homologacion,88007,8786,Radicar Solicitud Homologacion,8786,Fluxicon Disco,Variant 3,3,2016-02-18T01:29:14.000,2016-02-18T01:29:14.000
Validar solicitud,88007,10923,Validar solicitud,10923,Fluxicon Disco,Variant 3,3,2016-02-18T02:58:01.000,2016-02-18T01:36:56.000
Homologacion por grupo de cursos,88007,6971,Homologacion por grupo de cursos,6971,Fluxicon Disco,Variant 3,3,2016-03-03T15:20:01.000,2016-03-03T15:05:07.000
Revisar curso,88007,1314,Revisar curso,1314,Fluxicon Disco,Variant 3,3,2016-03-03T15:08:02.000,2016-03-03T15:05:08.000
Evaluacion curso,88007,1314,Evaluacion curso,1314,Fluxicon Disco,Variant 3,3,2016-03-03T18:28:50.000,2016-03-03T18:24:20.000
Validacion final,88007,10923,Validacion final,10923,Fluxicon Disco,Variant 3,3,2016-03-04T14:30:25.000,2016-03-04T14:30:21.000
Visto Bueno Cierre Proceso,88007,6971,Visto Bueno Cierre Proceso,6971,Fluxicon Disco,Variant 3,3,2016-03-04T14:41:52.000,2016-03-04T14:34:27.000
End,88007,End,End,End,Fluxicon Disco,Variant 3,3,2016-03-04T14:41:52.000,2016-03-04T14:41:52.000
Start,88301,Start,Start,Start,Fluxicon Disco,Variant 5,5,2016-02-18T14:29:46.000,2016-02-18T14:29:46.000
Traer informacion estudiante - banner,88301,5573,Traer informacion estudiante - banner,5573,Fluxicon Disco,Variant 5,5,2016-02-18T14:29:46.000,2016-02-18T14:29:46.000
Radicar Solicitud Homologacion,88301,5573,Radicar Solicitud Homologacion,5573,Fluxicon Disco,Variant 5,5,2016-02-18T14:30:05.000,2016-02-18T14:29:51.000
Notificacion estudiante cancelacion soli,88301,1,Notificacion estudiante cancelacion soli,1,Fluxicon Disco,Variant 5,5,2016-02-26T23:08:00.000,2016-02-26T23:08:00.000
End,88301,End,End,End,Fluxicon Disco,Variant 5,5,2016-02-26T23:08:00.000,2016-02-26T23:08:00.000
Start,88401,Start,Start,Start,Fluxicon Disco,Variant 1,1,2016-02-18T16:41:38.000,2016-02-18T16:41:38.000
Traer informacion estudiante - banner,88401,5588,Traer informacion estudiante - banner,5588,Fluxicon Disco,Variant 1,1,2016-02-18T16:41:38.000,2016-02-18T16:41:38.000
Radicar Solicitud Homologacion,88401,5588,Radicar Solicitud Homologacion,5588,Fluxicon Disco,Variant 1,1,2016-02-18T16:41:53.000,2016-02-18T16:41:42.000
Cancelar Solicitud,88401,5588,Cancelar Solicitud,5588,Fluxicon Disco,Variant 1,1,2016-02-18T16:58:33.000,2016-02-18T16:53:27.000
Notificacion estudiante cancelacion soli,88401,5588,Notificacion estudiante cancelacion soli,5588,Fluxicon Disco,Variant 1,1,2016-02-19T13:47:46.000,2016-02-19T13:47:46.000
End,88401,End,End,End,Fluxicon Disco,Variant 1,1,2016-02-19T13:47:46.000,2016-02-19T13:47:46.000
Start,88503,Start,Start,Start,Fluxicon Disco,Variant 24,24,2016-02-18T20:11:24.000,2016-02-18T20:11:24.000
Traer informacion estudiante - banner,88503,2649,Traer informacion estudiante - banner,2649,Fluxicon Disco,Variant 24,24,2016-02-18T20:11:24.000,2016-02-18T20:11:24.000
Radicar Solicitud Homologacion,88503,2649,Radicar Solicitud Homologacion,2649,Fluxicon Disco,Variant 24,24,2016-02-18T20:17:25.000,2016-02-18T20:11:27.000
Homologacion por grupo de cursos,88503,1343,Homologacion por grupo de cursos,1343,Fluxicon Disco,Variant 24,24,2016-02-19T17:59:33.000,2016-02-19T13:16:06.000
Validar solicitud,88503,22475,Validar solicitud,22475,Fluxicon Disco,Variant 24,24,2016-02-19T16:10:12.000,2016-02-19T16:10:12.000
End,88503,End,End,End,Fluxicon Disco,Variant 24,24,2016-02-19T16:10:12.000,2016-02-19T16:10:12.000
Start,88752,Start,Start,Start,Fluxicon Disco,Variant 47,47,2016-02-19T11:34:51.000,2016-02-19T11:34:51.000
Traer informacion estudiante - banner,88752,23530,Traer informacion estudiante - banner,23530,Fluxicon Disco,Variant 47,47,2016-02-19T11:34:51.000,2016-02-19T11:34:51.000
Radicar Solicitud Homologacion,88752,23530,Radicar Solicitud Homologacion,23530,Fluxicon Disco,Variant 47,47,2016-02-19T11:42:54.000,2016-02-19T11:34:54.000
Validar solicitud,88752,22404,Validar solicitud,22404,Fluxicon Disco,Variant 47,47,2016-02-21T13:38:03.000,2016-02-21T13:06:03.000
Cancelar Solicitud,88752,943,Cancelar Solicitud,943,Fluxicon Disco,Variant 47,47,2016-02-21T13:38:04.000,2016-02-21T13:06:04.000
Revisar curso,88752,659,Revisar curso,659,Fluxicon Disco,Variant 47,47,2016-02-26T11:03:21.000,2016-02-26T11:03:21.000
Revisar curso,88752,943,Revisar curso,943,Fluxicon Disco,Variant 47,47,2016-02-26T11:03:22.000,2016-02-26T11:03:22.000
Notificacion estudiante cancelacion soli,88752,943,Notificacion estudiante cancelacion soli,943,Fluxicon Disco,Variant 47,47,2016-02-26T13:55:12.000,2016-02-26T13:55:12.000
End,88752,End,End,End,Fluxicon Disco,Variant 47,47,2016-02-26T13:55:12.000,2016-02-26T13:55:12.000
Start,88853,Start,Start,Start,Fluxicon Disco,Variant 24,24,2016-02-19T14:40:18.000,2016-02-19T14:40:18.000
Traer informacion estudiante - banner,88853,26298,Traer informacion estudiante - banner,26298,Fluxicon Disco,Variant 24,24,2016-02-19T14:40:18.000,2016-02-19T14:40:18.000
Radicar Solicitud Homologacion,88853,26298,Radicar Solicitud Homologacion,26298,Fluxicon Disco,Variant 24,24,2016-02-19T14:55:37.000,2016-02-19T14:40:18.000
Homologacion por grupo de cursos,88853,6889,Homologacion por grupo de cursos,6889,Fluxicon Disco,Variant 24,24,2016-02-23T06:09:49.000,2016-02-22T23:03:12.000
Validar solicitud,88853,7080,Validar solicitud,7080,Fluxicon Disco,Variant 24,24,2016-02-23T01:58:11.000,2016-02-23T01:58:11.000
End,88853,End,End,End,Fluxicon Disco,Variant 24,24,2016-02-23T01:58:11.000,2016-02-23T01:58:11.000
Start,88951,Start,Start,Start,Fluxicon Disco,Variant 36,36,2016-02-19T18:35:52.000,2016-02-19T18:35:52.000
Traer informacion estudiante - banner,88951,8142,Traer informacion estudiante - banner,8142,Fluxicon Disco,Variant 36,36,2016-02-19T18:35:52.000,2016-02-19T18:35:52.000
Radicar Solicitud Homologacion,88951,8142,Radicar Solicitud Homologacion,8142,Fluxicon Disco,Variant 36,36,2016-02-19T18:35:58.000,2016-02-19T18:35:58.000
Validar solicitud,88951,7080,Validar solicitud,7080,Fluxicon Disco,Variant 36,36,2016-02-19T20:46:52.000,2016-02-19T19:03:13.000
Homologacion por grupo de cursos,88951,6889,Homologacion por grupo de cursos,6889,Fluxicon Disco,Variant 36,36,2016-03-09T17:46:28.000,2016-03-09T17:39:31.000
Validacion final,88951,7080,Validacion final,7080,Fluxicon Disco,Variant 36,36,2016-03-09T17:39:36.000,2016-03-09T17:39:32.000
Visto Bueno Cierre Proceso,88951,6889,Visto Bueno Cierre Proceso,6889,Fluxicon Disco,Variant 36,36,2016-03-09T17:50:34.000,2016-03-09T17:43:41.000
Transferir Creditos,88951,6889,Transferir Creditos,6889,Fluxicon Disco,Variant 36,36,2016-03-10T16:37:07.000,2016-03-10T16:37:07.000
Transferir creditos homologables,88951,6889,Transferir creditos homologables,6889,Fluxicon Disco,Variant 36,36,2016-03-10T16:37:07.000,2016-03-10T16:37:07.000
End,88951,End,End,End,Fluxicon Disco,Variant 36,36,2016-03-10T16:37:07.000,2016-03-10T16:37:07.000
Start,88952,Start,Start,Start,Fluxicon Disco,Variant 10,10,2016-02-19T18:19:35.000,2016-02-19T18:19:35.000
Notificacion estudiante cancelacion soli,88952,7297,Notificacion estudiante cancelacion soli,7297,Fluxicon Disco,Variant 10,10,2016-02-19T18:19:35.000,2016-02-19T18:19:35.000
Traer informacion estudiante - banner,88952,8112,Traer informacion estudiante - banner,8112,Fluxicon Disco,Variant 10,10,2016-02-19T18:46:17.000,2016-02-19T18:46:17.000
Radicar Solicitud Homologacion,88952,8112,Radicar Solicitud Homologacion,8112,Fluxicon Disco,Variant 10,10,2016-02-19T18:46:20.000,2016-02-19T18:46:20.000
Cancelar Solicitud,88952,7297,Cancelar Solicitud,7297,Fluxicon Disco,Variant 10,10,2016-02-19T18:54:39.000,2016-02-19T18:54:39.000
End,88952,End,End,End,Fluxicon Disco,Variant 10,10,2016-02-19T18:54:39.000,2016-02-19T18:54:39.000
Start,89051,Start,Start,Start,Fluxicon Disco,Variant 3,3,2016-02-19T20:08:19.000,2016-02-19T20:08:19.000
Traer informacion estudiante - banner,89051,9336,Traer informacion estudiante - banner,9336,Fluxicon Disco,Variant 3,3,2016-02-19T20:08:19.000,2016-02-19T20:08:19.000
Radicar Solicitud Homologacion,89051,9336,Radicar Solicitud Homologacion,9336,Fluxicon Disco,Variant 3,3,2016-02-19T20:08:34.000,2016-02-19T20:08:26.000
Validar solicitud,89051,677,Validar solicitud,677,Fluxicon Disco,Variant 3,3,2016-02-19T20:32:33.000,2016-02-19T20:16:50.000
Homologacion por grupo de cursos,89051,3445,Homologacion por grupo de cursos,3445,Fluxicon Disco,Variant 3,3,2016-02-23T19:26:38.000,2016-02-23T19:19:51.000
Revisar curso,89051,677,Revisar curso,677,Fluxicon Disco,Variant 3,3,2016-02-23T19:19:52.000,2016-02-23T19:19:52.000
Evaluacion curso,89051,7088,Evaluacion curso,7088,Fluxicon Disco,Variant 3,3,2016-02-23T19:20:44.000,2016-02-23T19:20:44.000
Validacion final,89051,677,Validacion final,677,Fluxicon Disco,Variant 3,3,2016-02-23T19:57:09.000,2016-02-23T19:53:09.000
Visto Bueno Cierre Proceso,89051,3445,Visto Bueno Cierre Proceso,3445,Fluxicon Disco,Variant 3,3,2016-02-24T13:44:16.000,2016-02-24T13:41:29.000
End,89051,End,End,End,Fluxicon Disco,Variant 3,3,2016-02-24T13:44:16.000,2016-02-24T13:44:16.000
Start,89101,Start,Start,Start,Fluxicon Disco,Variant 48,48,2016-02-19T21:12:39.000,2016-02-19T21:12:39.000
Cancelar Solicitud,89101,7297,Cancelar Solicitud,7297,Fluxicon Disco,Variant 48,48,2016-02-19T21:12:39.000,2016-02-19T21:12:39.000
Cancelar Solicitud,89101,8112,Cancelar Solicitud,8112,Fluxicon Disco,Variant 48,48,2016-02-19T21:12:39.000,2016-02-19T21:12:39.000
Recepcion de documentos,89101,29704,Recepcion de documentos,29704,Fluxicon Disco,Variant 48,48,2016-03-17T13:42:16.000,2016-03-17T13:42:16.000
Cancelar curso,89101,7297,Cancelar curso,7297,Fluxicon Disco,Variant 48,48,2016-03-17T13:42:17.000,2016-03-17T13:42:17.000
Cancelar curso,89101,8112,Cancelar curso,8112,Fluxicon Disco,Variant 48,48,2016-03-17T13:42:17.000,2016-03-17T13:42:17.000
Avanzar recepcion documentos,89101,1,Avanzar recepcion documentos,1,Fluxicon Disco,Variant 48,48,2016-04-13T23:51:21.000,2016-04-13T23:51:21.000
Avanzar recepcion documentos,89101,3510,Avanzar recepcion documentos,3510,Fluxicon Disco,Variant 48,48,2016-04-13T23:51:21.000,2016-04-13T23:51:21.000
End,89101,End,End,End,Fluxicon Disco,Variant 48,48,2016-04-13T23:51:21.000,2016-04-13T23:51:21.000
Start,89201,Start,Start,Start,Fluxicon Disco,Variant 9,9,2016-02-20T02:09:00.000,2016-02-20T02:09:00.000
Traer informacion estudiante - banner,89201,11692,Traer informacion estudiante - banner,11692,Fluxicon Disco,Variant 9,9,2016-02-20T02:09:00.000,2016-02-20T02:09:00.000
Radicar Solicitud Homologacion,89201,11692,Radicar Solicitud Homologacion,11692,Fluxicon Disco,Variant 9,9,2016-02-20T02:09:06.000,2016-02-20T02:09:06.000
Validar solicitud,89201,22404,Validar solicitud,22404,Fluxicon Disco,Variant 9,9,2016-02-20T22:19:17.000,2016-02-20T21:47:17.000
Cancelar Solicitud,89201,22404,Cancelar Solicitud,22404,Fluxicon Disco,Variant 9,9,2016-02-20T22:23:17.000,2016-02-20T21:47:17.000
Notificacion estudiante cancelacion soli,89201,22404,Notificacion estudiante cancelacion soli,22404,Fluxicon Disco,Variant 9,9,2016-02-26T19:56:02.000,2016-02-26T19:56:02.000
End,89201,End,End,End,Fluxicon Disco,Variant 9,9,2016-02-26T19:56:02.000,2016-02-26T19:56:02.000
Start,89301,Start,Start,Start,Fluxicon Disco,Variant 3,3,2016-02-20T15:15:43.000,2016-02-20T15:15:43.000
Traer informacion estudiante - banner,89301,8536,Traer informacion estudiante - banner,8536,Fluxicon Disco,Variant 3,3,2016-02-20T15:15:43.000,2016-02-20T15:15:43.000
Radicar Solicitud Homologacion,89301,8536,Radicar Solicitud Homologacion,8536,Fluxicon Disco,Variant 3,3,2016-02-20T15:15:50.000,2016-02-20T15:15:50.000
Validar solicitud,89301,1707,Validar solicitud,1707,Fluxicon Disco,Variant 3,3,2016-02-20T16:12:41.000,2016-02-20T15:45:04.000
Homologacion por grupo de cursos,89301,15930,Homologacion por grupo de cursos,15930,Fluxicon Disco,Variant 3,3,2016-02-25T18:32:35.000,2016-02-25T17:37:24.000
Revisar curso,89301,1707,Revisar curso,1707,Fluxicon Disco,Variant 3,3,2016-02-25T17:45:19.000,2016-02-25T17:37:24.000
Evaluacion curso,89301,1707,Evaluacion curso,1707,Fluxicon Disco,Variant 3,3,2016-02-26T17:38:12.000,2016-02-26T17:33:05.000
Validacion final,89301,1707,Validacion final,1707,Fluxicon Disco,Variant 3,3,2016-02-29T14:41:04.000,2016-02-29T14:41:03.000
Visto Bueno Cierre Proceso,89301,15930,Visto Bueno Cierre Proceso,15930,Fluxicon Disco,Variant 3,3,2016-02-29T15:24:50.000,2016-02-29T14:42:44.000
End,89301,End,End,End,Fluxicon Disco,Variant 3,3,2016-02-29T15:24:50.000,2016-02-29T15:24:50.000
Start,89351,Start,Start,Start,Fluxicon Disco,Variant 9,9,2016-02-20T19:27:59.000,2016-02-20T19:27:59.000
Traer informacion estudiante - banner,89351,11706,Traer informacion estudiante - banner,11706,Fluxicon Disco,Variant 9,9,2016-02-20T19:27:59.000,2016-02-20T19:27:59.000
Radicar Solicitud Homologacion,89351,11706,Radicar Solicitud Homologacion,11706,Fluxicon Disco,Variant 9,9,2016-02-20T19:28:05.000,2016-02-20T19:28:05.000
Validar solicitud,89351,22404,Validar solicitud,22404,Fluxicon Disco,Variant 9,9,2016-02-20T20:19:29.000,2016-02-20T19:47:29.000
Cancelar Solicitud,89351,22404,Cancelar Solicitud,22404,Fluxicon Disco,Variant 9,9,2016-02-20T20:23:30.000,2016-02-20T19:47:30.000
Notificacion estudiante cancelacion soli,89351,22404,Notificacion estudiante cancelacion soli,22404,Fluxicon Disco,Variant 9,9,2016-02-26T20:00:38.000,2016-02-26T20:00:38.000
End,89351,End,End,End,Fluxicon Disco,Variant 9,9,2016-02-26T20:00:38.000,2016-02-26T20:00:38.000
Start,90002,Start,Start,Start,Fluxicon Disco,Variant 23,23,2016-02-22T13:46:49.000,2016-02-22T13:46:49.000
Traer informacion estudiante - banner,90002,4834,Traer informacion estudiante - banner,4834,Fluxicon Disco,Variant 23,23,2016-02-22T13:46:49.000,2016-02-22T13:46:49.000
Radicar Solicitud Homologacion,90002,4834,Radicar Solicitud Homologacion,4834,Fluxicon Disco,Variant 23,23,2016-02-22T13:46:53.000,2016-02-22T13:46:53.000
Radicar Solicitud Homologacion,90002,4834,Radicar Solicitud Homologacion,4834,Fluxicon Disco,Variant 23,23,2016-02-22T22:57:46.000,2016-02-22T22:24:05.000
Notificacion estudiante cancelacion soli,90002,1,Notificacion estudiante cancelacion soli,1,Fluxicon Disco,Variant 23,23,2016-03-08T22:29:23.000,2016-03-08T22:29:23.000
End,90002,End,End,End,Fluxicon Disco,Variant 23,23,2016-03-08T22:29:23.000,2016-03-08T22:29:23.000
Start,90101,Start,Start,Start,Fluxicon Disco,Variant 24,24,2016-02-22T12:18:43.000,2016-02-22T12:18:43.000
Traer informacion estudiante - banner,90101,8854,Traer informacion estudiante - banner,8854,Fluxicon Disco,Variant 24,24,2016-02-22T12:18:43.000,2016-02-22T12:18:43.000
Radicar Solicitud Homologacion,90101,8854,Radicar Solicitud Homologacion,8854,Fluxicon Disco,Variant 24,24,2016-02-22T12:26:49.000,2016-02-22T12:18:49.000
Homologacion por grupo de cursos,90101,1343,Homologacion por grupo de cursos,1343,Fluxicon Disco,Variant 24,24,2016-02-23T16:48:23.000,2016-02-23T12:20:55.000
Validar solicitud,90101,22475,Validar solicitud,22475,Fluxicon Disco,Variant 24,24,2016-02-23T13:48:16.000,2016-02-23T13:48:16.000
End,90101,End,End,End,Fluxicon Disco,Variant 24,24,2016-02-23T13:48:16.000,2016-02-23T13:48:16.000
Start,90102,Start,Start,Start,Fluxicon Disco,Variant 11,11,2016-02-22T12:59:05.000,2016-02-22T12:59:05.000
Traer informacion estudiante - banner,90102,4148,Traer informacion estudiante - banner,4148,Fluxicon Disco,Variant 11,11,2016-02-22T12:59:05.000,2016-02-22T12:59:05.000
Radicar Solicitud Homologacion,90102,4148,Radicar Solicitud Homologacion,4148,Fluxicon Disco,Variant 11,11,2016-02-22T13:07:07.000,2016-02-22T12:59:07.000
Validar solicitud,90102,2292,Validar solicitud,2292,Fluxicon Disco,Variant 11,11,2016-02-23T13:33:09.000,2016-02-23T13:13:47.000
Homologacion por grupo de cursos,90102,7387,Homologacion por grupo de cursos,7387,Fluxicon Disco,Variant 11,11,2016-02-25T17:23:46.000,2016-02-25T17:22:32.000
Revisar curso,90102,2292,Revisar curso,2292,Fluxicon Disco,Variant 11,11,2016-02-25T17:22:32.000,2016-02-25T17:22:32.000
Evaluacion curso,90102,2292,Evaluacion curso,2292,Fluxicon Disco,Variant 11,11,2016-02-25T17:22:54.000,2016-02-25T17:22:53.000
Validacion final,90102,2292,Validacion final,2292,Fluxicon Disco,Variant 11,11,2016-02-25T17:24:02.000,2016-02-25T17:24:02.000
Visto Bueno Cierre Proceso,90102,7387,Visto Bueno Cierre Proceso,7387,Fluxicon Disco,Variant 11,11,2016-02-25T17:25:32.000,2016-02-25T17:24:20.000
Transferir Creditos,90102,7387,Transferir Creditos,7387,Fluxicon Disco,Variant 11,11,2016-02-25T20:37:07.000,2016-02-25T20:37:07.000
Transferir creditos homologables,90102,7387,Transferir creditos homologables,7387,Fluxicon Disco,Variant 11,11,2016-02-25T20:37:08.000,2016-02-25T20:37:08.000
End,90102,End,End,End,Fluxicon Disco,Variant 11,11,2016-02-25T20:37:08.000,2016-02-25T20:37:08.000
Start,90151,Start,Start,Start,Fluxicon Disco,Variant 5,5,2016-02-22T12:34:30.000,2016-02-22T12:34:30.000
Traer informacion estudiante - banner,90151,4834,Traer informacion estudiante - banner,4834,Fluxicon Disco,Variant 5,5,2016-02-22T12:34:30.000,2016-02-22T12:34:30.000
Radicar Solicitud Homologacion,90151,4834,Radicar Solicitud Homologacion,4834,Fluxicon Disco,Variant 5,5,2016-02-22T12:34:34.000,2016-02-22T12:34:34.000
Notificacion estudiante cancelacion soli,90151,1,Notificacion estudiante cancelacion soli,1,Fluxicon Disco,Variant 5,5,2016-03-01T22:24:25.000,2016-03-01T22:24:25.000
End,90151,End,End,End,Fluxicon Disco,Variant 5,5,2016-03-01T22:24:25.000,2016-03-01T22:24:25.000
Start,90301,Start,Start,Start,Fluxicon Disco,Variant 1,1,2016-02-22T16:19:23.000,2016-02-22T16:19:23.000
Traer informacion estudiante - banner,90301,3747,Traer informacion estudiante - banner,3747,Fluxicon Disco,Variant 1,1,2016-02-22T16:19:23.000,2016-02-22T16:19:23.000
Radicar Solicitud Homologacion,90301,3747,Radicar Solicitud Homologacion,3747,Fluxicon Disco,Variant 1,1,2016-02-22T16:19:44.000,2016-02-22T16:19:29.000
Cancelar Solicitud,90301,677,Cancelar Solicitud,677,Fluxicon Disco,Variant 1,1,2016-02-22T16:44:22.000,2016-02-22T16:34:57.000
Notificacion estudiante cancelacion soli,90301,677,Notificacion estudiante cancelacion soli,677,Fluxicon Disco,Variant 1,1,2016-02-23T19:22:35.000,2016-02-23T19:22:35.000
End,90301,End,End,End,Fluxicon Disco,Variant 1,1,2016-02-23T19:22:35.000,2016-02-23T19:22:35.000
Start,90302,Start,Start,Start,Fluxicon Disco,Variant 1,1,2016-02-22T16:30:37.000,2016-02-22T16:30:37.000
Traer informacion estudiante - banner,90302,3747,Traer informacion estudiante - banner,3747,Fluxicon Disco,Variant 1,1,2016-02-22T16:30:37.000,2016-02-22T16:30:37.000
Radicar Solicitud Homologacion,90302,3747,Radicar Solicitud Homologacion,3747,Fluxicon Disco,Variant 1,1,2016-02-22T16:30:43.000,2016-02-22T16:30:40.000
Cancelar Solicitud,90302,677,Cancelar Solicitud,677,Fluxicon Disco,Variant 1,1,2016-02-22T16:43:55.000,2016-02-22T16:34:30.000
Notificacion estudiante cancelacion soli,90302,677,Notificacion estudiante cancelacion soli,677,Fluxicon Disco,Variant 1,1,2016-02-23T19:23:41.000,2016-02-23T19:23:41.000
End,90302,End,End,End,Fluxicon Disco,Variant 1,1,2016-02-23T19:23:41.000,2016-02-23T19:23:41.000
Start,90352,Start,Start,Start,Fluxicon Disco,Variant 25,25,2016-02-22T18:06:46.000,2016-02-22T18:06:46.000
Traer informacion estudiante - banner,90352,1910,Traer informacion estudiante - banner,1910,Fluxicon Disco,Variant 25,25,2016-02-22T18:06:46.000,2016-02-22T18:06:46.000
Radicar Solicitud Homologacion,90352,1910,Radicar Solicitud Homologacion,1910,Fluxicon Disco,Variant 25,25,2016-02-22T18:06:48.000,2016-02-22T18:06:48.000
Validar solicitud,90352,19019,Validar solicitud,19019,Fluxicon Disco,Variant 25,25,2016-02-22T18:23:31.000,2016-02-22T18:19:31.000
Homologacion por grupo de cursos,90352,1007,Homologacion por grupo de cursos,1007,Fluxicon Disco,Variant 25,25,2016-02-23T14:37:57.000,2016-02-23T12:00:58.000
Recepcion de documentos,90352,19019,Recepcion de documentos,19019,Fluxicon Disco,Variant 25,25,2016-02-23T14:36:58.000,2016-02-23T12:00:58.000
End,90352,End,End,End,Fluxicon Disco,Variant 25,25,2016-02-23T14:36:58.000,2016-02-23T14:36:58.000
Start,90402,Start,Start,Start,Fluxicon Disco,Variant 5,5,2016-02-22T18:12:42.000,2016-02-22T18:12:42.000
Traer informacion estudiante - banner,90402,7007,Traer informacion estudiante - banner,7007,Fluxicon Disco,Variant 5,5,2016-02-22T18:12:42.000,2016-02-22T18:12:42.000
Radicar Solicitud Homologacion,90402,7007,Radicar Solicitud Homologacion,7007,Fluxicon Disco,Variant 5,5,2016-02-22T18:12:43.000,2016-02-22T18:12:43.000
Notificacion estudiante cancelacion soli,90402,1,Notificacion estudiante cancelacion soli,1,Fluxicon Disco,Variant 5,5,2016-03-02T16:24:06.000,2016-03-02T16:24:06.000
End,90402,End,End,End,Fluxicon Disco,Variant 5,5,2016-03-02T16:24:06.000,2016-03-02T16:24:06.000
Start,90501,Start,Start,Start,Fluxicon Disco,Variant 20,20,2016-02-22T22:49:22.000,2016-02-22T22:49:22.000
Traer informacion estudiante - banner,90501,7490,Traer informacion estudiante - banner,7490,Fluxicon Disco,Variant 20,20,2016-02-22T22:49:22.000,2016-02-22T22:49:22.000
Radicar Solicitud Homologacion,90501,7490,Radicar Solicitud Homologacion,7490,Fluxicon Disco,Variant 20,20,2016-02-22T22:49:37.000,2016-02-22T22:49:29.000
Validar solicitud,90501,22404,Validar solicitud,22404,Fluxicon Disco,Variant 20,20,2016-02-22T23:23:22.000,2016-02-22T22:58:21.000
Homologacion por grupo de cursos,90501,4560,Homologacion por grupo de cursos,4560,Fluxicon Disco,Variant 20,20,2016-02-26T18:17:38.000,2016-02-26T10:41:38.000
Revisar curso,90501,22404,Revisar curso,22404,Fluxicon Disco,Variant 20,20,2016-02-26T10:45:38.000,2016-02-26T10:41:38.000
Evaluacion curso,90501,22404,Evaluacion curso,22404,Fluxicon Disco,Variant 20,20,2016-02-27T01:38:21.000,2016-02-26T18:22:21.000
Validacion final,90501,22404,Validacion final,22404,Fluxicon Disco,Variant 20,20,2016-05-23T11:33:12.000,2016-05-23T11:22:50.000
Visto Bueno Cierre Proceso,90501,4560,Visto Bueno Cierre Proceso,4560,Fluxicon Disco,Variant 20,20,2016-05-24T17:28:12.000,2016-05-24T17:22:35.000
Transferir Creditos,90501,4560,Transferir Creditos,4560,Fluxicon Disco,Variant 20,20,2016-05-25T14:37:14.000,2016-05-25T14:37:14.000
Transferir creditos homologables,90501,4560,Transferir creditos homologables,4560,Fluxicon Disco,Variant 20,20,2016-05-25T14:37:15.000,2016-05-25T14:37:15.000
Transferir creditos homologables,90501,4560,Transferir creditos homologables,4560,Fluxicon Disco,Variant 20,20,2016-05-25T14:37:15.000,2016-05-25T14:37:15.000
End,90501,End,End,End,Fluxicon Disco,Variant 20,20,2016-05-25T14:37:15.000,2016-05-25T14:37:15.000
Start,90703,Start,Start,Start,Fluxicon Disco,Variant 10,10,2016-02-23T12:05:46.000,2016-02-23T12:05:46.000
Notificacion estudiante cancelacion soli,90703,19019,Notificacion estudiante cancelacion soli,19019,Fluxicon Disco,Variant 10,10,2016-02-23T12:05:46.000,2016-02-23T12:05:46.000
Traer informacion estudiante - banner,90703,8854,Traer informacion estudiante - banner,8854,Fluxicon Disco,Variant 10,10,2016-02-23T13:52:10.000,2016-02-23T13:52:10.000
Radicar Solicitud Homologacion,90703,8854,Radicar Solicitud Homologacion,8854,Fluxicon Disco,Variant 10,10,2016-02-23T13:52:15.000,2016-02-23T13:52:15.000
Cancelar Solicitud,90703,19019,Cancelar Solicitud,19019,Fluxicon Disco,Variant 10,10,2016-02-23T13:55:06.000,2016-02-23T13:55:06.000
End,90703,End,End,End,Fluxicon Disco,Variant 10,10,2016-02-23T13:55:06.000,2016-02-23T13:55:06.000
Start,90708,Start,Start,Start,Fluxicon Disco,Variant 12,12,2016-02-23T16:25:09.000,2016-02-23T16:25:09.000
Traer informacion estudiante - banner,90708,14128,Traer informacion estudiante - banner,14128,Fluxicon Disco,Variant 12,12,2016-02-23T16:25:09.000,2016-02-23T16:25:09.000
Radicar Solicitud Homologacion,90708,14128,Radicar Solicitud Homologacion,14128,Fluxicon Disco,Variant 12,12,2016-02-23T16:25:25.000,2016-02-23T16:25:11.000
Validar solicitud,90708,22404,Validar solicitud,22404,Fluxicon Disco,Variant 12,12,2016-02-23T17:01:04.000,2016-02-23T16:39:44.000
Homologacion por grupo de cursos,90708,4560,Homologacion por grupo de cursos,4560,Fluxicon Disco,Variant 12,12,2016-02-26T12:18:25.000,2016-02-26T10:50:25.000
Revisar curso,90708,22404,Revisar curso,22404,Fluxicon Disco,Variant 12,12,2016-02-26T10:50:25.000,2016-02-26T10:50:25.000
Evaluacion curso,90708,22404,Evaluacion curso,22404,Fluxicon Disco,Variant 12,12,2016-02-26T11:02:25.000,2016-02-26T10:58:27.000
Validacion final,90708,22404,Validacion final,22404,Fluxicon Disco,Variant 12,12,2016-02-26T17:58:37.000,2016-02-26T17:58:37.000
Visto Bueno Cierre Proceso,90708,4560,Visto Bueno Cierre Proceso,4560,Fluxicon Disco,Variant 12,12,2016-02-26T19:23:12.000,2016-02-26T17:59:12.000
Transferir Creditos,90708,4560,Transferir Creditos,4560,Fluxicon Disco,Variant 12,12,2016-03-14T13:40:21.000,2016-03-14T13:40:21.000
End,90708,End,End,End,Fluxicon Disco,Variant 12,12,2016-03-14T13:40:21.000,2016-03-14T13:40:21.000
Start,90801,Start,Start,Start,Fluxicon Disco,Variant 5,5,2016-02-23T12:23:22.000,2016-02-23T12:23:22.000
Traer informacion estudiante - banner,90801,1684,Traer informacion estudiante - banner,1684,Fluxicon Disco,Variant 5,5,2016-02-23T12:23:22.000,2016-02-23T12:23:22.000
Radicar Solicitud Homologacion,90801,1684,Radicar Solicitud Homologacion,1684,Fluxicon Disco,Variant 5,5,2016-02-23T12:40:38.000,2016-02-23T12:23:27.000
Notificacion estudiante cancelacion soli,90801,1,Notificacion estudiante cancelacion soli,1,Fluxicon Disco,Variant 5,5,2016-03-04T23:35:28.000,2016-03-04T23:35:28.000
End,90801,End,End,End,Fluxicon Disco,Variant 5,5,2016-03-04T23:35:28.000,2016-03-04T23:35:28.000
Start,90951,Start,Start,Start,Fluxicon Disco,Variant 5,5,2016-02-23T21:14:58.000,2016-02-23T21:14:58.000
Traer informacion estudiante - banner,90951,20194,Traer informacion estudiante - banner,20194,Fluxicon Disco,Variant 5,5,2016-02-23T21:14:58.000,2016-02-23T21:14:58.000
Radicar Solicitud Homologacion,90951,20194,Radicar Solicitud Homologacion,20194,Fluxicon Disco,Variant 5,5,2016-02-23T21:25:49.000,2016-02-23T21:15:05.000
Notificacion estudiante cancelacion soli,90951,1,Notificacion estudiante cancelacion soli,1,Fluxicon Disco,Variant 5,5,2016-03-04T22:24:26.000,2016-03-04T22:24:26.000
End,90951,End,End,End,Fluxicon Disco,Variant 5,5,2016-03-04T22:24:26.000,2016-03-04T22:24:26.000
Start,90952,Start,Start,Start,Fluxicon Disco,Variant 6,6,2016-02-23T21:33:19.000,2016-02-23T21:33:19.000
Traer informacion estudiante - banner,90952,3703,Traer informacion estudiante - banner,3703,Fluxicon Disco,Variant 6,6,2016-02-23T21:33:19.000,2016-02-23T21:33:19.000
Radicar Solicitud Homologacion,90952,3703,Radicar Solicitud Homologacion,3703,Fluxicon Disco,Variant 6,6,2016-02-23T21:33:35.000,2016-02-23T21:33:23.000
Validar solicitud,90952,920,Validar solicitud,920,Fluxicon Disco,Variant 6,6,2016-02-23T22:38:52.000,2016-02-23T21:46:11.000
Homologacion por grupo de cursos,90952,7369,Homologacion por grupo de cursos,7369,Fluxicon Disco,Variant 6,6,2016-03-03T16:51:02.000,2016-03-03T16:28:03.000
Revisar curso,90952,920,Revisar curso,920,Fluxicon Disco,Variant 6,6,2016-03-03T16:28:08.000,2016-03-03T16:28:04.000
Evaluacion curso,90952,7369,Evaluacion curso,7369,Fluxicon Disco,Variant 6,6,2016-03-03T16:55:26.000,2016-03-03T16:32:32.000
End,90952,End,End,End,Fluxicon Disco,Variant 6,6,2016-03-03T16:55:26.000,2016-03-03T16:55:26.000
Start,91001,Start,Start,Start,Fluxicon Disco,Variant 2,2,2016-02-23T18:59:03.000,2016-02-23T18:59:03.000
Traer informacion estudiante - banner,91001,2133,Traer informacion estudiante - banner,2133,Fluxicon Disco,Variant 2,2,2016-02-23T18:59:03.000,2016-02-23T18:59:03.000
Radicar Solicitud Homologacion,91001,2133,Radicar Solicitud Homologacion,2133,Fluxicon Disco,Variant 2,2,2016-02-23T18:59:09.000,2016-02-23T18:59:09.000
Validar solicitud,91001,49,Validar solicitud,49,Fluxicon Disco,Variant 2,2,2016-02-23T19:33:08.000,2016-02-23T19:09:32.000
Homologacion por grupo de cursos,91001,49,Homologacion por grupo de cursos,49,Fluxicon Disco,Variant 2,2,2016-02-26T17:36:39.000,2016-02-26T17:36:39.000
End,91001,End,End,End,Fluxicon Disco,Variant 2,2,2016-02-26T17:36:39.000,2016-02-26T17:36:39.000
Start,91152,Start,Start,Start,Fluxicon Disco,Variant 32,32,2016-02-24T01:13:42.000,2016-02-24T01:13:42.000
Validar solicitud,91152,448,Validar solicitud,448,Fluxicon Disco,Variant 32,32,2016-02-24T02:25:47.000,2016-02-24T01:13:42.000
Traer informacion estudiante - banner,91152,18760,Traer informacion estudiante - banner,18760,Fluxicon Disco,Variant 32,32,2016-02-24T02:39:42.000,2016-02-24T02:39:42.000
Radicar Solicitud Homologacion,91152,18760,Radicar Solicitud Homologacion,18760,Fluxicon Disco,Variant 32,32,2016-02-24T02:39:44.000,2016-02-24T02:39:44.000
Homologacion por grupo de cursos,91152,448,Homologacion por grupo de cursos,448,Fluxicon Disco,Variant 32,32,2016-03-08T14:21:21.000,2016-03-08T14:05:27.000
Revisar curso,91152,448,Revisar curso,448,Fluxicon Disco,Variant 32,32,2016-03-08T14:19:42.000,2016-03-08T14:05:27.000
Evaluacion curso,91152,448,Evaluacion curso,448,Fluxicon Disco,Variant 32,32,2016-03-09T22:22:06.000,2016-03-09T22:20:27.000
End,91152,End,End,End,Fluxicon Disco,Variant 32,32,2016-03-09T22:22:06.000,2016-03-09T22:22:06.000
Start,91201,Start,Start,Start,Fluxicon Disco,Variant 18,18,2016-02-23T23:35:16.000,2016-02-23T23:35:16.000
Traer informacion estudiante - banner,91201,3502,Traer informacion estudiante - banner,3502,Fluxicon Disco,Variant 18,18,2016-02-23T23:35:16.000,2016-02-23T23:35:16.000
Radicar Solicitud Homologacion,91201,3502,Radicar Solicitud Homologacion,3502,Fluxicon Disco,Variant 18,18,2016-02-23T23:35:43.000,2016-02-23T23:35:24.000
Validar solicitud,91201,241,Validar solicitud,241,Fluxicon Disco,Variant 18,18,2016-02-24T02:25:47.000,2016-02-23T23:55:11.000
Homologacion por grupo de cursos,91201,241,Homologacion por grupo de cursos,241,Fluxicon Disco,Variant 18,18,2016-03-28T23:32:27.000,2016-03-28T23:32:26.000
Cancelar curso,91201,241,Cancelar curso,241,Fluxicon Disco,Variant 18,18,2016-03-28T23:32:28.000,2016-03-28T23:32:27.000
End,91201,End,End,End,Fluxicon Disco,Variant 18,18,2016-03-28T23:32:28.000,2016-03-28T23:32:28.000
Start,91252,Start,Start,Start,Fluxicon Disco,Variant 4,4,2016-02-24T04:34:58.000,2016-02-24T04:34:58.000
Traer informacion estudiante - banner,91252,11760,Traer informacion estudiante - banner,11760,Fluxicon Disco,Variant 4,4,2016-02-24T04:34:58.000,2016-02-24T04:34:58.000
Radicar Solicitud Homologacion,91252,11760,Radicar Solicitud Homologacion,11760,Fluxicon Disco,Variant 4,4,2016-02-24T04:34:59.000,2016-02-24T04:34:59.000
Validar solicitud,91252,22475,Validar solicitud,22475,Fluxicon Disco,Variant 4,4,2016-02-24T04:42:54.000,2016-02-24T04:40:21.000
Homologacion por grupo de cursos,91252,22475,Homologacion por grupo de cursos,22475,Fluxicon Disco,Variant 4,4,2016-02-24T20:18:00.000,2016-02-24T16:33:33.000
Revisar curso,91252,659,Revisar curso,659,Fluxicon Disco,Variant 4,4,2016-02-24T16:33:43.000,2016-02-24T16:33:33.000
Evaluacion curso,91252,659,Evaluacion curso,659,Fluxicon Disco,Variant 4,4,2016-02-24T20:25:49.000,2016-02-24T16:44:00.000
Validar solicitud / pre-homologacion,91252,22475,Validar solicitud / pre-homologacion,22475,Fluxicon Disco,Variant 4,4,2016-04-11T15:35:55.000,2016-04-11T15:33:28.000
End,91252,End,End,End,Fluxicon Disco,Variant 4,4,2016-04-11T15:35:55.000,2016-04-11T15:35:55.000
Start,91253,Start,Start,Start,Fluxicon Disco,Variant 1,1,2016-02-24T04:40:40.000,2016-02-24T04:40:40.000
Traer informacion estudiante - banner,91253,11760,Traer informacion estudiante - banner,11760,Fluxicon Disco,Variant 1,1,2016-02-24T04:40:40.000,2016-02-24T04:40:40.000
Radicar Solicitud Homologacion,91253,11760,Radicar Solicitud Homologacion,11760,Fluxicon Disco,Variant 1,1,2016-02-24T04:40:41.000,2016-02-24T04:40:41.000
Cancelar Solicitud,91253,22475,Cancelar Solicitud,22475,Fluxicon Disco,Variant 1,1,2016-02-24T07:18:34.000,2016-02-24T04:45:07.000
Notificacion estudiante cancelacion soli,91253,22475,Notificacion estudiante cancelacion soli,22475,Fluxicon Disco,Variant 1,1,2016-03-29T16:27:10.000,2016-03-29T16:27:10.000
End,91253,End,End,End,Fluxicon Disco,Variant 1,1,2016-03-29T16:27:10.000,2016-03-29T16:27:10.000
Start,91301,Start,Start,Start,Fluxicon Disco,Variant 5,5,2016-02-24T06:29:25.000,2016-02-24T06:29:25.000
Traer informacion estudiante - banner,91301,1959,Traer informacion estudiante - banner,1959,Fluxicon Disco,Variant 5,5,2016-02-24T06:29:25.000,2016-02-24T06:29:25.000
Radicar Solicitud Homologacion,91301,1959,Radicar Solicitud Homologacion,1959,Fluxicon Disco,Variant 5,5,2016-02-24T06:29:32.000,2016-02-24T06:29:32.000
Notificacion estudiante cancelacion soli,91301,1,Notificacion estudiante cancelacion soli,1,Fluxicon Disco,Variant 5,5,2016-03-03T22:24:03.000,2016-03-03T22:24:03.000
End,91301,End,End,End,Fluxicon Disco,Variant 5,5,2016-03-03T22:24:03.000,2016-03-03T22:24:03.000
Start,91352,Start,Start,Start,Fluxicon Disco,Variant 5,5,2016-02-24T17:14:01.000,2016-02-24T17:14:01.000
Traer informacion estudiante - banner,91352,24517,Traer informacion estudiante - banner,24517,Fluxicon Disco,Variant 5,5,2016-02-24T17:14:01.000,2016-02-24T17:14:01.000
Radicar Solicitud Homologacion,91352,24517,Radicar Solicitud Homologacion,24517,Fluxicon Disco,Variant 5,5,2016-02-24T17:14:19.000,2016-02-24T17:14:02.000
Notificacion estudiante cancelacion soli,91352,1,Notificacion estudiante cancelacion soli,1,Fluxicon Disco,Variant 5,5,2016-03-04T15:56:16.000,2016-03-04T15:56:16.000
End,91352,End,End,End,Fluxicon Disco,Variant 5,5,2016-03-04T15:56:16.000,2016-03-04T15:56:16.000
Start,91353,Start,Start,Start,Fluxicon Disco,Variant 49,49,2016-02-24T17:58:47.000,2016-02-24T17:58:47.000
Traer informacion estudiante - banner,91353,20194,Traer informacion estudiante - banner,20194,Fluxicon Disco,Variant 49,49,2016-02-24T17:58:47.000,2016-02-24T17:58:47.000
Radicar Solicitud Homologacion,91353,20194,Radicar Solicitud Homologacion,20194,Fluxicon Disco,Variant 49,49,2016-02-24T18:02:49.000,2016-02-24T17:58:48.000
Revisar curso,91353,2292,Revisar curso,2292,Fluxicon Disco,Variant 49,49,2016-02-24T23:44:17.000,2016-02-24T23:40:41.000
Revisar curso,91353,943,Revisar curso,943,Fluxicon Disco,Variant 49,49,2016-02-24T23:45:01.000,2016-02-24T23:40:42.000
Validar solicitud,91353,2292,Validar solicitud,2292,Fluxicon Disco,Variant 49,49,2016-02-25T01:33:44.000,2016-02-25T01:33:44.000
Cancelar Solicitud,91353,2292,Cancelar Solicitud,2292,Fluxicon Disco,Variant 49,49,2016-02-25T09:52:10.000,2016-02-25T01:33:45.000
Evaluacion curso,91353,2292,Evaluacion curso,2292,Fluxicon Disco,Variant 49,49,2016-02-25T17:17:27.000,2016-02-25T17:17:23.000
Notificacion estudiante cancelacion soli,91353,2292,Notificacion estudiante cancelacion soli,2292,Fluxicon Disco,Variant 49,49,2016-06-01T17:25:43.000,2016-06-01T17:25:43.000
End,91353,End,End,End,Fluxicon Disco,Variant 49,49,2016-06-01T17:25:43.000,2016-06-01T17:25:43.000
Start,91402,Start,Start,Start,Fluxicon Disco,Variant 1,1,2016-02-24T14:51:35.000,2016-02-24T14:51:35.000
Traer informacion estudiante - banner,91402,8455,Traer informacion estudiante - banner,8455,Fluxicon Disco,Variant 1,1,2016-02-24T14:51:35.000,2016-02-24T14:51:35.000
Radicar Solicitud Homologacion,91402,8455,Radicar Solicitud Homologacion,8455,Fluxicon Disco,Variant 1,1,2016-02-24T14:52:24.000,2016-02-24T14:51:38.000
Cancelar Solicitud,91402,677,Cancelar Solicitud,677,Fluxicon Disco,Variant 1,1,2016-02-24T15:48:26.000,2016-02-24T15:38:32.000
Notificacion estudiante cancelacion soli,91402,677,Notificacion estudiante cancelacion soli,677,Fluxicon Disco,Variant 1,1,2016-02-25T17:33:23.000,2016-02-25T17:33:23.000
End,91402,End,End,End,Fluxicon Disco,Variant 1,1,2016-02-25T17:33:23.000,2016-02-25T17:33:23.000
Start,91451,Start,Start,Start,Fluxicon Disco,Variant 3,3,2016-02-24T14:42:25.000,2016-02-24T14:42:25.000
Traer informacion estudiante - banner,91451,1524,Traer informacion estudiante - banner,1524,Fluxicon Disco,Variant 3,3,2016-02-24T14:42:25.000,2016-02-24T14:42:25.000
Radicar Solicitud Homologacion,91451,1524,Radicar Solicitud Homologacion,1524,Fluxicon Disco,Variant 3,3,2016-02-24T14:58:14.000,2016-02-24T14:42:32.000
Validar solicitud,91451,186,Validar solicitud,186,Fluxicon Disco,Variant 3,3,2016-02-26T17:57:06.000,2016-02-26T14:25:32.000
Homologacion por grupo de cursos,91451,26788,Homologacion por grupo de cursos,26788,Fluxicon Disco,Variant 3,3,2016-04-12T01:22:32.000,2016-04-11T20:43:07.000
Revisar curso,91451,186,Revisar curso,186,Fluxicon Disco,Variant 3,3,2016-04-11T23:31:07.000,2016-04-11T20:43:07.000
Evaluacion curso,91451,26788,Evaluacion curso,26788,Fluxicon Disco,Variant 3,3,2016-05-11T19:16:21.000,2016-05-11T19:04:21.000
Validacion final,91451,186,Validacion final,186,Fluxicon Disco,Variant 3,3,2016-05-13T15:39:53.000,2016-05-13T14:59:53.000
Visto Bueno Cierre Proceso,91451,26788,Visto Bueno Cierre Proceso,26788,Fluxicon Disco,Variant 3,3,2016-05-20T15:41:26.000,2016-05-20T14:42:01.000
End,91451,End,End,End,Fluxicon Disco,Variant 3,3,2016-05-20T15:41:26.000,2016-05-20T15:41:26.000
Start,91452,Start,Start,Start,Fluxicon Disco,Variant 1,1,2016-02-24T15:39:34.000,2016-02-24T15:39:34.000
Traer informacion estudiante - banner,91452,8455,Traer informacion estudiante - banner,8455,Fluxicon Disco,Variant 1,1,2016-02-24T15:39:34.000,2016-02-24T15:39:34.000
Radicar Solicitud Homologacion,91452,8455,Radicar Solicitud Homologacion,8455,Fluxicon Disco,Variant 1,1,2016-02-24T15:39:40.000,2016-02-24T15:39:37.000
Cancelar Solicitud,91452,8455,Cancelar Solicitud,8455,Fluxicon Disco,Variant 1,1,2016-02-24T15:42:56.000,2016-02-24T15:42:55.000
Notificacion estudiante cancelacion soli,91452,8455,Notificacion estudiante cancelacion soli,8455,Fluxicon Disco,Variant 1,1,2016-02-24T15:44:33.000,2016-02-24T15:44:33.000
End,91452,End,End,End,Fluxicon Disco,Variant 1,1,2016-02-24T15:44:33.000,2016-02-24T15:44:33.000
Start,91453,Start,Start,Start,Fluxicon Disco,Variant 4,4,2016-02-24T15:44:44.000,2016-02-24T15:44:44.000
Traer informacion estudiante - banner,91453,8455,Traer informacion estudiante - banner,8455,Fluxicon Disco,Variant 4,4,2016-02-24T15:44:44.000,2016-02-24T15:44:44.000
Radicar Solicitud Homologacion,91453,8455,Radicar Solicitud Homologacion,8455,Fluxicon Disco,Variant 4,4,2016-02-24T15:44:56.000,2016-02-24T15:44:47.000
Validar solicitud,91453,677,Validar solicitud,677,Fluxicon Disco,Variant 4,4,2016-02-24T16:03:38.000,2016-02-24T15:53:53.000
Homologacion por grupo de cursos,91453,677,Homologacion por grupo de cursos,677,Fluxicon Disco,Variant 4,4,2016-02-25T17:39:55.000,2016-02-25T17:39:35.000
Revisar curso,91453,677,Revisar curso,677,Fluxicon Disco,Variant 4,4,2016-02-25T17:39:37.000,2016-02-25T17:39:35.000
Evaluacion curso,91453,10726,Evaluacion curso,10726,Fluxicon Disco,Variant 4,4,2016-02-25T17:41:50.000,2016-02-25T17:41:37.000
Validar solicitud / pre-homologacion,91453,677,Validar solicitud / pre-homologacion,677,Fluxicon Disco,Variant 4,4,2016-02-25T17:55:07.000,2016-02-25T17:55:03.000
End,91453,End,End,End,Fluxicon Disco,Variant 4,4,2016-02-25T17:55:07.000,2016-02-25T17:55:07.000
Start,91455,Start,Start,Start,Fluxicon Disco,Variant 1,1,2016-02-24T16:00:21.000,2016-02-24T16:00:21.000
Traer informacion estudiante - banner,91455,8455,Traer informacion estudiante - banner,8455,Fluxicon Disco,Variant 1,1,2016-02-24T16:00:21.000,2016-02-24T16:00:21.000
Radicar Solicitud Homologacion,91455,8455,Radicar Solicitud Homologacion,8455,Fluxicon Disco,Variant 1,1,2016-02-24T16:00:32.000,2016-02-24T16:00:22.000
Cancelar Solicitud,91455,677,Cancelar Solicitud,677,Fluxicon Disco,Variant 1,1,2016-02-24T16:20:49.000,2016-02-24T16:11:14.000
Notificacion estudiante cancelacion soli,91455,677,Notificacion estudiante cancelacion soli,677,Fluxicon Disco,Variant 1,1,2016-02-25T17:46:56.000,2016-02-25T17:46:56.000
End,91455,End,End,End,Fluxicon Disco,Variant 1,1,2016-02-25T17:46:56.000,2016-02-25T17:46:56.000
Start,91456,Start,Start,Start,Fluxicon Disco,Variant 1,1,2016-02-24T17:10:45.000,2016-02-24T17:10:45.000
Traer informacion estudiante - banner,91456,11327,Traer informacion estudiante - banner,11327,Fluxicon Disco,Variant 1,1,2016-02-24T17:10:45.000,2016-02-24T17:10:45.000
Radicar Solicitud Homologacion,91456,11327,Radicar Solicitud Homologacion,11327,Fluxicon Disco,Variant 1,1,2016-02-24T17:28:45.000,2016-02-24T17:10:47.000
Cancelar Solicitud,91456,18929,Cancelar Solicitud,18929,Fluxicon Disco,Variant 1,1,2016-02-26T21:21:20.000,2016-02-26T21:09:05.000
Notificacion estudiante cancelacion soli,91456,18929,Notificacion estudiante cancelacion soli,18929,Fluxicon Disco,Variant 1,1,2016-03-01T15:24:46.000,2016-03-01T15:24:46.000
End,91456,End,End,End,Fluxicon Disco,Variant 1,1,2016-03-01T15:24:46.000,2016-03-01T15:24:46.000
Start,91457,Start,Start,Start,Fluxicon Disco,Variant 1,1,2016-02-24T17:33:08.000,2016-02-24T17:33:08.000
Traer informacion estudiante - banner,91457,15884,Traer informacion estudiante - banner,15884,Fluxicon Disco,Variant 1,1,2016-02-24T17:33:08.000,2016-02-24T17:33:08.000
Radicar Solicitud Homologacion,91457,15884,Radicar Solicitud Homologacion,15884,Fluxicon Disco,Variant 1,1,2016-02-24T17:33:38.000,2016-02-24T17:33:12.000
Cancelar Solicitud,91457,15884,Cancelar Solicitud,15884,Fluxicon Disco,Variant 1,1,2016-02-24T18:13:57.000,2016-02-24T18:13:23.000
Notificacion estudiante cancelacion soli,91457,15884,Notificacion estudiante cancelacion soli,15884,Fluxicon Disco,Variant 1,1,2016-02-24T20:34:39.000,2016-02-24T20:34:39.000
End,91457,End,End,End,Fluxicon Disco,Variant 1,1,2016-02-24T20:34:39.000,2016-02-24T20:34:39.000
Start,91502,Start,Start,Start,Fluxicon Disco,Variant 1,1,2016-02-24T20:38:56.000,2016-02-24T20:38:56.000
Traer informacion estudiante - banner,91502,3747,Traer informacion estudiante - banner,3747,Fluxicon Disco,Variant 1,1,2016-02-24T20:38:56.000,2016-02-24T20:38:56.000
Radicar Solicitud Homologacion,91502,3747,Radicar Solicitud Homologacion,3747,Fluxicon Disco,Variant 1,1,2016-02-24T20:39:06.000,2016-02-24T20:39:00.000
Cancelar Solicitud,91502,677,Cancelar Solicitud,677,Fluxicon Disco,Variant 1,1,2016-02-24T20:53:06.000,2016-02-24T20:45:59.000
Notificacion estudiante cancelacion soli,91502,677,Notificacion estudiante cancelacion soli,677,Fluxicon Disco,Variant 1,1,2016-02-25T17:53:48.000,2016-02-25T17:53:48.000
End,91502,End,End,End,Fluxicon Disco,Variant 1,1,2016-02-25T17:53:48.000,2016-02-25T17:53:48.000
Start,91503,Start,Start,Start,Fluxicon Disco,Variant 1,1,2016-02-24T20:46:09.000,2016-02-24T20:46:09.000
Traer informacion estudiante - banner,91503,3747,Traer informacion estudiante - banner,3747,Fluxicon Disco,Variant 1,1,2016-02-24T20:46:09.000,2016-02-24T20:46:09.000
Radicar Solicitud Homologacion,91503,3747,Radicar Solicitud Homologacion,3747,Fluxicon Disco,Variant 1,1,2016-02-24T20:46:19.000,2016-02-24T20:46:12.000
Cancelar Solicitud,91503,677,Cancelar Solicitud,677,Fluxicon Disco,Variant 1,1,2016-02-24T21:00:14.000,2016-02-24T20:53:12.000
Notificacion estudiante cancelacion soli,91503,677,Notificacion estudiante cancelacion soli,677,Fluxicon Disco,Variant 1,1,2016-02-25T17:55:32.000,2016-02-25T17:55:32.000
End,91503,End,End,End,Fluxicon Disco,Variant 1,1,2016-02-25T17:55:32.000,2016-02-25T17:55:32.000
Start,91551,Start,Start,Start,Fluxicon Disco,Variant 1,1,2016-02-24T18:14:28.000,2016-02-24T18:14:28.000
Traer informacion estudiante - banner,91551,15884,Traer informacion estudiante - banner,15884,Fluxicon Disco,Variant 1,1,2016-02-24T18:14:28.000,2016-02-24T18:14:28.000
Radicar Solicitud Homologacion,91551,15884,Radicar Solicitud Homologacion,15884,Fluxicon Disco,Variant 1,1,2016-02-24T18:14:34.000,2016-02-24T18:14:34.000
Cancelar Solicitud,91551,6767,Cancelar Solicitud,6767,Fluxicon Disco,Variant 1,1,2016-02-25T00:13:11.000,2016-02-24T18:29:11.000
Notificacion estudiante cancelacion soli,91551,6767,Notificacion estudiante cancelacion soli,6767,Fluxicon Disco,Variant 1,1,2016-05-02T19:18:02.000,2016-05-02T19:18:02.000
End,91551,End,End,End,Fluxicon Disco,Variant 1,1,2016-05-02T19:18:02.000,2016-05-02T19:18:02.000
Start,91552,Start,Start,Start,Fluxicon Disco,Variant 8,8,2016-02-24T18:30:49.000,2016-02-24T18:30:49.000
Traer informacion estudiante - banner,91552,15884,Traer informacion estudiante - banner,15884,Fluxicon Disco,Variant 8,8,2016-02-24T18:30:49.000,2016-02-24T18:30:49.000
Radicar Solicitud Homologacion,91552,15884,Radicar Solicitud Homologacion,15884,Fluxicon Disco,Variant 8,8,2016-02-24T18:31:08.000,2016-02-24T18:30:52.000
Cancelar Solicitud,91552,6767,Cancelar Solicitud,6767,Fluxicon Disco,Variant 8,8,2016-02-24T23:42:54.000,2016-02-24T20:16:45.000
Validar solicitud,91552,6767,Validar solicitud,6767,Fluxicon Disco,Variant 8,8,2016-02-24T20:20:45.000,2016-02-24T20:16:45.000
Revisar curso,91552,6767,Revisar curso,6767,Fluxicon Disco,Variant 8,8,2016-02-25T14:18:00.000,2016-02-25T14:18:00.000
Notificacion estudiante cancelacion soli,91552,6767,Notificacion estudiante cancelacion soli,6767,Fluxicon Disco,Variant 8,8,2016-04-07T17:25:58.000,2016-04-07T17:25:58.000
End,91552,End,End,End,Fluxicon Disco,Variant 8,8,2016-04-07T17:25:58.000,2016-04-07T17:25:58.000
Start,91751,Start,Start,Start,Fluxicon Disco,Variant 50,50,2016-02-25T09:25:34.000,2016-02-25T09:25:34.000
Traer informacion estudiante - banner,91751,5613,Traer informacion estudiante - banner,5613,Fluxicon Disco,Variant 50,50,2016-02-25T09:25:34.000,2016-02-25T09:25:34.000
Radicar Solicitud Homologacion,91751,5613,Radicar Solicitud Homologacion,5613,Fluxicon Disco,Variant 50,50,2016-02-25T09:26:46.000,2016-02-25T09:25:41.000
Revisar curso,91751,659,Revisar curso,659,Fluxicon Disco,Variant 50,50,2016-02-25T14:48:21.000,2016-02-25T14:48:21.000
Validar solicitud,91751,659,Validar solicitud,659,Fluxicon Disco,Variant 50,50,2016-02-25T15:05:12.000,2016-02-25T15:05:12.000
Cancelar Solicitud,91751,659,Cancelar Solicitud,659,Fluxicon Disco,Variant 50,50,2016-02-25T23:20:39.000,2016-02-25T15:05:13.000
Notificacion estudiante cancelacion soli,91751,659,Notificacion estudiante cancelacion soli,659,Fluxicon Disco,Variant 50,50,2016-06-01T15:31:17.000,2016-06-01T15:31:17.000
End,91751,End,End,End,Fluxicon Disco,Variant 50,50,2016-06-01T15:31:17.000,2016-06-01T15:31:17.000
Start,91752,Start,Start,Start,Fluxicon Disco,Variant 1,1,2016-02-25T09:29:21.000,2016-02-25T09:29:21.000
Traer informacion estudiante - banner,91752,3603,Traer informacion estudiante - banner,3603,Fluxicon Disco,Variant 1,1,2016-02-25T09:29:21.000,2016-02-25T09:29:21.000
Radicar Solicitud Homologacion,91752,3603,Radicar Solicitud Homologacion,3603,Fluxicon Disco,Variant 1,1,2016-02-25T09:29:24.000,2016-02-25T09:29:24.000
Cancelar Solicitud,91752,3603,Cancelar Solicitud,3603,Fluxicon Disco,Variant 1,1,2016-02-25T17:18:42.000,2016-02-25T10:06:30.000
Notificacion estudiante cancelacion soli,91752,3603,Notificacion estudiante cancelacion soli,3603,Fluxicon Disco,Variant 1,1,2016-05-19T15:12:09.000,2016-05-19T15:12:09.000
End,91752,End,End,End,Fluxicon Disco,Variant 1,1,2016-05-19T15:12:09.000,2016-05-19T15:12:09.000
Start,91801,Start,Start,Start,Fluxicon Disco,Variant 6,6,2016-02-25T11:35:42.000,2016-02-25T11:35:42.000
Traer informacion estudiante - banner,91801,1134,Traer informacion estudiante - banner,1134,Fluxicon Disco,Variant 6,6,2016-02-25T11:35:42.000,2016-02-25T11:35:42.000
Radicar Solicitud Homologacion,91801,1134,Radicar Solicitud Homologacion,1134,Fluxicon Disco,Variant 6,6,2016-02-25T11:35:48.000,2016-02-25T11:35:48.000
Validar solicitud,91801,677,Validar solicitud,677,Fluxicon Disco,Variant 6,6,2016-02-25T12:03:34.000,2016-02-25T11:59:34.000
Homologacion por grupo de cursos,91801,22491,Homologacion por grupo de cursos,22491,Fluxicon Disco,Variant 6,6,2016-02-26T01:49:03.000,2016-02-25T18:05:03.000
Revisar curso,91801,677,Revisar curso,677,Fluxicon Disco,Variant 6,6,2016-02-25T18:05:03.000,2016-02-25T18:05:03.000
Evaluacion curso,91801,22491,Evaluacion curso,22491,Fluxicon Disco,Variant 6,6,2016-02-26T01:59:20.000,2016-02-25T18:15:20.000
End,91801,End,End,End,Fluxicon Disco,Variant 6,6,2016-02-26T01:59:20.000,2016-02-26T01:59:20.000
Start,91851,Start,Start,Start,Fluxicon Disco,Variant 6,6,2016-02-25T12:44:56.000,2016-02-25T12:44:56.000
Traer informacion estudiante - banner,91851,4918,Traer informacion estudiante - banner,4918,Fluxicon Disco,Variant 6,6,2016-02-25T12:44:56.000,2016-02-25T12:44:56.000
Radicar Solicitud Homologacion,91851,4918,Radicar Solicitud Homologacion,4918,Fluxicon Disco,Variant 6,6,2016-02-25T12:45:01.000,2016-02-25T12:45:01.000
Validar solicitud,91851,1707,Validar solicitud,1707,Fluxicon Disco,Variant 6,6,2016-02-25T12:53:33.000,2016-02-25T12:49:58.000
Homologacion por grupo de cursos,91851,7763,Homologacion por grupo de cursos,7763,Fluxicon Disco,Variant 6,6,2016-02-25T17:46:05.000,2016-02-25T17:35:21.000
Revisar curso,91851,1707,Revisar curso,1707,Fluxicon Disco,Variant 6,6,2016-02-25T17:43:18.000,2016-02-25T17:35:21.000
Evaluacion curso,91851,7763,Evaluacion curso,7763,Fluxicon Disco,Variant 6,6,2016-02-26T17:35:23.000,2016-02-26T17:32:37.000
End,91851,End,End,End,Fluxicon Disco,Variant 6,6,2016-02-26T17:35:23.000,2016-02-26T17:35:23.000
Start,91902,Start,Start,Start,Fluxicon Disco,Variant 6,6,2016-02-25T17:53:44.000,2016-02-25T17:53:44.000
Traer informacion estudiante - banner,91902,7423,Traer informacion estudiante - banner,7423,Fluxicon Disco,Variant 6,6,2016-02-25T17:53:44.000,2016-02-25T17:53:44.000
Radicar Solicitud Homologacion,91902,7423,Radicar Solicitud Homologacion,7423,Fluxicon Disco,Variant 6,6,2016-02-25T17:53:54.000,2016-02-25T17:53:48.000
Validar solicitud,91902,677,Validar solicitud,677,Fluxicon Disco,Variant 6,6,2016-02-25T18:14:50.000,2016-02-25T18:14:50.000
Homologacion por grupo de cursos,91902,677,Homologacion por grupo de cursos,677,Fluxicon Disco,Variant 6,6,2016-02-25T18:32:02.000,2016-02-25T18:16:41.000
Revisar curso,91902,677,Revisar curso,677,Fluxicon Disco,Variant 6,6,2016-02-25T18:16:41.000,2016-02-25T18:16:41.000
Evaluacion curso,91902,677,Evaluacion curso,677,Fluxicon Disco,Variant 6,6,2016-02-25T18:33:20.000,2016-02-25T18:17:59.000
End,91902,End,End,End,Fluxicon Disco,Variant 6,6,2016-02-25T18:33:20.000,2016-02-25T18:33:20.000
Start,91951,Start,Start,Start,Fluxicon Disco,Variant 34,34,2016-02-25T14:47:10.000,2016-02-25T14:47:10.000
Traer informacion estudiante - banner,91951,6410,Traer informacion estudiante - banner,6410,Fluxicon Disco,Variant 34,34,2016-02-25T14:47:10.000,2016-02-25T14:47:10.000
Radicar Solicitud Homologacion,91951,6410,Radicar Solicitud Homologacion,6410,Fluxicon Disco,Variant 34,34,2016-02-25T14:47:32.000,2016-02-25T14:47:16.000
Validar solicitud,91951,186,Validar solicitud,186,Fluxicon Disco,Variant 34,34,2016-02-25T18:43:00.000,2016-02-25T15:04:01.000
Homologacion por grupo de cursos,91951,26788,Homologacion por grupo de cursos,26788,Fluxicon Disco,Variant 34,34,2016-04-12T03:55:33.000,2016-04-11T21:03:37.000
Recepcion de documentos,91951,26789,Recepcion de documentos,26789,Fluxicon Disco,Variant 34,34,2016-04-12T02:12:42.000,2016-04-11T21:03:37.000
Revisar curso,91951,186,Revisar curso,186,Fluxicon Disco,Variant 34,34,2016-04-11T23:51:34.000,2016-04-11T21:03:38.000
Evaluacion curso,91951,26788,Evaluacion curso,26788,Fluxicon Disco,Variant 34,34,2016-05-11T19:09:39.000,2016-05-11T19:07:20.000
Validar solicitud / pre-homologacion,91951,186,Validar solicitud / pre-homologacion,186,Fluxicon Disco,Variant 34,34,2016-05-11T23:20:47.000,2016-05-11T23:19:07.000
Avanzar recepcion documentos,91951,26789,Avanzar recepcion documentos,26789,Fluxicon Disco,Variant 34,34,2016-05-12T03:44:50.000,2016-05-12T01:27:42.000
Validacion final,91951,186,Validacion final,186,Fluxicon Disco,Variant 34,34,2016-06-08T17:11:42.000,2016-06-08T16:08:51.000
Visto Bueno Cierre Proceso,91951,26788,Visto Bueno Cierre Proceso,26788,Fluxicon Disco,Variant 34,34,2016-06-20T15:15:04.000,2016-06-20T14:35:04.000
Transferir Creditos,91951,26788,Transferir Creditos,26788,Fluxicon Disco,Variant 34,34,2016-06-27T14:32:40.000,2016-06-27T14:32:40.000
Transferir creditos homologables,91951,26788,Transferir creditos homologables,26788,Fluxicon Disco,Variant 34,34,2016-06-27T14:32:40.000,2016-06-27T14:32:40.000
End,91951,End,End,End,Fluxicon Disco,Variant 34,34,2016-06-27T14:32:40.000,2016-06-27T14:32:40.000
Start,92002,Start,Start,Start,Fluxicon Disco,Variant 51,51,2016-02-25T17:15:05.000,2016-02-25T17:15:05.000
Traer informacion estudiante - banner,92002,6410,Traer informacion estudiante - banner,6410,Fluxicon Disco,Variant 51,51,2016-02-25T17:15:05.000,2016-02-25T17:15:05.000
Radicar Solicitud Homologacion,92002,6410,Radicar Solicitud Homologacion,6410,Fluxicon Disco,Variant 51,51,2016-02-25T17:15:13.000,2016-02-25T17:15:08.000
Validar solicitud,92002,186,Validar solicitud,186,Fluxicon Disco,Variant 51,51,2016-02-25T20:57:11.000,2016-02-25T17:20:21.000
Homologacion por grupo de cursos,92002,26788,Homologacion por grupo de cursos,26788,Fluxicon Disco,Variant 51,51,2016-04-12T04:03:00.000,2016-04-11T21:11:12.000
Recepcion de documentos,92002,26789,Recepcion de documentos,26789,Fluxicon Disco,Variant 51,51,2016-04-12T02:20:10.000,2016-04-11T21:11:12.000
Revisar curso,92002,186,Revisar curso,186,Fluxicon Disco,Variant 51,51,2016-04-11T21:11:13.000,2016-04-11T21:11:12.000
Evaluacion curso,92002,7389,Evaluacion curso,7389,Fluxicon Disco,Variant 51,51,2016-04-12T03:32:01.000,2016-04-11T21:12:14.000
Validar solicitud / pre-homologacion,92002,186,Validar solicitud / pre-homologacion,186,Fluxicon Disco,Variant 51,51,2016-06-21T12:40:28.000,2016-06-21T12:36:28.000
Validacion final,92002,186,Validacion final,186,Fluxicon Disco,Variant 51,51,2016-06-21T19:30:16.000,2016-06-21T19:30:16.000
Visto Bueno Cierre Proceso,92002,26788,Visto Bueno Cierre Proceso,26788,Fluxicon Disco,Variant 51,51,2016-06-21T19:58:24.000,2016-06-21T19:30:24.000
Transferir Creditos,92002,26788,Transferir Creditos,26788,Fluxicon Disco,Variant 51,51,2016-06-27T14:33:05.000,2016-06-27T14:33:05.000
Transferir creditos homologables,92002,26788,Transferir creditos homologables,26788,Fluxicon Disco,Variant 51,51,2016-06-27T14:33:05.000,2016-06-27T14:33:05.000
End,92002,End,End,End,Fluxicon Disco,Variant 51,51,2016-06-27T14:33:05.000,2016-06-27T14:33:05.000
Start,92101,Start,Start,Start,Fluxicon Disco,Variant 1,1,2016-02-25T21:09:10.000,2016-02-25T21:09:10.000
Traer informacion estudiante - banner,92101,5883,Traer informacion estudiante - banner,5883,Fluxicon Disco,Variant 1,1,2016-02-25T21:09:10.000,2016-02-25T21:09:10.000
Radicar Solicitud Homologacion,92101,5883,Radicar Solicitud Homologacion,5883,Fluxicon Disco,Variant 1,1,2016-02-25T21:09:27.000,2016-02-25T21:09:16.000
Cancelar Solicitud,92101,22475,Cancelar Solicitud,22475,Fluxicon Disco,Variant 1,1,2016-02-25T21:20:43.000,2016-02-25T21:20:38.000
Notificacion estudiante cancelacion soli,92101,22475,Notificacion estudiante cancelacion soli,22475,Fluxicon Disco,Variant 1,1,2016-02-25T21:26:13.000,2016-02-25T21:26:13.000
End,92101,End,End,End,Fluxicon Disco,Variant 1,1,2016-02-25T21:26:13.000,2016-02-25T21:26:13.000
Start,92102,Start,Start,Start,Fluxicon Disco,Variant 18,18,2016-02-25T21:28:36.000,2016-02-25T21:28:36.000
Traer informacion estudiante - banner,92102,5883,Traer informacion estudiante - banner,5883,Fluxicon Disco,Variant 18,18,2016-02-25T21:28:36.000,2016-02-25T21:28:36.000
Radicar Solicitud Homologacion,92102,5883,Radicar Solicitud Homologacion,5883,Fluxicon Disco,Variant 18,18,2016-02-25T21:28:42.000,2016-02-25T21:28:37.000
Validar solicitud,92102,22475,Validar solicitud,22475,Fluxicon Disco,Variant 18,18,2016-02-25T21:34:16.000,2016-02-25T21:34:12.000
Homologacion por grupo de cursos,92102,19019,Homologacion por grupo de cursos,19019,Fluxicon Disco,Variant 18,18,2016-02-25T21:40:54.000,2016-02-25T21:38:33.000
Cancelar curso,92102,19019,Cancelar curso,19019,Fluxicon Disco,Variant 18,18,2016-02-25T21:40:56.000,2016-02-25T21:38:35.000
End,92102,End,End,End,Fluxicon Disco,Variant 18,18,2016-02-25T21:40:56.000,2016-02-25T21:40:56.000
Start,92151,Start,Start,Start,Fluxicon Disco,Variant 5,5,2016-02-26T01:20:32.000,2016-02-26T01:20:32.000
Traer informacion estudiante - banner,92151,12006,Traer informacion estudiante - banner,12006,Fluxicon Disco,Variant 5,5,2016-02-26T01:20:32.000,2016-02-26T01:20:32.000
Radicar Solicitud Homologacion,92151,12006,Radicar Solicitud Homologacion,12006,Fluxicon Disco,Variant 5,5,2016-02-26T01:20:36.000,2016-02-26T01:20:36.000
Notificacion estudiante cancelacion soli,92151,1,Notificacion estudiante cancelacion soli,1,Fluxicon Disco,Variant 5,5,2016-03-07T22:24:10.000,2016-03-07T22:24:10.000
End,92151,End,End,End,Fluxicon Disco,Variant 5,5,2016-03-07T22:24:10.000,2016-03-07T22:24:10.000
Start,92201,Start,Start,Start,Fluxicon Disco,Variant 6,6,2016-02-25T22:48:53.000,2016-02-25T22:48:53.000
Traer informacion estudiante - banner,92201,7897,Traer informacion estudiante - banner,7897,Fluxicon Disco,Variant 6,6,2016-02-25T22:48:53.000,2016-02-25T22:48:53.000
Radicar Solicitud Homologacion,92201,7897,Radicar Solicitud Homologacion,7897,Fluxicon Disco,Variant 6,6,2016-02-25T23:02:53.000,2016-02-25T22:48:58.000
Validar solicitud,92201,1707,Validar solicitud,1707,Fluxicon Disco,Variant 6,6,2016-02-29T20:59:02.000,2016-02-29T20:44:23.000
Homologacion por grupo de cursos,92201,1707,Homologacion por grupo de cursos,1707,Fluxicon Disco,Variant 6,6,2016-03-02T17:48:57.000,2016-03-02T17:24:08.000
Revisar curso,92201,1707,Revisar curso,1707,Fluxicon Disco,Variant 6,6,2016-03-02T17:24:21.000,2016-03-02T17:24:09.000
Evaluacion curso,92201,1707,Evaluacion curso,1707,Fluxicon Disco,Variant 6,6,2016-03-02T18:00:47.000,2016-03-02T17:36:10.000
End,92201,End,End,End,Fluxicon Disco,Variant 6,6,2016-03-02T18:00:47.000,2016-03-02T18:00:47.000
Start,92351,Start,Start,Start,Fluxicon Disco,Variant 52,52,2016-02-26T11:55:16.000,2016-02-26T11:55:16.000
Traer informacion estudiante - banner,92351,21562,Traer informacion estudiante - banner,21562,Fluxicon Disco,Variant 52,52,2016-02-26T11:55:16.000,2016-02-26T11:55:16.000
Radicar Solicitud Homologacion,92351,21562,Radicar Solicitud Homologacion,21562,Fluxicon Disco,Variant 52,52,2016-02-26T11:55:23.000,2016-02-26T11:55:23.000
Validar solicitud,92351,22475,Validar solicitud,22475,Fluxicon Disco,Variant 52,52,2016-02-26T12:16:58.000,2016-02-26T12:13:57.000
Cancelar Solicitud,92351,22475,Cancelar Solicitud,22475,Fluxicon Disco,Variant 52,52,2016-02-26T20:24:32.000,2016-02-26T12:13:58.000
Revisar curso,92351,2292,Revisar curso,2292,Fluxicon Disco,Variant 52,52,2016-02-26T17:06:58.000,2016-02-26T17:02:00.000
Revisar curso,92351,22534,Revisar curso,22534,Fluxicon Disco,Variant 52,52,2016-02-26T22:14:59.000,2016-02-26T17:02:02.000
Evaluacion curso,92351,22534,Evaluacion curso,22534,Fluxicon Disco,Variant 52,52,2016-04-28T20:34:34.000,2016-04-28T20:27:03.000
Notificacion estudiante cancelacion soli,92351,22475,Notificacion estudiante cancelacion soli,22475,Fluxicon Disco,Variant 52,52,2016-06-01T17:34:57.000,2016-06-01T17:34:57.000
End,92351,End,End,End,Fluxicon Disco,Variant 52,52,2016-06-01T17:34:57.000,2016-06-01T17:34:57.000
Start,92502,Start,Start,Start,Fluxicon Disco,Variant 40,40,2016-02-26T15:37:05.000,2016-02-26T15:37:05.000
Cancelar Solicitud,92502,659,Cancelar Solicitud,659,Fluxicon Disco,Variant 40,40,2016-02-26T23:44:30.000,2016-02-26T15:37:05.000
Validar solicitud,92502,659,Validar solicitud,659,Fluxicon Disco,Variant 40,40,2016-02-26T15:39:27.000,2016-02-26T15:37:05.000
Traer informacion estudiante - banner,92502,11302,Traer informacion estudiante - banner,11302,Fluxicon Disco,Variant 40,40,2016-02-26T16:40:29.000,2016-02-26T16:40:29.000
Radicar Solicitud Homologacion,92502,11302,Radicar Solicitud Homologacion,11302,Fluxicon Disco,Variant 40,40,2016-02-26T16:40:29.000,2016-02-26T16:40:29.000
Revisar curso,92502,659,Revisar curso,659,Fluxicon Disco,Variant 40,40,2016-02-26T18:42:32.000,2016-02-26T18:42:32.000
Notificacion estudiante cancelacion soli,92502,659,Notificacion estudiante cancelacion soli,659,Fluxicon Disco,Variant 40,40,2016-06-01T16:02:39.000,2016-06-01T16:02:39.000
End,92502,End,End,End,Fluxicon Disco,Variant 40,40,2016-06-01T16:02:39.000,2016-06-01T16:02:39.000
Start,92504,Start,Start,Start,Fluxicon Disco,Variant 4,4,2016-02-26T16:59:42.000,2016-02-26T16:59:42.000
Traer informacion estudiante - banner,92504,10348,Traer informacion estudiante - banner,10348,Fluxicon Disco,Variant 4,4,2016-02-26T16:59:42.000,2016-02-26T16:59:42.000
Radicar Solicitud Homologacion,92504,10348,Radicar Solicitud Homologacion,10348,Fluxicon Disco,Variant 4,4,2016-02-26T16:59:49.000,2016-02-26T16:59:43.000
Validar solicitud,92504,19019,Validar solicitud,19019,Fluxicon Disco,Variant 4,4,2016-02-26T17:06:51.000,2016-02-26T17:06:14.000
Homologacion por grupo de cursos,92504,19019,Homologacion por grupo de cursos,19019,Fluxicon Disco,Variant 4,4,2016-02-26T20:53:03.000,2016-02-26T17:43:51.000
Revisar curso,92504,19019,Revisar curso,19019,Fluxicon Disco,Variant 4,4,2016-02-26T17:43:52.000,2016-02-26T17:43:51.000
Evaluacion curso,92504,19019,Evaluacion curso,19019,Fluxicon Disco,Variant 4,4,2016-02-26T20:54:31.000,2016-02-26T17:45:23.000
Validar solicitud / pre-homologacion,92504,19019,Validar solicitud / pre-homologacion,19019,Fluxicon Disco,Variant 4,4,2016-04-07T15:53:31.000,2016-04-07T15:53:29.000
End,92504,End,End,End,Fluxicon Disco,Variant 4,4,2016-04-07T15:53:31.000,2016-04-07T15:53:31.000
Start,92552,Start,Start,Start,Fluxicon Disco,Variant 6,6,2016-02-26T14:09:42.000,2016-02-26T14:09:42.000
Traer informacion estudiante - banner,92552,12915,Traer informacion estudiante - banner,12915,Fluxicon Disco,Variant 6,6,2016-02-26T14:09:42.000,2016-02-26T14:09:42.000
Radicar Solicitud Homologacion,92552,12915,Radicar Solicitud Homologacion,12915,Fluxicon Disco,Variant 6,6,2016-02-26T14:25:33.000,2016-02-26T14:09:43.000
Validar solicitud,92552,9184,Validar solicitud,9184,Fluxicon Disco,Variant 6,6,2016-03-01T13:43:46.000,2016-03-01T13:39:46.000
Homologacion por grupo de cursos,92552,6799,Homologacion por grupo de cursos,6799,Fluxicon Disco,Variant 6,6,2016-03-01T18:34:36.000,2016-03-01T18:34:36.000
Revisar curso,92552,9184,Revisar curso,9184,Fluxicon Disco,Variant 6,6,2016-03-01T18:34:37.000,2016-03-01T18:34:37.000
Evaluacion curso,92552,6799,Evaluacion curso,6799,Fluxicon Disco,Variant 6,6,2016-03-01T18:35:16.000,2016-03-01T18:35:16.000
End,92552,End,End,End,Fluxicon Disco,Variant 6,6,2016-03-01T18:35:16.000,2016-03-01T18:35:16.000
Start,92651,Start,Start,Start,Fluxicon Disco,Variant 53,53,2016-02-26T18:22:20.000,2016-02-26T18:22:20.000
Traer informacion estudiante - banner,92651,6894,Traer informacion estudiante - banner,6894,Fluxicon Disco,Variant 53,53,2016-02-26T18:22:20.000,2016-02-26T18:22:20.000
Radicar Solicitud Homologacion,92651,6894,Radicar Solicitud Homologacion,6894,Fluxicon Disco,Variant 53,53,2016-02-26T18:22:24.000,2016-02-26T18:22:24.000
Validar solicitud,92651,677,Validar solicitud,677,Fluxicon Disco,Variant 53,53,2016-02-26T18:48:17.000,2016-02-26T18:40:47.000
Recepcion de documentos,92651,157,Recepcion de documentos,157,Fluxicon Disco,Variant 53,53,2016-02-29T21:13:43.000,2016-02-29T17:30:50.000
Homologacion por grupo de cursos,92651,3445,Homologacion por grupo de cursos,3445,Fluxicon Disco,Variant 53,53,2016-02-29T21:30:08.000,2016-02-29T17:30:51.000
Revisar curso,92651,677,Revisar curso,677,Fluxicon Disco,Variant 53,53,2016-02-29T17:30:52.000,2016-02-29T17:30:51.000
Evaluacion curso,92651,7304,Evaluacion curso,7304,Fluxicon Disco,Variant 53,53,2016-02-29T20:41:42.000,2016-02-29T17:32:11.000
Validar solicitud / pre-homologacion,92651,677,Validar solicitud / pre-homologacion,677,Fluxicon Disco,Variant 53,53,2016-04-08T16:04:16.000,2016-04-08T16:04:08.000
Avanzar recepcion documentos,92651,157,Avanzar recepcion documentos,157,Fluxicon Disco,Variant 53,53,2016-04-08T16:46:19.000,2016-04-08T16:13:09.000
Visto Bueno Cierre Proceso,92651,3445,Visto Bueno Cierre Proceso,3445,Fluxicon Disco,Variant 53,53,2016-04-14T17:00:05.000,2016-04-14T16:43:00.000
Validacion final,92651,677,Validacion final,677,Fluxicon Disco,Variant 53,53,2016-04-14T17:24:05.000,2016-04-14T17:24:05.000
Transferir Creditos,92651,3445,Transferir Creditos,3445,Fluxicon Disco,Variant 53,53,2016-04-18T17:48:00.000,2016-04-18T17:48:00.000
Transferir creditos homologables,92651,3445,Transferir creditos homologables,3445,Fluxicon Disco,Variant 53,53,2016-04-18T17:48:01.000,2016-04-18T17:48:01.000
End,92651,End,End,End,Fluxicon Disco,Variant 53,53,2016-04-18T17:48:01.000,2016-04-18T17:48:01.000
Start,92751,Start,Start,Start,Fluxicon Disco,Variant 6,6,2016-02-26T19:46:06.000,2016-02-26T19:46:06.000
Traer informacion estudiante - banner,92751,9336,Traer informacion estudiante - banner,9336,Fluxicon Disco,Variant 6,6,2016-02-26T19:46:06.000,2016-02-26T19:46:06.000
Radicar Solicitud Homologacion,92751,9336,Radicar Solicitud Homologacion,9336,Fluxicon Disco,Variant 6,6,2016-02-26T19:46:10.000,2016-02-26T19:46:10.000
Validar solicitud,92751,677,Validar solicitud,677,Fluxicon Disco,Variant 6,6,2016-02-26T20:07:19.000,2016-02-26T19:59:43.000
Homologacion por grupo de cursos,92751,3445,Homologacion por grupo de cursos,3445,Fluxicon Disco,Variant 6,6,2016-02-29T17:40:28.000,2016-02-29T17:36:05.000
Revisar curso,92751,677,Revisar curso,677,Fluxicon Disco,Variant 6,6,2016-02-29T17:36:05.000,2016-02-29T17:36:05.000
Evaluacion curso,92751,3445,Evaluacion curso,3445,Fluxicon Disco,Variant 6,6,2016-02-29T17:41:09.000,2016-02-29T17:36:46.000
End,92751,End,End,End,Fluxicon Disco,Variant 6,6,2016-02-29T17:41:09.000,2016-02-29T17:41:09.000
Start,92901,Start,Start,Start,Fluxicon Disco,Variant 6,6,2016-02-27T16:41:55.000,2016-02-27T16:41:55.000
Traer informacion estudiante - banner,92901,8371,Traer informacion estudiante - banner,8371,Fluxicon Disco,Variant 6,6,2016-02-27T16:41:55.000,2016-02-27T16:41:55.000
Radicar Solicitud Homologacion,92901,8371,Radicar Solicitud Homologacion,8371,Fluxicon Disco,Variant 6,6,2016-02-27T16:42:00.000,2016-02-27T16:42:00.000
Validar solicitud,92901,6694,Validar solicitud,6694,Fluxicon Disco,Variant 6,6,2016-02-27T17:06:51.000,2016-02-27T17:06:51.000
Homologacion por grupo de cursos,92901,6990,Homologacion por grupo de cursos,6990,Fluxicon Disco,Variant 6,6,2016-02-29T11:06:47.000,2016-02-29T10:38:47.000
Revisar curso,92901,6694,Revisar curso,6694,Fluxicon Disco,Variant 6,6,2016-02-29T10:38:48.000,2016-02-29T10:38:48.000
Evaluacion curso,92901,6990,Evaluacion curso,6990,Fluxicon Disco,Variant 6,6,2016-02-29T11:09:09.000,2016-02-29T10:41:09.000
End,92901,End,End,End,Fluxicon Disco,Variant 6,6,2016-02-29T11:09:09.000,2016-02-29T11:09:09.000
Start,93051,Start,Start,Start,Fluxicon Disco,Variant 19,19,2016-02-27T23:00:10.000,2016-02-27T23:00:10.000
Traer informacion estudiante - banner,93051,11342,Traer informacion estudiante - banner,11342,Fluxicon Disco,Variant 19,19,2016-02-27T23:00:10.000,2016-02-27T23:00:10.000
Radicar Solicitud Homologacion,93051,11342,Radicar Solicitud Homologacion,11342,Fluxicon Disco,Variant 19,19,2016-02-27T23:00:13.000,2016-02-27T23:00:13.000
Validar solicitud,93051,18929,Validar solicitud,18929,Fluxicon Disco,Variant 19,19,2016-02-27T23:21:57.000,2016-02-27T23:17:03.000
Cancelar Solicitud,93051,18929,Cancelar Solicitud,18929,Fluxicon Disco,Variant 19,19,2016-02-28T07:18:12.000,2016-02-27T23:17:04.000
Revisar curso,93051,18929,Revisar curso,18929,Fluxicon Disco,Variant 19,19,2016-02-29T20:54:37.000,2016-02-29T20:54:37.000
Notificacion estudiante cancelacion soli,93051,18929,Notificacion estudiante cancelacion soli,18929,Fluxicon Disco,Variant 19,19,2016-06-01T16:08:31.000,2016-06-01T16:08:31.000
End,93051,End,End,End,Fluxicon Disco,Variant 19,19,2016-06-01T16:08:31.000,2016-06-01T16:08:31.000
Start,93253,Start,Start,Start,Fluxicon Disco,Variant 6,6,2016-02-28T22:19:50.000,2016-02-28T22:19:50.000
Traer informacion estudiante - banner,93253,2453,Traer informacion estudiante - banner,2453,Fluxicon Disco,Variant 6,6,2016-02-28T22:19:50.000,2016-02-28T22:19:50.000
Radicar Solicitud Homologacion,93253,2453,Radicar Solicitud Homologacion,2453,Fluxicon Disco,Variant 6,6,2016-02-28T22:19:51.000,2016-02-28T22:19:51.000
Validar solicitud,93253,19019,Validar solicitud,19019,Fluxicon Disco,Variant 6,6,2016-02-28T22:42:25.000,2016-02-28T22:41:10.000
Homologacion por grupo de cursos,93253,7316,Homologacion por grupo de cursos,7316,Fluxicon Disco,Variant 6,6,2016-02-29T15:36:11.000,2016-02-29T15:15:08.000
Revisar curso,93253,19019,Revisar curso,19019,Fluxicon Disco,Variant 6,6,2016-02-29T15:15:08.000,2016-02-29T15:15:08.000
Evaluacion curso,93253,7316,Evaluacion curso,7316,Fluxicon Disco,Variant 6,6,2016-02-29T15:36:55.000,2016-02-29T15:15:53.000
End,93253,End,End,End,Fluxicon Disco,Variant 6,6,2016-02-29T15:36:55.000,2016-02-29T15:36:55.000
Start,93301,Start,Start,Start,Fluxicon Disco,Variant 19,19,2016-02-28T19:08:54.000,2016-02-28T19:08:54.000
Traer informacion estudiante - banner,93301,5183,Traer informacion estudiante - banner,5183,Fluxicon Disco,Variant 19,19,2016-02-28T19:08:54.000,2016-02-28T19:08:54.000
Radicar Solicitud Homologacion,93301,5183,Radicar Solicitud Homologacion,5183,Fluxicon Disco,Variant 19,19,2016-02-28T19:08:57.000,2016-02-28T19:08:57.000
Validar solicitud,93301,22475,Validar solicitud,22475,Fluxicon Disco,Variant 19,19,2016-02-28T19:43:17.000,2016-02-28T19:38:14.000
Cancelar Solicitud,93301,754,Cancelar Solicitud,754,Fluxicon Disco,Variant 19,19,2016-02-29T03:38:56.000,2016-02-28T19:38:15.000
Revisar curso,93301,754,Revisar curso,754,Fluxicon Disco,Variant 19,19,2016-02-29T23:02:16.000,2016-02-29T21:03:20.000
Notificacion estudiante cancelacion soli,93301,754,Notificacion estudiante cancelacion soli,754,Fluxicon Disco,Variant 19,19,2016-06-01T15:41:12.000,2016-06-01T15:41:12.000
End,93301,End,End,End,Fluxicon Disco,Variant 19,19,2016-06-01T15:41:12.000,2016-06-01T15:41:12.000
Start,93351,Start,Start,Start,Fluxicon Disco,Variant 4,4,2016-02-28T19:46:29.000,2016-02-28T19:46:29.000
Traer informacion estudiante - banner,93351,5183,Traer informacion estudiante - banner,5183,Fluxicon Disco,Variant 4,4,2016-02-28T19:46:29.000,2016-02-28T19:46:29.000
Radicar Solicitud Homologacion,93351,5183,Radicar Solicitud Homologacion,5183,Fluxicon Disco,Variant 4,4,2016-02-28T19:46:32.000,2016-02-28T19:46:32.000
Validar solicitud,93351,22475,Validar solicitud,22475,Fluxicon Disco,Variant 4,4,2016-02-28T20:07:10.000,2016-02-28T20:02:11.000
Homologacion por grupo de cursos,93351,22475,Homologacion por grupo de cursos,22475,Fluxicon Disco,Variant 4,4,2016-02-29T21:05:40.000,2016-02-29T20:59:19.000
Revisar curso,93351,659,Revisar curso,659,Fluxicon Disco,Variant 4,4,2016-02-29T21:02:56.000,2016-02-29T20:59:20.000
Evaluacion curso,93351,659,Evaluacion curso,659,Fluxicon Disco,Variant 4,4,2016-03-01T14:36:25.000,2016-03-01T14:35:40.000
Validar solicitud / pre-homologacion,93351,22475,Validar solicitud / pre-homologacion,22475,Fluxicon Disco,Variant 4,4,2016-03-01T15:23:36.000,2016-03-01T15:21:38.000
End,93351,End,End,End,Fluxicon Disco,Variant 4,4,2016-03-01T15:23:36.000,2016-03-01T15:23:36.000
Start,93601,Start,Start,Start,Fluxicon Disco,Variant 6,6,2016-02-29T09:52:18.000,2016-02-29T09:52:18.000
Traer informacion estudiante - banner,93601,12129,Traer informacion estudiante - banner,12129,Fluxicon Disco,Variant 6,6,2016-02-29T09:52:18.000,2016-02-29T09:52:18.000
Radicar Solicitud Homologacion,93601,12129,Radicar Solicitud Homologacion,12129,Fluxicon Disco,Variant 6,6,2016-02-29T09:52:21.000,2016-02-29T09:52:21.000
Validar solicitud,93601,677,Validar solicitud,677,Fluxicon Disco,Variant 6,6,2016-02-29T10:28:08.000,2016-02-29T10:00:08.000
Homologacion por grupo de cursos,93601,3445,Homologacion por grupo de cursos,3445,Fluxicon Disco,Variant 6,6,2016-03-03T18:53:35.000,2016-03-03T18:53:35.000
Revisar curso,93601,677,Revisar curso,677,Fluxicon Disco,Variant 6,6,2016-03-03T18:53:35.000,2016-03-03T18:53:35.000
Evaluacion curso,93601,3445,Evaluacion curso,3445,Fluxicon Disco,Variant 6,6,2016-03-03T18:55:01.000,2016-03-03T18:55:01.000
End,93601,End,End,End,Fluxicon Disco,Variant 6,6,2016-03-03T18:55:01.000,2016-03-03T18:55:01.000
Start,93652,Start,Start,Start,Fluxicon Disco,Variant 54,54,2016-02-29T16:32:54.000,2016-02-29T16:32:54.000
Traer informacion estudiante - banner,93652,11583,Traer informacion estudiante - banner,11583,Fluxicon Disco,Variant 54,54,2016-02-29T16:32:54.000,2016-02-29T16:32:54.000
Radicar Solicitud Homologacion,93652,11583,Radicar Solicitud Homologacion,11583,Fluxicon Disco,Variant 54,54,2016-02-29T16:33:17.000,2016-02-29T16:32:55.000
Validar solicitud,93652,9184,Validar solicitud,9184,Fluxicon Disco,Variant 54,54,2016-02-29T17:04:14.000,2016-02-29T16:55:10.000
Homologacion por grupo de cursos,93652,22490,Homologacion por grupo de cursos,22490,Fluxicon Disco,Variant 54,54,2016-03-01T22:47:19.000,2016-03-01T18:42:49.000
Revisar curso,93652,9184,Revisar curso,9184,Fluxicon Disco,Variant 54,54,2016-03-01T18:42:50.000,2016-03-01T18:42:49.000
Revisar curso,93652,26757,Revisar curso,26757,Fluxicon Disco,Variant 54,54,2016-03-01T22:26:49.000,2016-03-01T18:42:50.000
Evaluacion curso,93652,6799,Evaluacion curso,6799,Fluxicon Disco,Variant 54,54,2016-03-01T18:43:48.000,2016-03-01T18:43:48.000
Evaluacion curso,93652,22490,Evaluacion curso,22490,Fluxicon Disco,Variant 54,54,2016-04-15T19:23:15.000,2016-04-15T19:02:45.000
End,93652,End,End,End,Fluxicon Disco,Variant 54,54,2016-04-15T19:23:15.000,2016-04-15T19:23:15.000
Start,93654,Start,Start,Start,Fluxicon Disco,Variant 8,8,2016-02-29T16:55:47.000,2016-02-29T16:55:47.000
Traer informacion estudiante - banner,93654,11583,Traer informacion estudiante - banner,11583,Fluxicon Disco,Variant 8,8,2016-02-29T16:55:47.000,2016-02-29T16:55:47.000
Radicar Solicitud Homologacion,93654,11583,Radicar Solicitud Homologacion,11583,Fluxicon Disco,Variant 8,8,2016-02-29T16:55:58.000,2016-02-29T16:55:48.000
Cancelar Solicitud,93654,22491,Cancelar Solicitud,22491,Fluxicon Disco,Variant 8,8,2016-03-01T00:19:01.000,2016-02-29T17:06:24.000
Validar solicitud,93654,10923,Validar solicitud,10923,Fluxicon Disco,Variant 8,8,2016-02-29T17:28:13.000,2016-02-29T17:06:24.000
Revisar curso,93654,10923,Revisar curso,10923,Fluxicon Disco,Variant 8,8,2016-03-03T14:55:37.000,2016-03-03T14:55:35.000
Notificacion estudiante cancelacion soli,93654,22491,Notificacion estudiante cancelacion soli,22491,Fluxicon Disco,Variant 8,8,2016-05-23T18:43:43.000,2016-05-23T18:43:43.000
End,93654,End,End,End,Fluxicon Disco,Variant 8,8,2016-05-23T18:43:43.000,2016-05-23T18:43:43.000
Start,93701,Start,Start,Start,Fluxicon Disco,Variant 1,1,2016-02-29T12:11:44.000,2016-02-29T12:11:44.000
Traer informacion estudiante - banner,93701,6437,Traer informacion estudiante - banner,6437,Fluxicon Disco,Variant 1,1,2016-02-29T12:11:44.000,2016-02-29T12:11:44.000
Radicar Solicitud Homologacion,93701,6437,Radicar Solicitud Homologacion,6437,Fluxicon Disco,Variant 1,1,2016-02-29T12:11:48.000,2016-02-29T12:11:48.000
Cancelar Solicitud,93701,6437,Cancelar Solicitud,6437,Fluxicon Disco,Variant 1,1,2016-02-29T13:00:44.000,2016-02-29T12:52:44.000
Notificacion estudiante cancelacion soli,93701,6437,Notificacion estudiante cancelacion soli,6437,Fluxicon Disco,Variant 1,1,2016-03-01T13:45:05.000,2016-03-01T13:45:05.000
End,93701,End,End,End,Fluxicon Disco,Variant 1,1,2016-03-01T13:45:05.000,2016-03-01T13:45:05.000
Start,93851,Start,Start,Start,Fluxicon Disco,Variant 31,31,2016-02-29T18:09:23.000,2016-02-29T18:09:23.000
Traer informacion estudiante - banner,93851,8186,Traer informacion estudiante - banner,8186,Fluxicon Disco,Variant 31,31,2016-02-29T18:09:23.000,2016-02-29T18:09:23.000
Radicar Solicitud Homologacion,93851,8186,Radicar Solicitud Homologacion,8186,Fluxicon Disco,Variant 31,31,2016-02-29T18:09:29.000,2016-02-29T18:09:29.000
Validar solicitud,93851,19019,Validar solicitud,19019,Fluxicon Disco,Variant 31,31,2016-02-29T18:26:04.000,2016-02-29T18:18:54.000
Recepcion de documentos,93851,26789,Recepcion de documentos,26789,Fluxicon Disco,Variant 31,31,2016-03-02T03:03:33.000,2016-03-01T17:10:44.000
Homologacion por grupo de cursos,93851,1007,Homologacion por grupo de cursos,1007,Fluxicon Disco,Variant 31,31,2016-03-02T03:13:00.000,2016-03-01T17:10:45.000
Revisar curso,93851,19019,Revisar curso,19019,Fluxicon Disco,Variant 31,31,2016-03-01T17:10:46.000,2016-03-01T17:10:46.000
Evaluacion curso,93851,19295,Evaluacion curso,19295,Fluxicon Disco,Variant 31,31,2016-03-01T19:55:21.000,2016-03-01T17:11:19.000
Validar solicitud / pre-homologacion,93851,19019,Validar solicitud / pre-homologacion,19019,Fluxicon Disco,Variant 31,31,2016-04-06T00:18:10.000,2016-04-06T00:13:47.000
Avanzar recepcion documentos,93851,26789,Avanzar recepcion documentos,26789,Fluxicon Disco,Variant 31,31,2016-04-07T01:41:59.000,2016-04-06T18:37:37.000
Validacion final,93851,19019,Validacion final,19019,Fluxicon Disco,Variant 31,31,2016-06-23T19:15:34.000,2016-06-23T19:06:33.000
Visto Bueno Cierre Proceso,93851,1007,Visto Bueno Cierre Proceso,1007,Fluxicon Disco,Variant 31,31,2016-06-24T22:01:46.000,2016-06-24T22:01:22.000
Transferir Creditos,93851,1007,Transferir Creditos,1007,Fluxicon Disco,Variant 31,31,2016-06-24T22:25:53.000,2016-06-24T22:25:53.000
Transferir creditos homologables,93851,1007,Transferir creditos homologables,1007,Fluxicon Disco,Variant 31,31,2016-06-24T22:25:53.000,2016-06-24T22:25:53.000
End,93851,End,End,End,Fluxicon Disco,Variant 31,31,2016-06-24T22:25:53.000,2016-06-24T22:25:53.000
Start,93952,Start,Start,Start,Fluxicon Disco,Variant 23,23,2016-02-29T23:45:55.000,2016-02-29T23:45:55.000
Traer informacion estudiante - banner,93952,7611,Traer informacion estudiante - banner,7611,Fluxicon Disco,Variant 23,23,2016-02-29T23:45:55.000,2016-02-29T23:45:55.000
Radicar Solicitud Homologacion,93952,7611,Radicar Solicitud Homologacion,7611,Fluxicon Disco,Variant 23,23,2016-02-29T23:46:10.000,2016-02-29T23:45:56.000
Radicar Solicitud Homologacion,93952,7611,Radicar Solicitud Homologacion,7611,Fluxicon Disco,Variant 23,23,2016-03-01T22:50:01.000,2016-03-01T22:24:26.000
Notificacion estudiante cancelacion soli,93952,1,Notificacion estudiante cancelacion soli,1,Fluxicon Disco,Variant 23,23,2016-03-15T22:24:28.000,2016-03-15T22:24:28.000
End,93952,End,End,End,Fluxicon Disco,Variant 23,23,2016-03-15T22:24:28.000,2016-03-15T22:24:28.000
Start,94002,Start,Start,Start,Fluxicon Disco,Variant 1,1,2016-02-29T21:29:42.000,2016-02-29T21:29:42.000
Traer informacion estudiante - banner,94002,11218,Traer informacion estudiante - banner,11218,Fluxicon Disco,Variant 1,1,2016-02-29T21:29:42.000,2016-02-29T21:29:42.000
Radicar Solicitud Homologacion,94002,11218,Radicar Solicitud Homologacion,11218,Fluxicon Disco,Variant 1,1,2016-02-29T21:30:05.000,2016-02-29T21:29:43.000
Cancelar Solicitud,94002,19019,Cancelar Solicitud,19019,Fluxicon Disco,Variant 1,1,2016-02-29T21:57:51.000,2016-02-29T21:52:29.000
Notificacion estudiante cancelacion soli,94002,19019,Notificacion estudiante cancelacion soli,19019,Fluxicon Disco,Variant 1,1,2016-03-01T17:15:10.000,2016-03-01T17:15:10.000
End,94002,End,End,End,Fluxicon Disco,Variant 1,1,2016-03-01T17:15:10.000,2016-03-01T17:15:10.000
Start,94151,Start,Start,Start,Fluxicon Disco,Variant 32,32,2016-03-01T14:11:29.000,2016-03-01T14:11:29.000
Validar solicitud,94151,677,Validar solicitud,677,Fluxicon Disco,Variant 32,32,2016-03-01T14:25:19.000,2016-03-01T14:11:29.000
Traer informacion estudiante - banner,94151,6039,Traer informacion estudiante - banner,6039,Fluxicon Disco,Variant 32,32,2016-03-01T15:48:01.000,2016-03-01T15:48:01.000
Radicar Solicitud Homologacion,94151,6039,Radicar Solicitud Homologacion,6039,Fluxicon Disco,Variant 32,32,2016-03-01T15:48:07.000,2016-03-01T15:48:07.000
Homologacion por grupo de cursos,94151,7331,Homologacion por grupo de cursos,7331,Fluxicon Disco,Variant 32,32,2016-03-02T23:04:08.000,2016-03-02T22:02:11.000
Revisar curso,94151,677,Revisar curso,677,Fluxicon Disco,Variant 32,32,2016-03-02T22:02:12.000,2016-03-02T22:02:12.000
Evaluacion curso,94151,7331,Evaluacion curso,7331,Fluxicon Disco,Variant 32,32,2016-03-02T23:04:49.000,2016-03-02T22:02:52.000
End,94151,End,End,End,Fluxicon Disco,Variant 32,32,2016-03-02T23:04:49.000,2016-03-02T23:04:49.000
Start,94152,Start,Start,Start,Fluxicon Disco,Variant 1,1,2016-03-01T16:53:28.000,2016-03-01T16:53:28.000
Traer informacion estudiante - banner,94152,8772,Traer informacion estudiante - banner,8772,Fluxicon Disco,Variant 1,1,2016-03-01T16:53:28.000,2016-03-01T16:53:28.000
Radicar Solicitud Homologacion,94152,8772,Radicar Solicitud Homologacion,8772,Fluxicon Disco,Variant 1,1,2016-03-01T17:33:07.000,2016-03-01T16:53:29.000
Cancelar Solicitud,94152,294,Cancelar Solicitud,294,Fluxicon Disco,Variant 1,1,2016-03-08T17:49:06.000,2016-03-08T16:31:38.000
Notificacion estudiante cancelacion soli,94152,294,Notificacion estudiante cancelacion soli,294,Fluxicon Disco,Variant 1,1,2016-03-29T14:41:48.000,2016-03-29T14:41:48.000
End,94152,End,End,End,Fluxicon Disco,Variant 1,1,2016-03-29T14:41:48.000,2016-03-29T14:41:48.000
Start,94154,Start,Start,Start,Fluxicon Disco,Variant 4,4,2016-03-01T18:25:48.000,2016-03-01T18:25:48.000
Traer informacion estudiante - banner,94154,1934,Traer informacion estudiante - banner,1934,Fluxicon Disco,Variant 4,4,2016-03-01T18:25:48.000,2016-03-01T18:25:48.000
Radicar Solicitud Homologacion,94154,1934,Radicar Solicitud Homologacion,1934,Fluxicon Disco,Variant 4,4,2016-03-01T18:25:49.000,2016-03-01T18:25:49.000
Validar solicitud,94154,19019,Validar solicitud,19019,Fluxicon Disco,Variant 4,4,2016-03-01T18:42:01.000,2016-03-01T18:38:01.000
Homologacion por grupo de cursos,94154,19019,Homologacion por grupo de cursos,19019,Fluxicon Disco,Variant 4,4,2016-03-02T15:41:40.000,2016-03-02T12:52:45.000
Revisar curso,94154,19019,Revisar curso,19019,Fluxicon Disco,Variant 4,4,2016-03-02T12:52:45.000,2016-03-02T12:52:45.000
Evaluacion curso,94154,19019,Evaluacion curso,19019,Fluxicon Disco,Variant 4,4,2016-03-02T15:42:27.000,2016-03-02T12:53:33.000
Validar solicitud / pre-homologacion,94154,19019,Validar solicitud / pre-homologacion,19019,Fluxicon Disco,Variant 4,4,2016-04-07T15:54:51.000,2016-04-07T15:54:51.000
End,94154,End,End,End,Fluxicon Disco,Variant 4,4,2016-04-07T15:54:51.000,2016-04-07T15:54:51.000
Start,94301,Start,Start,Start,Fluxicon Disco,Variant 19,19,2016-03-01T16:06:30.000,2016-03-01T16:06:30.000
Traer informacion estudiante - banner,94301,11302,Traer informacion estudiante - banner,11302,Fluxicon Disco,Variant 19,19,2016-03-01T16:06:30.000,2016-03-01T16:06:30.000
Radicar Solicitud Homologacion,94301,11302,Radicar Solicitud Homologacion,11302,Fluxicon Disco,Variant 19,19,2016-03-01T16:06:49.000,2016-03-01T16:06:34.000
Validar solicitud,94301,659,Validar solicitud,659,Fluxicon Disco,Variant 19,19,2016-03-01T16:28:02.000,2016-03-01T16:22:20.000
Cancelar Solicitud,94301,659,Cancelar Solicitud,659,Fluxicon Disco,Variant 19,19,2016-03-02T00:12:56.000,2016-03-01T16:22:21.000
Revisar curso,94301,659,Revisar curso,659,Fluxicon Disco,Variant 19,19,2016-03-02T14:04:57.000,2016-03-02T14:04:55.000
Notificacion estudiante cancelacion soli,94301,659,Notificacion estudiante cancelacion soli,659,Fluxicon Disco,Variant 19,19,2016-06-01T15:57:41.000,2016-06-01T15:57:41.000
End,94301,End,End,End,Fluxicon Disco,Variant 19,19,2016-06-01T15:57:41.000,2016-06-01T15:57:41.000
Start,94302,Start,Start,Start,Fluxicon Disco,Variant 55,55,2016-03-01T16:25:36.000,2016-03-01T16:25:36.000
Traer informacion estudiante - banner,94302,2440,Traer informacion estudiante - banner,2440,Fluxicon Disco,Variant 55,55,2016-03-01T16:25:36.000,2016-03-01T16:25:36.000
Radicar Solicitud Homologacion,94302,2440,Radicar Solicitud Homologacion,2440,Fluxicon Disco,Variant 55,55,2016-03-01T16:25:55.000,2016-03-01T16:25:37.000
Cancelar Solicitud,94302,1646,Cancelar Solicitud,1646,Fluxicon Disco,Variant 55,55,2016-03-02T03:11:22.000,2016-03-01T16:43:47.000
Validar solicitud,94302,1646,Validar solicitud,1646,Fluxicon Disco,Variant 55,55,2016-03-01T21:06:59.000,2016-03-01T16:43:47.000
Revisar curso,94302,1646,Revisar curso,1646,Fluxicon Disco,Variant 55,55,2016-04-22T16:56:07.000,2016-04-22T16:56:06.000
Revisar curso,94302,49,Revisar curso,49,Fluxicon Disco,Variant 55,55,2016-04-22T17:01:25.000,2016-04-22T16:56:07.000
Evaluacion curso,94302,10665,Evaluacion curso,10665,Fluxicon Disco,Variant 55,55,2016-04-22T17:12:59.000,2016-04-22T16:57:18.000
Evaluacion curso,94302,49,Evaluacion curso,49,Fluxicon Disco,Variant 55,55,2016-04-23T01:01:38.000,2016-04-23T00:14:07.000
Notificacion estudiante cancelacion soli,94302,1646,Notificacion estudiante cancelacion soli,1646,Fluxicon Disco,Variant 55,55,2016-06-29T23:19:35.000,2016-06-29T23:19:35.000
End,94302,End,End,End,Fluxicon Disco,Variant 55,55,2016-06-29T23:19:35.000,2016-06-29T23:19:35.000
Start,94401,Start,Start,Start,Fluxicon Disco,Variant 1,1,2016-03-01T22:46:43.000,2016-03-01T22:46:43.000
Traer informacion estudiante - banner,94401,3656,Traer informacion estudiante - banner,3656,Fluxicon Disco,Variant 1,1,2016-03-01T22:46:43.000,2016-03-01T22:46:43.000
Radicar Solicitud Homologacion,94401,3656,Radicar Solicitud Homologacion,3656,Fluxicon Disco,Variant 1,1,2016-03-01T22:48:00.000,2016-03-01T22:46:47.000
Cancelar Solicitud,94401,677,Cancelar Solicitud,677,Fluxicon Disco,Variant 1,1,2016-03-02T14:06:12.000,2016-03-02T14:00:13.000
Notificacion estudiante cancelacion soli,94401,677,Notificacion estudiante cancelacion soli,677,Fluxicon Disco,Variant 1,1,2016-03-02T21:59:55.000,2016-03-02T21:59:55.000
End,94401,End,End,End,Fluxicon Disco,Variant 1,1,2016-03-02T21:59:55.000,2016-03-02T21:59:55.000
Start,94451,Start,Start,Start,Fluxicon Disco,Variant 2,2,2016-03-01T21:11:05.000,2016-03-01T21:11:05.000
Traer informacion estudiante - banner,94451,16695,Traer informacion estudiante - banner,16695,Fluxicon Disco,Variant 2,2,2016-03-01T21:11:05.000,2016-03-01T21:11:05.000
Radicar Solicitud Homologacion,94451,16695,Radicar Solicitud Homologacion,16695,Fluxicon Disco,Variant 2,2,2016-03-01T21:12:01.000,2016-03-01T21:11:13.000
Validar solicitud,94451,659,Validar solicitud,659,Fluxicon Disco,Variant 2,2,2016-03-01T22:01:33.000,2016-03-01T21:59:21.000
Homologacion por grupo de cursos,94451,659,Homologacion por grupo de cursos,659,Fluxicon Disco,Variant 2,2,2016-03-02T14:12:12.000,2016-03-02T14:12:12.000
End,94451,End,End,End,Fluxicon Disco,Variant 2,2,2016-03-02T14:12:12.000,2016-03-02T14:12:12.000
Start,94453,Start,Start,Start,Fluxicon Disco,Variant 56,56,2016-03-01T23:19:07.000,2016-03-01T23:19:07.000
Cancelar Solicitud,94453,943,Cancelar Solicitud,943,Fluxicon Disco,Variant 56,56,2016-03-01T23:19:07.000,2016-03-01T23:19:07.000
Revisar curso,94453,49,Revisar curso,49,Fluxicon Disco,Variant 56,56,2016-03-17T14:56:44.000,2016-03-17T14:49:44.000
Cancelar curso,94453,943,Cancelar curso,943,Fluxicon Disco,Variant 56,56,2016-03-17T14:49:44.000,2016-03-17T14:49:44.000
Cancelar curso,94453,17296,Cancelar curso,17296,Fluxicon Disco,Variant 56,56,2016-03-17T14:49:44.000,2016-03-17T14:49:44.000
Visto Bueno Cierre Proceso,94453,7314,Visto Bueno Cierre Proceso,7314,Fluxicon Disco,Variant 56,56,2016-03-17T15:31:51.000,2016-03-17T14:51:51.000
Visto Bueno Cierre Proceso,94453,7314,Visto Bueno Cierre Proceso,7314,Fluxicon Disco,Variant 56,56,2016-03-17T20:16:45.000,2016-03-17T19:36:45.000
Evaluacion curso,94453,49,Evaluacion curso,49,Fluxicon Disco,Variant 56,56,2016-03-18T00:06:19.000,2016-03-17T23:49:48.000
Validacion final,94453,943,Validacion final,943,Fluxicon Disco,Variant 56,56,2016-03-29T15:21:33.000,2016-03-29T15:21:18.000
Visto Bueno Cierre Proceso,94453,26767,Visto Bueno Cierre Proceso,26767,Fluxicon Disco,Variant 56,56,2016-03-29T15:42:59.000,2016-03-29T15:37:17.000
End,94453,End,End,End,Fluxicon Disco,Variant 56,56,2016-03-29T15:42:59.000,2016-03-29T15:42:59.000
Start,94602,Start,Start,Start,Fluxicon Disco,Variant 4,4,2016-03-02T14:59:45.000,2016-03-02T14:59:45.000
Traer informacion estudiante - banner,94602,11181,Traer informacion estudiante - banner,11181,Fluxicon Disco,Variant 4,4,2016-03-02T14:59:45.000,2016-03-02T14:59:45.000
Radicar Solicitud Homologacion,94602,11181,Radicar Solicitud Homologacion,11181,Fluxicon Disco,Variant 4,4,2016-03-02T15:33:55.000,2016-03-02T14:59:46.000
Validar solicitud,94602,19019,Validar solicitud,19019,Fluxicon Disco,Variant 4,4,2016-03-08T17:10:20.000,2016-03-08T17:09:30.000
Homologacion por grupo de cursos,94602,19019,Homologacion por grupo de cursos,19019,Fluxicon Disco,Variant 4,4,2016-03-08T19:53:31.000,2016-03-08T19:03:06.000
Revisar curso,94602,19019,Revisar curso,19019,Fluxicon Disco,Variant 4,4,2016-03-08T19:03:06.000,2016-03-08T19:03:06.000
Evaluacion curso,94602,163,Evaluacion curso,163,Fluxicon Disco,Variant 4,4,2016-03-08T19:41:14.000,2016-03-08T19:03:31.000
Validar solicitud / pre-homologacion,94602,19019,Validar solicitud / pre-homologacion,19019,Fluxicon Disco,Variant 4,4,2016-03-15T15:56:40.000,2016-03-15T15:43:59.000
End,94602,End,End,End,Fluxicon Disco,Variant 4,4,2016-03-15T15:56:40.000,2016-03-15T15:56:40.000
Start,94801,Start,Start,Start,Fluxicon Disco,Variant 2,2,2016-03-02T14:39:15.000,2016-03-02T14:39:15.000
Traer informacion estudiante - banner,94801,9711,Traer informacion estudiante - banner,9711,Fluxicon Disco,Variant 2,2,2016-03-02T14:39:15.000,2016-03-02T14:39:15.000
Radicar Solicitud Homologacion,94801,9711,Radicar Solicitud Homologacion,9711,Fluxicon Disco,Variant 2,2,2016-03-02T14:39:26.000,2016-03-02T14:39:18.000
Validar solicitud,94801,1707,Validar solicitud,1707,Fluxicon Disco,Variant 2,2,2016-03-02T14:50:20.000,2016-03-02T14:47:38.000
Homologacion por grupo de cursos,94801,1707,Homologacion por grupo de cursos,1707,Fluxicon Disco,Variant 2,2,2016-03-02T17:30:00.000,2016-03-02T17:30:00.000
End,94801,End,End,End,Fluxicon Disco,Variant 2,2,2016-03-02T17:30:00.000,2016-03-02T17:30:00.000
Start,94851,Start,Start,Start,Fluxicon Disco,Variant 57,57,2016-03-02T18:22:58.000,2016-03-02T18:22:58.000
Validar solicitud,94851,6767,Validar solicitud,6767,Fluxicon Disco,Variant 57,57,2016-03-02T21:10:47.000,2016-03-02T18:22:58.000
Traer informacion estudiante - banner,94851,22529,Traer informacion estudiante - banner,22529,Fluxicon Disco,Variant 57,57,2016-03-02T19:35:22.000,2016-03-02T19:35:22.000
Radicar Solicitud Homologacion,94851,22529,Radicar Solicitud Homologacion,22529,Fluxicon Disco,Variant 57,57,2016-03-02T19:35:27.000,2016-03-02T19:35:27.000
Homologacion por grupo de cursos,94851,6954,Homologacion por grupo de cursos,6954,Fluxicon Disco,Variant 57,57,2016-04-07T19:02:03.000,2016-04-07T18:49:53.000
Revisar curso,94851,943,Revisar curso,943,Fluxicon Disco,Variant 57,57,2016-04-07T18:50:03.000,2016-04-07T18:49:53.000
Evaluacion curso,94851,943,Evaluacion curso,943,Fluxicon Disco,Variant 57,57,2016-04-07T20:16:26.000,2016-04-07T20:06:24.000
Visto Bueno Cierre Proceso,94851,6954,Visto Bueno Cierre Proceso,6954,Fluxicon Disco,Variant 57,57,2016-04-08T21:07:27.000,2016-04-08T21:03:31.000
Validacion final,94851,6767,Validacion final,6767,Fluxicon Disco,Variant 57,57,2016-04-08T23:02:12.000,2016-04-08T23:02:12.000
Transferir Creditos,94851,6954,Transferir Creditos,6954,Fluxicon Disco,Variant 57,57,2016-04-11T14:17:04.000,2016-04-11T14:17:04.000
Transferir creditos homologables,94851,6954,Transferir creditos homologables,6954,Fluxicon Disco,Variant 57,57,2016-04-11T14:17:04.000,2016-04-11T14:17:04.000
Transferir creditos homologables,94851,6954,Transferir creditos homologables,6954,Fluxicon Disco,Variant 57,57,2016-04-11T14:17:05.000,2016-04-11T14:17:05.000
Transferir creditos homologables,94851,6954,Transferir creditos homologables,6954,Fluxicon Disco,Variant 57,57,2016-04-11T14:17:05.000,2016-04-11T14:17:05.000
Transferir creditos homologables,94851,6954,Transferir creditos homologables,6954,Fluxicon Disco,Variant 57,57,2016-04-11T14:17:05.000,2016-04-11T14:17:05.000
End,94851,End,End,End,Fluxicon Disco,Variant 57,57,2016-04-11T14:17:05.000,2016-04-11T14:17:05.000
Start,94852,Start,Start,Start,Fluxicon Disco,Variant 5,5,2016-03-02T20:01:02.000,2016-03-02T20:01:02.000
Traer informacion estudiante - banner,94852,19214,Traer informacion estudiante - banner,19214,Fluxicon Disco,Variant 5,5,2016-03-02T20:01:02.000,2016-03-02T20:01:02.000
Radicar Solicitud Homologacion,94852,19214,Radicar Solicitud Homologacion,19214,Fluxicon Disco,Variant 5,5,2016-03-02T20:01:05.000,2016-03-02T20:01:03.000
Notificacion estudiante cancelacion soli,94852,1,Notificacion estudiante cancelacion soli,1,Fluxicon Disco,Variant 5,5,2016-03-11T16:28:22.000,2016-03-11T16:28:22.000
End,94852,End,End,End,Fluxicon Disco,Variant 5,5,2016-03-11T16:28:22.000,2016-03-11T16:28:22.000
Start,94902,Start,Start,Start,Fluxicon Disco,Variant 58,58,2016-03-02T17:17:02.000,2016-03-02T17:17:02.000
Traer informacion estudiante - banner,94902,12452,Traer informacion estudiante - banner,12452,Fluxicon Disco,Variant 58,58,2016-03-02T17:17:02.000,2016-03-02T17:17:02.000
Radicar Solicitud Homologacion,94902,12452,Radicar Solicitud Homologacion,12452,Fluxicon Disco,Variant 58,58,2016-03-02T17:17:07.000,2016-03-02T17:17:03.000
Validar solicitud,94902,19019,Validar solicitud,19019,Fluxicon Disco,Variant 58,58,2016-03-02T17:21:40.000,2016-03-02T17:21:31.000
Recepcion de documentos,94902,26789,Recepcion de documentos,26789,Fluxicon Disco,Variant 58,58,2016-03-03T02:27:23.000,2016-03-02T17:30:54.000
Homologacion por grupo de cursos,94902,1007,Homologacion por grupo de cursos,1007,Fluxicon Disco,Variant 58,58,2016-03-03T03:24:51.000,2016-03-02T17:30:55.000
Validar solicitud / pre-homologacion,94902,19019,Validar solicitud / pre-homologacion,19019,Fluxicon Disco,Variant 58,58,2016-03-02T17:30:55.000,2016-03-02T17:30:55.000
Avanzar recepcion documentos,94902,26789,Avanzar recepcion documentos,26789,Fluxicon Disco,Variant 58,58,2016-03-03T02:27:37.000,2016-03-02T17:31:09.000
Validacion final,94902,19019,Validacion final,19019,Fluxicon Disco,Variant 58,58,2016-06-15T20:52:35.000,2016-06-15T20:12:05.000
Visto Bueno Cierre Proceso,94902,1007,Visto Bueno Cierre Proceso,1007,Fluxicon Disco,Variant 58,58,2016-06-22T21:47:53.000,2016-06-22T21:30:57.000
Transferir Creditos,94902,1007,Transferir Creditos,1007,Fluxicon Disco,Variant 58,58,2016-06-24T22:27:04.000,2016-06-24T22:27:04.000
Transferir creditos homologables,94902,1007,Transferir creditos homologables,1007,Fluxicon Disco,Variant 58,58,2016-06-24T22:27:04.000,2016-06-24T22:27:04.000
End,94902,End,End,End,Fluxicon Disco,Variant 58,58,2016-06-24T22:27:04.000,2016-06-24T22:27:04.000
Start,94952,Start,Start,Start,Fluxicon Disco,Variant 3,3,2016-03-02T18:00:40.000,2016-03-02T18:00:40.000
Traer informacion estudiante - banner,94952,9711,Traer informacion estudiante - banner,9711,Fluxicon Disco,Variant 3,3,2016-03-02T18:00:40.000,2016-03-02T18:00:40.000
Radicar Solicitud Homologacion,94952,9711,Radicar Solicitud Homologacion,9711,Fluxicon Disco,Variant 3,3,2016-03-02T18:00:45.000,2016-03-02T18:00:45.000
Validar solicitud,94952,1707,Validar solicitud,1707,Fluxicon Disco,Variant 3,3,2016-03-02T21:24:00.000,2016-03-02T18:12:00.000
Homologacion por grupo de cursos,94952,15930,Homologacion por grupo de cursos,15930,Fluxicon Disco,Variant 3,3,2016-04-12T22:31:22.000,2016-04-12T20:19:22.000
Revisar curso,94952,1707,Revisar curso,1707,Fluxicon Disco,Variant 3,3,2016-04-12T22:08:12.000,2016-04-12T20:19:23.000
Evaluacion curso,94952,15930,Evaluacion curso,15930,Fluxicon Disco,Variant 3,3,2016-05-02T16:04:44.000,2016-05-02T15:49:34.000
Validacion final,94952,1707,Validacion final,1707,Fluxicon Disco,Variant 3,3,2016-05-04T13:47:35.000,2016-05-04T13:47:35.000
Visto Bueno Cierre Proceso,94952,15930,Visto Bueno Cierre Proceso,15930,Fluxicon Disco,Variant 3,3,2016-05-04T14:09:04.000,2016-05-04T14:01:04.000
End,94952,End,End,End,Fluxicon Disco,Variant 3,3,2016-05-04T14:09:04.000,2016-05-04T14:09:04.000
Start,95003,Start,Start,Start,Fluxicon Disco,Variant 6,6,2016-03-02T19:16:58.000,2016-03-02T19:16:58.000
Traer informacion estudiante - banner,95003,5714,Traer informacion estudiante - banner,5714,Fluxicon Disco,Variant 6,6,2016-03-02T19:16:58.000,2016-03-02T19:16:58.000
Radicar Solicitud Homologacion,95003,5714,Radicar Solicitud Homologacion,5714,Fluxicon Disco,Variant 6,6,2016-03-02T19:36:59.000,2016-03-02T19:16:59.000
Validar solicitud,95003,659,Validar solicitud,659,Fluxicon Disco,Variant 6,6,2016-03-06T01:56:03.000,2016-03-06T01:45:08.000
Homologacion por grupo de cursos,95003,943,Homologacion por grupo de cursos,943,Fluxicon Disco,Variant 6,6,2016-03-08T17:49:30.000,2016-03-08T16:55:40.000
Revisar curso,95003,943,Revisar curso,943,Fluxicon Disco,Variant 6,6,2016-03-08T16:56:44.000,2016-03-08T16:55:40.000
Evaluacion curso,95003,943,Evaluacion curso,943,Fluxicon Disco,Variant 6,6,2016-03-08T20:49:53.000,2016-03-08T19:57:07.000
End,95003,End,End,End,Fluxicon Disco,Variant 6,6,2016-03-08T20:49:53.000,2016-03-08T20:49:53.000
Start,95051,Start,Start,Start,Fluxicon Disco,Variant 6,6,2016-03-03T00:06:28.000,2016-03-03T00:06:28.000
Traer informacion estudiante - banner,95051,3019,Traer informacion estudiante - banner,3019,Fluxicon Disco,Variant 6,6,2016-03-03T00:06:28.000,2016-03-03T00:06:28.000
Radicar Solicitud Homologacion,95051,3019,Radicar Solicitud Homologacion,3019,Fluxicon Disco,Variant 6,6,2016-03-03T00:06:31.000,2016-03-03T00:06:31.000
Validar solicitud,95051,659,Validar solicitud,659,Fluxicon Disco,Variant 6,6,2016-03-03T00:18:40.000,2016-03-03T00:18:06.000
Homologacion por grupo de cursos,95051,943,Homologacion por grupo de cursos,943,Fluxicon Disco,Variant 6,6,2016-03-03T16:15:20.000,2016-03-03T14:34:56.000
Revisar curso,95051,943,Revisar curso,943,Fluxicon Disco,Variant 6,6,2016-03-03T15:01:42.000,2016-03-03T14:34:57.000
Evaluacion curso,95051,943,Evaluacion curso,943,Fluxicon Disco,Variant 6,6,2016-03-08T18:34:12.000,2016-03-08T17:20:33.000
End,95051,End,End,End,Fluxicon Disco,Variant 6,6,2016-03-08T18:34:12.000,2016-03-08T18:34:12.000
Start,95052,Start,Start,Start,Fluxicon Disco,Variant 32,32,2016-03-02T21:50:32.000,2016-03-02T21:50:32.000
Validar solicitud,95052,659,Validar solicitud,659,Fluxicon Disco,Variant 32,32,2016-03-02T21:53:18.000,2016-03-02T21:50:32.000
Traer informacion estudiante - banner,95052,3019,Traer informacion estudiante - banner,3019,Fluxicon Disco,Variant 32,32,2016-03-03T00:20:23.000,2016-03-03T00:20:23.000
Radicar Solicitud Homologacion,95052,3019,Radicar Solicitud Homologacion,3019,Fluxicon Disco,Variant 32,32,2016-03-03T00:20:23.000,2016-03-03T00:20:23.000
Homologacion por grupo de cursos,95052,26763,Homologacion por grupo de cursos,26763,Fluxicon Disco,Variant 32,32,2016-03-03T14:36:43.000,2016-03-03T14:36:43.000
Revisar curso,95052,659,Revisar curso,659,Fluxicon Disco,Variant 32,32,2016-03-03T14:36:43.000,2016-03-03T14:36:43.000
Evaluacion curso,95052,26763,Evaluacion curso,26763,Fluxicon Disco,Variant 32,32,2016-03-03T14:37:24.000,2016-03-03T14:37:24.000
End,95052,End,End,End,Fluxicon Disco,Variant 32,32,2016-03-03T14:37:24.000,2016-03-03T14:37:24.000
Start,95251,Start,Start,Start,Fluxicon Disco,Variant 1,1,2016-03-03T10:32:42.000,2016-03-03T10:32:42.000
Traer informacion estudiante - banner,95251,8022,Traer informacion estudiante - banner,8022,Fluxicon Disco,Variant 1,1,2016-03-03T10:32:42.000,2016-03-03T10:32:42.000
Radicar Solicitud Homologacion,95251,8022,Radicar Solicitud Homologacion,8022,Fluxicon Disco,Variant 1,1,2016-03-03T10:32:46.000,2016-03-03T10:32:46.000
Cancelar Solicitud,95251,677,Cancelar Solicitud,677,Fluxicon Disco,Variant 1,1,2016-03-03T10:45:22.000,2016-03-03T10:41:22.000
Notificacion estudiante cancelacion soli,95251,677,Notificacion estudiante cancelacion soli,677,Fluxicon Disco,Variant 1,1,2016-03-03T18:59:19.000,2016-03-03T18:59:19.000
End,95251,End,End,End,Fluxicon Disco,Variant 1,1,2016-03-03T18:59:19.000,2016-03-03T18:59:19.000
Start,95252,Start,Start,Start,Fluxicon Disco,Variant 1,1,2016-03-03T10:42:52.000,2016-03-03T10:42:52.000
Traer informacion estudiante - banner,95252,8022,Traer informacion estudiante - banner,8022,Fluxicon Disco,Variant 1,1,2016-03-03T10:42:52.000,2016-03-03T10:42:52.000
Radicar Solicitud Homologacion,95252,8022,Radicar Solicitud Homologacion,8022,Fluxicon Disco,Variant 1,1,2016-03-03T10:42:53.000,2016-03-03T10:42:53.000
Cancelar Solicitud,95252,677,Cancelar Solicitud,677,Fluxicon Disco,Variant 1,1,2016-03-03T10:50:36.000,2016-03-03T10:46:36.000
Notificacion estudiante cancelacion soli,95252,677,Notificacion estudiante cancelacion soli,677,Fluxicon Disco,Variant 1,1,2016-03-03T19:01:46.000,2016-03-03T19:01:46.000
End,95252,End,End,End,Fluxicon Disco,Variant 1,1,2016-03-03T19:01:46.000,2016-03-03T19:01:46.000
Start,95253,Start,Start,Start,Fluxicon Disco,Variant 1,1,2016-03-03T10:47:17.000,2016-03-03T10:47:17.000
Traer informacion estudiante - banner,95253,8022,Traer informacion estudiante - banner,8022,Fluxicon Disco,Variant 1,1,2016-03-03T10:47:17.000,2016-03-03T10:47:17.000
Radicar Solicitud Homologacion,95253,8022,Radicar Solicitud Homologacion,8022,Fluxicon Disco,Variant 1,1,2016-03-03T10:47:18.000,2016-03-03T10:47:18.000
Cancelar Solicitud,95253,677,Cancelar Solicitud,677,Fluxicon Disco,Variant 1,1,2016-03-03T10:54:47.000,2016-03-03T10:50:47.000
Notificacion estudiante cancelacion soli,95253,677,Notificacion estudiante cancelacion soli,677,Fluxicon Disco,Variant 1,1,2016-03-03T19:03:09.000,2016-03-03T19:03:09.000
End,95253,End,End,End,Fluxicon Disco,Variant 1,1,2016-03-03T19:03:09.000,2016-03-03T19:03:09.000
Start,95301,Start,Start,Start,Fluxicon Disco,Variant 4,4,2016-03-03T10:33:06.000,2016-03-03T10:33:06.000
Traer informacion estudiante - banner,95301,11759,Traer informacion estudiante - banner,11759,Fluxicon Disco,Variant 4,4,2016-03-03T10:33:06.000,2016-03-03T10:33:06.000
Radicar Solicitud Homologacion,95301,11759,Radicar Solicitud Homologacion,11759,Fluxicon Disco,Variant 4,4,2016-03-03T10:33:08.000,2016-03-03T10:33:08.000
Validar solicitud,95301,22475,Validar solicitud,22475,Fluxicon Disco,Variant 4,4,2016-03-03T10:41:06.000,2016-03-03T10:41:06.000
Homologacion por grupo de cursos,95301,22475,Homologacion por grupo de cursos,22475,Fluxicon Disco,Variant 4,4,2016-03-03T16:20:14.000,2016-03-03T12:56:14.000
Revisar curso,95301,22475,Revisar curso,22475,Fluxicon Disco,Variant 4,4,2016-03-03T12:56:15.000,2016-03-03T12:56:15.000
Evaluacion curso,95301,22439,Evaluacion curso,22439,Fluxicon Disco,Variant 4,4,2016-03-03T16:23:02.000,2016-03-03T12:59:02.000
Validar solicitud / pre-homologacion,95301,22475,Validar solicitud / pre-homologacion,22475,Fluxicon Disco,Variant 4,4,2016-04-14T20:40:39.000,2016-04-14T20:40:39.000
End,95301,End,End,End,Fluxicon Disco,Variant 4,4,2016-04-14T20:40:39.000,2016-04-14T20:40:39.000
Start,95302,Start,Start,Start,Fluxicon Disco,Variant 1,1,2016-03-03T10:51:48.000,2016-03-03T10:51:48.000
Traer informacion estudiante - banner,95302,6004,Traer informacion estudiante - banner,6004,Fluxicon Disco,Variant 1,1,2016-03-03T10:51:48.000,2016-03-03T10:51:48.000
Radicar Solicitud Homologacion,95302,6004,Radicar Solicitud Homologacion,6004,Fluxicon Disco,Variant 1,1,2016-03-03T10:59:49.000,2016-03-03T10:51:49.000
Cancelar Solicitud,95302,22475,Cancelar Solicitud,22475,Fluxicon Disco,Variant 1,1,2016-03-04T09:26:09.000,2016-03-04T09:23:46.000
Notificacion estudiante cancelacion soli,95302,22475,Notificacion estudiante cancelacion soli,22475,Fluxicon Disco,Variant 1,1,2016-03-04T16:23:43.000,2016-03-04T16:23:43.000
End,95302,End,End,End,Fluxicon Disco,Variant 1,1,2016-03-04T16:23:43.000,2016-03-04T16:23:43.000
Start,95303,Start,Start,Start,Fluxicon Disco,Variant 1,1,2016-03-03T11:02:17.000,2016-03-03T11:02:17.000
Traer informacion estudiante - banner,95303,6004,Traer informacion estudiante - banner,6004,Fluxicon Disco,Variant 1,1,2016-03-03T11:02:17.000,2016-03-03T11:02:17.000
Radicar Solicitud Homologacion,95303,6004,Radicar Solicitud Homologacion,6004,Fluxicon Disco,Variant 1,1,2016-03-03T11:10:18.000,2016-03-03T11:02:18.000
Cancelar Solicitud,95303,22404,Cancelar Solicitud,22404,Fluxicon Disco,Variant 1,1,2016-03-04T08:58:23.000,2016-03-04T08:58:08.000
Notificacion estudiante cancelacion soli,95303,22404,Notificacion estudiante cancelacion soli,22404,Fluxicon Disco,Variant 1,1,2016-03-04T14:15:28.000,2016-03-04T14:15:28.000
End,95303,End,End,End,Fluxicon Disco,Variant 1,1,2016-03-04T14:15:28.000,2016-03-04T14:15:28.000
Start,95304,Start,Start,Start,Fluxicon Disco,Variant 1,1,2016-03-03T11:10:14.000,2016-03-03T11:10:14.000
Traer informacion estudiante - banner,95304,6004,Traer informacion estudiante - banner,6004,Fluxicon Disco,Variant 1,1,2016-03-03T11:10:14.000,2016-03-03T11:10:14.000
Radicar Solicitud Homologacion,95304,6004,Radicar Solicitud Homologacion,6004,Fluxicon Disco,Variant 1,1,2016-03-03T11:18:15.000,2016-03-03T11:10:15.000
Cancelar Solicitud,95304,22404,Cancelar Solicitud,22404,Fluxicon Disco,Variant 1,1,2016-03-04T10:43:27.000,2016-03-04T09:27:49.000
Notificacion estudiante cancelacion soli,95304,22404,Notificacion estudiante cancelacion soli,22404,Fluxicon Disco,Variant 1,1,2016-03-17T17:38:55.000,2016-03-17T17:38:55.000
End,95304,End,End,End,Fluxicon Disco,Variant 1,1,2016-03-17T17:38:55.000,2016-03-17T17:38:55.000
Start,95305,Start,Start,Start,Fluxicon Disco,Variant 8,8,2016-03-03T11:20:43.000,2016-03-03T11:20:43.000
Traer informacion estudiante - banner,95305,6004,Traer informacion estudiante - banner,6004,Fluxicon Disco,Variant 8,8,2016-03-03T11:20:43.000,2016-03-03T11:20:43.000
Radicar Solicitud Homologacion,95305,6004,Radicar Solicitud Homologacion,6004,Fluxicon Disco,Variant 8,8,2016-03-03T11:28:44.000,2016-03-03T11:20:44.000
Cancelar Solicitud,95305,669,Cancelar Solicitud,669,Fluxicon Disco,Variant 8,8,2016-03-04T09:03:28.000,2016-03-04T09:00:58.000
Validar solicitud,95305,22475,Validar solicitud,22475,Fluxicon Disco,Variant 8,8,2016-03-04T09:02:45.000,2016-03-04T09:00:58.000
Revisar curso,95305,22475,Revisar curso,22475,Fluxicon Disco,Variant 8,8,2016-03-04T15:47:49.000,2016-03-04T15:47:49.000
Notificacion estudiante cancelacion soli,95305,669,Notificacion estudiante cancelacion soli,669,Fluxicon Disco,Variant 8,8,2016-03-04T16:30:54.000,2016-03-04T16:30:54.000
End,95305,End,End,End,Fluxicon Disco,Variant 8,8,2016-03-04T16:30:54.000,2016-03-04T16:30:54.000
Start,95401,Start,Start,Start,Fluxicon Disco,Variant 59,59,2016-03-03T13:54:30.000,2016-03-03T13:54:30.000
Traer informacion estudiante - banner,95401,9348,Traer informacion estudiante - banner,9348,Fluxicon Disco,Variant 59,59,2016-03-03T13:54:30.000,2016-03-03T13:54:30.000
Radicar Solicitud Homologacion,95401,9348,Radicar Solicitud Homologacion,9348,Fluxicon Disco,Variant 59,59,2016-03-03T13:54:58.000,2016-03-03T13:54:33.000
Validar solicitud,95401,677,Validar solicitud,677,Fluxicon Disco,Variant 59,59,2016-03-03T14:29:04.000,2016-03-03T14:25:30.000
Revisar curso,95401,677,Revisar curso,677,Fluxicon Disco,Variant 59,59,2016-03-03T19:11:52.000,2016-03-03T19:11:52.000
Homologacion por grupo de cursos,95401,7304,Homologacion por grupo de cursos,7304,Fluxicon Disco,Variant 59,59,2016-03-03T21:57:01.000,2016-03-03T19:11:52.000
Evaluacion curso,95401,7304,Evaluacion curso,7304,Fluxicon Disco,Variant 59,59,2016-03-03T21:59:51.000,2016-03-03T19:14:42.000
End,95401,End,End,End,Fluxicon Disco,Variant 59,59,2016-03-03T21:59:51.000,2016-03-03T21:59:51.000
Start,95451,Start,Start,Start,Fluxicon Disco,Variant 60,60,2016-03-03T15:10:07.000,2016-03-03T15:10:07.000
Traer informacion estudiante - banner,95451,3502,Traer informacion estudiante - banner,3502,Fluxicon Disco,Variant 60,60,2016-03-03T15:10:07.000,2016-03-03T15:10:07.000
Radicar Solicitud Homologacion,95451,3502,Radicar Solicitud Homologacion,3502,Fluxicon Disco,Variant 60,60,2016-03-03T15:10:35.000,2016-03-03T15:10:10.000
Validar solicitud,95451,241,Validar solicitud,241,Fluxicon Disco,Variant 60,60,2016-03-03T16:25:52.000,2016-03-03T15:35:28.000
Recepcion de documentos,95451,157,Recepcion de documentos,157,Fluxicon Disco,Variant 60,60,2016-03-11T19:51:05.000,2016-03-11T19:00:26.000
Homologacion por grupo de cursos,95451,6979,Homologacion por grupo de cursos,6979,Fluxicon Disco,Variant 60,60,2016-03-11T20:36:27.000,2016-03-11T19:00:27.000
Revisar curso,95451,241,Revisar curso,241,Fluxicon Disco,Variant 60,60,2016-03-11T19:00:28.000,2016-03-11T19:00:28.000
Validar solicitud / pre-homologacion,95451,241,Validar solicitud / pre-homologacion,241,Fluxicon Disco,Variant 60,60,2016-03-11T19:00:29.000,2016-03-11T19:00:29.000
Avanzar recepcion documentos,95451,157,Avanzar recepcion documentos,157,Fluxicon Disco,Variant 60,60,2016-03-11T19:52:49.000,2016-03-11T19:02:10.000
Evaluacion curso,95451,6979,Evaluacion curso,6979,Fluxicon Disco,Variant 60,60,2016-03-11T19:52:57.000,2016-03-11T19:04:16.000
Validar solicitud / pre-homologacion,95451,241,Validar solicitud / pre-homologacion,241,Fluxicon Disco,Variant 60,60,2016-03-28T21:43:11.000,2016-03-28T21:41:06.000
Validacion final,95451,241,Validacion final,241,Fluxicon Disco,Variant 60,60,2016-03-28T23:39:18.000,2016-03-28T23:39:10.000
Validacion final,95451,241,Validacion final,241,Fluxicon Disco,Variant 60,60,2016-03-28T23:47:02.000,2016-03-28T23:47:02.000
Visto Bueno Cierre Proceso,95451,6979,Visto Bueno Cierre Proceso,6979,Fluxicon Disco,Variant 60,60,2016-03-29T00:32:28.000,2016-03-28T23:47:16.000
Visto Bueno Cierre Proceso,95451,6979,Visto Bueno Cierre Proceso,6979,Fluxicon Disco,Variant 60,60,2016-03-29T00:32:34.000,2016-03-28T23:47:22.000
Transferir Creditos,95451,6979,Transferir Creditos,6979,Fluxicon Disco,Variant 60,60,2016-04-05T20:59:13.000,2016-04-05T20:59:13.000
Transferir creditos homologables,95451,6979,Transferir creditos homologables,6979,Fluxicon Disco,Variant 60,60,2016-04-05T20:59:13.000,2016-04-05T20:59:13.000
Transferir creditos homologables,95451,6979,Transferir creditos homologables,6979,Fluxicon Disco,Variant 60,60,2016-04-05T20:59:13.000,2016-04-05T20:59:13.000
Transferir Creditos,95451,6979,Transferir Creditos,6979,Fluxicon Disco,Variant 60,60,2016-04-05T21:00:12.000,2016-04-05T21:00:12.000
Transferir creditos homologables,95451,6979,Transferir creditos homologables,6979,Fluxicon Disco,Variant 60,60,2016-04-05T21:00:13.000,2016-04-05T21:00:13.000
Transferir creditos homologables,95451,6979,Transferir creditos homologables,6979,Fluxicon Disco,Variant 60,60,2016-04-05T21:00:13.000,2016-04-05T21:00:13.000
Transferir creditos homologables,95451,6979,Transferir creditos homologables,6979,Fluxicon Disco,Variant 60,60,2016-04-05T21:00:13.000,2016-04-05T21:00:13.000
End,95451,End,End,End,Fluxicon Disco,Variant 60,60,2016-04-05T21:00:13.000,2016-04-05T21:00:13.000
Start,95501,Start,Start,Start,Fluxicon Disco,Variant 6,6,2016-03-03T20:59:35.000,2016-03-03T20:59:35.000
Traer informacion estudiante - banner,95501,8588,Traer informacion estudiante - banner,8588,Fluxicon Disco,Variant 6,6,2016-03-03T20:59:35.000,2016-03-03T20:59:35.000
Radicar Solicitud Homologacion,95501,8588,Radicar Solicitud Homologacion,8588,Fluxicon Disco,Variant 6,6,2016-03-03T21:00:04.000,2016-03-03T20:59:41.000
Validar solicitud,95501,677,Validar solicitud,677,Fluxicon Disco,Variant 6,6,2016-03-03T21:36:01.000,2016-03-03T21:23:07.000
Homologacion por grupo de cursos,95501,6995,Homologacion por grupo de cursos,6995,Fluxicon Disco,Variant 6,6,2016-03-07T16:18:05.000,2016-03-07T16:17:22.000
Revisar curso,95501,677,Revisar curso,677,Fluxicon Disco,Variant 6,6,2016-03-07T16:17:24.000,2016-03-07T16:17:23.000
Evaluacion curso,95501,6995,Evaluacion curso,6995,Fluxicon Disco,Variant 6,6,2016-03-07T16:19:26.000,2016-03-07T16:18:45.000
End,95501,End,End,End,Fluxicon Disco,Variant 6,6,2016-03-07T16:19:26.000,2016-03-07T16:19:26.000
Start,95601,Start,Start,Start,Fluxicon Disco,Variant 6,6,2016-03-03T19:53:50.000,2016-03-03T19:53:50.000
Traer informacion estudiante - banner,95601,4918,Traer informacion estudiante - banner,4918,Fluxicon Disco,Variant 6,6,2016-03-03T19:53:50.000,2016-03-03T19:53:50.000
Radicar Solicitud Homologacion,95601,4918,Radicar Solicitud Homologacion,4918,Fluxicon Disco,Variant 6,6,2016-03-03T19:53:56.000,2016-03-03T19:53:56.000
Validar solicitud,95601,1707,Validar solicitud,1707,Fluxicon Disco,Variant 6,6,2016-03-03T20:03:50.000,2016-03-03T19:59:50.000
Homologacion por grupo de cursos,95601,7763,Homologacion por grupo de cursos,7763,Fluxicon Disco,Variant 6,6,2016-03-04T12:47:31.000,2016-03-04T11:25:41.000
Revisar curso,95601,1707,Revisar curso,1707,Fluxicon Disco,Variant 6,6,2016-03-04T11:25:43.000,2016-03-04T11:25:43.000
Evaluacion curso,95601,7763,Evaluacion curso,7763,Fluxicon Disco,Variant 6,6,2016-03-04T12:54:13.000,2016-03-04T11:32:23.000
End,95601,End,End,End,Fluxicon Disco,Variant 6,6,2016-03-04T12:54:13.000,2016-03-04T12:54:13.000
Start,95651,Start,Start,Start,Fluxicon Disco,Variant 6,6,2016-03-03T23:11:41.000,2016-03-03T23:11:41.000
Traer informacion estudiante - banner,95651,10962,Traer informacion estudiante - banner,10962,Fluxicon Disco,Variant 6,6,2016-03-03T23:11:41.000,2016-03-03T23:11:41.000
Radicar Solicitud Homologacion,95651,10962,Radicar Solicitud Homologacion,10962,Fluxicon Disco,Variant 6,6,2016-03-03T23:12:01.000,2016-03-03T23:11:45.000
Validar solicitud,95651,716,Validar solicitud,716,Fluxicon Disco,Variant 6,6,2016-03-03T23:29:11.000,2016-03-03T23:28:40.000
Homologacion por grupo de cursos,95651,716,Homologacion por grupo de cursos,716,Fluxicon Disco,Variant 6,6,2016-03-04T10:05:34.000,2016-03-04T09:49:34.000
Revisar curso,95651,716,Revisar curso,716,Fluxicon Disco,Variant 6,6,2016-03-04T09:57:35.000,2016-03-04T09:49:35.000
Evaluacion curso,95651,716,Evaluacion curso,716,Fluxicon Disco,Variant 6,6,2016-03-07T13:05:40.000,2016-03-07T12:57:40.000
End,95651,End,End,End,Fluxicon Disco,Variant 6,6,2016-03-07T13:05:40.000,2016-03-07T13:05:40.000
Start,95701,Start,Start,Start,Fluxicon Disco,Variant 1,1,2016-03-03T21:34:55.000,2016-03-03T21:34:55.000
Traer informacion estudiante - banner,95701,8160,Traer informacion estudiante - banner,8160,Fluxicon Disco,Variant 1,1,2016-03-03T21:34:55.000,2016-03-03T21:34:55.000
Radicar Solicitud Homologacion,95701,8160,Radicar Solicitud Homologacion,8160,Fluxicon Disco,Variant 1,1,2016-03-03T21:35:26.000,2016-03-03T21:35:00.000
Cancelar Solicitud,95701,677,Cancelar Solicitud,677,Fluxicon Disco,Variant 1,1,2016-03-04T00:32:16.000,2016-03-03T22:01:25.000
Notificacion estudiante cancelacion soli,95701,677,Notificacion estudiante cancelacion soli,677,Fluxicon Disco,Variant 1,1,2016-04-06T21:52:50.000,2016-04-06T21:52:50.000
End,95701,End,End,End,Fluxicon Disco,Variant 1,1,2016-04-06T21:52:50.000,2016-04-06T21:52:50.000
Start,95702,Start,Start,Start,Fluxicon Disco,Variant 1,1,2016-03-03T21:49:44.000,2016-03-03T21:49:44.000
Traer informacion estudiante - banner,95702,8064,Traer informacion estudiante - banner,8064,Fluxicon Disco,Variant 1,1,2016-03-03T21:49:44.000,2016-03-03T21:49:44.000
Radicar Solicitud Homologacion,95702,8064,Radicar Solicitud Homologacion,8064,Fluxicon Disco,Variant 1,1,2016-03-03T22:07:55.000,2016-03-03T21:49:45.000
Cancelar Solicitud,95702,22491,Cancelar Solicitud,22491,Fluxicon Disco,Variant 1,1,2016-03-08T13:34:13.000,2016-03-08T13:30:13.000
Notificacion estudiante cancelacion soli,95702,22491,Notificacion estudiante cancelacion soli,22491,Fluxicon Disco,Variant 1,1,2016-03-08T19:51:32.000,2016-03-08T19:51:32.000
End,95702,End,End,End,Fluxicon Disco,Variant 1,1,2016-03-08T19:51:32.000,2016-03-08T19:51:32.000
Start,95901,Start,Start,Start,Fluxicon Disco,Variant 1,1,2016-03-04T09:28:05.000,2016-03-04T09:28:05.000
Traer informacion estudiante - banner,95901,6004,Traer informacion estudiante - banner,6004,Fluxicon Disco,Variant 1,1,2016-03-04T09:28:05.000,2016-03-04T09:28:05.000
Radicar Solicitud Homologacion,95901,6004,Radicar Solicitud Homologacion,6004,Fluxicon Disco,Variant 1,1,2016-03-04T09:28:09.000,2016-03-04T09:28:09.000
Cancelar Solicitud,95901,22404,Cancelar Solicitud,22404,Fluxicon Disco,Variant 1,1,2016-03-04T09:37:08.000,2016-03-04T09:36:51.000
Notificacion estudiante cancelacion soli,95901,22404,Notificacion estudiante cancelacion soli,22404,Fluxicon Disco,Variant 1,1,2016-03-04T14:17:13.000,2016-03-04T14:17:13.000
End,95901,End,End,End,Fluxicon Disco,Variant 1,1,2016-03-04T14:17:13.000,2016-03-04T14:17:13.000
Start,96001,Start,Start,Start,Fluxicon Disco,Variant 5,5,2016-03-04T13:32:22.000,2016-03-04T13:32:22.000
Traer informacion estudiante - banner,96001,19582,Traer informacion estudiante - banner,19582,Fluxicon Disco,Variant 5,5,2016-03-04T13:32:22.000,2016-03-04T13:32:22.000
Radicar Solicitud Homologacion,96001,19582,Radicar Solicitud Homologacion,19582,Fluxicon Disco,Variant 5,5,2016-03-04T13:32:25.000,2016-03-04T13:32:25.000
Notificacion estudiante cancelacion soli,96001,1,Notificacion estudiante cancelacion soli,1,Fluxicon Disco,Variant 5,5,2016-03-14T22:24:00.000,2016-03-14T22:24:00.000
End,96001,End,End,End,Fluxicon Disco,Variant 5,5,2016-03-14T22:24:00.000,2016-03-14T22:24:00.000
Start,96052,Start,Start,Start,Fluxicon Disco,Variant 61,61,2016-03-04T13:39:12.000,2016-03-04T13:39:12.000
Traer informacion estudiante - banner,96052,16273,Traer informacion estudiante - banner,16273,Fluxicon Disco,Variant 61,61,2016-03-04T13:39:12.000,2016-03-04T13:39:12.000
Radicar Solicitud Homologacion,96052,16273,Radicar Solicitud Homologacion,16273,Fluxicon Disco,Variant 61,61,2016-03-04T13:39:22.000,2016-03-04T13:39:15.000
Radicar Solicitud Homologacion,96052,16273,Radicar Solicitud Homologacion,16273,Fluxicon Disco,Variant 61,61,2016-03-04T23:01:54.000,2016-03-04T22:32:27.000
Validar solicitud,96052,716,Validar solicitud,716,Fluxicon Disco,Variant 61,61,2016-03-10T18:56:04.000,2016-03-10T18:47:22.000
Homologacion por grupo de cursos,96052,716,Homologacion por grupo de cursos,716,Fluxicon Disco,Variant 61,61,2016-03-11T23:03:04.000,2016-03-11T20:42:06.000
Revisar curso,96052,716,Revisar curso,716,Fluxicon Disco,Variant 61,61,2016-03-11T20:42:08.000,2016-03-11T20:42:07.000
Evaluacion curso,96052,716,Evaluacion curso,716,Fluxicon Disco,Variant 61,61,2016-03-11T23:04:11.000,2016-03-11T20:43:14.000
End,96052,End,End,End,Fluxicon Disco,Variant 61,61,2016-03-11T23:04:11.000,2016-03-11T23:04:11.000
Start,96102,Start,Start,Start,Fluxicon Disco,Variant 62,62,2016-03-04T12:57:24.000,2016-03-04T12:57:24.000
Validar solicitud,96102,1707,Validar solicitud,1707,Fluxicon Disco,Variant 62,62,2016-03-04T15:57:24.000,2016-03-04T12:57:24.000
Traer informacion estudiante - banner,96102,8498,Traer informacion estudiante - banner,8498,Fluxicon Disco,Variant 62,62,2016-03-04T15:05:23.000,2016-03-04T15:05:23.000
Radicar Solicitud Homologacion,96102,8498,Radicar Solicitud Homologacion,8498,Fluxicon Disco,Variant 62,62,2016-03-04T15:05:24.000,2016-03-04T15:05:24.000
Homologacion por grupo de cursos,96102,15930,Homologacion por grupo de cursos,15930,Fluxicon Disco,Variant 62,62,2016-04-13T03:09:24.000,2016-04-12T20:22:43.000
Revisar curso,96102,1707,Revisar curso,1707,Fluxicon Disco,Variant 62,62,2016-04-12T22:11:32.000,2016-04-12T20:22:43.000
Evaluacion curso,96102,7763,Evaluacion curso,7763,Fluxicon Disco,Variant 62,62,2016-05-02T20:34:53.000,2016-05-02T15:49:49.000
Validacion final,96102,1707,Validacion final,1707,Fluxicon Disco,Variant 62,62,2016-06-23T22:56:32.000,2016-06-23T22:54:27.000
Visto Bueno Cierre Proceso,96102,15930,Visto Bueno Cierre Proceso,15930,Fluxicon Disco,Variant 62,62,2016-06-24T13:29:22.000,2016-06-24T13:18:41.000
Transferir Creditos,96102,15930,Transferir Creditos,15930,Fluxicon Disco,Variant 62,62,2016-06-27T17:41:18.000,2016-06-27T17:41:18.000
Transferir creditos homologables,96102,15930,Transferir creditos homologables,15930,Fluxicon Disco,Variant 62,62,2016-06-27T17:41:18.000,2016-06-27T17:41:18.000
Transferir creditos homologables,96102,15930,Transferir creditos homologables,15930,Fluxicon Disco,Variant 62,62,2016-06-27T17:41:18.000,2016-06-27T17:41:18.000
Transferir creditos homologables,96102,15930,Transferir creditos homologables,15930,Fluxicon Disco,Variant 62,62,2016-06-27T17:41:18.000,2016-06-27T17:41:18.000
End,96102,End,End,End,Fluxicon Disco,Variant 62,62,2016-06-27T17:41:18.000,2016-06-27T17:41:18.000
Start,96201,Start,Start,Start,Fluxicon Disco,Variant 5,5,2016-03-04T16:28:01.000,2016-03-04T16:28:01.000
Traer informacion estudiante - banner,96201,15884,Traer informacion estudiante - banner,15884,Fluxicon Disco,Variant 5,5,2016-03-04T16:28:01.000,2016-03-04T16:28:01.000
Radicar Solicitud Homologacion,96201,15884,Radicar Solicitud Homologacion,15884,Fluxicon Disco,Variant 5,5,2016-03-04T16:28:19.000,2016-03-04T16:28:06.000
Notificacion estudiante cancelacion soli,96201,1,Notificacion estudiante cancelacion soli,1,Fluxicon Disco,Variant 5,5,2016-03-15T15:05:02.000,2016-03-15T15:05:02.000
End,96201,End,End,End,Fluxicon Disco,Variant 5,5,2016-03-15T15:05:02.000,2016-03-15T15:05:02.000
Start,96304,Start,Start,Start,Fluxicon Disco,Variant 17,17,2016-03-04T18:12:20.000,2016-03-04T18:12:20.000
Cancelar Solicitud,96304,22404,Cancelar Solicitud,22404,Fluxicon Disco,Variant 17,17,2016-03-04T19:24:00.000,2016-03-04T18:12:20.000
Traer informacion estudiante - banner,96304,6004,Traer informacion estudiante - banner,6004,Fluxicon Disco,Variant 17,17,2016-03-04T20:50:45.000,2016-03-04T20:50:45.000
Radicar Solicitud Homologacion,96304,6004,Radicar Solicitud Homologacion,6004,Fluxicon Disco,Variant 17,17,2016-03-04T20:50:46.000,2016-03-04T20:50:46.000
Notificacion estudiante cancelacion soli,96304,22404,Notificacion estudiante cancelacion soli,22404,Fluxicon Disco,Variant 17,17,2016-03-17T17:40:52.000,2016-03-17T17:40:52.000
End,96304,End,End,End,Fluxicon Disco,Variant 17,17,2016-03-17T17:40:52.000,2016-03-17T17:40:52.000
Start,96305,Start,Start,Start,Fluxicon Disco,Variant 6,6,2016-03-04T21:09:54.000,2016-03-04T21:09:54.000
Traer informacion estudiante - banner,96305,5396,Traer informacion estudiante - banner,5396,Fluxicon Disco,Variant 6,6,2016-03-04T21:09:54.000,2016-03-04T21:09:54.000
Radicar Solicitud Homologacion,96305,5396,Radicar Solicitud Homologacion,5396,Fluxicon Disco,Variant 6,6,2016-03-04T21:10:25.000,2016-03-04T21:09:55.000
Validar solicitud,96305,5802,Validar solicitud,5802,Fluxicon Disco,Variant 6,6,2016-03-04T21:50:47.000,2016-03-04T21:40:28.000
Homologacion por grupo de cursos,96305,5802,Homologacion por grupo de cursos,5802,Fluxicon Disco,Variant 6,6,2016-03-08T12:02:45.000,2016-03-08T12:02:45.000
Revisar curso,96305,5802,Revisar curso,5802,Fluxicon Disco,Variant 6,6,2016-03-08T12:02:46.000,2016-03-08T12:02:46.000
Evaluacion curso,96305,5802,Evaluacion curso,5802,Fluxicon Disco,Variant 6,6,2016-03-08T12:04:22.000,2016-03-08T12:04:22.000
End,96305,End,End,End,Fluxicon Disco,Variant 6,6,2016-03-08T12:04:22.000,2016-03-08T12:04:22.000
Start,96306,Start,Start,Start,Fluxicon Disco,Variant 1,1,2016-03-04T21:36:26.000,2016-03-04T21:36:26.000
Traer informacion estudiante - banner,96306,6004,Traer informacion estudiante - banner,6004,Fluxicon Disco,Variant 1,1,2016-03-04T21:36:26.000,2016-03-04T21:36:26.000
Radicar Solicitud Homologacion,96306,6004,Radicar Solicitud Homologacion,6004,Fluxicon Disco,Variant 1,1,2016-03-04T21:36:36.000,2016-03-04T21:36:29.000
Cancelar Solicitud,96306,22404,Cancelar Solicitud,22404,Fluxicon Disco,Variant 1,1,2016-03-04T22:53:43.000,2016-03-04T21:43:45.000
Notificacion estudiante cancelacion soli,96306,22404,Notificacion estudiante cancelacion soli,22404,Fluxicon Disco,Variant 1,1,2016-03-17T17:42:39.000,2016-03-17T17:42:39.000
End,96306,End,End,End,Fluxicon Disco,Variant 1,1,2016-03-17T17:42:39.000,2016-03-17T17:42:39.000
Start,96501,Start,Start,Start,Fluxicon Disco,Variant 63,63,2016-03-05T13:48:33.000,2016-03-05T13:48:33.000
Traer informacion estudiante - banner,96501,21188,Traer informacion estudiante - banner,21188,Fluxicon Disco,Variant 63,63,2016-03-05T13:48:33.000,2016-03-05T13:48:33.000
Radicar Solicitud Homologacion,96501,21188,Radicar Solicitud Homologacion,21188,Fluxicon Disco,Variant 63,63,2016-03-05T13:48:38.000,2016-03-05T13:48:38.000
Validar solicitud,96501,1646,Validar solicitud,1646,Fluxicon Disco,Variant 63,63,2016-03-05T19:28:47.000,2016-03-05T15:34:43.000
Homologacion por grupo de cursos,96501,12535,Homologacion por grupo de cursos,12535,Fluxicon Disco,Variant 63,63,2016-04-22T20:01:34.000,2016-04-22T17:04:12.000
Revisar curso,96501,49,Revisar curso,49,Fluxicon Disco,Variant 63,63,2016-04-22T17:09:13.000,2016-04-22T17:04:12.000
Evaluacion curso,96501,49,Evaluacion curso,49,Fluxicon Disco,Variant 63,63,2016-04-23T02:20:18.000,2016-04-23T00:05:28.000
Validacion final,96501,1646,Validacion final,1646,Fluxicon Disco,Variant 63,63,2016-05-18T23:10:54.000,2016-05-18T22:56:12.000
Visto Bueno Cierre Proceso,96501,12535,Visto Bueno Cierre Proceso,12535,Fluxicon Disco,Variant 63,63,2016-05-20T22:01:14.000,2016-05-20T21:38:26.000
Transferir Creditos,96501,12535,Transferir Creditos,12535,Fluxicon Disco,Variant 63,63,2016-05-25T18:26:44.000,2016-05-25T18:26:44.000
Transferir creditos homologables,96501,12535,Transferir creditos homologables,12535,Fluxicon Disco,Variant 63,63,2016-05-25T18:26:44.000,2016-05-25T18:26:44.000
Transferir creditos homologables,96501,12535,Transferir creditos homologables,12535,Fluxicon Disco,Variant 63,63,2016-05-25T18:26:44.000,2016-05-25T18:26:44.000
Transferir creditos homologables,96501,12535,Transferir creditos homologables,12535,Fluxicon Disco,Variant 63,63,2016-05-25T18:26:44.000,2016-05-25T18:26:44.000
Transferir creditos homologables,96501,12535,Transferir creditos homologables,12535,Fluxicon Disco,Variant 63,63,2016-05-25T18:26:44.000,2016-05-25T18:26:44.000
End,96501,End,End,End,Fluxicon Disco,Variant 63,63,2016-05-25T18:26:44.000,2016-05-25T18:26:44.000
Start,96601,Start,Start,Start,Fluxicon Disco,Variant 64,64,2016-03-05T15:00:03.000,2016-03-05T15:00:03.000
Traer informacion estudiante - banner,96601,12006,Traer informacion estudiante - banner,12006,Fluxicon Disco,Variant 64,64,2016-03-05T15:00:03.000,2016-03-05T15:00:03.000
Radicar Solicitud Homologacion,96601,12006,Radicar Solicitud Homologacion,12006,Fluxicon Disco,Variant 64,64,2016-03-05T15:00:07.000,2016-03-05T15:00:07.000
Radicar Solicitud Homologacion,96601,12006,Radicar Solicitud Homologacion,12006,Fluxicon Disco,Variant 64,64,2016-03-07T22:45:46.000,2016-03-07T22:24:11.000
Validar solicitud,96601,6767,Validar solicitud,6767,Fluxicon Disco,Variant 64,64,2016-03-10T21:39:38.000,2016-03-10T19:40:01.000
Homologacion por grupo de cursos,96601,6767,Homologacion por grupo de cursos,6767,Fluxicon Disco,Variant 64,64,2016-04-07T22:10:28.000,2016-04-07T18:37:30.000
Revisar curso,96601,6767,Revisar curso,6767,Fluxicon Disco,Variant 64,64,2016-04-07T18:37:31.000,2016-04-07T18:37:30.000
Evaluacion curso,96601,26772,Evaluacion curso,26772,Fluxicon Disco,Variant 64,64,2016-04-07T22:07:21.000,2016-04-07T18:39:00.000
Validar solicitud / pre-homologacion,96601,6767,Validar solicitud / pre-homologacion,6767,Fluxicon Disco,Variant 64,64,2016-05-16T20:24:31.000,2016-05-16T20:19:56.000
End,96601,End,End,End,Fluxicon Disco,Variant 64,64,2016-05-16T20:24:31.000,2016-05-16T20:24:31.000
Start,96701,Start,Start,Start,Fluxicon Disco,Variant 1,1,2016-03-06T17:07:27.000,2016-03-06T17:07:27.000
Traer informacion estudiante - banner,96701,2981,Traer informacion estudiante - banner,2981,Fluxicon Disco,Variant 1,1,2016-03-06T17:07:27.000,2016-03-06T17:07:27.000
Radicar Solicitud Homologacion,96701,2981,Radicar Solicitud Homologacion,2981,Fluxicon Disco,Variant 1,1,2016-03-06T17:07:33.000,2016-03-06T17:07:33.000
Cancelar Solicitud,96701,2981,Cancelar Solicitud,2981,Fluxicon Disco,Variant 1,1,2016-03-06T19:35:24.000,2016-03-06T18:55:24.000
Notificacion estudiante cancelacion soli,96701,2981,Notificacion estudiante cancelacion soli,2981,Fluxicon Disco,Variant 1,1,2016-03-13T20:42:24.000,2016-03-13T20:42:24.000
End,96701,End,End,End,Fluxicon Disco,Variant 1,1,2016-03-13T20:42:24.000,2016-03-13T20:42:24.000
Start,96751,Start,Start,Start,Fluxicon Disco,Variant 6,6,2016-03-06T14:11:04.000,2016-03-06T14:11:04.000
Traer informacion estudiante - banner,96751,6723,Traer informacion estudiante - banner,6723,Fluxicon Disco,Variant 6,6,2016-03-06T14:11:04.000,2016-03-06T14:11:04.000
Radicar Solicitud Homologacion,96751,6723,Radicar Solicitud Homologacion,6723,Fluxicon Disco,Variant 6,6,2016-03-06T14:11:08.000,2016-03-06T14:11:08.000
Validar solicitud,96751,677,Validar solicitud,677,Fluxicon Disco,Variant 6,6,2016-03-06T14:29:34.000,2016-03-06T14:26:28.000
Homologacion por grupo de cursos,96751,7331,Homologacion por grupo de cursos,7331,Fluxicon Disco,Variant 6,6,2016-03-07T17:46:58.000,2016-03-07T17:06:05.000
Revisar curso,96751,677,Revisar curso,677,Fluxicon Disco,Variant 6,6,2016-03-07T17:06:06.000,2016-03-07T17:06:06.000
Evaluacion curso,96751,7331,Evaluacion curso,7331,Fluxicon Disco,Variant 6,6,2016-03-07T17:47:41.000,2016-03-07T17:06:48.000
End,96751,End,End,End,Fluxicon Disco,Variant 6,6,2016-03-07T17:47:41.000,2016-03-07T17:47:41.000
Start,96851,Start,Start,Start,Fluxicon Disco,Variant 27,27,2016-03-06T18:28:28.000,2016-03-06T18:28:28.000
Traer informacion estudiante - banner,96851,6723,Traer informacion estudiante - banner,6723,Fluxicon Disco,Variant 27,27,2016-03-06T18:28:28.000,2016-03-06T18:28:28.000
Radicar Solicitud Homologacion,96851,6723,Radicar Solicitud Homologacion,6723,Fluxicon Disco,Variant 27,27,2016-03-06T18:28:31.000,2016-03-06T18:28:31.000
Cancelar Solicitud,96851,6723,Cancelar Solicitud,6723,Fluxicon Disco,Variant 27,27,2016-03-06T22:02:08.000,2016-03-06T18:42:08.000
Validar solicitud,96851,677,Validar solicitud,677,Fluxicon Disco,Variant 27,27,2016-03-06T19:09:06.000,2016-03-06T18:42:08.000
Revisar curso,96851,677,Revisar curso,677,Fluxicon Disco,Variant 27,27,2016-03-10T16:58:06.000,2016-03-10T16:58:06.000
Evaluacion curso,96851,7331,Evaluacion curso,7331,Fluxicon Disco,Variant 27,27,2016-03-10T17:16:01.000,2016-03-10T16:59:00.000
Validar solicitud / pre-homologacion,96851,677,Validar solicitud / pre-homologacion,677,Fluxicon Disco,Variant 27,27,2016-03-14T19:43:56.000,2016-03-14T19:24:01.000
Notificacion estudiante cancelacion soli,96851,6723,Notificacion estudiante cancelacion soli,6723,Fluxicon Disco,Variant 27,27,2016-04-16T22:19:31.000,2016-04-16T22:19:31.000
End,96851,End,End,End,Fluxicon Disco,Variant 27,27,2016-04-16T22:19:31.000,2016-04-16T22:19:31.000
Start,96852,Start,Start,Start,Fluxicon Disco,Variant 27,27,2016-03-06T18:45:44.000,2016-03-06T18:45:44.000
Traer informacion estudiante - banner,96852,6723,Traer informacion estudiante - banner,6723,Fluxicon Disco,Variant 27,27,2016-03-06T18:45:44.000,2016-03-06T18:45:44.000
Radicar Solicitud Homologacion,96852,6723,Radicar Solicitud Homologacion,6723,Fluxicon Disco,Variant 27,27,2016-03-06T18:45:45.000,2016-03-06T18:45:45.000
Cancelar Solicitud,96852,6723,Cancelar Solicitud,6723,Fluxicon Disco,Variant 27,27,2016-03-06T22:09:14.000,2016-03-06T18:49:14.000
Validar solicitud,96852,677,Validar solicitud,677,Fluxicon Disco,Variant 27,27,2016-03-06T19:16:05.000,2016-03-06T18:49:14.000
Revisar curso,96852,677,Revisar curso,677,Fluxicon Disco,Variant 27,27,2016-03-10T16:51:41.000,2016-03-10T16:51:39.000
Evaluacion curso,96852,7304,Evaluacion curso,7304,Fluxicon Disco,Variant 27,27,2016-03-10T19:00:17.000,2016-03-10T16:54:00.000
Validar solicitud / pre-homologacion,96852,677,Validar solicitud / pre-homologacion,677,Fluxicon Disco,Variant 27,27,2016-04-08T16:11:55.000,2016-04-08T16:11:54.000
Notificacion estudiante cancelacion soli,96852,6723,Notificacion estudiante cancelacion soli,6723,Fluxicon Disco,Variant 27,27,2016-04-16T22:20:21.000,2016-04-16T22:20:21.000
End,96852,End,End,End,Fluxicon Disco,Variant 27,27,2016-04-16T22:20:21.000,2016-04-16T22:20:21.000
Start,96901,Start,Start,Start,Fluxicon Disco,Variant 23,23,2016-03-06T16:56:39.000,2016-03-06T16:56:39.000
Traer informacion estudiante - banner,96901,12006,Traer informacion estudiante - banner,12006,Fluxicon Disco,Variant 23,23,2016-03-06T16:56:39.000,2016-03-06T16:56:39.000
Radicar Solicitud Homologacion,96901,12006,Radicar Solicitud Homologacion,12006,Fluxicon Disco,Variant 23,23,2016-03-06T16:56:43.000,2016-03-06T16:56:43.000
Radicar Solicitud Homologacion,96901,12006,Radicar Solicitud Homologacion,12006,Fluxicon Disco,Variant 23,23,2016-03-07T22:45:47.000,2016-03-07T22:24:12.000
Notificacion estudiante cancelacion soli,96901,1,Notificacion estudiante cancelacion soli,1,Fluxicon Disco,Variant 23,23,2016-03-21T16:24:13.000,2016-03-21T16:24:13.000
End,96901,End,End,End,Fluxicon Disco,Variant 23,23,2016-03-21T16:24:13.000,2016-03-21T16:24:13.000
Start,96951,Start,Start,Start,Fluxicon Disco,Variant 1,1,2016-03-06T21:44:55.000,2016-03-06T21:44:55.000
Traer informacion estudiante - banner,96951,22074,Traer informacion estudiante - banner,22074,Fluxicon Disco,Variant 1,1,2016-03-06T21:44:55.000,2016-03-06T21:44:55.000
Radicar Solicitud Homologacion,96951,22074,Radicar Solicitud Homologacion,22074,Fluxicon Disco,Variant 1,1,2016-03-06T21:52:59.000,2016-03-06T21:44:59.000
Cancelar Solicitud,96951,22074,Cancelar Solicitud,22074,Fluxicon Disco,Variant 1,1,2016-03-08T10:04:03.000,2016-03-08T09:55:54.000
Notificacion estudiante cancelacion soli,96951,22074,Notificacion estudiante cancelacion soli,22074,Fluxicon Disco,Variant 1,1,2016-03-09T14:09:11.000,2016-03-09T14:09:11.000
End,96951,End,End,End,Fluxicon Disco,Variant 1,1,2016-03-09T14:09:11.000,2016-03-09T14:09:11.000
Start,97053,Start,Start,Start,Fluxicon Disco,Variant 1,1,2016-03-06T21:04:13.000,2016-03-06T21:04:13.000
Traer informacion estudiante - banner,97053,8428,Traer informacion estudiante - banner,8428,Fluxicon Disco,Variant 1,1,2016-03-06T21:04:13.000,2016-03-06T21:04:13.000
Radicar Solicitud Homologacion,97053,8428,Radicar Solicitud Homologacion,8428,Fluxicon Disco,Variant 1,1,2016-03-06T21:04:14.000,2016-03-06T21:04:14.000
Cancelar Solicitud,97053,19019,Cancelar Solicitud,19019,Fluxicon Disco,Variant 1,1,2016-03-06T21:16:08.000,2016-03-06T21:12:34.000
Notificacion estudiante cancelacion soli,97053,19019,Notificacion estudiante cancelacion soli,19019,Fluxicon Disco,Variant 1,1,2016-03-07T17:34:20.000,2016-03-07T17:34:20.000
End,97053,End,End,End,Fluxicon Disco,Variant 1,1,2016-03-07T17:34:20.000,2016-03-07T17:34:20.000
Start,97151,Start,Start,Start,Fluxicon Disco,Variant 6,6,2016-03-06T23:01:27.000,2016-03-06T23:01:27.000
Traer informacion estudiante - banner,97151,5290,Traer informacion estudiante - banner,5290,Fluxicon Disco,Variant 6,6,2016-03-06T23:01:27.000,2016-03-06T23:01:27.000
Radicar Solicitud Homologacion,97151,5290,Radicar Solicitud Homologacion,5290,Fluxicon Disco,Variant 6,6,2016-03-06T23:01:32.000,2016-03-06T23:01:32.000
Validar solicitud,97151,19019,Validar solicitud,19019,Fluxicon Disco,Variant 6,6,2016-03-06T23:28:39.000,2016-03-06T23:25:02.000
Homologacion por grupo de cursos,97151,22496,Homologacion por grupo de cursos,22496,Fluxicon Disco,Variant 6,6,2016-03-07T21:33:43.000,2016-03-07T17:37:21.000
Revisar curso,97151,19019,Revisar curso,19019,Fluxicon Disco,Variant 6,6,2016-03-07T17:37:26.000,2016-03-07T17:37:21.000
Evaluacion curso,97151,22496,Evaluacion curso,22496,Fluxicon Disco,Variant 6,6,2016-03-07T21:38:50.000,2016-03-07T17:42:33.000
End,97151,End,End,End,Fluxicon Disco,Variant 6,6,2016-03-07T21:38:50.000,2016-03-07T21:38:50.000
Start,97204,Start,Start,Start,Fluxicon Disco,Variant 14,14,2016-03-07T12:55:41.000,2016-03-07T12:55:41.000
Radicar Solicitud Homologacion,97204,19019,Radicar Solicitud Homologacion,19019,Fluxicon Disco,Variant 14,14,2016-03-07T12:55:41.000,2016-03-07T12:55:41.000
End,97204,End,End,End,Fluxicon Disco,Variant 14,14,2016-03-07T12:55:41.000,2016-03-07T12:55:41.000
Start,97253,Start,Start,Start,Fluxicon Disco,Variant 1,1,2016-03-07T11:49:08.000,2016-03-07T11:49:08.000
Traer informacion estudiante - banner,97253,11959,Traer informacion estudiante - banner,11959,Fluxicon Disco,Variant 1,1,2016-03-07T11:49:08.000,2016-03-07T11:49:08.000
Radicar Solicitud Homologacion,97253,11959,Radicar Solicitud Homologacion,11959,Fluxicon Disco,Variant 1,1,2016-03-07T11:49:09.000,2016-03-07T11:49:09.000
Cancelar Solicitud,97253,19019,Cancelar Solicitud,19019,Fluxicon Disco,Variant 1,1,2016-03-07T12:12:57.000,2016-03-07T12:09:18.000
Notificacion estudiante cancelacion soli,97253,19019,Notificacion estudiante cancelacion soli,19019,Fluxicon Disco,Variant 1,1,2016-03-07T17:39:23.000,2016-03-07T17:39:23.000
End,97253,End,End,End,Fluxicon Disco,Variant 1,1,2016-03-07T17:39:23.000,2016-03-07T17:39:23.000
Start,97255,Start,Start,Start,Fluxicon Disco,Variant 3,3,2016-03-07T15:03:48.000,2016-03-07T15:03:48.000
Traer informacion estudiante - banner,97255,2512,Traer informacion estudiante - banner,2512,Fluxicon Disco,Variant 3,3,2016-03-07T15:03:48.000,2016-03-07T15:03:48.000
Radicar Solicitud Homologacion,97255,2512,Radicar Solicitud Homologacion,2512,Fluxicon Disco,Variant 3,3,2016-03-07T15:36:04.000,2016-03-07T15:03:52.000
Validar solicitud,97255,1707,Validar solicitud,1707,Fluxicon Disco,Variant 3,3,2016-03-11T17:35:10.000,2016-03-11T15:16:27.000
Homologacion por grupo de cursos,97255,15930,Homologacion por grupo de cursos,15930,Fluxicon Disco,Variant 3,3,2016-04-12T22:37:20.000,2016-04-12T20:25:20.000
Revisar curso,97255,1707,Revisar curso,1707,Fluxicon Disco,Variant 3,3,2016-04-12T22:14:11.000,2016-04-12T20:25:21.000
Evaluacion curso,97255,1707,Evaluacion curso,1707,Fluxicon Disco,Variant 3,3,2016-05-02T16:05:14.000,2016-05-02T15:50:05.000
Validacion final,97255,1707,Validacion final,1707,Fluxicon Disco,Variant 3,3,2016-05-04T13:58:30.000,2016-05-04T13:58:30.000
Visto Bueno Cierre Proceso,97255,15930,Visto Bueno Cierre Proceso,15930,Fluxicon Disco,Variant 3,3,2016-05-04T14:08:26.000,2016-05-04T14:00:26.000
End,97255,End,End,End,Fluxicon Disco,Variant 3,3,2016-05-04T14:08:26.000,2016-05-04T14:08:26.000
Start,97256,Start,Start,Start,Fluxicon Disco,Variant 6,6,2016-03-07T15:07:05.000,2016-03-07T15:07:05.000
Traer informacion estudiante - banner,97256,9477,Traer informacion estudiante - banner,9477,Fluxicon Disco,Variant 6,6,2016-03-07T15:07:05.000,2016-03-07T15:07:05.000
Radicar Solicitud Homologacion,97256,9477,Radicar Solicitud Homologacion,9477,Fluxicon Disco,Variant 6,6,2016-03-07T15:07:30.000,2016-03-07T15:07:05.000
Validar solicitud,97256,19019,Validar solicitud,19019,Fluxicon Disco,Variant 6,6,2016-03-07T15:34:34.000,2016-03-07T15:33:04.000
Homologacion por grupo de cursos,97256,19019,Homologacion por grupo de cursos,19019,Fluxicon Disco,Variant 6,6,2016-03-07T17:03:56.000,2016-03-07T17:03:54.000
Revisar curso,97256,19019,Revisar curso,19019,Fluxicon Disco,Variant 6,6,2016-03-07T17:03:55.000,2016-03-07T17:03:54.000
Evaluacion curso,97256,19019,Evaluacion curso,19019,Fluxicon Disco,Variant 6,6,2016-03-07T17:05:03.000,2016-03-07T17:05:02.000
End,97256,End,End,End,Fluxicon Disco,Variant 6,6,2016-03-07T17:05:03.000,2016-03-07T17:05:03.000
Start,97303,Start,Start,Start,Fluxicon Disco,Variant 1,1,2016-03-07T17:18:48.000,2016-03-07T17:18:48.000
Traer informacion estudiante - banner,97303,11973,Traer informacion estudiante - banner,11973,Fluxicon Disco,Variant 1,1,2016-03-07T17:18:48.000,2016-03-07T17:18:48.000
Radicar Solicitud Homologacion,97303,11973,Radicar Solicitud Homologacion,11973,Fluxicon Disco,Variant 1,1,2016-03-07T17:57:15.000,2016-03-07T17:18:49.000
Cancelar Solicitud,97303,19019,Cancelar Solicitud,19019,Fluxicon Disco,Variant 1,1,2016-03-14T15:45:51.000,2016-03-14T15:45:21.000
Notificacion estudiante cancelacion soli,97303,19019,Notificacion estudiante cancelacion soli,19019,Fluxicon Disco,Variant 1,1,2016-03-14T16:15:27.000,2016-03-14T16:15:27.000
End,97303,End,End,End,Fluxicon Disco,Variant 1,1,2016-03-14T16:15:27.000,2016-03-14T16:15:27.000
Start,97406,Start,Start,Start,Fluxicon Disco,Variant 4,4,2016-03-07T17:56:39.000,2016-03-07T17:56:39.000
Traer informacion estudiante - banner,97406,11959,Traer informacion estudiante - banner,11959,Fluxicon Disco,Variant 4,4,2016-03-07T17:56:39.000,2016-03-07T17:56:39.000
Radicar Solicitud Homologacion,97406,11959,Radicar Solicitud Homologacion,11959,Fluxicon Disco,Variant 4,4,2016-03-07T17:56:43.000,2016-03-07T17:56:40.000
Validar solicitud,97406,19019,Validar solicitud,19019,Fluxicon Disco,Variant 4,4,2016-03-07T18:04:15.000,2016-03-07T18:00:15.000
Homologacion por grupo de cursos,97406,19019,Homologacion por grupo de cursos,19019,Fluxicon Disco,Variant 4,4,2016-03-08T12:54:21.000,2016-03-08T12:22:21.000
Revisar curso,97406,19019,Revisar curso,19019,Fluxicon Disco,Variant 4,4,2016-03-08T12:22:21.000,2016-03-08T12:22:21.000
Evaluacion curso,97406,7299,Evaluacion curso,7299,Fluxicon Disco,Variant 4,4,2016-03-08T12:38:51.000,2016-03-08T12:22:44.000
Validar solicitud / pre-homologacion,97406,19019,Validar solicitud / pre-homologacion,19019,Fluxicon Disco,Variant 4,4,2016-03-10T14:23:16.000,2016-03-10T14:07:24.000
End,97406,End,End,End,Fluxicon Disco,Variant 4,4,2016-03-10T14:23:16.000,2016-03-10T14:23:16.000
Start,97452,Start,Start,Start,Fluxicon Disco,Variant 6,6,2016-03-07T21:25:16.000,2016-03-07T21:25:16.000
Traer informacion estudiante - banner,97452,8744,Traer informacion estudiante - banner,8744,Fluxicon Disco,Variant 6,6,2016-03-07T21:25:16.000,2016-03-07T21:25:16.000
Radicar Solicitud Homologacion,97452,8744,Radicar Solicitud Homologacion,8744,Fluxicon Disco,Variant 6,6,2016-03-07T21:25:32.000,2016-03-07T21:25:17.000
Validar solicitud,97452,677,Validar solicitud,677,Fluxicon Disco,Variant 6,6,2016-03-07T22:01:39.000,2016-03-07T21:40:32.000
Homologacion por grupo de cursos,97452,7304,Homologacion por grupo de cursos,7304,Fluxicon Disco,Variant 6,6,2016-03-10T18:54:52.000,2016-03-10T16:48:31.000
Revisar curso,97452,677,Revisar curso,677,Fluxicon Disco,Variant 6,6,2016-03-10T16:48:32.000,2016-03-10T16:48:31.000
Evaluacion curso,97452,7304,Evaluacion curso,7304,Fluxicon Disco,Variant 6,6,2016-03-10T18:55:57.000,2016-03-10T16:49:37.000
End,97452,End,End,End,Fluxicon Disco,Variant 6,6,2016-03-10T18:55:57.000,2016-03-10T18:55:57.000
Start,97457,Start,Start,Start,Fluxicon Disco,Variant 8,8,2016-03-07T23:14:08.000,2016-03-07T23:14:08.000
Traer informacion estudiante - banner,97457,6629,Traer informacion estudiante - banner,6629,Fluxicon Disco,Variant 8,8,2016-03-07T23:14:08.000,2016-03-07T23:14:08.000
Radicar Solicitud Homologacion,97457,6629,Radicar Solicitud Homologacion,6629,Fluxicon Disco,Variant 8,8,2016-03-07T23:14:11.000,2016-03-07T23:14:09.000
Cancelar Solicitud,97457,19019,Cancelar Solicitud,19019,Fluxicon Disco,Variant 8,8,2016-03-08T06:30:19.000,2016-03-07T23:16:58.000
Validar solicitud,97457,19019,Validar solicitud,19019,Fluxicon Disco,Variant 8,8,2016-03-07T23:17:41.000,2016-03-07T23:16:58.000
Revisar curso,97457,19019,Revisar curso,19019,Fluxicon Disco,Variant 8,8,2016-03-08T12:33:18.000,2016-03-08T12:33:18.000
Notificacion estudiante cancelacion soli,97457,19019,Notificacion estudiante cancelacion soli,19019,Fluxicon Disco,Variant 8,8,2016-06-01T15:38:21.000,2016-06-01T15:38:21.000
End,97457,End,End,End,Fluxicon Disco,Variant 8,8,2016-06-01T15:38:21.000,2016-06-01T15:38:21.000
Start,97503,Start,Start,Start,Fluxicon Disco,Variant 8,8,2016-03-07T20:28:56.000,2016-03-07T20:28:56.000
Traer informacion estudiante - banner,97503,11174,Traer informacion estudiante - banner,11174,Fluxicon Disco,Variant 8,8,2016-03-07T20:28:56.000,2016-03-07T20:28:56.000
Radicar Solicitud Homologacion,97503,11174,Radicar Solicitud Homologacion,11174,Fluxicon Disco,Variant 8,8,2016-03-07T20:29:11.000,2016-03-07T20:28:57.000
Cancelar Solicitud,97503,19019,Cancelar Solicitud,19019,Fluxicon Disco,Variant 8,8,2016-03-08T03:59:33.000,2016-03-07T20:43:31.000
Validar solicitud,97503,19019,Validar solicitud,19019,Fluxicon Disco,Variant 8,8,2016-03-07T20:46:47.000,2016-03-07T20:43:31.000
Revisar curso,97503,19019,Revisar curso,19019,Fluxicon Disco,Variant 8,8,2016-03-08T12:35:30.000,2016-03-08T12:35:30.000
Notificacion estudiante cancelacion soli,97503,19019,Notificacion estudiante cancelacion soli,19019,Fluxicon Disco,Variant 8,8,2016-06-01T15:46:23.000,2016-06-01T15:46:23.000
End,97503,End,End,End,Fluxicon Disco,Variant 8,8,2016-06-01T15:46:23.000,2016-06-01T15:46:23.000
Start,97504,Start,Start,Start,Fluxicon Disco,Variant 1,1,2016-03-07T20:33:27.000,2016-03-07T20:33:27.000
Traer informacion estudiante - banner,97504,2981,Traer informacion estudiante - banner,2981,Fluxicon Disco,Variant 1,1,2016-03-07T20:33:27.000,2016-03-07T20:33:27.000
Radicar Solicitud Homologacion,97504,2981,Radicar Solicitud Homologacion,2981,Fluxicon Disco,Variant 1,1,2016-03-07T20:34:27.000,2016-03-07T20:33:28.000
Cancelar Solicitud,97504,677,Cancelar Solicitud,677,Fluxicon Disco,Variant 1,1,2016-03-07T21:51:29.000,2016-03-07T21:33:03.000
Notificacion estudiante cancelacion soli,97504,677,Notificacion estudiante cancelacion soli,677,Fluxicon Disco,Variant 1,1,2016-03-10T13:28:52.000,2016-03-10T13:28:52.000
End,97504,End,End,End,Fluxicon Disco,Variant 1,1,2016-03-10T13:28:52.000,2016-03-10T13:28:52.000
Start,97507,Start,Start,Start,Fluxicon Disco,Variant 4,4,2016-03-07T20:57:25.000,2016-03-07T20:57:25.000
Traer informacion estudiante - banner,97507,11174,Traer informacion estudiante - banner,11174,Fluxicon Disco,Variant 4,4,2016-03-07T20:57:25.000,2016-03-07T20:57:25.000
Radicar Solicitud Homologacion,97507,11174,Radicar Solicitud Homologacion,11174,Fluxicon Disco,Variant 4,4,2016-03-07T20:57:34.000,2016-03-07T20:57:26.000
Validar solicitud,97507,19019,Validar solicitud,19019,Fluxicon Disco,Variant 4,4,2016-03-07T21:08:41.000,2016-03-07T21:05:47.000
Homologacion por grupo de cursos,97507,19019,Homologacion por grupo de cursos,19019,Fluxicon Disco,Variant 4,4,2016-03-08T12:42:40.000,2016-03-08T12:38:40.000
Revisar curso,97507,19019,Revisar curso,19019,Fluxicon Disco,Variant 4,4,2016-03-08T12:38:40.000,2016-03-08T12:38:40.000
Evaluacion curso,97507,7316,Evaluacion curso,7316,Fluxicon Disco,Variant 4,4,2016-03-08T12:43:05.000,2016-03-08T12:39:05.000
Validar solicitud / pre-homologacion,97507,19019,Validar solicitud / pre-homologacion,19019,Fluxicon Disco,Variant 4,4,2016-03-08T18:06:55.000,2016-03-08T18:06:55.000
End,97507,End,End,End,Fluxicon Disco,Variant 4,4,2016-03-08T18:06:55.000,2016-03-08T18:06:55.000
Start,97601,Start,Start,Start,Fluxicon Disco,Variant 8,8,2016-03-07T23:47:06.000,2016-03-07T23:47:06.000
Traer informacion estudiante - banner,97601,11197,Traer informacion estudiante - banner,11197,Fluxicon Disco,Variant 8,8,2016-03-07T23:47:06.000,2016-03-07T23:47:06.000
Radicar Solicitud Homologacion,97601,11197,Radicar Solicitud Homologacion,11197,Fluxicon Disco,Variant 8,8,2016-03-07T23:47:20.000,2016-03-07T23:47:12.000
Cancelar Solicitud,97601,11197,Cancelar Solicitud,11197,Fluxicon Disco,Variant 8,8,2016-03-07T23:58:23.000,2016-03-07T23:55:32.000
Validar solicitud,97601,19019,Validar solicitud,19019,Fluxicon Disco,Variant 8,8,2016-03-07T23:55:36.000,2016-03-07T23:55:32.000
Revisar curso,97601,19019,Revisar curso,19019,Fluxicon Disco,Variant 8,8,2016-03-08T12:40:16.000,2016-03-08T12:40:16.000
Notificacion estudiante cancelacion soli,97601,11197,Notificacion estudiante cancelacion soli,11197,Fluxicon Disco,Variant 8,8,2016-03-08T16:46:53.000,2016-03-08T16:46:53.000
End,97601,End,End,End,Fluxicon Disco,Variant 8,8,2016-03-08T16:46:53.000,2016-03-08T16:46:53.000
Start,97652,Start,Start,Start,Fluxicon Disco,Variant 1,1,2016-03-08T12:21:56.000,2016-03-08T12:21:56.000
Traer informacion estudiante - banner,97652,8443,Traer informacion estudiante - banner,8443,Fluxicon Disco,Variant 1,1,2016-03-08T12:21:56.000,2016-03-08T12:21:56.000
Radicar Solicitud Homologacion,97652,8443,Radicar Solicitud Homologacion,8443,Fluxicon Disco,Variant 1,1,2016-03-08T12:21:57.000,2016-03-08T12:21:57.000
Cancelar Solicitud,97652,8443,Cancelar Solicitud,8443,Fluxicon Disco,Variant 1,1,2016-03-08T14:15:08.000,2016-03-08T12:54:25.000
Notificacion estudiante cancelacion soli,97652,8443,Notificacion estudiante cancelacion soli,8443,Fluxicon Disco,Variant 1,1,2016-03-29T15:43:54.000,2016-03-29T15:43:54.000
End,97652,End,End,End,Fluxicon Disco,Variant 1,1,2016-03-29T15:43:54.000,2016-03-29T15:43:54.000
Start,97702,Start,Start,Start,Fluxicon Disco,Variant 65,65,2016-03-08T11:39:04.000,2016-03-08T11:39:04.000
Validar solicitud,97702,1707,Validar solicitud,1707,Fluxicon Disco,Variant 65,65,2016-03-08T14:28:49.000,2016-03-08T11:39:04.000
Traer informacion estudiante - banner,97702,4130,Traer informacion estudiante - banner,4130,Fluxicon Disco,Variant 65,65,2016-03-08T13:37:54.000,2016-03-08T13:37:54.000
Radicar Solicitud Homologacion,97702,4130,Radicar Solicitud Homologacion,4130,Fluxicon Disco,Variant 65,65,2016-03-08T13:37:55.000,2016-03-08T13:37:55.000
Homologacion por grupo de cursos,97702,15930,Homologacion por grupo de cursos,15930,Fluxicon Disco,Variant 65,65,2016-04-13T18:03:41.000,2016-04-13T16:45:27.000
Revisar curso,97702,26757,Revisar curso,26757,Fluxicon Disco,Variant 65,65,2016-04-13T17:04:23.000,2016-04-13T16:45:27.000
Evaluacion curso,97702,26757,Evaluacion curso,26757,Fluxicon Disco,Variant 65,65,2016-04-15T21:42:24.000,2016-04-15T21:42:11.000
Validacion final,97702,1707,Validacion final,1707,Fluxicon Disco,Variant 65,65,2016-04-15T22:49:56.000,2016-04-15T21:55:24.000
Visto Bueno Cierre Proceso,97702,15930,Visto Bueno Cierre Proceso,15930,Fluxicon Disco,Variant 65,65,2016-04-26T18:32:20.000,2016-04-26T18:27:48.000
Transferir Creditos,97702,15930,Transferir Creditos,15930,Fluxicon Disco,Variant 65,65,2016-04-27T02:23:29.000,2016-04-27T02:23:29.000
Transferir creditos homologables,97702,15930,Transferir creditos homologables,15930,Fluxicon Disco,Variant 65,65,2016-04-27T02:23:30.000,2016-04-27T02:23:30.000
End,97702,End,End,End,Fluxicon Disco,Variant 65,65,2016-04-27T02:23:30.000,2016-04-27T02:23:30.000
Start,97751,Start,Start,Start,Fluxicon Disco,Variant 6,6,2016-03-08T12:14:36.000,2016-03-08T12:14:36.000
Traer informacion estudiante - banner,97751,8824,Traer informacion estudiante - banner,8824,Fluxicon Disco,Variant 6,6,2016-03-08T12:14:36.000,2016-03-08T12:14:36.000
Radicar Solicitud Homologacion,97751,8824,Radicar Solicitud Homologacion,8824,Fluxicon Disco,Variant 6,6,2016-03-08T12:14:39.000,2016-03-08T12:14:39.000
Validar solicitud,97751,677,Validar solicitud,677,Fluxicon Disco,Variant 6,6,2016-03-08T12:39:02.000,2016-03-08T12:23:02.000
Homologacion por grupo de cursos,97751,3445,Homologacion por grupo de cursos,3445,Fluxicon Disco,Variant 6,6,2016-03-10T13:47:56.000,2016-03-10T13:07:56.000
Revisar curso,97751,677,Revisar curso,677,Fluxicon Disco,Variant 6,6,2016-03-10T13:07:57.000,2016-03-10T13:07:57.000
Evaluacion curso,97751,3445,Evaluacion curso,3445,Fluxicon Disco,Variant 6,6,2016-03-10T13:51:22.000,2016-03-10T13:11:22.000
End,97751,End,End,End,Fluxicon Disco,Variant 6,6,2016-03-10T13:51:22.000,2016-03-10T13:51:22.000
Start,97752,Start,Start,Start,Fluxicon Disco,Variant 1,1,2016-03-08T12:23:14.000,2016-03-08T12:23:14.000
Traer informacion estudiante - banner,97752,8824,Traer informacion estudiante - banner,8824,Fluxicon Disco,Variant 1,1,2016-03-08T12:23:14.000,2016-03-08T12:23:14.000
Radicar Solicitud Homologacion,97752,8824,Radicar Solicitud Homologacion,8824,Fluxicon Disco,Variant 1,1,2016-03-08T13:08:42.000,2016-03-08T12:23:15.000
Cancelar Solicitud,97752,677,Cancelar Solicitud,677,Fluxicon Disco,Variant 1,1,2016-03-15T23:06:59.000,2016-03-15T21:27:35.000
Notificacion estudiante cancelacion soli,97752,677,Notificacion estudiante cancelacion soli,677,Fluxicon Disco,Variant 1,1,2016-04-08T15:51:51.000,2016-04-08T15:51:51.000
End,97752,End,End,End,Fluxicon Disco,Variant 1,1,2016-04-08T15:51:51.000,2016-04-08T15:51:51.000
Start,97801,Start,Start,Start,Fluxicon Disco,Variant 3,3,2016-03-08T13:13:35.000,2016-03-08T13:13:35.000
Traer informacion estudiante - banner,97801,1113,Traer informacion estudiante - banner,1113,Fluxicon Disco,Variant 3,3,2016-03-08T13:13:35.000,2016-03-08T13:13:35.000
Radicar Solicitud Homologacion,97801,1113,Radicar Solicitud Homologacion,1113,Fluxicon Disco,Variant 3,3,2016-03-08T13:13:38.000,2016-03-08T13:13:38.000
Validar solicitud,97801,1707,Validar solicitud,1707,Fluxicon Disco,Variant 3,3,2016-03-08T16:16:16.000,2016-03-08T13:26:28.000
Homologacion por grupo de cursos,97801,15930,Homologacion por grupo de cursos,15930,Fluxicon Disco,Variant 3,3,2016-04-13T21:50:40.000,2016-04-13T16:48:29.000
Revisar curso,97801,1707,Revisar curso,1707,Fluxicon Disco,Variant 3,3,2016-04-13T18:31:30.000,2016-04-13T16:48:29.000
Evaluacion curso,97801,7010,Evaluacion curso,7010,Fluxicon Disco,Variant 3,3,2016-05-02T18:44:40.000,2016-05-02T15:50:18.000
Validacion final,97801,1707,Validacion final,1707,Fluxicon Disco,Variant 3,3,2016-06-03T00:14:33.000,2016-06-03T00:13:11.000
Visto Bueno Cierre Proceso,97801,15930,Visto Bueno Cierre Proceso,15930,Fluxicon Disco,Variant 3,3,2016-06-03T15:59:33.000,2016-06-03T15:36:10.000
End,97801,End,End,End,Fluxicon Disco,Variant 3,3,2016-06-03T15:59:33.000,2016-06-03T15:59:33.000
Start,97803,Start,Start,Start,Fluxicon Disco,Variant 11,11,2016-03-08T13:28:16.000,2016-03-08T13:28:16.000
Traer informacion estudiante - banner,97803,1113,Traer informacion estudiante - banner,1113,Fluxicon Disco,Variant 11,11,2016-03-08T13:28:16.000,2016-03-08T13:28:16.000
Radicar Solicitud Homologacion,97803,1113,Radicar Solicitud Homologacion,1113,Fluxicon Disco,Variant 11,11,2016-03-08T13:28:17.000,2016-03-08T13:28:17.000
Validar solicitud,97803,1707,Validar solicitud,1707,Fluxicon Disco,Variant 11,11,2016-03-08T16:33:32.000,2016-03-08T13:43:42.000
Homologacion por grupo de cursos,97803,15930,Homologacion por grupo de cursos,15930,Fluxicon Disco,Variant 11,11,2016-04-13T18:56:54.000,2016-04-13T16:50:45.000
Revisar curso,97803,1707,Revisar curso,1707,Fluxicon Disco,Variant 11,11,2016-04-13T18:33:45.000,2016-04-13T16:50:45.000
Evaluacion curso,97803,15930,Evaluacion curso,15930,Fluxicon Disco,Variant 11,11,2016-05-02T16:06:42.000,2016-05-02T15:51:34.000
Validacion final,97803,1707,Validacion final,1707,Fluxicon Disco,Variant 11,11,2016-05-04T13:52:00.000,2016-05-04T13:52:00.000
Visto Bueno Cierre Proceso,97803,15930,Visto Bueno Cierre Proceso,15930,Fluxicon Disco,Variant 11,11,2016-05-04T14:08:05.000,2016-05-04T14:00:05.000
Transferir Creditos,97803,15930,Transferir Creditos,15930,Fluxicon Disco,Variant 11,11,2016-05-05T03:32:11.000,2016-05-05T03:32:11.000
Transferir creditos homologables,97803,15930,Transferir creditos homologables,15930,Fluxicon Disco,Variant 11,11,2016-05-05T03:32:12.000,2016-05-05T03:32:12.000
End,97803,End,End,End,Fluxicon Disco,Variant 11,11,2016-05-05T03:32:12.000,2016-05-05T03:32:12.000
Start,97851,Start,Start,Start,Fluxicon Disco,Variant 4,4,2016-03-08T16:48:27.000,2016-03-08T16:48:27.000
Traer informacion estudiante - banner,97851,12532,Traer informacion estudiante - banner,12532,Fluxicon Disco,Variant 4,4,2016-03-08T16:48:27.000,2016-03-08T16:48:27.000
Radicar Solicitud Homologacion,97851,12532,Radicar Solicitud Homologacion,12532,Fluxicon Disco,Variant 4,4,2016-03-08T16:48:34.000,2016-03-08T16:48:30.000
Validar solicitud,97851,19019,Validar solicitud,19019,Fluxicon Disco,Variant 4,4,2016-03-08T16:54:15.000,2016-03-08T16:53:09.000
Homologacion por grupo de cursos,97851,19019,Homologacion por grupo de cursos,19019,Fluxicon Disco,Variant 4,4,2016-03-08T23:39:58.000,2016-03-08T19:00:30.000
Revisar curso,97851,19019,Revisar curso,19019,Fluxicon Disco,Variant 4,4,2016-03-08T19:00:31.000,2016-03-08T19:00:31.000
Evaluacion curso,97851,4067,Evaluacion curso,4067,Fluxicon Disco,Variant 4,4,2016-03-08T23:29:07.000,2016-03-08T19:01:07.000
Validar solicitud / pre-homologacion,97851,19019,Validar solicitud / pre-homologacion,19019,Fluxicon Disco,Variant 4,4,2016-04-30T03:55:20.000,2016-04-30T03:43:52.000
End,97851,End,End,End,Fluxicon Disco,Variant 4,4,2016-04-30T03:55:20.000,2016-04-30T03:55:20.000
Start,97852,Start,Start,Start,Fluxicon Disco,Variant 41,41,2016-03-08T14:05:47.000,2016-03-08T14:05:47.000
Revisar curso,97852,22534,Revisar curso,22534,Fluxicon Disco,Variant 41,41,2016-03-08T18:47:58.000,2016-03-08T14:05:47.000
Traer informacion estudiante - banner,97852,11759,Traer informacion estudiante - banner,11759,Fluxicon Disco,Variant 41,41,2016-03-08T16:54:08.000,2016-03-08T16:54:08.000
Radicar Solicitud Homologacion,97852,11759,Radicar Solicitud Homologacion,11759,Fluxicon Disco,Variant 41,41,2016-03-08T16:54:14.000,2016-03-08T16:54:09.000
Cancelar Solicitud,97852,22475,Cancelar Solicitud,22475,Fluxicon Disco,Variant 41,41,2016-03-09T00:09:58.000,2016-03-08T16:59:27.000
Validar solicitud,97852,22475,Validar solicitud,22475,Fluxicon Disco,Variant 41,41,2016-03-08T16:59:27.000,2016-03-08T16:59:27.000
Notificacion estudiante cancelacion soli,97852,22475,Notificacion estudiante cancelacion soli,22475,Fluxicon Disco,Variant 41,41,2016-06-01T16:31:12.000,2016-06-01T16:31:12.000
End,97852,End,End,End,Fluxicon Disco,Variant 41,41,2016-06-01T16:31:12.000,2016-06-01T16:31:12.000
Start,97853,Start,Start,Start,Fluxicon Disco,Variant 40,40,2016-03-08T16:57:10.000,2016-03-08T16:57:10.000
Cancelar Solicitud,97853,19019,Cancelar Solicitud,19019,Fluxicon Disco,Variant 40,40,2016-03-08T19:02:12.000,2016-03-08T16:57:10.000
Validar solicitud,97853,387,Validar solicitud,387,Fluxicon Disco,Variant 40,40,2016-03-08T17:18:12.000,2016-03-08T16:57:10.000
Traer informacion estudiante - banner,97853,11197,Traer informacion estudiante - banner,11197,Fluxicon Disco,Variant 40,40,2016-03-08T16:59:47.000,2016-03-08T16:59:47.000
Radicar Solicitud Homologacion,97853,11197,Radicar Solicitud Homologacion,11197,Fluxicon Disco,Variant 40,40,2016-03-08T16:59:48.000,2016-03-08T16:59:48.000
Revisar curso,97853,387,Revisar curso,387,Fluxicon Disco,Variant 40,40,2016-03-11T11:53:06.000,2016-03-11T11:51:54.000
Notificacion estudiante cancelacion soli,97853,19019,Notificacion estudiante cancelacion soli,19019,Fluxicon Disco,Variant 40,40,2016-04-06T14:46:51.000,2016-04-06T14:46:51.000
End,97853,End,End,End,Fluxicon Disco,Variant 40,40,2016-04-06T14:46:51.000,2016-04-06T14:46:51.000
Start,97854,Start,Start,Start,Fluxicon Disco,Variant 8,8,2016-03-08T17:03:35.000,2016-03-08T17:03:35.000
Traer informacion estudiante - banner,97854,12532,Traer informacion estudiante - banner,12532,Fluxicon Disco,Variant 8,8,2016-03-08T17:03:35.000,2016-03-08T17:03:35.000
Radicar Solicitud Homologacion,97854,12532,Radicar Solicitud Homologacion,12532,Fluxicon Disco,Variant 8,8,2016-03-08T17:03:40.000,2016-03-08T17:03:35.000
Cancelar Solicitud,97854,19019,Cancelar Solicitud,19019,Fluxicon Disco,Variant 8,8,2016-03-09T00:19:12.000,2016-03-08T17:09:13.000
Validar solicitud,97854,19019,Validar solicitud,19019,Fluxicon Disco,Variant 8,8,2016-03-08T17:10:03.000,2016-03-08T17:09:13.000
Revisar curso,97854,19019,Revisar curso,19019,Fluxicon Disco,Variant 8,8,2016-03-08T19:54:59.000,2016-03-08T19:01:44.000
Notificacion estudiante cancelacion soli,97854,19019,Notificacion estudiante cancelacion soli,19019,Fluxicon Disco,Variant 8,8,2016-06-01T16:08:13.000,2016-06-01T16:08:13.000
End,97854,End,End,End,Fluxicon Disco,Variant 8,8,2016-06-01T16:08:13.000,2016-06-01T16:08:13.000
Start,97855,Start,Start,Start,Fluxicon Disco,Variant 8,8,2016-03-08T17:09:27.000,2016-03-08T17:09:27.000
Traer informacion estudiante - banner,97855,12532,Traer informacion estudiante - banner,12532,Fluxicon Disco,Variant 8,8,2016-03-08T17:09:27.000,2016-03-08T17:09:27.000
Radicar Solicitud Homologacion,97855,12532,Radicar Solicitud Homologacion,12532,Fluxicon Disco,Variant 8,8,2016-03-08T17:09:29.000,2016-03-08T17:09:28.000
Cancelar Solicitud,97855,19019,Cancelar Solicitud,19019,Fluxicon Disco,Variant 8,8,2016-03-09T00:21:09.000,2016-03-08T17:11:10.000
Validar solicitud,97855,19019,Validar solicitud,19019,Fluxicon Disco,Variant 8,8,2016-03-08T17:11:58.000,2016-03-08T17:11:10.000
Revisar curso,97855,19019,Revisar curso,19019,Fluxicon Disco,Variant 8,8,2016-03-08T19:08:36.000,2016-03-08T19:08:36.000
Notificacion estudiante cancelacion soli,97855,19019,Notificacion estudiante cancelacion soli,19019,Fluxicon Disco,Variant 8,8,2016-06-01T16:11:09.000,2016-06-01T16:11:09.000
End,97855,End,End,End,Fluxicon Disco,Variant 8,8,2016-06-01T16:11:09.000,2016-06-01T16:11:09.000
Start,97951,Start,Start,Start,Fluxicon Disco,Variant 4,4,2016-03-08T17:00:10.000,2016-03-08T17:00:10.000
Traer informacion estudiante - banner,97951,11197,Traer informacion estudiante - banner,11197,Fluxicon Disco,Variant 4,4,2016-03-08T17:00:10.000,2016-03-08T17:00:10.000
Radicar Solicitud Homologacion,97951,11197,Radicar Solicitud Homologacion,11197,Fluxicon Disco,Variant 4,4,2016-03-08T17:00:14.000,2016-03-08T17:00:11.000
Validar solicitud,97951,387,Validar solicitud,387,Fluxicon Disco,Variant 4,4,2016-03-08T17:24:38.000,2016-03-08T17:03:42.000
Homologacion por grupo de cursos,97951,387,Homologacion por grupo de cursos,387,Fluxicon Disco,Variant 4,4,2016-03-11T12:06:07.000,2016-03-11T11:52:52.000
Revisar curso,97951,387,Revisar curso,387,Fluxicon Disco,Variant 4,4,2016-03-11T11:54:03.000,2016-03-11T11:52:52.000
Evaluacion curso,97951,4067,Evaluacion curso,4067,Fluxicon Disco,Variant 4,4,2016-03-11T15:14:36.000,2016-03-11T15:11:48.000
Validar solicitud / pre-homologacion,97951,387,Validar solicitud / pre-homologacion,387,Fluxicon Disco,Variant 4,4,2016-03-11T18:21:02.000,2016-03-11T18:11:47.000
End,97951,End,End,End,Fluxicon Disco,Variant 4,4,2016-03-11T18:21:02.000,2016-03-11T18:21:02.000
Start,98051,Start,Start,Start,Fluxicon Disco,Variant 6,6,2016-03-08T18:23:12.000,2016-03-08T18:23:12.000
Traer informacion estudiante - banner,98051,5793,Traer informacion estudiante - banner,5793,Fluxicon Disco,Variant 6,6,2016-03-08T18:23:12.000,2016-03-08T18:23:12.000
Radicar Solicitud Homologacion,98051,5793,Radicar Solicitud Homologacion,5793,Fluxicon Disco,Variant 6,6,2016-03-08T18:23:16.000,2016-03-08T18:23:16.000
Validar solicitud,98051,22475,Validar solicitud,22475,Fluxicon Disco,Variant 6,6,2016-03-08T18:34:37.000,2016-03-08T18:33:00.000
Homologacion por grupo de cursos,98051,22478,Homologacion por grupo de cursos,22478,Fluxicon Disco,Variant 6,6,2016-03-08T22:20:43.000,2016-03-08T21:37:45.000
Revisar curso,98051,22475,Revisar curso,22475,Fluxicon Disco,Variant 6,6,2016-03-08T21:37:48.000,2016-03-08T21:37:46.000
Evaluacion curso,98051,22478,Evaluacion curso,22478,Fluxicon Disco,Variant 6,6,2016-03-08T22:23:07.000,2016-03-08T21:40:12.000
End,98051,End,End,End,Fluxicon Disco,Variant 6,6,2016-03-08T22:23:07.000,2016-03-08T22:23:07.000
Start,98201,Start,Start,Start,Fluxicon Disco,Variant 66,66,2016-03-09T11:16:54.000,2016-03-09T11:16:54.000
Validar solicitud,98201,294,Validar solicitud,294,Fluxicon Disco,Variant 66,66,2016-03-09T12:28:54.000,2016-03-09T11:16:54.000
Traer informacion estudiante - banner,98201,8443,Traer informacion estudiante - banner,8443,Fluxicon Disco,Variant 66,66,2016-03-09T13:36:05.000,2016-03-09T13:36:05.000
Radicar Solicitud Homologacion,98201,8443,Radicar Solicitud Homologacion,8443,Fluxicon Disco,Variant 66,66,2016-03-09T13:36:08.000,2016-03-09T13:36:08.000
Homologacion por grupo de cursos,98201,294,Homologacion por grupo de cursos,294,Fluxicon Disco,Variant 66,66,2016-03-29T15:01:36.000,2016-03-29T14:59:56.000
Revisar curso,98201,294,Revisar curso,294,Fluxicon Disco,Variant 66,66,2016-03-29T14:59:58.000,2016-03-29T14:59:57.000
Evaluacion curso,98201,294,Evaluacion curso,294,Fluxicon Disco,Variant 66,66,2016-03-29T15:03:14.000,2016-03-29T15:01:38.000
Validar solicitud / pre-homologacion,98201,294,Validar solicitud / pre-homologacion,294,Fluxicon Disco,Variant 66,66,2016-03-29T16:38:34.000,2016-03-29T16:38:33.000
End,98201,End,End,End,Fluxicon Disco,Variant 66,66,2016-03-29T16:38:34.000,2016-03-29T16:38:34.000
Start,98251,Start,Start,Start,Fluxicon Disco,Variant 6,6,2016-03-09T11:48:09.000,2016-03-09T11:48:09.000
Traer informacion estudiante - banner,98251,26298,Traer informacion estudiante - banner,26298,Fluxicon Disco,Variant 6,6,2016-03-09T11:48:09.000,2016-03-09T11:48:09.000
Radicar Solicitud Homologacion,98251,26298,Radicar Solicitud Homologacion,26298,Fluxicon Disco,Variant 6,6,2016-03-09T11:48:11.000,2016-03-09T11:48:11.000
Validar solicitud,98251,7080,Validar solicitud,7080,Fluxicon Disco,Variant 6,6,2016-03-09T12:03:27.000,2016-03-09T11:59:45.000
Homologacion por grupo de cursos,98251,22534,Homologacion por grupo de cursos,22534,Fluxicon Disco,Variant 6,6,2016-03-09T22:09:41.000,2016-03-09T17:42:45.000
Revisar curso,98251,22534,Revisar curso,22534,Fluxicon Disco,Variant 6,6,2016-03-09T21:51:03.000,2016-03-09T17:42:46.000
Evaluacion curso,98251,22534,Evaluacion curso,22534,Fluxicon Disco,Variant 6,6,2016-04-28T20:49:18.000,2016-04-28T20:30:40.000
End,98251,End,End,End,Fluxicon Disco,Variant 6,6,2016-04-28T20:49:18.000,2016-04-28T20:49:18.000
Start,98301,Start,Start,Start,Fluxicon Disco,Variant 6,6,2016-03-09T14:11:18.000,2016-03-09T14:11:18.000
Traer informacion estudiante - banner,98301,22074,Traer informacion estudiante - banner,22074,Fluxicon Disco,Variant 6,6,2016-03-09T14:11:18.000,2016-03-09T14:11:18.000
Radicar Solicitud Homologacion,98301,22074,Radicar Solicitud Homologacion,22074,Fluxicon Disco,Variant 6,6,2016-03-09T14:11:29.000,2016-03-09T14:11:25.000
Validar solicitud,98301,22404,Validar solicitud,22404,Fluxicon Disco,Variant 6,6,2016-03-09T14:32:32.000,2016-03-09T14:16:23.000
Homologacion por grupo de cursos,98301,49,Homologacion por grupo de cursos,49,Fluxicon Disco,Variant 6,6,2016-03-11T15:22:08.000,2016-03-11T14:26:14.000
Revisar curso,98301,49,Revisar curso,49,Fluxicon Disco,Variant 6,6,2016-03-11T15:05:24.000,2016-03-11T14:26:15.000
Evaluacion curso,98301,49,Evaluacion curso,49,Fluxicon Disco,Variant 6,6,2016-03-17T23:52:53.000,2016-03-17T23:36:09.000
End,98301,End,End,End,Fluxicon Disco,Variant 6,6,2016-03-17T23:52:53.000,2016-03-17T23:52:53.000
Start,98451,Start,Start,Start,Fluxicon Disco,Variant 19,19,2016-03-09T16:49:15.000,2016-03-09T16:49:15.000
Traer informacion estudiante - banner,98451,7592,Traer informacion estudiante - banner,7592,Fluxicon Disco,Variant 19,19,2016-03-09T16:49:15.000,2016-03-09T16:49:15.000
Radicar Solicitud Homologacion,98451,7592,Radicar Solicitud Homologacion,7592,Fluxicon Disco,Variant 19,19,2016-03-09T17:10:29.000,2016-03-09T16:49:19.000
Validar solicitud,98451,387,Validar solicitud,387,Fluxicon Disco,Variant 19,19,2016-03-14T11:11:23.000,2016-03-14T11:06:01.000
Cancelar Solicitud,98451,19019,Cancelar Solicitud,19019,Fluxicon Disco,Variant 19,19,2016-03-14T17:46:38.000,2016-03-14T11:06:02.000
Revisar curso,98451,387,Revisar curso,387,Fluxicon Disco,Variant 19,19,2016-03-14T21:22:28.000,2016-03-14T21:22:28.000
Notificacion estudiante cancelacion soli,98451,19019,Notificacion estudiante cancelacion soli,19019,Fluxicon Disco,Variant 19,19,2016-06-01T15:36:45.000,2016-06-01T15:36:45.000
End,98451,End,End,End,Fluxicon Disco,Variant 19,19,2016-06-01T15:36:45.000,2016-06-01T15:36:45.000
Start,98551,Start,Start,Start,Fluxicon Disco,Variant 12,12,2016-03-09T18:26:38.000,2016-03-09T18:26:38.000
Traer informacion estudiante - banner,98551,17642,Traer informacion estudiante - banner,17642,Fluxicon Disco,Variant 12,12,2016-03-09T18:26:38.000,2016-03-09T18:26:38.000
Radicar Solicitud Homologacion,98551,17642,Radicar Solicitud Homologacion,17642,Fluxicon Disco,Variant 12,12,2016-03-09T18:34:06.000,2016-03-09T18:26:44.000
Validar solicitud,98551,677,Validar solicitud,677,Fluxicon Disco,Variant 12,12,2016-03-10T17:59:02.000,2016-03-10T17:22:32.000
Homologacion por grupo de cursos,98551,3445,Homologacion por grupo de cursos,3445,Fluxicon Disco,Variant 12,12,2016-03-17T00:12:45.000,2016-03-16T23:52:38.000
Revisar curso,98551,677,Revisar curso,677,Fluxicon Disco,Variant 12,12,2016-03-16T23:52:39.000,2016-03-16T23:52:38.000
Evaluacion curso,98551,677,Evaluacion curso,677,Fluxicon Disco,Variant 12,12,2016-03-17T00:14:38.000,2016-03-16T23:54:33.000
Validacion final,98551,677,Validacion final,677,Fluxicon Disco,Variant 12,12,2016-03-28T20:11:53.000,2016-03-28T20:11:53.000
Visto Bueno Cierre Proceso,98551,3445,Visto Bueno Cierre Proceso,3445,Fluxicon Disco,Variant 12,12,2016-03-28T20:12:44.000,2016-03-28T20:12:44.000
Transferir Creditos,98551,3445,Transferir Creditos,3445,Fluxicon Disco,Variant 12,12,2016-03-28T20:21:21.000,2016-03-28T20:21:21.000
End,98551,End,End,End,Fluxicon Disco,Variant 12,12,2016-03-28T20:21:21.000,2016-03-28T20:21:21.000
Start,98802,Start,Start,Start,Fluxicon Disco,Variant 29,29,2016-03-10T11:47:51.000,2016-03-10T11:47:51.000
Traer informacion estudiante - banner,98802,23934,Traer informacion estudiante - banner,23934,Fluxicon Disco,Variant 29,29,2016-03-10T11:47:51.000,2016-03-10T11:47:51.000
Radicar Solicitud Homologacion,98802,23934,Radicar Solicitud Homologacion,23934,Fluxicon Disco,Variant 29,29,2016-03-10T12:20:53.000,2016-03-10T11:47:52.000
Validar solicitud,98802,716,Validar solicitud,716,Fluxicon Disco,Variant 29,29,2016-03-16T17:01:37.000,2016-03-16T15:01:14.000
Homologacion por grupo de cursos,98802,12548,Homologacion por grupo de cursos,12548,Fluxicon Disco,Variant 29,29,2016-04-13T16:25:13.000,2016-04-13T16:24:52.000
Revisar curso,98802,716,Revisar curso,716,Fluxicon Disco,Variant 29,29,2016-04-13T16:24:52.000,2016-04-13T16:24:52.000
Evaluacion curso,98802,716,Evaluacion curso,716,Fluxicon Disco,Variant 29,29,2016-04-13T16:25:18.000,2016-04-13T16:25:03.000
Validacion final,98802,716,Validacion final,716,Fluxicon Disco,Variant 29,29,2016-04-13T16:40:40.000,2016-04-13T16:40:40.000
Visto Bueno Cierre Proceso,98802,12548,Visto Bueno Cierre Proceso,12548,Fluxicon Disco,Variant 29,29,2016-04-13T16:41:07.000,2016-04-13T16:41:03.000
Transferir creditos homologables,98802,12548,Transferir creditos homologables,12548,Fluxicon Disco,Variant 29,29,2016-04-13T16:46:02.000,2016-04-13T16:46:02.000
Transferir Creditos,98802,12548,Transferir Creditos,12548,Fluxicon Disco,Variant 29,29,2016-04-13T16:46:02.000,2016-04-13T16:46:02.000
End,98802,End,End,End,Fluxicon Disco,Variant 29,29,2016-04-13T16:46:02.000,2016-04-13T16:46:02.000
Start,98855,Start,Start,Start,Fluxicon Disco,Variant 67,67,2016-03-10T12:52:00.000,2016-03-10T12:52:00.000
Traer informacion estudiante - banner,98855,11854,Traer informacion estudiante - banner,11854,Fluxicon Disco,Variant 67,67,2016-03-10T12:52:00.000,2016-03-10T12:52:00.000
Radicar Solicitud Homologacion,98855,11854,Radicar Solicitud Homologacion,11854,Fluxicon Disco,Variant 67,67,2016-03-10T12:52:01.000,2016-03-10T12:52:01.000
Validar solicitud,98855,22475,Validar solicitud,22475,Fluxicon Disco,Variant 67,67,2016-03-10T12:55:42.000,2016-03-10T12:53:34.000
Validar solicitud / pre-homologacion,98855,22475,Validar solicitud / pre-homologacion,22475,Fluxicon Disco,Variant 67,67,2016-03-10T13:48:02.000,2016-03-10T13:47:35.000
Homologacion por grupo de cursos,98855,22475,Homologacion por grupo de cursos,22475,Fluxicon Disco,Variant 67,67,2016-03-10T16:08:36.000,2016-03-10T16:08:36.000
Revisar curso,98855,22475,Revisar curso,22475,Fluxicon Disco,Variant 67,67,2016-03-10T16:08:38.000,2016-03-10T16:08:37.000
Evaluacion curso,98855,22438,Evaluacion curso,22438,Fluxicon Disco,Variant 67,67,2016-03-10T16:09:56.000,2016-03-10T16:09:56.000
End,98855,End,End,End,Fluxicon Disco,Variant 67,67,2016-03-10T16:09:56.000,2016-03-10T16:09:56.000
Start,98951,Start,Start,Start,Fluxicon Disco,Variant 6,6,2016-03-10T15:41:09.000,2016-03-10T15:41:09.000
Traer informacion estudiante - banner,98951,6876,Traer informacion estudiante - banner,6876,Fluxicon Disco,Variant 6,6,2016-03-10T15:41:09.000,2016-03-10T15:41:09.000
Radicar Solicitud Homologacion,98951,6876,Radicar Solicitud Homologacion,6876,Fluxicon Disco,Variant 6,6,2016-03-10T15:41:25.000,2016-03-10T15:41:15.000
Validar solicitud,98951,677,Validar solicitud,677,Fluxicon Disco,Variant 6,6,2016-03-10T16:06:19.000,2016-03-10T15:51:58.000
Homologacion por grupo de cursos,98951,7331,Homologacion por grupo de cursos,7331,Fluxicon Disco,Variant 6,6,2016-03-14T14:17:03.000,2016-03-14T14:13:17.000
Revisar curso,98951,677,Revisar curso,677,Fluxicon Disco,Variant 6,6,2016-03-14T14:13:17.000,2016-03-14T14:13:17.000
Evaluacion curso,98951,7331,Evaluacion curso,7331,Fluxicon Disco,Variant 6,6,2016-03-14T14:17:49.000,2016-03-14T14:14:04.000
End,98951,End,End,End,Fluxicon Disco,Variant 6,6,2016-03-14T14:17:49.000,2016-03-14T14:17:49.000
Start,98952,Start,Start,Start,Fluxicon Disco,Variant 3,3,2016-03-10T15:56:20.000,2016-03-10T15:56:20.000
Traer informacion estudiante - banner,98952,6876,Traer informacion estudiante - banner,6876,Fluxicon Disco,Variant 3,3,2016-03-10T15:56:20.000,2016-03-10T15:56:20.000
Radicar Solicitud Homologacion,98952,6876,Radicar Solicitud Homologacion,6876,Fluxicon Disco,Variant 3,3,2016-03-10T15:56:25.000,2016-03-10T15:56:21.000
Validar solicitud,98952,677,Validar solicitud,677,Fluxicon Disco,Variant 3,3,2016-03-10T16:38:51.000,2016-03-10T16:00:55.000
Homologacion por grupo de cursos,98952,3445,Homologacion por grupo de cursos,3445,Fluxicon Disco,Variant 3,3,2016-03-17T00:17:06.000,2016-03-16T23:57:04.000
Revisar curso,98952,677,Revisar curso,677,Fluxicon Disco,Variant 3,3,2016-03-16T23:57:04.000,2016-03-16T23:57:04.000
Evaluacion curso,98952,3445,Evaluacion curso,3445,Fluxicon Disco,Variant 3,3,2016-03-16T23:57:58.000,2016-03-16T23:57:56.000
Validacion final,98952,677,Validacion final,677,Fluxicon Disco,Variant 3,3,2016-03-17T01:54:16.000,2016-03-17T01:34:16.000
Visto Bueno Cierre Proceso,98952,3445,Visto Bueno Cierre Proceso,3445,Fluxicon Disco,Variant 3,3,2016-03-28T20:13:10.000,2016-03-28T20:13:10.000
End,98952,End,End,End,Fluxicon Disco,Variant 3,3,2016-03-28T20:13:10.000,2016-03-28T20:13:10.000
Start,98953,Start,Start,Start,Fluxicon Disco,Variant 3,3,2016-03-10T16:01:02.000,2016-03-10T16:01:02.000
Traer informacion estudiante - banner,98953,6876,Traer informacion estudiante - banner,6876,Fluxicon Disco,Variant 3,3,2016-03-10T16:01:02.000,2016-03-10T16:01:02.000
Radicar Solicitud Homologacion,98953,6876,Radicar Solicitud Homologacion,6876,Fluxicon Disco,Variant 3,3,2016-03-10T16:01:11.000,2016-03-10T16:01:03.000
Validar solicitud,98953,677,Validar solicitud,677,Fluxicon Disco,Variant 3,3,2016-03-10T18:04:43.000,2016-03-10T16:09:49.000
Homologacion por grupo de cursos,98953,3445,Homologacion por grupo de cursos,3445,Fluxicon Disco,Variant 3,3,2016-04-07T01:04:59.000,2016-04-06T22:04:16.000
Revisar curso,98953,22534,Revisar curso,22534,Fluxicon Disco,Variant 3,3,2016-04-07T00:11:11.000,2016-04-06T22:04:16.000
Evaluacion curso,98953,22534,Evaluacion curso,22534,Fluxicon Disco,Variant 3,3,2016-04-28T21:39:46.000,2016-04-28T20:50:40.000
Validacion final,98953,677,Validacion final,677,Fluxicon Disco,Variant 3,3,2016-05-06T22:09:18.000,2016-05-06T22:06:25.000
Visto Bueno Cierre Proceso,98953,3445,Visto Bueno Cierre Proceso,3445,Fluxicon Disco,Variant 3,3,2016-05-10T14:42:50.000,2016-05-10T14:41:03.000
End,98953,End,End,End,Fluxicon Disco,Variant 3,3,2016-05-10T14:42:50.000,2016-05-10T14:42:50.000
Start,98954,Start,Start,Start,Fluxicon Disco,Variant 3,3,2016-03-10T16:10:23.000,2016-03-10T16:10:23.000
Traer informacion estudiante - banner,98954,6876,Traer informacion estudiante - banner,6876,Fluxicon Disco,Variant 3,3,2016-03-10T16:10:23.000,2016-03-10T16:10:23.000
Radicar Solicitud Homologacion,98954,6876,Radicar Solicitud Homologacion,6876,Fluxicon Disco,Variant 3,3,2016-03-10T16:10:31.000,2016-03-10T16:10:24.000
Validar solicitud,98954,677,Validar solicitud,677,Fluxicon Disco,Variant 3,3,2016-03-10T16:55:06.000,2016-03-10T16:17:24.000
Homologacion por grupo de cursos,98954,3445,Homologacion por grupo de cursos,3445,Fluxicon Disco,Variant 3,3,2016-03-17T05:08:23.000,2016-03-17T00:01:16.000
Revisar curso,98954,677,Revisar curso,677,Fluxicon Disco,Variant 3,3,2016-03-17T00:01:16.000,2016-03-17T00:01:16.000
Evaluacion curso,98954,7331,Evaluacion curso,7331,Fluxicon Disco,Variant 3,3,2016-03-17T04:57:53.000,2016-03-17T00:01:53.000
Validacion final,98954,677,Validacion final,677,Fluxicon Disco,Variant 3,3,2016-05-17T15:01:04.000,2016-05-17T14:58:29.000
Visto Bueno Cierre Proceso,98954,3445,Visto Bueno Cierre Proceso,3445,Fluxicon Disco,Variant 3,3,2016-05-17T17:44:21.000,2016-05-17T17:35:49.000
End,98954,End,End,End,Fluxicon Disco,Variant 3,3,2016-05-17T17:44:21.000,2016-05-17T17:44:21.000
Start,98955,Start,Start,Start,Fluxicon Disco,Variant 3,3,2016-03-10T16:25:34.000,2016-03-10T16:25:34.000
Traer informacion estudiante - banner,98955,6876,Traer informacion estudiante - banner,6876,Fluxicon Disco,Variant 3,3,2016-03-10T16:25:34.000,2016-03-10T16:25:34.000
Radicar Solicitud Homologacion,98955,6876,Radicar Solicitud Homologacion,6876,Fluxicon Disco,Variant 3,3,2016-03-10T16:34:18.000,2016-03-10T16:25:35.000
Validar solicitud,98955,677,Validar solicitud,677,Fluxicon Disco,Variant 3,3,2016-03-11T17:38:14.000,2016-03-11T17:09:24.000
Homologacion por grupo de cursos,98955,3445,Homologacion por grupo de cursos,3445,Fluxicon Disco,Variant 3,3,2016-03-17T00:25:05.000,2016-03-17T00:05:05.000
Revisar curso,98955,677,Revisar curso,677,Fluxicon Disco,Variant 3,3,2016-03-17T00:05:05.000,2016-03-17T00:05:05.000
Evaluacion curso,98955,3445,Evaluacion curso,3445,Fluxicon Disco,Variant 3,3,2016-03-17T00:05:55.000,2016-03-17T00:05:55.000
Validacion final,98955,677,Validacion final,677,Fluxicon Disco,Variant 3,3,2016-03-17T01:55:58.000,2016-03-17T01:35:58.000
Visto Bueno Cierre Proceso,98955,3445,Visto Bueno Cierre Proceso,3445,Fluxicon Disco,Variant 3,3,2016-03-28T20:13:37.000,2016-03-28T20:13:37.000
End,98955,End,End,End,Fluxicon Disco,Variant 3,3,2016-03-28T20:13:37.000,2016-03-28T20:13:37.000
Start,99052,Start,Start,Start,Fluxicon Disco,Variant 3,3,2016-03-10T19:00:12.000,2016-03-10T19:00:12.000
Traer informacion estudiante - banner,99052,9886,Traer informacion estudiante - banner,9886,Fluxicon Disco,Variant 3,3,2016-03-10T19:00:12.000,2016-03-10T19:00:12.000
Radicar Solicitud Homologacion,99052,9886,Radicar Solicitud Homologacion,9886,Fluxicon Disco,Variant 3,3,2016-03-10T19:00:17.000,2016-03-10T19:00:17.000
Validar solicitud,99052,1707,Validar solicitud,1707,Fluxicon Disco,Variant 3,3,2016-03-10T22:05:21.000,2016-03-10T19:25:21.000
Homologacion por grupo de cursos,99052,15930,Homologacion por grupo de cursos,15930,Fluxicon Disco,Variant 3,3,2016-04-15T02:52:20.000,2016-04-14T20:21:39.000
Revisar curso,99052,1707,Revisar curso,1707,Fluxicon Disco,Variant 3,3,2016-04-14T21:54:31.000,2016-04-14T20:21:40.000
Evaluacion curso,99052,7763,Evaluacion curso,7763,Fluxicon Disco,Variant 3,3,2016-05-02T20:39:01.000,2016-05-02T15:51:53.000
Validacion final,99052,1707,Validacion final,1707,Fluxicon Disco,Variant 3,3,2016-06-24T04:11:36.000,2016-06-24T04:11:36.000
Visto Bueno Cierre Proceso,99052,15930,Visto Bueno Cierre Proceso,15930,Fluxicon Disco,Variant 3,3,2016-06-24T14:06:07.000,2016-06-24T13:55:26.000
End,99052,End,End,End,Fluxicon Disco,Variant 3,3,2016-06-24T14:06:07.000,2016-06-24T14:06:07.000
Start,99102,Start,Start,Start,Fluxicon Disco,Variant 27,27,2016-03-10T22:56:36.000,2016-03-10T22:56:36.000
Traer informacion estudiante - banner,99102,12532,Traer informacion estudiante - banner,12532,Fluxicon Disco,Variant 27,27,2016-03-10T22:56:36.000,2016-03-10T22:56:36.000
Radicar Solicitud Homologacion,99102,12532,Radicar Solicitud Homologacion,12532,Fluxicon Disco,Variant 27,27,2016-03-10T22:56:39.000,2016-03-10T22:56:37.000
Cancelar Solicitud,99102,12532,Cancelar Solicitud,12532,Fluxicon Disco,Variant 27,27,2016-03-11T02:55:55.000,2016-03-10T22:59:12.000
Validar solicitud,99102,19019,Validar solicitud,19019,Fluxicon Disco,Variant 27,27,2016-03-10T23:08:12.000,2016-03-10T22:59:12.000
Revisar curso,99102,19019,Revisar curso,19019,Fluxicon Disco,Variant 27,27,2016-03-14T12:56:12.000,2016-03-14T12:56:12.000
Evaluacion curso,99102,163,Evaluacion curso,163,Fluxicon Disco,Variant 27,27,2016-03-14T13:06:29.000,2016-03-14T12:56:51.000
Validar solicitud / pre-homologacion,99102,19019,Validar solicitud / pre-homologacion,19019,Fluxicon Disco,Variant 27,27,2016-03-15T15:51:24.000,2016-03-15T15:38:38.000
Notificacion estudiante cancelacion soli,99102,12532,Notificacion estudiante cancelacion soli,12532,Fluxicon Disco,Variant 27,27,2016-04-28T18:42:34.000,2016-04-28T18:42:34.000
End,99102,End,End,End,Fluxicon Disco,Variant 27,27,2016-04-28T18:42:34.000,2016-04-28T18:42:34.000
Start,99103,Start,Start,Start,Fluxicon Disco,Variant 8,8,2016-03-10T23:00:32.000,2016-03-10T23:00:32.000
Traer informacion estudiante - banner,99103,12532,Traer informacion estudiante - banner,12532,Fluxicon Disco,Variant 8,8,2016-03-10T23:00:32.000,2016-03-10T23:00:32.000
Radicar Solicitud Homologacion,99103,12532,Radicar Solicitud Homologacion,12532,Fluxicon Disco,Variant 8,8,2016-03-10T23:00:36.000,2016-03-10T23:00:33.000
Cancelar Solicitud,99103,19019,Cancelar Solicitud,19019,Fluxicon Disco,Variant 8,8,2016-03-11T05:54:18.000,2016-03-10T23:03:41.000
Validar solicitud,99103,387,Validar solicitud,387,Fluxicon Disco,Variant 8,8,2016-03-10T23:04:37.000,2016-03-10T23:03:41.000
Revisar curso,99103,19019,Revisar curso,19019,Fluxicon Disco,Variant 8,8,2016-03-11T11:59:07.000,2016-03-11T11:51:07.000
Notificacion estudiante cancelacion soli,99103,19019,Notificacion estudiante cancelacion soli,19019,Fluxicon Disco,Variant 8,8,2016-06-01T16:41:01.000,2016-06-01T16:41:01.000
End,99103,End,End,End,Fluxicon Disco,Variant 8,8,2016-06-01T16:41:01.000,2016-06-01T16:41:01.000
Start,99104,Start,Start,Start,Fluxicon Disco,Variant 27,27,2016-03-10T23:05:01.000,2016-03-10T23:05:01.000
Traer informacion estudiante - banner,99104,12532,Traer informacion estudiante - banner,12532,Fluxicon Disco,Variant 27,27,2016-03-10T23:05:01.000,2016-03-10T23:05:01.000
Radicar Solicitud Homologacion,99104,12532,Radicar Solicitud Homologacion,12532,Fluxicon Disco,Variant 27,27,2016-03-10T23:05:03.000,2016-03-10T23:05:02.000
Cancelar Solicitud,99104,12532,Cancelar Solicitud,12532,Fluxicon Disco,Variant 27,27,2016-03-11T03:03:15.000,2016-03-10T23:06:39.000
Validar solicitud,99104,19019,Validar solicitud,19019,Fluxicon Disco,Variant 27,27,2016-03-10T23:15:32.000,2016-03-10T23:06:39.000
Revisar curso,99104,19019,Revisar curso,19019,Fluxicon Disco,Variant 27,27,2016-03-14T13:05:44.000,2016-03-14T13:05:44.000
Evaluacion curso,99104,163,Evaluacion curso,163,Fluxicon Disco,Variant 27,27,2016-03-14T13:15:47.000,2016-03-14T13:06:04.000
Validar solicitud / pre-homologacion,99104,19019,Validar solicitud / pre-homologacion,19019,Fluxicon Disco,Variant 27,27,2016-03-15T15:55:54.000,2016-03-15T15:43:12.000
Notificacion estudiante cancelacion soli,99104,12532,Notificacion estudiante cancelacion soli,12532,Fluxicon Disco,Variant 27,27,2016-04-28T18:43:24.000,2016-04-28T18:43:24.000
End,99104,End,End,End,Fluxicon Disco,Variant 27,27,2016-04-28T18:43:24.000,2016-04-28T18:43:24.000
Start,99251,Start,Start,Start,Fluxicon Disco,Variant 3,3,2016-03-11T01:47:28.000,2016-03-11T01:47:28.000
Traer informacion estudiante - banner,99251,9711,Traer informacion estudiante - banner,9711,Fluxicon Disco,Variant 3,3,2016-03-11T01:47:28.000,2016-03-11T01:47:28.000
Radicar Solicitud Homologacion,99251,9711,Radicar Solicitud Homologacion,9711,Fluxicon Disco,Variant 3,3,2016-03-11T01:47:32.000,2016-03-11T01:47:32.000
Validar solicitud,99251,1707,Validar solicitud,1707,Fluxicon Disco,Variant 3,3,2016-03-11T04:36:50.000,2016-03-11T01:56:50.000
Homologacion por grupo de cursos,99251,15930,Homologacion por grupo de cursos,15930,Fluxicon Disco,Variant 3,3,2016-04-15T15:35:16.000,2016-04-15T13:27:16.000
Revisar curso,99251,1707,Revisar curso,1707,Fluxicon Disco,Variant 3,3,2016-04-15T14:56:09.000,2016-04-15T13:27:17.000
Evaluacion curso,99251,15930,Evaluacion curso,15930,Fluxicon Disco,Variant 3,3,2016-05-02T16:15:14.000,2016-05-02T15:52:07.000
Validacion final,99251,1707,Validacion final,1707,Fluxicon Disco,Variant 3,3,2016-05-05T03:36:42.000,2016-05-05T03:36:42.000
Visto Bueno Cierre Proceso,99251,15930,Visto Bueno Cierre Proceso,15930,Fluxicon Disco,Variant 3,3,2016-05-05T15:15:13.000,2016-05-05T14:59:13.000
End,99251,End,End,End,Fluxicon Disco,Variant 3,3,2016-05-05T15:15:13.000,2016-05-05T15:15:13.000
Start,99352,Start,Start,Start,Fluxicon Disco,Variant 8,8,2016-03-11T13:17:48.000,2016-03-11T13:17:48.000
Traer informacion estudiante - banner,99352,9187,Traer informacion estudiante - banner,9187,Fluxicon Disco,Variant 8,8,2016-03-11T13:17:48.000,2016-03-11T13:17:48.000
Radicar Solicitud Homologacion,99352,9187,Radicar Solicitud Homologacion,9187,Fluxicon Disco,Variant 8,8,2016-03-11T13:17:49.000,2016-03-11T13:17:49.000
Cancelar Solicitud,99352,9187,Cancelar Solicitud,9187,Fluxicon Disco,Variant 8,8,2016-03-11T17:51:12.000,2016-03-11T13:39:12.000
Validar solicitud,99352,1707,Validar solicitud,1707,Fluxicon Disco,Variant 8,8,2016-03-11T16:19:12.000,2016-03-11T13:39:12.000
Revisar curso,99352,1707,Revisar curso,1707,Fluxicon Disco,Variant 8,8,2016-04-15T14:59:09.000,2016-04-15T13:30:17.000
Notificacion estudiante cancelacion soli,99352,9187,Notificacion estudiante cancelacion soli,9187,Fluxicon Disco,Variant 8,8,2016-05-02T19:02:14.000,2016-05-02T19:02:14.000
End,99352,End,End,End,Fluxicon Disco,Variant 8,8,2016-05-02T19:02:14.000,2016-05-02T19:02:14.000
Start,99353,Start,Start,Start,Fluxicon Disco,Variant 8,8,2016-03-11T13:39:35.000,2016-03-11T13:39:35.000
Traer informacion estudiante - banner,99353,9187,Traer informacion estudiante - banner,9187,Fluxicon Disco,Variant 8,8,2016-03-11T13:39:35.000,2016-03-11T13:39:35.000
Radicar Solicitud Homologacion,99353,9187,Radicar Solicitud Homologacion,9187,Fluxicon Disco,Variant 8,8,2016-03-11T13:39:36.000,2016-03-11T13:39:36.000
Cancelar Solicitud,99353,9187,Cancelar Solicitud,9187,Fluxicon Disco,Variant 8,8,2016-03-11T17:54:30.000,2016-03-11T13:42:30.000
Validar solicitud,99353,1707,Validar solicitud,1707,Fluxicon Disco,Variant 8,8,2016-03-11T16:22:30.000,2016-03-11T13:42:30.000
Revisar curso,99353,1707,Revisar curso,1707,Fluxicon Disco,Variant 8,8,2016-04-15T15:01:14.000,2016-04-15T13:32:22.000
Cancelar Solicitud,85305,18929,Cancelar Solicitud,18929,Fluxicon Disco,Variant 1,1,2016-02-11T15:11:26.000,2016-02-11T14:07:34.000
Notificacion estudiante cancelacion soli,85305,18929,Notificacion estudiante cancelacion soli,18929,Fluxicon Disco,Variant 1,1,2016-02-23T12:08:19.000,2016-02-23T12:08:19.000
End,85305,End,End,End,Fluxicon Disco,Variant 1,1,2016-02-23T12:08:19.000,2016-02-23T12:08:19.000
Start,85401,Start,Start,Start,Fluxicon Disco,Variant 1,1,2016-02-11T16:00:44.000,2016-02-11T16:00:44.000
Traer informacion estudiante - banner,85401,4130,Traer informacion estudiante - banner,4130,Fluxicon Disco,Variant 1,1,2016-02-11T16:00:44.000,2016-02-11T16:00:44.000
Radicar Solicitud Homologacion,85401,4130,Radicar Solicitud Homologacion,4130,Fluxicon Disco,Variant 1,1,2016-02-11T16:02:28.000,2016-02-11T16:00:51.000
Cancelar Solicitud,85401,1707,Cancelar Solicitud,1707,Fluxicon Disco,Variant 1,1,2016-02-11T17:38:10.000,2016-02-11T17:37:58.000
Notificacion estudiante cancelacion soli,85401,1707,Notificacion estudiante cancelacion soli,1707,Fluxicon Disco,Variant 1,1,2016-02-11T17:50:23.000,2016-02-11T17:50:23.000
End,85401,End,End,End,Fluxicon Disco,Variant 1,1,2016-02-11T17:50:23.000,2016-02-11T17:50:23.000
Start,85452,Start,Start,Start,Fluxicon Disco,Variant 2,2,2016-02-11T19:47:49.000,2016-02-11T19:47:49.000
Traer informacion estudiante - banner,85452,9433,Traer informacion estudiante - banner,9433,Fluxicon Disco,Variant 2,2,2016-02-11T19:47:49.000,2016-02-11T19:47:49.000
Radicar Solicitud Homologacion,85452,9433,Radicar Solicitud Homologacion,9433,Fluxicon Disco,Variant 2,2,2016-02-11T19:47:51.000,2016-02-11T19:47:51.000
Validar solicitud,85452,677,Validar solicitud,677,Fluxicon Disco,Variant 2,2,2016-02-11T20:03:07.000,2016-02-11T19:59:07.000
Homologacion por grupo de cursos,85452,3445,Homologacion por grupo de cursos,3445,Fluxicon Disco,Variant 2,2,2016-02-12T12:24:49.000,2016-02-12T11:40:49.000
End,85452,End,End,End,Fluxicon Disco,Variant 2,2,2016-02-12T12:24:49.000,2016-02-12T12:24:49.000
Start,85453,Start,Start,Start,Fluxicon Disco,Variant 46,46,2016-02-11T19:57:25.000,2016-02-11T19:57:25.000
Traer informacion estudiante - banner,85453,4130,Traer informacion estudiante - banner,4130,Fluxicon Disco,Variant 46,46,2016-02-11T19:57:25.000,2016-02-11T19:57:25.000
Radicar Solicitud Homologacion,85453,4130,Radicar Solicitud Homologacion,4130,Fluxicon Disco,Variant 46,46,2016-02-11T20:20:22.000,2016-02-11T19:57:27.000
Validar solicitud,85453,1707,Validar solicitud,1707,Fluxicon Disco,Variant 46,46,2016-02-16T17:51:59.000,2016-02-16T16:55:06.000
Homologacion por grupo de cursos,85453,15930,Homologacion por grupo de cursos,15930,Fluxicon Disco,Variant 46,46,2016-02-25T18:43:47.000,2016-02-25T17:48:46.000
Revisar curso,85453,1707,Revisar curso,1707,Fluxicon Disco,Variant 46,46,2016-02-25T17:56:32.000,2016-02-25T17:48:46.000
Evaluacion curso,85453,6958,Evaluacion curso,6958,Fluxicon Disco,Variant 46,46,2016-02-26T17:59:27.000,2016-02-26T17:35:03.000
Validacion final,85453,1707,Validacion final,1707,Fluxicon Disco,Variant 46,46,2016-03-02T18:15:10.000,2016-03-02T18:11:10.000
Visto Bueno Cierre Proceso,85453,15930,Visto Bueno Cierre Proceso,15930,Fluxicon Disco,Variant 46,46,2016-03-03T11:34:43.000,2016-03-03T11:18:43.000
Validacion final,85453,1707,Validacion final,1707,Fluxicon Disco,Variant 46,46,2016-03-07T13:55:43.000,2016-03-07T13:54:52.000
Visto Bueno Cierre Proceso,85453,15930,Visto Bueno Cierre Proceso,15930,Fluxicon Disco,Variant 46,46,2016-03-07T14:53:43.000,2016-03-07T14:51:45.000
Transferir Creditos,85453,15930,Transferir Creditos,15930,Fluxicon Disco,Variant 46,46,2016-03-07T16:50:13.000,2016-03-07T16:50:13.000
Transferir creditos homologables,85453,15930,Transferir creditos homologables,15930,Fluxicon Disco,Variant 46,46,2016-03-07T16:50:14.000,2016-03-07T16:50:14.000
Transferir creditos homologables,85453,15930,Transferir creditos homologables,15930,Fluxicon Disco,Variant 46,46,2016-03-07T16:50:15.000,2016-03-07T16:50:15.000
Transferir creditos homologables,85453,15930,Transferir creditos homologables,15930,Fluxicon Disco,Variant 46,46,2016-03-07T16:50:15.000,2016-03-07T16:50:15.000
Transferir creditos homologables,85453,15930,Transferir creditos homologables,15930,Fluxicon Disco,Variant 46,46,2016-03-07T16:50:15.000,2016-03-07T16:50:15.000
Transferir creditos homologables,85453,15930,Transferir creditos homologables,15930,Fluxicon Disco,Variant 46,46,2016-03-07T16:50:15.000,2016-03-07T16:50:15.000
End,85453,End,End,End,Fluxicon Disco,Variant 46,46,2016-03-07T16:50:15.000,2016-03-07T16:50:15.000
Start,85454,Start,Start,Start,Fluxicon Disco,Variant 25,25,2016-02-11T20:27:04.000,2016-02-11T20:27:04.000
Traer informacion estudiante - banner,85454,5330,Traer informacion estudiante - banner,5330,Fluxicon Disco,Variant 25,25,2016-02-11T20:27:04.000,2016-02-11T20:27:04.000
Radicar Solicitud Homologacion,85454,5330,Radicar Solicitud Homologacion,5330,Fluxicon Disco,Variant 25,25,2016-02-11T21:06:57.000,2016-02-11T20:27:08.000
Validar solicitud,85454,241,Validar solicitud,241,Fluxicon Disco,Variant 25,25,2016-02-18T20:24:30.000,2016-02-18T20:16:47.000
Homologacion por grupo de cursos,85454,6979,Homologacion por grupo de cursos,6979,Fluxicon Disco,Variant 25,25,2016-02-20T06:02:38.000,2016-02-19T19:20:05.000
Recepcion de documentos,85454,26789,Recepcion de documentos,26789,Fluxicon Disco,Variant 25,25,2016-02-20T04:37:05.000,2016-02-19T19:20:05.000
End,85454,End,End,End,Fluxicon Disco,Variant 25,25,2016-02-20T04:37:05.000,2016-02-20T04:37:05.000
Start,85504,Start,Start,Start,Fluxicon Disco,Variant 16,16,2016-02-11T21:48:23.000,2016-02-11T21:48:23.000
Validar solicitud,85504,1707,Validar solicitud,1707,Fluxicon Disco,Variant 16,16,2016-02-11T22:00:30.000,2016-02-11T21:48:23.000
Traer informacion estudiante - banner,85504,4457,Traer informacion estudiante - banner,4457,Fluxicon Disco,Variant 16,16,2016-02-12T00:26:13.000,2016-02-12T00:26:13.000
Radicar Solicitud Homologacion,85504,4457,Radicar Solicitud Homologacion,4457,Fluxicon Disco,Variant 16,16,2016-02-12T00:26:16.000,2016-02-12T00:26:16.000
Homologacion por grupo de cursos,85504,15930,Homologacion por grupo de cursos,15930,Fluxicon Disco,Variant 16,16,2016-02-15T17:57:55.000,2016-02-15T15:55:51.000
End,85504,End,End,End,Fluxicon Disco,Variant 16,16,2016-02-15T17:57:55.000,2016-02-15T17:57:55.000
Start,85551,Start,Start,Start,Fluxicon Disco,Variant 16,16,2016-02-12T00:04:43.000,2016-02-12T00:04:43.000
Validar solicitud,85551,22404,Validar solicitud,22404,Fluxicon Disco,Variant 16,16,2016-02-12T00:06:55.000,2016-02-12T00:04:43.000
Traer informacion estudiante - banner,85551,26348,Traer informacion estudiante - banner,26348,Fluxicon Disco,Variant 16,16,2016-02-12T01:55:21.000,2016-02-12T01:55:21.000
Radicar Solicitud Homologacion,85551,26348,Radicar Solicitud Homologacion,26348,Fluxicon Disco,Variant 16,16,2016-02-12T01:55:28.000,2016-02-12T01:55:28.000
Homologacion por grupo de cursos,85551,4560,Homologacion por grupo de cursos,4560,Fluxicon Disco,Variant 16,16,2016-02-13T01:06:23.000,2016-02-12T16:12:36.000
End,85551,End,End,End,Fluxicon Disco,Variant 16,16,2016-02-13T01:06:23.000,2016-02-13T01:06:23.000
Start,85601,Start,Start,Start,Fluxicon Disco,Variant 1,1,2016-02-12T14:18:57.000,2016-02-12T14:18:57.000
Traer informacion estudiante - banner,85601,7490,Traer informacion estudiante - banner,7490,Fluxicon Disco,Variant 1,1,2016-02-12T14:18:57.000,2016-02-12T14:18:57.000
Radicar Solicitud Homologacion,85601,7490,Radicar Solicitud Homologacion,7490,Fluxicon Disco,Variant 1,1,2016-02-12T14:26:50.000,2016-02-12T14:19:04.000
Cancelar Solicitud,85601,22404,Cancelar Solicitud,22404,Fluxicon Disco,Variant 1,1,2016-02-15T14:41:49.000,2016-02-15T14:05:55.000
Notificacion estudiante cancelacion soli,85601,22404,Notificacion estudiante cancelacion soli,22404,Fluxicon Disco,Variant 1,1,2016-02-19T18:56:32.000,2016-02-19T18:56:32.000
End,85601,End,End,End,Fluxicon Disco,Variant 1,1,2016-02-19T18:56:32.000,2016-02-19T18:56:32.000
Start,85607,Start,Start,Start,Fluxicon Disco,Variant 5,5,2016-02-12T21:14:06.000,2016-02-12T21:14:06.000
Traer informacion estudiante - banner,85607,20194,Traer informacion estudiante - banner,20194,Fluxicon Disco,Variant 5,5,2016-02-12T21:14:06.000,2016-02-12T21:14:06.000
Radicar Solicitud Homologacion,85607,20194,Radicar Solicitud Homologacion,20194,Fluxicon Disco,Variant 5,5,2016-02-12T21:14:27.000,2016-02-12T21:14:07.000
Notificacion estudiante cancelacion soli,85607,1,Notificacion estudiante cancelacion soli,1,Fluxicon Disco,Variant 5,5,2016-02-23T17:59:14.000,2016-02-23T17:59:14.000
End,85607,End,End,End,Fluxicon Disco,Variant 5,5,2016-02-23T17:59:14.000,2016-02-23T17:59:14.000
Start,85608,Start,Start,Start,Fluxicon Disco,Variant 5,5,2016-02-12T21:41:04.000,2016-02-12T21:41:04.000
Traer informacion estudiante - banner,85608,11583,Traer informacion estudiante - banner,11583,Fluxicon Disco,Variant 5,5,2016-02-12T21:41:04.000,2016-02-12T21:41:04.000
Radicar Solicitud Homologacion,85608,11583,Radicar Solicitud Homologacion,11583,Fluxicon Disco,Variant 5,5,2016-02-12T21:41:10.000,2016-02-12T21:41:08.000
Notificacion estudiante cancelacion soli,85608,1,Notificacion estudiante cancelacion soli,1,Fluxicon Disco,Variant 5,5,2016-02-23T20:08:18.000,2016-02-23T20:08:18.000
End,85608,End,End,End,Fluxicon Disco,Variant 5,5,2016-02-23T20:08:18.000,2016-02-23T20:08:18.000
Start,85610,Start,Start,Start,Fluxicon Disco,Variant 1,1,2016-02-12T22:25:29.000,2016-02-12T22:25:29.000
Traer informacion estudiante - banner,85610,9336,Traer informacion estudiante - banner,9336,Fluxicon Disco,Variant 1,1,2016-02-12T22:25:29.000,2016-02-12T22:25:29.000
Radicar Solicitud Homologacion,85610,9336,Radicar Solicitud Homologacion,9336,Fluxicon Disco,Variant 1,1,2016-02-12T22:25:39.000,2016-02-12T22:25:33.000
Cancelar Solicitud,85610,677,Cancelar Solicitud,677,Fluxicon Disco,Variant 1,1,2016-02-12T23:25:05.000,2016-02-12T22:31:37.000
Notificacion estudiante cancelacion soli,85610,677,Notificacion estudiante cancelacion soli,677,Fluxicon Disco,Variant 1,1,2016-02-23T19:06:14.000,2016-02-23T19:06:14.000
End,85610,End,End,End,Fluxicon Disco,Variant 1,1,2016-02-23T19:06:14.000,2016-02-23T19:06:14.000
Notificacion estudiante cancelacion soli,118151,677,Notificacion estudiante cancelacion soli,677,Fluxicon Disco,Variant 17,17,2016-05-13T22:21:46.000,2016-05-13T22:21:46.000
End,118151,End,End,End,Fluxicon Disco,Variant 17,17,2016-05-13T22:21:46.000,2016-05-13T22:21:46.000
Start,118153,Start,Start,Start,Fluxicon Disco,Variant 93,93,2016-05-12T19:43:06.000,2016-05-12T19:43:06.000
Traer informacion estudiante - banner,118153,6851,Traer informacion estudiante - banner,6851,Fluxicon Disco,Variant 93,93,2016-05-12T19:43:06.000,2016-05-12T19:43:06.000
Radicar Solicitud Homologacion,118153,6851,Radicar Solicitud Homologacion,6851,Fluxicon Disco,Variant 93,93,2016-05-12T19:43:09.000,2016-05-12T19:43:09.000
Validar solicitud,118153,186,Validar solicitud,186,Fluxicon Disco,Variant 93,93,2016-05-12T19:59:03.000,2016-05-12T19:57:48.000
Recepcion de documentos,118153,186,Recepcion de documentos,186,Fluxicon Disco,Variant 93,93,2016-05-13T01:58:09.000,2016-05-12T22:15:25.000
Homologacion por grupo de cursos,118153,26788,Homologacion por grupo de cursos,26788,Fluxicon Disco,Variant 93,93,2016-05-13T02:12:37.000,2016-05-12T22:15:27.000
End,118153,End,End,End,Fluxicon Disco,Variant 93,93,2016-05-13T02:12:37.000,2016-05-13T02:12:37.000
Start,118201,Start,Start,Start,Fluxicon Disco,Variant 2,2,2016-05-12T22:18:58.000,2016-05-12T22:18:58.000
Traer informacion estudiante - banner,118201,7091,Traer informacion estudiante - banner,7091,Fluxicon Disco,Variant 2,2,2016-05-12T22:18:58.000,2016-05-12T22:18:58.000
Radicar Solicitud Homologacion,118201,7091,Radicar Solicitud Homologacion,7091,Fluxicon Disco,Variant 2,2,2016-05-12T22:19:29.000,2016-05-12T22:19:04.000
Validar solicitud,118201,22534,Validar solicitud,22534,Fluxicon Disco,Variant 2,2,2016-05-13T00:00:46.000,2016-05-12T22:44:15.000
Homologacion por grupo de cursos,118201,7177,Homologacion por grupo de cursos,7177,Fluxicon Disco,Variant 2,2,2016-05-26T19:59:00.000,2016-05-26T17:15:49.000
End,118201,End,End,End,Fluxicon Disco,Variant 2,2,2016-05-26T19:59:00.000,2016-05-26T19:59:00.000
Start,118202,Start,Start,Start,Fluxicon Disco,Variant 7,7,2016-05-12T22:19:48.000,2016-05-12T22:19:48.000
Traer informacion estudiante - banner,118202,15315,Traer informacion estudiante - banner,15315,Fluxicon Disco,Variant 7,7,2016-05-12T22:19:48.000,2016-05-12T22:19:48.000
Radicar Solicitud Homologacion,118202,15315,Radicar Solicitud Homologacion,15315,Fluxicon Disco,Variant 7,7,2016-05-12T22:20:07.000,2016-05-12T22:19:49.000
Cancelar Solicitud,118202,15315,Cancelar Solicitud,15315,Fluxicon Disco,Variant 7,7,2016-05-13T00:40:56.000,2016-05-12T22:38:35.000
Validar solicitud,118202,6694,Validar solicitud,6694,Fluxicon Disco,Variant 7,7,2016-05-12T22:39:00.000,2016-05-12T22:38:35.000
Notificacion estudiante cancelacion soli,118202,15315,Notificacion estudiante cancelacion soli,15315,Fluxicon Disco,Variant 7,7,2016-06-06T20:35:44.000,2016-06-06T20:35:44.000
End,118202,End,End,End,Fluxicon Disco,Variant 7,7,2016-06-06T20:35:44.000,2016-06-06T20:35:44.000
Start,118203,Start,Start,Start,Fluxicon Disco,Variant 1,1,2016-05-12T22:28:15.000,2016-05-12T22:28:15.000
Traer informacion estudiante - banner,118203,5858,Traer informacion estudiante - banner,5858,Fluxicon Disco,Variant 1,1,2016-05-12T22:28:15.000,2016-05-12T22:28:15.000
Radicar Solicitud Homologacion,118203,5858,Radicar Solicitud Homologacion,5858,Fluxicon Disco,Variant 1,1,2016-05-12T22:28:33.000,2016-05-12T22:28:16.000
Cancelar Solicitud,118203,22475,Cancelar Solicitud,22475,Fluxicon Disco,Variant 1,1,2016-05-12T22:46:05.000,2016-05-12T22:45:50.000
Notificacion estudiante cancelacion soli,118203,22475,Notificacion estudiante cancelacion soli,22475,Fluxicon Disco,Variant 1,1,2016-05-12T23:01:23.000,2016-05-12T23:01:23.000
End,118203,End,End,End,Fluxicon Disco,Variant 1,1,2016-05-12T23:01:23.000,2016-05-12T23:01:23.000
Start,118205,Start,Start,Start,Fluxicon Disco,Variant 2,2,2016-05-12T22:44:26.000,2016-05-12T22:44:26.000
Traer informacion estudiante - banner,118205,7091,Traer informacion estudiante - banner,7091,Fluxicon Disco,Variant 2,2,2016-05-12T22:44:26.000,2016-05-12T22:44:26.000
Radicar Solicitud Homologacion,118205,7091,Radicar Solicitud Homologacion,7091,Fluxicon Disco,Variant 2,2,2016-05-12T22:44:34.000,2016-05-12T22:44:29.000
Validar solicitud,118205,22534,Validar solicitud,22534,Fluxicon Disco,Variant 2,2,2016-05-13T00:06:01.000,2016-05-12T22:49:33.000
Homologacion por grupo de cursos,118205,7177,Homologacion por grupo de cursos,7177,Fluxicon Disco,Variant 2,2,2016-05-26T20:16:18.000,2016-05-26T17:17:55.000
End,118205,End,End,End,Fluxicon Disco,Variant 2,2,2016-05-26T20:16:18.000,2016-05-26T20:16:18.000
Start,118207,Start,Start,Start,Fluxicon Disco,Variant 2,2,2016-05-12T23:01:01.000,2016-05-12T23:01:01.000
Traer informacion estudiante - banner,118207,9336,Traer informacion estudiante - banner,9336,Fluxicon Disco,Variant 2,2,2016-05-12T23:01:01.000,2016-05-12T23:01:01.000
Radicar Solicitud Homologacion,118207,9336,Radicar Solicitud Homologacion,9336,Fluxicon Disco,Variant 2,2,2016-05-12T23:01:09.000,2016-05-12T23:01:02.000
Validar solicitud,118207,677,Validar solicitud,677,Fluxicon Disco,Variant 2,2,2016-05-12T23:16:12.000,2016-05-12T23:08:58.000
Homologacion por grupo de cursos,118207,3445,Homologacion por grupo de cursos,3445,Fluxicon Disco,Variant 2,2,2016-05-14T00:41:39.000,2016-05-13T22:23:03.000
End,118207,End,End,End,Fluxicon Disco,Variant 2,2,2016-05-14T00:41:39.000,2016-05-14T00:41:39.000
Start,118209,Start,Start,Start,Fluxicon Disco,Variant 1,1,2016-05-12T23:21:53.000,2016-05-12T23:21:53.000
Traer informacion estudiante - banner,118209,2465,Traer informacion estudiante - banner,2465,Fluxicon Disco,Variant 1,1,2016-05-12T23:21:53.000,2016-05-12T23:21:53.000
Radicar Solicitud Homologacion,118209,2465,Radicar Solicitud Homologacion,2465,Fluxicon Disco,Variant 1,1,2016-05-12T23:25:45.000,2016-05-12T23:21:54.000
Cancelar Solicitud,118209,19019,Cancelar Solicitud,19019,Fluxicon Disco,Variant 1,1,2016-05-13T17:20:29.000,2016-05-13T17:13:31.000
Notificacion estudiante cancelacion soli,118209,19019,Notificacion estudiante cancelacion soli,19019,Fluxicon Disco,Variant 1,1,2016-05-16T16:12:28.000,2016-05-16T16:12:28.000
End,118209,End,End,End,Fluxicon Disco,Variant 1,1,2016-05-16T16:12:28.000,2016-05-16T16:12:28.000
Start,118251,Start,Start,Start,Fluxicon Disco,Variant 7,7,2016-05-12T21:47:13.000,2016-05-12T21:47:13.000
Traer informacion estudiante - banner,118251,5858,Traer informacion estudiante - banner,5858,Fluxicon Disco,Variant 7,7,2016-05-12T21:47:13.000,2016-05-12T21:47:13.000
Radicar Solicitud Homologacion,118251,5858,Radicar Solicitud Homologacion,5858,Fluxicon Disco,Variant 7,7,2016-05-12T21:49:41.000,2016-05-12T21:47:16.000
Cancelar Solicitud,118251,5858,Cancelar Solicitud,5858,Fluxicon Disco,Variant 7,7,2016-05-13T00:25:43.000,2016-05-13T00:12:56.000
Validar solicitud,118251,22475,Validar solicitud,22475,Fluxicon Disco,Variant 7,7,2016-05-13T00:12:56.000,2016-05-13T00:12:56.000
Notificacion estudiante cancelacion soli,118251,5858,Notificacion estudiante cancelacion soli,5858,Fluxicon Disco,Variant 7,7,2016-05-16T19:47:54.000,2016-05-16T19:47:54.000
End,118251,End,End,End,Fluxicon Disco,Variant 7,7,2016-05-16T19:47:54.000,2016-05-16T19:47:54.000
Start,118253,Start,Start,Start,Fluxicon Disco,Variant 2,2,2016-05-13T00:31:29.000,2016-05-13T00:31:29.000
Traer informacion estudiante - banner,118253,23842,Traer informacion estudiante - banner,23842,Fluxicon Disco,Variant 2,2,2016-05-13T00:31:29.000,2016-05-13T00:31:29.000
Radicar Solicitud Homologacion,118253,23842,Radicar Solicitud Homologacion,23842,Fluxicon Disco,Variant 2,2,2016-05-13T00:40:12.000,2016-05-13T00:31:37.000
Validar solicitud,118253,7320,Validar solicitud,7320,Fluxicon Disco,Variant 2,2,2016-05-16T15:22:31.000,2016-05-16T15:06:38.000
Homologacion por grupo de cursos,118253,6952,Homologacion por grupo de cursos,6952,Fluxicon Disco,Variant 2,2,2016-05-18T04:46:25.000,2016-05-18T03:02:25.000
End,118253,End,End,End,Fluxicon Disco,Variant 2,2,2016-05-18T04:46:25.000,2016-05-18T04:46:25.000
Start,118352,Start,Start,Start,Fluxicon Disco,Variant 2,2,2016-05-13T17:16:37.000,2016-05-13T17:16:37.000
Traer informacion estudiante - banner,118352,11760,Traer informacion estudiante - banner,11760,Fluxicon Disco,Variant 2,2,2016-05-13T17:16:37.000,2016-05-13T17:16:37.000
Radicar Solicitud Homologacion,118352,11760,Radicar Solicitud Homologacion,11760,Fluxicon Disco,Variant 2,2,2016-05-13T20:42:21.000,2016-05-13T17:16:38.000
Validar solicitud,118352,22475,Validar solicitud,22475,Fluxicon Disco,Variant 2,2,2016-06-22T13:04:45.000,2016-06-22T13:04:04.000
Homologacion por grupo de cursos,118352,22475,Homologacion por grupo de cursos,22475,Fluxicon Disco,Variant 2,2,2016-06-22T16:24:19.000,2016-06-22T15:41:00.000
End,118352,End,End,End,Fluxicon Disco,Variant 2,2,2016-06-22T16:24:19.000,2016-06-22T16:24:19.000
Start,118402,Start,Start,Start,Fluxicon Disco,Variant 5,5,2016-05-13T19:04:09.000,2016-05-13T19:04:09.000
Traer informacion estudiante - banner,118402,9445,Traer informacion estudiante - banner,9445,Fluxicon Disco,Variant 5,5,2016-05-13T19:04:09.000,2016-05-13T19:04:09.000
Radicar Solicitud Homologacion,118402,9445,Radicar Solicitud Homologacion,9445,Fluxicon Disco,Variant 5,5,2016-05-13T20:28:10.000,2016-05-13T19:04:10.000
Notificacion estudiante cancelacion soli,118402,1,Notificacion estudiante cancelacion soli,1,Fluxicon Disco,Variant 5,5,2016-06-09T23:24:20.000,2016-06-09T23:24:20.000
End,118402,End,End,End,Fluxicon Disco,Variant 5,5,2016-06-09T23:24:20.000,2016-06-09T23:24:20.000
Start,118403,Start,Start,Start,Fluxicon Disco,Variant 1,1,2016-05-13T19:21:22.000,2016-05-13T19:21:22.000
Traer informacion estudiante - banner,109221,22074,Traer informacion estudiante - banner,22074,Fluxicon Disco,Variant 83,83,2016-04-11T23:00:10.000,2016-04-11T23:00:10.000
Radicar Solicitud Homologacion,109221,22074,Radicar Solicitud Homologacion,22074,Fluxicon Disco,Variant 83,83,2016-04-11T23:00:21.000,2016-04-11T23:00:11.000
Validar solicitud,109221,22404,Validar solicitud,22404,Fluxicon Disco,Variant 83,83,2016-04-11T23:12:22.000,2016-04-11T23:10:33.000
Homologacion por grupo de cursos,109221,4560,Homologacion por grupo de cursos,4560,Fluxicon Disco,Variant 83,83,2016-04-12T13:28:40.000,2016-04-12T13:25:33.000
Validacion final,109221,22404,Validacion final,22404,Fluxicon Disco,Variant 83,83,2016-04-12T13:25:33.000,2016-04-12T13:25:33.000
Visto Bueno Cierre Proceso,109221,4560,Visto Bueno Cierre Proceso,4560,Fluxicon Disco,Variant 83,83,2016-04-12T13:30:18.000,2016-04-12T13:27:11.000
Transferir Creditos,109221,4560,Transferir Creditos,4560,Fluxicon Disco,Variant 83,83,2016-04-12T18:07:24.000,2016-04-12T18:07:24.000
End,109221,End,End,End,Fluxicon Disco,Variant 83,83,2016-04-12T18:07:24.000,2016-04-12T18:07:24.000
Start,109252,Start,Start,Start,Fluxicon Disco,Variant 7,7,2016-04-11T16:11:44.000,2016-04-11T16:11:44.000
Traer informacion estudiante - banner,109252,1995,Traer informacion estudiante - banner,1995,Fluxicon Disco,Variant 7,7,2016-04-11T16:11:44.000,2016-04-11T16:11:44.000
Radicar Solicitud Homologacion,109252,1995,Radicar Solicitud Homologacion,1995,Fluxicon Disco,Variant 7,7,2016-04-11T16:11:53.000,2016-04-11T16:11:47.000
Cancelar Solicitud,109252,1995,Cancelar Solicitud,1995,Fluxicon Disco,Variant 7,7,2016-04-11T16:17:58.000,2016-04-11T16:17:50.000
Validar solicitud,109252,695,Validar solicitud,695,Fluxicon Disco,Variant 7,7,2016-04-11T16:17:50.000,2016-04-11T16:17:50.000
Notificacion estudiante cancelacion soli,109252,1995,Notificacion estudiante cancelacion soli,1995,Fluxicon Disco,Variant 7,7,2016-04-11T16:26:46.000,2016-04-11T16:26:46.000
End,109252,End,End,End,Fluxicon Disco,Variant 7,7,2016-04-11T16:26:46.000,2016-04-11T16:26:46.000
Start,109254,Start,Start,Start,Fluxicon Disco,Variant 1,1,2016-04-11T16:18:50.000,2016-04-11T16:18:50.000
Traer informacion estudiante - banner,109254,1995,Traer informacion estudiante - banner,1995,Fluxicon Disco,Variant 1,1,2016-04-11T16:18:50.000,2016-04-11T16:18:50.000
Radicar Solicitud Homologacion,109254,1995,Radicar Solicitud Homologacion,1995,Fluxicon Disco,Variant 1,1,2016-04-11T16:18:52.000,2016-04-11T16:18:51.000
Cancelar Solicitud,109254,1995,Cancelar Solicitud,1995,Fluxicon Disco,Variant 1,1,2016-04-11T16:20:46.000,2016-04-11T16:20:44.000
Notificacion estudiante cancelacion soli,109254,1995,Notificacion estudiante cancelacion soli,1995,Fluxicon Disco,Variant 1,1,2016-04-11T16:23:37.000,2016-04-11T16:23:37.000
End,109254,End,End,End,Fluxicon Disco,Variant 1,1,2016-04-11T16:23:37.000,2016-04-11T16:23:37.000
Start,109256,Start,Start,Start,Fluxicon Disco,Variant 2,2,2016-04-11T16:26:56.000,2016-04-11T16:26:56.000
Traer informacion estudiante - banner,109256,1995,Traer informacion estudiante - banner,1995,Fluxicon Disco,Variant 2,2,2016-04-11T16:26:56.000,2016-04-11T16:26:56.000
Radicar Solicitud Homologacion,109256,1995,Radicar Solicitud Homologacion,1995,Fluxicon Disco,Variant 2,2,2016-04-11T16:27:01.000,2016-04-11T16:26:57.000
Validar solicitud,109256,695,Validar solicitud,695,Fluxicon Disco,Variant 2,2,2016-04-11T18:33:26.000,2016-04-11T16:31:37.000
Homologacion por grupo de cursos,109256,26756,Homologacion por grupo de cursos,26756,Fluxicon Disco,Variant 2,2,2016-05-02T18:45:55.000,2016-05-02T18:21:17.000
End,109256,End,End,End,Fluxicon Disco,Variant 2,2,2016-05-02T18:45:55.000,2016-05-02T18:45:55.000
Start,109262,Start,Start,Start,Fluxicon Disco,Variant 3,3,2016-04-11T18:46:10.000,2016-04-11T18:46:10.000
Traer informacion estudiante - banner,109262,8749,Traer informacion estudiante - banner,8749,Fluxicon Disco,Variant 3,3,2016-04-11T18:46:10.000,2016-04-11T18:46:10.000
Radicar Solicitud Homologacion,109262,8749,Radicar Solicitud Homologacion,8749,Fluxicon Disco,Variant 3,3,2016-04-11T18:50:24.000,2016-04-11T18:46:11.000
Validar solicitud,109262,943,Validar solicitud,943,Fluxicon Disco,Variant 3,3,2016-04-12T03:18:20.000,2016-04-12T02:29:36.000
Homologacion por grupo de cursos,109262,26767,Homologacion por grupo de cursos,26767,Fluxicon Disco,Variant 3,3,2016-04-20T15:49:48.000,2016-04-20T15:44:41.000
Revisar curso,109262,943,Revisar curso,943,Fluxicon Disco,Variant 3,3,2016-04-20T15:44:42.000,2016-04-20T15:44:41.000
Evaluacion curso,109262,7314,Evaluacion curso,7314,Fluxicon Disco,Variant 3,3,2016-04-20T15:49:22.000,2016-04-20T15:46:09.000
Validacion final,109262,943,Validacion final,943,Fluxicon Disco,Variant 3,3,2016-04-20T19:12:31.000,2016-04-20T19:12:31.000
Visto Bueno Cierre Proceso,109262,26767,Visto Bueno Cierre Proceso,26767,Fluxicon Disco,Variant 3,3,2016-04-20T20:21:09.000,2016-04-20T20:19:17.000
End,109262,End,End,End,Fluxicon Disco,Variant 3,3,2016-04-20T20:21:09.000,2016-04-20T20:21:09.000
Start,109264,Start,Start,Start,Fluxicon Disco,Variant 84,84,2016-04-11T23:29:06.000,2016-04-11T23:29:06.000
Traer informacion estudiante - banner,109264,8475,Traer informacion estudiante - banner,8475,Fluxicon Disco,Variant 84,84,2016-04-11T23:29:06.000,2016-04-11T23:29:06.000
Radicar Solicitud Homologacion,109264,8475,Radicar Solicitud Homologacion,8475,Fluxicon Disco,Variant 84,84,2016-04-11T23:29:19.000,2016-04-11T23:29:07.000
Validar solicitud,109264,1646,Validar solicitud,1646,Fluxicon Disco,Variant 84,84,2016-04-12T00:49:32.000,2016-04-11T23:41:54.000
Homologacion por grupo de cursos,109264,12535,Homologacion por grupo de cursos,12535,Fluxicon Disco,Variant 84,84,2016-04-22T23:32:53.000,2016-04-22T17:20:05.000
Recepcion de documentos,109264,26789,Recepcion de documentos,26789,Fluxicon Disco,Variant 84,84,2016-04-22T18:09:03.000,2016-04-22T17:20:05.000
Revisar curso,109264,1646,Revisar curso,1646,Fluxicon Disco,Variant 84,84,2016-04-22T17:20:07.000,2016-04-22T17:20:06.000
Evaluacion curso,109264,10665,Evaluacion curso,10665,Fluxicon Disco,Variant 84,84,2016-04-22T17:34:48.000,2016-04-22T17:21:40.000
Validar solicitud / pre-homologacion,109264,1646,Validar solicitud / pre-homologacion,1646,Fluxicon Disco,Variant 84,84,2016-04-26T03:07:28.000,2016-04-26T00:29:57.000
Validacion final,109264,1646,Validacion final,1646,Fluxicon Disco,Variant 84,84,2016-05-25T01:15:00.000,2016-05-24T22:01:38.000
Visto Bueno Cierre Proceso,109264,12535,Visto Bueno Cierre Proceso,12535,Fluxicon Disco,Variant 84,84,2016-06-29T23:32:44.000,2016-06-29T23:24:00.000
Transferir Creditos,109264,12535,Transferir Creditos,12535,Fluxicon Disco,Variant 84,84,2016-07-01T00:08:41.000,2016-07-01T00:08:41.000
Transferir creditos homologables,109264,12535,Transferir creditos homologables,12535,Fluxicon Disco,Variant 84,84,2016-07-01T00:08:41.000,2016-07-01T00:08:41.000
Transferir creditos homologables,109264,12535,Transferir creditos homologables,12535,Fluxicon Disco,Variant 84,84,2016-07-01T00:08:41.000,2016-07-01T00:08:41.000
Transferir creditos homologables,109264,12535,Transferir creditos homologables,12535,Fluxicon Disco,Variant 84,84,2016-07-01T00:08:41.000,2016-07-01T00:08:41.000
End,109264,End,End,End,Fluxicon Disco,Variant 84,84,2016-07-01T00:08:41.000,2016-07-01T00:08:41.000
Start,109301,Start,Start,Start,Fluxicon Disco,Variant 3,3,2016-04-12T00:11:33.000,2016-04-12T00:11:33.000
Traer informacion estudiante - banner,109301,17525,Traer informacion estudiante - banner,17525,Fluxicon Disco,Variant 3,3,2016-04-12T00:11:33.000,2016-04-12T00:11:33.000
Radicar Solicitud Homologacion,109301,17525,Radicar Solicitud Homologacion,17525,Fluxicon Disco,Variant 3,3,2016-04-12T00:20:25.000,2016-04-12T00:11:37.000
Validar solicitud,109301,2292,Validar solicitud,2292,Fluxicon Disco,Variant 3,3,2016-04-13T03:13:46.000,2016-04-13T03:09:46.000
Homologacion por grupo de cursos,109301,7387,Homologacion por grupo de cursos,7387,Fluxicon Disco,Variant 3,3,2016-04-13T20:11:45.000,2016-04-13T20:07:45.000
Revisar curso,109301,2292,Revisar curso,2292,Fluxicon Disco,Variant 3,3,2016-04-13T20:07:46.000,2016-04-13T20:07:46.000
Evaluacion curso,109301,2292,Evaluacion curso,2292,Fluxicon Disco,Variant 3,3,2016-04-13T20:08:53.000,2016-04-13T20:08:53.000
Validacion final,109301,2292,Validacion final,2292,Fluxicon Disco,Variant 3,3,2016-04-13T20:12:10.000,2016-04-13T20:12:10.000
Visto Bueno Cierre Proceso,109301,7387,Visto Bueno Cierre Proceso,7387,Fluxicon Disco,Variant 3,3,2016-04-13T20:16:34.000,2016-04-13T20:12:34.000
End,109301,End,End,End,Fluxicon Disco,Variant 3,3,2016-04-13T20:16:34.000,2016-04-13T20:16:34.000
Start,109401,Start,Start,Start,Fluxicon Disco,Variant 5,5,2016-04-12T03:57:44.000,2016-04-12T03:57:44.000
Traer informacion estudiante - banner,109401,17965,Traer informacion estudiante - banner,17965,Fluxicon Disco,Variant 5,5,2016-04-12T03:57:44.000,2016-04-12T03:57:44.000
Notificacion estudiante cancelacion soli,99353,9187,Notificacion estudiante cancelacion soli,9187,Fluxicon Disco,Variant 8,8,2016-05-02T19:01:46.000,2016-05-02T19:01:46.000
End,99353,End,End,End,Fluxicon Disco,Variant 8,8,2016-05-02T19:01:46.000,2016-05-02T19:01:46.000
Start,99354,Start,Start,Start,Fluxicon Disco,Variant 7,7,2016-03-11T13:43:44.000,2016-03-11T13:43:44.000
Traer informacion estudiante - banner,99354,9187,Traer informacion estudiante - banner,9187,Fluxicon Disco,Variant 7,7,2016-03-11T13:43:44.000,2016-03-11T13:43:44.000
Radicar Solicitud Homologacion,99354,9187,Radicar Solicitud Homologacion,9187,Fluxicon Disco,Variant 7,7,2016-03-11T13:43:45.000,2016-03-11T13:43:45.000
Cancelar Solicitud,99354,9187,Cancelar Solicitud,9187,Fluxicon Disco,Variant 7,7,2016-03-11T17:57:07.000,2016-03-11T13:45:07.000
Validar solicitud,99354,387,Validar solicitud,387,Fluxicon Disco,Variant 7,7,2016-03-11T13:46:20.000,2016-03-11T13:45:07.000
Notificacion estudiante cancelacion soli,99354,9187,Notificacion estudiante cancelacion soli,9187,Fluxicon Disco,Variant 7,7,2016-05-02T19:02:38.000,2016-05-02T19:02:38.000
End,99354,End,End,End,Fluxicon Disco,Variant 7,7,2016-05-02T19:02:38.000,2016-05-02T19:02:38.000
Start,99402,Start,Start,Start,Fluxicon Disco,Variant 1,1,2016-03-11T14:17:26.000,2016-03-11T14:17:26.000
Traer informacion estudiante - banner,99402,2981,Traer informacion estudiante - banner,2981,Fluxicon Disco,Variant 1,1,2016-03-11T14:17:26.000,2016-03-11T14:17:26.000
Radicar Solicitud Homologacion,99402,2981,Radicar Solicitud Homologacion,2981,Fluxicon Disco,Variant 1,1,2016-03-11T14:21:11.000,2016-03-11T14:17:29.000
Cancelar Solicitud,99402,2981,Cancelar Solicitud,2981,Fluxicon Disco,Variant 1,1,2016-03-11T18:28:50.000,2016-03-11T18:24:50.000
Notificacion estudiante cancelacion soli,99402,2981,Notificacion estudiante cancelacion soli,2981,Fluxicon Disco,Variant 1,1,2016-03-13T20:40:26.000,2016-03-13T20:40:26.000
End,99402,End,End,End,Fluxicon Disco,Variant 1,1,2016-03-13T20:40:26.000,2016-03-13T20:40:26.000
Start,99552,Start,Start,Start,Fluxicon Disco,Variant 4,4,2016-03-11T23:17:52.000,2016-03-11T23:17:52.000
Traer informacion estudiante - banner,99552,7664,Traer informacion estudiante - banner,7664,Fluxicon Disco,Variant 4,4,2016-03-11T23:17:52.000,2016-03-11T23:17:52.000
Radicar Solicitud Homologacion,99552,7664,Radicar Solicitud Homologacion,7664,Fluxicon Disco,Variant 4,4,2016-03-11T23:18:02.000,2016-03-11T23:17:53.000
Validar solicitud,99552,294,Validar solicitud,294,Fluxicon Disco,Variant 4,4,2016-03-12T00:15:49.000,2016-03-11T23:27:10.000
Homologacion por grupo de cursos,99552,294,Homologacion por grupo de cursos,294,Fluxicon Disco,Variant 4,4,2016-03-29T15:08:22.000,2016-03-29T15:06:49.000
Revisar curso,99552,294,Revisar curso,294,Fluxicon Disco,Variant 4,4,2016-03-29T15:06:49.000,2016-03-29T15:06:49.000
Evaluacion curso,99552,294,Evaluacion curso,294,Fluxicon Disco,Variant 4,4,2016-03-29T15:08:44.000,2016-03-29T15:07:11.000
Validar solicitud / pre-homologacion,99552,294,Validar solicitud / pre-homologacion,294,Fluxicon Disco,Variant 4,4,2016-03-29T16:40:12.000,2016-03-29T16:40:12.000
End,99552,End,End,End,Fluxicon Disco,Variant 4,4,2016-03-29T16:40:12.000,2016-03-29T16:40:12.000
Start,99651,Start,Start,Start,Fluxicon Disco,Variant 21,21,2016-03-12T00:10:54.000,2016-03-12T00:10:54.000
Traer informacion estudiante - banner,99651,9336,Traer informacion estudiante - banner,9336,Fluxicon Disco,Variant 21,21,2016-03-12T00:10:54.000,2016-03-12T00:10:54.000
Radicar Solicitud Homologacion,99651,9336,Radicar Solicitud Homologacion,9336,Fluxicon Disco,Variant 21,21,2016-03-12T00:10:59.000,2016-03-12T00:10:59.000
Validar solicitud,99651,677,Validar solicitud,677,Fluxicon Disco,Variant 21,21,2016-03-12T00:41:36.000,2016-03-12T00:17:36.000
Homologacion por grupo de cursos,99651,3445,Homologacion por grupo de cursos,3445,Fluxicon Disco,Variant 21,21,2016-03-17T00:13:31.000,2016-03-17T00:13:31.000
Validacion final,99651,677,Validacion final,677,Fluxicon Disco,Variant 21,21,2016-03-17T00:13:31.000,2016-03-17T00:13:31.000
Visto Bueno Cierre Proceso,99651,3445,Visto Bueno Cierre Proceso,3445,Fluxicon Disco,Variant 21,21,2016-03-17T00:13:48.000,2016-03-17T00:13:48.000
End,99651,End,End,End,Fluxicon Disco,Variant 21,21,2016-03-17T00:13:48.000,2016-03-17T00:13:48.000
Start,99751,Start,Start,Start,Fluxicon Disco,Variant 5,5,2016-03-11T21:49:15.000,2016-03-11T21:49:15.000
Traer informacion estudiante - banner,99751,19582,Traer informacion estudiante - banner,19582,Fluxicon Disco,Variant 5,5,2016-03-11T21:49:15.000,2016-03-11T21:49:15.000
Radicar Solicitud Homologacion,99751,19582,Radicar Solicitud Homologacion,19582,Fluxicon Disco,Variant 5,5,2016-03-11T21:49:20.000,2016-03-11T21:49:18.000
Notificacion estudiante cancelacion soli,99751,1,Notificacion estudiante cancelacion soli,1,Fluxicon Disco,Variant 5,5,2016-03-22T20:16:02.000,2016-03-22T20:16:02.000
End,99751,End,End,End,Fluxicon Disco,Variant 5,5,2016-03-22T20:16:02.000,2016-03-22T20:16:02.000
Start,99801,Start,Start,Start,Fluxicon Disco,Variant 68,68,2016-03-12T12:28:01.000,2016-03-12T12:28:01.000
Traer informacion estudiante - banner,99801,8614,Traer informacion estudiante - banner,8614,Fluxicon Disco,Variant 68,68,2016-03-12T12:28:01.000,2016-03-12T12:28:01.000
Radicar Solicitud Homologacion,99801,8614,Radicar Solicitud Homologacion,8614,Fluxicon Disco,Variant 68,68,2016-03-12T12:28:09.000,2016-03-12T12:28:09.000
Validar solicitud,99801,677,Validar solicitud,677,Fluxicon Disco,Variant 68,68,2016-03-12T13:32:54.000,2016-03-12T13:08:54.000
Homologacion por grupo de cursos,99801,3445,Homologacion por grupo de cursos,3445,Fluxicon Disco,Variant 68,68,2016-03-17T07:22:04.000,2016-03-17T00:25:24.000
Recepcion de documentos,99801,26789,Recepcion de documentos,26789,Fluxicon Disco,Variant 68,68,2016-03-17T05:49:31.000,2016-03-17T00:25:24.000
Revisar curso,99801,677,Revisar curso,677,Fluxicon Disco,Variant 68,68,2016-03-17T00:25:24.000,2016-03-17T00:25:24.000
Evaluacion curso,99801,6985,Evaluacion curso,6985,Fluxicon Disco,Variant 68,68,2016-03-17T07:22:00.000,2016-03-17T00:30:00.000
Validar solicitud / pre-homologacion,99801,677,Validar solicitud / pre-homologacion,677,Fluxicon Disco,Variant 68,68,2016-06-08T20:54:12.000,2016-06-08T20:50:01.000
Validacion final,99801,677,Validacion final,677,Fluxicon Disco,Variant 68,68,2016-06-09T15:11:38.000,2016-06-09T15:11:38.000
Visto Bueno Cierre Proceso,99801,3445,Visto Bueno Cierre Proceso,3445,Fluxicon Disco,Variant 68,68,2016-06-09T15:12:58.000,2016-06-09T15:12:31.000
Transferir Creditos,99801,3445,Transferir Creditos,3445,Fluxicon Disco,Variant 68,68,2016-06-09T15:39:58.000,2016-06-09T15:39:58.000
Transferir creditos homologables,99801,3445,Transferir creditos homologables,3445,Fluxicon Disco,Variant 68,68,2016-06-09T15:39:59.000,2016-06-09T15:39:59.000
Transferir creditos homologables,99801,3445,Transferir creditos homologables,3445,Fluxicon Disco,Variant 68,68,2016-06-09T15:39:59.000,2016-06-09T15:39:59.000
Transferir creditos homologables,99801,3445,Transferir creditos homologables,3445,Fluxicon Disco,Variant 68,68,2016-06-09T15:39:59.000,2016-06-09T15:39:59.000
Transferir creditos homologables,99801,3445,Transferir creditos homologables,3445,Fluxicon Disco,Variant 68,68,2016-06-09T15:39:59.000,2016-06-09T15:39:59.000
Transferir creditos homologables,99801,3445,Transferir creditos homologables,3445,Fluxicon Disco,Variant 68,68,2016-06-09T15:39:59.000,2016-06-09T15:39:59.000
Transferir creditos homologables,99801,3445,Transferir creditos homologables,3445,Fluxicon Disco,Variant 68,68,2016-06-09T15:39:59.000,2016-06-09T15:39:59.000
End,99801,End,End,End,Fluxicon Disco,Variant 68,68,2016-06-09T15:39:59.000,2016-06-09T15:39:59.000