task,caseid,user,Activity_1,Resource_1,creator,variant,variant_index,end_timestamp,start_timestamp
Start,Case1,Start,Start,Start,Fluxicon Disco,Variant 7,7,2012-01-30T05:24:00.000,2012-01-30T05:24:00.000
Turning & Milling,Case1,ID4932,Turning & Milling,ID4932,Fluxicon Disco,Variant 7,7,2012-01-30T11:43:00.000,2012-01-30T05:24:00.000
Turning & Milling,Case1,ID4932,Turning & Milling,ID4932,Fluxicon Disco,Variant 7,7,2012-01-30T12:42:00.000,2012-01-30T11:44:00.000
Turning & Milling,Case1,ID4167,Turning & Milling,ID4167,Fluxicon Disco,Variant 7,7,2012-01-30T13:21:00.000,2012-01-30T12:59:00.000
Turning & Milling,Case1,ID4167,Turning & Milling,ID4167,Fluxicon Disco,Variant 7,7,2012-01-30T16:58:00.000,2012-01-30T13:21:00.000
Turning & Milling Q.C.,Case1,ID4163,Turning & Milling Q.C.,ID4163,Fluxicon Disco,Variant 7,7,2012-01-31T20:50:00.000,2012-01-31T19:20:00.000
Laser Marking,Case1,ID0998,Laser Marking,ID0998,Fluxicon Disco,Variant 7,7,2012-02-01T14:27:00.000,2012-02-01T14:18:00.000
Lapping,Case1,ID4882,Lapping,ID4882,Fluxicon Disco,Variant 7,7,2012-02-14T07:15:00.000,2012-02-14T06:00:00.000
Lapping,Case1,ID4882,Lapping,ID4882,Fluxicon Disco,Variant 7,7,2012-02-14T07:15:00.000,2012-02-14T06:00:00.000
Lapping,Case1,ID4882,Lapping,ID4882,Fluxicon Disco,Variant 7,7,2012-02-14T15:38:00.000,2012-02-14T15:05:00.000
Lapping,Case1,ID4882,Lapping,ID4882,Fluxicon Disco,Variant 7,7,2012-02-14T16:20:00.000,2012-02-14T15:05:00.000
Round Grinding,Case1,ID4445,Round Grinding,ID4445,Fluxicon Disco,Variant 7,7,2012-02-14T19:37:00.000,2012-02-14T15:13:00.000
Round Grinding,Case1,ID4445,Round Grinding,ID4445,Fluxicon Disco,Variant 7,7,2012-02-14T21:27:00.000,2012-02-14T19:37:00.000
Final Inspection Q.C.,Case1,ID4493,Final Inspection Q.C.,ID4493,Fluxicon Disco,Variant 7,7,2012-02-16T13:59:00.000,2012-02-16T12:59:00.000
Final Inspection Q.C.,Case1,ID4493,Final Inspection Q.C.,ID4493,Fluxicon Disco,Variant 7,7,2012-02-16T19:58:00.000,2012-02-16T18:11:00.000
Final Inspection Q.C.,Case1,ID4493,Final Inspection Q.C.,ID4493,Fluxicon Disco,Variant 7,7,2012-02-16T22:12:00.000,2012-02-16T18:43:00.000
Packing,Case1,ID4820,Packing,ID4820,Fluxicon Disco,Variant 7,7,2012-02-17T07:00:00.000,2012-02-17T06:00:00.000
End,Case1,End,End,End,Fluxicon Disco,Variant 7,7,2012-02-17T07:00:00.000,2012-02-17T07:00:00.000
Start,Case10,Start,Start,Start,Fluxicon Disco,Variant 8,8,2012-01-17T13:01:00.000,2012-01-17T13:01:00.000
Turning & Milling,Case10,ID3846,Turning & Milling,ID3846,Fluxicon Disco,Variant 8,8,2012-01-17T17:05:00.000,2012-01-17T13:01:00.000
Turning Q.C.,Case10,ID4618,Turning Q.C.,ID4618,Fluxicon Disco,Variant 8,8,2012-01-17T17:15:00.000,2012-01-17T17:00:00.000
Turning & Milling,Case10,ID4132,Turning & Milling,ID4132,Fluxicon Disco,Variant 8,8,2012-01-18T02:01:00.000,2012-01-18T01:24:00.000
Turning & Milling,Case10,ID4132,Turning & Milling,ID4132,Fluxicon Disco,Variant 8,8,2012-01-18T05:43:00.000,2012-01-18T02:01:00.000
Turning & Milling,Case10,ID4794,Turning & Milling,ID4794,Fluxicon Disco,Variant 8,8,2012-01-18T12:32:00.000,2012-01-18T05:49:00.000
Turning & Milling,Case10,ID3846,Turning & Milling,ID3846,Fluxicon Disco,Variant 8,8,2012-01-18T13:24:00.000,2012-01-18T12:59:00.000
Turning & Milling,Case10,ID4132,Turning & Milling,ID4132,Fluxicon Disco,Variant 8,8,2012-01-18T23:55:00.000,2012-01-18T22:33:00.000
Turning & Milling,Case10,ID4132,Turning & Milling,ID4132,Fluxicon Disco,Variant 8,8,2012-01-19T02:04:00.000,2012-01-18T23:57:00.000
Turning & Milling,Case10,ID4794,Turning & Milling,ID4794,Fluxicon Disco,Variant 8,8,2012-01-19T12:29:00.000,2012-01-19T02:10:00.000
Turning & Milling,Case10,ID4132,Turning & Milling,ID4132,Fluxicon Disco,Variant 8,8,2012-01-20T00:09:00.000,2012-01-19T22:12:00.000
Turning & Milling,Case10,ID4132,Turning & Milling,ID4132,Fluxicon Disco,Variant 8,8,2012-01-20T02:08:00.000,2012-01-20T00:10:00.000
Turning & Milling,Case10,ID4794,Turning & Milling,ID4794,Fluxicon Disco,Variant 8,8,2012-01-20T11:10:00.000,2012-01-20T02:09:00.000
Turning & Milling,Case10,ID4641,Turning & Milling,ID4641,Fluxicon Disco,Variant 8,8,2012-01-22T12:34:00.000,2012-01-22T08:42:00.000
Turning & Milling,Case10,ID3846,Turning & Milling,ID3846,Fluxicon Disco,Variant 8,8,2012-01-22T13:13:00.000,2012-01-22T13:00:00.000
Turning & Milling,Case10,ID3846,Turning & Milling,ID3846,Fluxicon Disco,Variant 8,8,2012-01-22T23:47:00.000,2012-01-22T15:02:00.000
Turning Q.C.,Case10,ID4618,Turning Q.C.,ID4618,Fluxicon Disco,Variant 8,8,2012-01-23T16:26:00.000,2012-01-23T13:54:00.000
Laser Marking,Case10,ID4794,Laser Marking,ID4794,Fluxicon Disco,Variant 8,8,2012-01-25T16:57:00.000,2012-01-25T15:31:00.000
Laser Marking,Case10,ID4882,Laser Marking,ID4882,Fluxicon Disco,Variant 8,8,2012-01-25T18:54:00.000,2012-01-25T17:00:00.000
Laser Marking,Case10,ID4882,Laser Marking,ID4882,Fluxicon Disco,Variant 8,8,2012-01-25T20:09:00.000,2012-01-25T19:22:00.000
Flat Grinding,Case10,ID0998,Flat Grinding,ID0998,Fluxicon Disco,Variant 8,8,2012-01-27T19:00:00.000,2012-01-27T16:30:00.000
Flat Grinding,Case10,ID0998,Flat Grinding,ID0998,Fluxicon Disco,Variant 8,8,2012-01-29T21:06:00.000,2012-01-29T14:09:00.000
Flat Grinding,Case10,ID0998,Flat Grinding,ID0998,Fluxicon Disco,Variant 8,8,2012-01-30T22:59:00.000,2012-01-30T21:19:00.000
Final Inspection Q.C.,Case10,ID4618,Final Inspection Q.C.,ID4618,Fluxicon Disco,Variant 8,8,2012-02-02T20:16:00.000,2012-02-02T18:38:00.000
Packing,Case10,ID4820,Packing,ID4820,Fluxicon Disco,Variant 8,8,2012-02-03T07:00:00.000,2012-02-03T06:00:00.000
End,Case10,End,End,End,Fluxicon Disco,Variant 8,8,2012-02-03T07:00:00.000,2012-02-03T07:00:00.000
Start,Case100,Start,Start,Start,Fluxicon Disco,Variant 9,9,2012-02-20T23:09:00.000,2012-02-20T23:09:00.000
Turning & Milling,Case100,ID4219,Turning & Milling,ID4219,Fluxicon Disco,Variant 9,9,2012-02-20T23:57:00.000,2012-02-20T23:09:00.000
Turning & Milling,Case100,ID4529,Turning & Milling,ID4529,Fluxicon Disco,Variant 9,9,2012-02-21T08:57:00.000,2012-02-21T04:57:00.000
Turning & Milling,Case100,ID4219,Turning & Milling,ID4219,Fluxicon Disco,Variant 9,9,2012-02-21T17:03:00.000,2012-02-21T12:45:00.000
Turning & Milling,Case100,ID4219,Turning & Milling,ID4219,Fluxicon Disco,Variant 9,9,2012-02-21T18:08:00.000,2012-02-21T17:04:00.000
Turning & Milling Q.C.,Case100,ID4618,Turning & Milling Q.C.,ID4618,Fluxicon Disco,Variant 9,9,2012-02-22T21:10:00.000,2012-02-22T20:48:00.000
Laser Marking,Case100,ID0998,Laser Marking,ID0998,Fluxicon Disco,Variant 9,9,2012-03-11T17:06:00.000,2012-03-11T17:05:00.000
Flat Grinding,Case100,ID0998,Flat Grinding,ID0998,Fluxicon Disco,Variant 9,9,2012-03-11T18:45:00.000,2012-03-11T18:23:00.000
Lapping,Case100,ID4882,Lapping,ID4882,Fluxicon Disco,Variant 9,9,2012-03-11T19:18:00.000,2012-03-11T18:46:00.000
Round Grinding,Case100,ID4445,Round Grinding,ID4445,Fluxicon Disco,Variant 9,9,2012-03-13T16:41:00.000,2012-03-13T16:34:00.000
Round Grinding,Case100,ID4445,Round Grinding,ID4445,Fluxicon Disco,Variant 9,9,2012-03-13T21:12:00.000,2012-03-13T16:41:00.000
Grinding Rework,Case100,ID4872,Grinding Rework,ID4872,Fluxicon Disco,Variant 9,9,2012-03-16T18:40:00.000,2012-03-16T17:30:00.000
Final Inspection Q.C.,Case100,ID4618,Final Inspection Q.C.,ID4618,Fluxicon Disco,Variant 9,9,2012-03-19T20:06:00.000,2012-03-19T17:21:00.000
Packing,Case100,ID4820,Packing,ID4820,Fluxicon Disco,Variant 9,9,2012-03-21T07:00:00.000,2012-03-21T06:00:00.000
Final Inspection Q.C.,Case100,ID4618,Final Inspection Q.C.,ID4618,Fluxicon Disco,Variant 9,9,2012-03-21T13:03:00.000,2012-03-21T13:02:00.000
End,Case100,End,End,End,Fluxicon Disco,Variant 9,9,2012-03-21T13:03:00.000,2012-03-21T13:03:00.000
Start,Case101,Start,Start,Start,Fluxicon Disco,Variant 10,10,2012-03-14T00:47:00.000,2012-03-14T00:47:00.000
Setup,Case101,ID4219,Setup,ID4219,Fluxicon Disco,Variant 10,10,2012-03-14T02:03:00.000,2012-03-14T00:47:00.000
Turning & Milling,Case101,ID4219,Turning & Milling,ID4219,Fluxicon Disco,Variant 10,10,2012-03-14T05:03:00.000,2012-03-14T02:38:00.000
Turning & Milling,Case101,ID4219,Turning & Milling,ID4219,Fluxicon Disco,Variant 10,10,2012-03-14T05:49:00.000,2012-03-14T05:04:00.000
Turning & Milling,Case101,ID4219,Turning & Milling,ID4219,Fluxicon Disco,Variant 10,10,2012-03-14T07:06:00.000,2012-03-14T05:50:00.000
Turning & Milling,Case101,ID4794,Turning & Milling,ID4794,Fluxicon Disco,Variant 10,10,2012-03-14T12:28:00.000,2012-03-14T07:06:00.000
Turning & Milling,Case101,ID0997,Turning & Milling,ID0997,Fluxicon Disco,Variant 10,10,2012-03-14T13:48:00.000,2012-03-14T13:02:00.000
Turning & Milling,Case101,ID0997,Turning & Milling,ID0997,Fluxicon Disco,Variant 10,10,2012-03-14T17:10:00.000,2012-03-14T13:49:00.000
Turning & Milling,Case101,ID0997,Turning & Milling,ID0997,Fluxicon Disco,Variant 10,10,2012-03-14T19:30:00.000,2012-03-14T17:11:00.000
Turning & Milling Q.C.,Case101,ID4618,Turning & Milling Q.C.,ID4618,Fluxicon Disco,Variant 10,10,2012-03-14T20:48:00.000,2012-03-14T19:33:00.000
Flat Grinding,Case101,ID0998,Flat Grinding,ID0998,Fluxicon Disco,Variant 10,10,2012-03-15T16:55:00.000,2012-03-15T15:55:00.000
Lapping,Case101,ID0998,Lapping,ID0998,Fluxicon Disco,Variant 10,10,2012-03-23T18:40:00.000,2012-03-23T17:00:00.000
Round Grinding,Case101,ID4528,Round Grinding,ID4528,Fluxicon Disco,Variant 10,10,2012-03-25T06:45:00.000,2012-03-25T05:15:00.000
Round Grinding,Case101,ID4528,Round Grinding,ID4528,Fluxicon Disco,Variant 10,10,2012-03-25T13:45:00.000,2012-03-25T06:45:00.000
Final Inspection Q.C.,Case101,ID4618,Final Inspection Q.C.,ID4618,Fluxicon Disco,Variant 10,10,2012-03-25T18:31:00.000,2012-03-25T13:50:00.000
Lapping,Case101,ID0998,Lapping,ID0998,Fluxicon Disco,Variant 10,10,2012-03-25T18:00:00.000,2012-03-25T17:00:00.000
Laser Marking,Case101,ID0998,Laser Marking,ID0998,Fluxicon Disco,Variant 10,10,2012-03-25T18:29:00.000,2012-03-25T18:15:00.000
Packing,Case101,ID4820,Packing,ID4820,Fluxicon Disco,Variant 10,10,2012-03-26T08:00:00.000,2012-03-26T07:00:00.000
End,Case101,End,End,End,Fluxicon Disco,Variant 10,10,2012-03-26T08:00:00.000,2012-03-26T08:00:00.000
Start,Case102,Start,Start,Start,Fluxicon Disco,Variant 11,11,2012-02-27T22:40:00.000,2012-02-27T22:40:00.000
Turning & Milling,Case102,ID4219,Turning & Milling,ID4219,Fluxicon Disco,Variant 11,11,2012-02-28T03:09:00.000,2012-02-27T22:40:00.000
Turning & Milling,Case102,ID4219,Turning & Milling,ID4219,Fluxicon Disco,Variant 11,11,2012-02-28T07:23:00.000,2012-02-28T03:46:00.000
Turning & Milling,Case102,ID0997,Turning & Milling,ID0997,Fluxicon Disco,Variant 11,11,2012-02-28T19:26:00.000,2012-02-28T17:00:00.000
Turning & Milling,Case102,ID0997,Turning & Milling,ID0997,Fluxicon Disco,Variant 11,11,2012-02-28T22:12:00.000,2012-02-28T20:20:00.000
Turning & Milling Q.C.,Case102,ID4287,Turning & Milling Q.C.,ID4287,Fluxicon Disco,Variant 11,11,2012-02-28T21:25:00.000,2012-02-28T20:35:00.000
Turning & Milling,Case102,ID0997,Turning & Milling,ID0997,Fluxicon Disco,Variant 11,11,2012-02-28T23:56:00.000,2012-02-28T22:12:00.000
Turning & Milling,Case102,ID4219,Turning & Milling,ID4219,Fluxicon Disco,Variant 11,11,2012-02-29T07:29:00.000,2012-02-29T03:28:00.000
Turning & Milling,Case102,ID4794,Turning & Milling,ID4794,Fluxicon Disco,Variant 11,11,2012-02-29T10:31:00.000,2012-02-29T07:30:00.000
Turning & Milling,Case102,ID0997,Turning & Milling,ID0997,Fluxicon Disco,Variant 11,11,2012-02-29T17:05:00.000,2012-02-29T13:32:00.000
Turning & Milling,Case102,ID0997,Turning & Milling,ID0997,Fluxicon Disco,Variant 11,11,2012-02-29T22:00:00.000,2012-02-29T17:05:00.000
Turning & Milling Q.C.,Case102,ID4287,Turning & Milling Q.C.,ID4287,Fluxicon Disco,Variant 11,11,2012-02-29T22:00:00.000,2012-02-29T21:00:00.000
Turning & Milling,Case102,ID0997,Turning & Milling,ID0997,Fluxicon Disco,Variant 11,11,2012-02-29T23:20:00.000,2012-02-29T22:00:00.000
Turning & Milling Q.C.,Case102,ID4287,Turning & Milling Q.C.,ID4287,Fluxicon Disco,Variant 11,11,2012-02-29T22:36:00.000,2012-02-29T22:04:00.000
Turning & Milling,Case102,ID0997,Turning & Milling,ID0997,Fluxicon Disco,Variant 11,11,2012-02-29T23:48:00.000,2012-02-29T23:19:00.000
Turning & Milling,Case102,ID4219,Turning & Milling,ID4219,Fluxicon Disco,Variant 11,11,2012-03-01T06:11:00.000,2012-03-01T04:27:00.000
Turning & Milling Q.C.,Case102,ID4287,Turning & Milling Q.C.,ID4287,Fluxicon Disco,Variant 11,11,2012-03-01T16:49:00.000,2012-03-01T15:30:00.000
Turning & Milling Q.C.,Case102,ID4287,Turning & Milling Q.C.,ID4287,Fluxicon Disco,Variant 11,11,2012-03-06T07:15:00.000,2012-03-06T06:00:00.000
Laser Marking,Case102,ID0998,Laser Marking,ID0998,Fluxicon Disco,Variant 11,11,2012-03-08T20:41:00.000,2012-03-08T19:32:00.000
Lapping,Case102,ID4882,Lapping,ID4882,Fluxicon Disco,Variant 11,11,2012-03-09T07:15:00.000,2012-03-09T06:00:00.000
Lapping,Case102,ID0998,Lapping,ID0998,Fluxicon Disco,Variant 11,11,2012-03-11T17:04:00.000,2012-03-11T15:38:00.000
Round Grinding,Case102,ID4528,Round Grinding,ID4528,Fluxicon Disco,Variant 11,11,2012-03-12T02:00:00.000,2012-03-12T01:25:00.000
Round Grinding,Case102,ID4528,Round Grinding,ID4528,Fluxicon Disco,Variant 11,11,2012-03-12T05:40:00.000,2012-03-12T02:00:00.000
Round Grinding,Case102,ID4445,Round Grinding,ID4445,Fluxicon Disco,Variant 11,11,2012-03-12T14:04:00.000,2012-03-12T13:03:00.000
Round Grinding,Case102,ID4287,Round Grinding,ID4287,Fluxicon Disco,Variant 11,11,2012-03-12T14:09:00.000,2012-03-12T13:50:00.000
Round Grinding,Case102,ID4445,Round Grinding,ID4445,Fluxicon Disco,Variant 11,11,2012-03-12T14:09:00.000,2012-03-12T14:02:00.000
Round Grinding,Case102,ID4287,Round Grinding,ID4287,Fluxicon Disco,Variant 11,11,2012-03-12T16:57:00.000,2012-03-12T14:10:00.000
Round Grinding,Case102,ID4445,Round Grinding,ID4445,Fluxicon Disco,Variant 11,11,2012-03-12T16:58:00.000,2012-03-12T16:00:00.000
Final Inspection Q.C.,Case102,ID4287,Final Inspection Q.C.,ID4287,Fluxicon Disco,Variant 11,11,2012-03-12T23:00:00.000,2012-03-12T20:00:00.000
Final Inspection Q.C.,Case102,ID4287,Final Inspection Q.C.,ID4287,Fluxicon Disco,Variant 11,11,2012-03-13T14:06:00.000,2012-03-13T14:00:00.000
Packing,Case102,ID4820,Packing,ID4820,Fluxicon Disco,Variant 11,11,2012-03-14T07:00:00.000,2012-03-14T06:00:00.000
End,Case102,End,End,End,Fluxicon Disco,Variant 11,11,2012-03-14T07:00:00.000,2012-03-14T07:00:00.000
Start,Case103,Start,Start,Start,Fluxicon Disco,Variant 12,12,2012-03-06T15:10:00.000,2012-03-06T15:10:00.000
Turning & Milling,Case103,ID4219,Turning & Milling,ID4219,Fluxicon Disco,Variant 12,12,2012-03-06T16:18:00.000,2012-03-06T15:10:00.000
Turning & Milling,Case103,ID0997,Turning & Milling,ID0997,Fluxicon Disco,Variant 12,12,2012-03-08T12:51:00.000,2012-03-08T10:19:00.000
Turning & Milling,Case103,ID4219,Turning & Milling,ID4219,Fluxicon Disco,Variant 12,12,2012-03-08T22:38:00.000,2012-03-08T16:04:00.000
Turning & Milling,Case103,ID0997,Turning & Milling,ID0997,Fluxicon Disco,Variant 12,12,2012-03-09T10:35:00.000,2012-03-09T02:24:00.000
Turning & Milling,Case103,ID0997,Turning & Milling,ID0997,Fluxicon Disco,Variant 12,12,2012-03-09T13:27:00.000,2012-03-09T10:35:00.000
Turning & Milling Q.C.,Case103,ID4618,Turning & Milling Q.C.,ID4618,Fluxicon Disco,Variant 12,12,2012-03-09T16:38:00.000,2012-03-09T13:32:00.000
Turning & Milling,Case103,ID4219,Turning & Milling,ID4219,Fluxicon Disco,Variant 12,12,2012-03-09T16:27:00.000,2012-03-09T13:32:00.000
Turning & Milling Q.C.,Case103,ID4618,Turning & Milling Q.C.,ID4618,Fluxicon Disco,Variant 12,12,2012-03-11T14:16:00.000,2012-03-11T13:42:00.000
Turning & Milling,Case103,ID0997,Turning & Milling,ID0997,Fluxicon Disco,Variant 12,12,2012-03-11T16:37:00.000,2012-03-11T15:03:00.000
Turning & Milling,Case103,ID0997,Turning & Milling,ID0997,Fluxicon Disco,Variant 12,12,2012-03-11T17:48:00.000,2012-03-11T16:37:00.000
Turning & Milling,Case103,ID0997,Turning & Milling,ID0997,Fluxicon Disco,Variant 12,12,2012-03-11T22:09:00.000,2012-03-11T17:49:00.000
Turning & Milling,Case103,ID4219,Turning & Milling,ID4219,Fluxicon Disco,Variant 12,12,2012-03-12T00:35:00.000,2012-03-11T22:35:00.000
Turning & Milling Q.C.,Case103,ID4618,Turning & Milling Q.C.,ID4618,Fluxicon Disco,Variant 12,12,2012-03-12T14:28:00.000,2012-03-12T14:27:00.000
Laser Marking,Case103,ID4355,Laser Marking,ID4355,Fluxicon Disco,Variant 12,12,2012-03-13T16:46:00.000,2012-03-13T15:54:00.000
Flat Grinding,Case103,ID0998,Flat Grinding,ID0998,Fluxicon Disco,Variant 12,12,2012-03-13T20:04:00.000,2012-03-13T19:27:00.000
Final Inspection Q.C.,Case103,ID4618,Final Inspection Q.C.,ID4618,Fluxicon Disco,Variant 12,12,2012-03-13T23:57:00.000,2012-03-13T20:07:00.000
Final Inspection Q.C.,Case103,ID4618,Final Inspection Q.C.,ID4618,Fluxicon Disco,Variant 12,12,2012-03-14T16:35:00.000,2012-03-14T12:58:00.000
Final Inspection Q.C.,Case103,ID4618,Final Inspection Q.C.,ID4618,Fluxicon Disco,Variant 12,12,2012-03-14T18:04:00.000,2012-03-14T18:03:00.000
Packing,Case103,ID4820,Packing,ID4820,Fluxicon Disco,Variant 12,12,2012-03-15T07:00:00.000,2012-03-15T06:00:00.000
End,Case103,End,End,End,Fluxicon Disco,Variant 12,12,2012-03-15T07:00:00.000,2012-03-15T07:00:00.000
Start,Case104,Start,Start,Start,Fluxicon Disco,Variant 13,13,2012-03-20T02:43:00.000,2012-03-20T02:43:00.000
Turning & Milling,Case104,ID4529,Turning & Milling,ID4529,Fluxicon Disco,Variant 13,13,2012-03-20T08:26:00.000,2012-03-20T02:43:00.000
Turning & Milling,Case104,ID4529,Turning & Milling,ID4529,Fluxicon Disco,Variant 13,13,2012-03-20T12:41:00.000,2012-03-20T08:27:00.000
Turning & Milling,Case104,ID4429,Turning & Milling,ID4429,Fluxicon Disco,Variant 13,13,2012-03-20T17:07:00.000,2012-03-20T13:00:00.000
Turning & Milling Q.C.,Case104,ID4493,Turning & Milling Q.C.,ID4493,Fluxicon Disco,Variant 13,13,2012-03-20T17:54:00.000,2012-03-20T15:54:00.000
Turning & Milling Q.C.,Case104,ID4493,Turning & Milling Q.C.,ID4493,Fluxicon Disco,Variant 13,13,2012-03-21T13:41:00.000,2012-03-21T12:55:00.000
Laser Marking,Case104,ID4718,Laser Marking,ID4718,Fluxicon Disco,Variant 13,13,2012-03-21T15:49:00.000,2012-03-21T15:21:00.000
End,Case104,End,End,End,Fluxicon Disco,Variant 13,13,2012-03-21T15:49:00.000,2012-03-21T15:49:00.000
Start,Case105,Start,Start,Start,Fluxicon Disco,Variant 5,5,2012-03-21T05:18:00.000,2012-03-21T05:18:00.000
Turning & Milling,Case105,ID4167,Turning & Milling,ID4167,Fluxicon Disco,Variant 5,5,2012-03-21T12:34:00.000,2012-03-21T05:18:00.000
Turning & Milling,Case105,ID4932,Turning & Milling,ID4932,Fluxicon Disco,Variant 5,5,2012-03-21T16:31:00.000,2012-03-21T13:18:00.000
End,Case105,End,End,End,Fluxicon Disco,Variant 5,5,2012-03-21T16:31:00.000,2012-03-21T16:31:00.000
Start,Case106,Start,Start,Start,Fluxicon Disco,Variant 14,14,2012-03-15T16:14:00.000,2012-03-15T16:14:00.000
Turning & Milling,Case106,ID0997,Turning & Milling,ID0997,Fluxicon Disco,Variant 14,14,2012-03-15T21:44:00.000,2012-03-15T16:14:00.000
Turning & Milling,Case106,ID4219,Turning & Milling,ID4219,Fluxicon Disco,Variant 14,14,2012-03-16T02:38:00.000,2012-03-15T22:55:00.000
Turning & Milling Q.C.,Case106,ID4618,Turning & Milling Q.C.,ID4618,Fluxicon Disco,Variant 14,14,2012-03-19T13:28:00.000,2012-03-19T13:00:00.000
Laser Marking,Case106,ID0998,Laser Marking,ID0998,Fluxicon Disco,Variant 14,14,2012-03-19T16:51:00.000,2012-03-19T15:38:00.000
Flat Grinding,Case106,ID4882,Flat Grinding,ID4882,Fluxicon Disco,Variant 14,14,2012-03-19T21:20:00.000,2012-03-19T20:42:00.000
Final Inspection Q.C.,Case106,ID4618,Final Inspection Q.C.,ID4618,Fluxicon Disco,Variant 14,14,2012-03-21T23:57:00.000,2012-03-21T21:27:00.000
Packing,Case106,ID4820,Packing,ID4820,Fluxicon Disco,Variant 14,14,2012-03-22T07:00:00.000,2012-03-22T06:00:00.000
Final Inspection Q.C.,Case106,ID4618,Final Inspection Q.C.,ID4618,Fluxicon Disco,Variant 14,14,2012-03-22T19:05:00.000,2012-03-22T17:50:00.000
End,Case106,End,End,End,Fluxicon Disco,Variant 14,14,2012-03-22T19:05:00.000,2012-03-22T19:05:00.000
Start,Case107,Start,Start,Start,Fluxicon Disco,Variant 1,1,2012-03-30T13:36:00.000,2012-03-30T13:36:00.000
Turning & Milling,Case107,ID4132,Turning & Milling,ID4132,Fluxicon Disco,Variant 1,1,2012-03-30T18:47:00.000,2012-03-30T13:36:00.000
End,Case107,End,End,End,Fluxicon Disco,Variant 1,1,2012-03-30T18:47:00.000,2012-03-30T18:47:00.000
Start,Case108,Start,Start,Start,Fluxicon Disco,Variant 15,15,2012-02-27T07:18:00.000,2012-02-27T07:18:00.000
Turning & Milling,Case108,ID4794,Turning & Milling,ID4794,Fluxicon Disco,Variant 15,15,2012-02-27T12:55:00.000,2012-02-27T07:18:00.000
Turning & Milling,Case108,ID4529,Turning & Milling,ID4529,Fluxicon Disco,Variant 15,15,2012-02-27T15:13:00.000,2012-02-27T12:59:00.000
Turning & Milling Q.C.,Case108,ID4287,Turning & Milling Q.C.,ID4287,Fluxicon Disco,Variant 15,15,2012-02-27T14:40:00.000,2012-02-27T13:00:00.000
Turning & Milling,Case108,ID4529,Turning & Milling,ID4529,Fluxicon Disco,Variant 15,15,2012-02-27T18:38:00.000,2012-02-27T15:13:00.000
Turning & Milling Q.C.,Case108,ID4287,Turning & Milling Q.C.,ID4287,Fluxicon Disco,Variant 15,15,2012-02-28T20:24:00.000,2012-02-28T19:20:00.000
Laser Marking,Case108,ID0998,Laser Marking,ID0998,Fluxicon Disco,Variant 15,15,2012-02-29T01:07:00.000,2012-02-28T23:52:00.000
Flat Grinding,Case108,ID4528,Flat Grinding,ID4528,Fluxicon Disco,Variant 15,15,2012-02-29T07:15:00.000,2012-02-29T06:00:00.000
Flat Grinding,Case108,ID0420,Flat Grinding,ID0420,Fluxicon Disco,Variant 15,15,2012-03-01T05:04:00.000,2012-03-01T04:05:00.000
Lapping,Case108,ID0420,Lapping,ID0420,Fluxicon Disco,Variant 15,15,2012-03-01T09:28:00.000,2012-03-01T08:35:00.000
Lapping,Case108,ID0420,Lapping,ID0420,Fluxicon Disco,Variant 15,15,2012-03-01T09:50:00.000,2012-03-01T08:36:00.000
Round Grinding,Case108,ID4385,Round Grinding,ID4385,Fluxicon Disco,Variant 15,15,2012-03-07T17:16:00.000,2012-03-07T14:30:00.000
Round Grinding,Case108,ID4385,Round Grinding,ID4385,Fluxicon Disco,Variant 15,15,2012-03-07T20:10:00.000,2012-03-07T17:18:00.000
Round Grinding,Case108,ID0420,Round Grinding,ID0420,Fluxicon Disco,Variant 15,15,2012-03-07T21:56:00.000,2012-03-07T20:12:00.000
Round Grinding,Case108,ID4872,Round Grinding,ID4872,Fluxicon Disco,Variant 15,15,2012-03-08T01:30:00.000,2012-03-07T21:57:00.000
Final Inspection Q.C.,Case108,ID4287,Final Inspection Q.C.,ID4287,Fluxicon Disco,Variant 15,15,2012-03-08T21:52:00.000,2012-03-08T17:00:00.000
Packing,Case108,ID4820,Packing,ID4820,Fluxicon Disco,Variant 15,15,2012-03-09T07:00:00.000,2012-03-09T06:00:00.000
Final Inspection Q.C.,Case108,ID4287,Final Inspection Q.C.,ID4287,Fluxicon Disco,Variant 15,15,2012-03-09T15:27:00.000,2012-03-09T15:00:00.000
End,Case108,End,End,End,Fluxicon Disco,Variant 15,15,2012-03-09T15:27:00.000,2012-03-09T15:27:00.000
Start,Case109,Start,Start,Start,Fluxicon Disco,Variant 16,16,2012-03-04T17:14:00.000,2012-03-04T17:14:00.000
Turning & Milling,Case109,ID4932,Turning & Milling,ID4932,Fluxicon Disco,Variant 16,16,2012-03-05T00:01:00.000,2012-03-04T17:14:00.000
Turning & Milling,Case109,ID4167,Turning & Milling,ID4167,Fluxicon Disco,Variant 16,16,2012-03-05T05:53:00.000,2012-03-04T23:52:00.000
Turning & Milling Q.C.,Case109,ID4618,Turning & Milling Q.C.,ID4618,Fluxicon Disco,Variant 16,16,2012-03-05T07:15:00.000,2012-03-05T06:00:00.000
Turning & Milling,Case109,ID4529,Turning & Milling,ID4529,Fluxicon Disco,Variant 16,16,2012-03-05T07:08:00.000,2012-03-05T06:03:00.000
Turning & Milling,Case109,ID4529,Turning & Milling,ID4529,Fluxicon Disco,Variant 16,16,2012-03-05T12:43:00.000,2012-03-05T07:09:00.000
Turning & Milling,Case109,ID4932,Turning & Milling,ID4932,Fluxicon Disco,Variant 16,16,2012-03-05T15:41:00.000,2012-03-05T12:49:00.000
Turning & Milling Q.C.,Case109,ID4618,Turning & Milling Q.C.,ID4618,Fluxicon Disco,Variant 16,16,2012-03-05T14:21:00.000,2012-03-05T13:00:00.000
Turning & Milling Q.C.,Case109,ID4618,Turning & Milling Q.C.,ID4618,Fluxicon Disco,Variant 16,16,2012-03-05T16:23:00.000,2012-03-05T16:18:00.000
Laser Marking,Case109,ID0998,Laser Marking,ID0998,Fluxicon Disco,Variant 16,16,2012-03-15T17:26:00.000,2012-03-15T17:05:00.000
Round Grinding,Case109,ID4355,Round Grinding,ID4355,Fluxicon Disco,Variant 16,16,2012-03-21T12:22:00.000,2012-03-21T11:03:00.000
Round Grinding,Case109,ID4355,Round Grinding,ID4355,Fluxicon Disco,Variant 16,16,2012-03-21T12:49:00.000,2012-03-21T12:23:00.000
Round Grinding,Case109,ID4385,Round Grinding,ID4385,Fluxicon Disco,Variant 16,16,2012-03-21T18:08:00.000,2012-03-21T13:34:00.000
Round Grinding,Case109,ID4445,Round Grinding,ID4445,Fluxicon Disco,Variant 16,16,2012-03-23T07:33:00.000,2012-03-23T06:40:00.000
Round Grinding,Case109,ID4445,Round Grinding,ID4445,Fluxicon Disco,Variant 16,16,2012-03-23T10:08:00.000,2012-03-23T07:34:00.000
Final Inspection Q.C.,Case109,ID4618,Final Inspection Q.C.,ID4618,Fluxicon Disco,Variant 16,16,2012-03-23T16:50:00.000,2012-03-23T13:25:00.000
Packing,Case109,ID4491,Packing,ID4491,Fluxicon Disco,Variant 16,16,2012-03-25T08:00:00.000,2012-03-25T07:00:00.000
End,Case109,End,End,End,Fluxicon Disco,Variant 16,16,2012-03-25T08:00:00.000,2012-03-25T08:00:00.000
Start,Case11,Start,Start,Start,Fluxicon Disco,Variant 17,17,2012-01-16T00:04:00.000,2012-01-16T00:04:00.000
Turning & Milling,Case11,ID4132,Turning & Milling,ID4132,Fluxicon Disco,Variant 17,17,2012-01-16T05:40:00.000,2012-01-16T00:04:00.000
Turning & Milling,Case11,ID4641,Turning & Milling,ID4641,Fluxicon Disco,Variant 17,17,2012-01-16T15:49:00.000,2012-01-16T12:59:00.000
Turning & Milling Q.C.,Case11,ID4287,Turning & Milling Q.C.,ID4287,Fluxicon Disco,Variant 17,17,2012-01-16T15:54:00.000,2012-01-16T15:00:00.000
Turning & Milling,Case11,ID4641,Turning & Milling,ID4641,Fluxicon Disco,Variant 17,17,2012-01-16T22:22:00.000,2012-01-16T15:50:00.000
Turning & Milling,Case11,ID4132,Turning & Milling,ID4132,Fluxicon Disco,Variant 17,17,2012-01-17T05:38:00.000,2012-01-17T00:08:00.000
Turning & Milling,Case11,ID4932,Turning & Milling,ID4932,Fluxicon Disco,Variant 17,17,2012-01-17T12:37:00.000,2012-01-17T05:39:00.000
Turning & Milling,Case11,ID4641,Turning & Milling,ID4641,Fluxicon Disco,Variant 17,17,2012-01-17T18:01:00.000,2012-01-17T16:46:00.000
Turning & Milling Q.C.,Case11,ID4287,Turning & Milling Q.C.,ID4287,Fluxicon Disco,Variant 17,17,2012-01-18T14:38:00.000,2012-01-18T13:00:00.000
Turning & Milling,Case11,ID4641,Turning & Milling,ID4641,Fluxicon Disco,Variant 17,17,2012-01-18T15:50:00.000,2012-01-18T14:35:00.000
Turning & Milling,Case11,ID4641,Turning & Milling,ID4641,Fluxicon Disco,Variant 17,17,2012-01-18T15:56:00.000,2012-01-18T14:36:00.000
Turning & Milling,Case11,ID4641,Turning & Milling,ID4641,Fluxicon Disco,Variant 17,17,2012-01-18T21:32:00.000,2012-01-18T15:57:00.000
Turning & Milling Q.C.,Case11,ID4618,Turning & Milling Q.C.,ID4618,Fluxicon Disco,Variant 17,17,2012-01-18T17:29:00.000,2012-01-18T16:14:00.000
Turning & Milling,Case11,ID4641,Turning & Milling,ID4641,Fluxicon Disco,Variant 17,17,2012-01-19T15:00:00.000,2012-01-19T13:39:00.000
Turning & Milling,Case11,ID4641,Turning & Milling,ID4641,Fluxicon Disco,Variant 17,17,2012-01-19T22:00:00.000,2012-01-19T15:01:00.000
Turning & Milling,Case11,ID4132,Turning & Milling,ID4132,Fluxicon Disco,Variant 17,17,2012-01-20T01:21:00.000,2012-01-19T22:08:00.000
Laser Marking,Case11,ID4882,Laser Marking,ID4882,Fluxicon Disco,Variant 17,17,2012-01-22T21:33:00.000,2012-01-22T21:01:00.000
Turning & Milling Q.C.,Case11,ID4618,Turning & Milling Q.C.,ID4618,Fluxicon Disco,Variant 17,17,2012-01-23T15:25:00.000,2012-01-23T15:24:00.000
Laser Marking,Case11,ID4882,Laser Marking,ID4882,Fluxicon Disco,Variant 17,17,2012-01-24T22:06:00.000,2012-01-24T20:41:00.000
Packing,Case11,ID4820,Packing,ID4820,Fluxicon Disco,Variant 17,17,2012-01-25T07:00:00.000,2012-01-25T06:00:00.000
Final Inspection Q.C.,Case11,ID4618,Final Inspection Q.C.,ID4618,Fluxicon Disco,Variant 17,17,2012-01-25T20:09:00.000,2012-01-25T17:11:00.000
Turning & Milling Q.C.,Case11,ID4618,Turning & Milling Q.C.,ID4618,Fluxicon Disco,Variant 17,17,2012-01-25T20:11:00.000,2012-01-25T20:10:00.000
End,Case11,End,End,End,Fluxicon Disco,Variant 17,17,2012-01-25T20:11:00.000,2012-01-25T20:11:00.000
Start,Case110,Start,Start,Start,Fluxicon Disco,Variant 18,18,2012-03-01T09:49:00.000,2012-03-01T09:49:00.000
Turning & Milling,Case110,ID4794,Turning & Milling,ID4794,Fluxicon Disco,Variant 18,18,2012-03-01T12:35:00.000,2012-03-01T09:49:00.000
Turning & Milling,Case110,ID4529,Turning & Milling,ID4529,Fluxicon Disco,Variant 18,18,2012-03-01T18:36:00.000,2012-03-01T12:57:00.000
Turning & Milling Q.C.,Case110,ID4163,Turning & Milling Q.C.,ID4163,Fluxicon Disco,Variant 18,18,2012-03-01T17:00:00.000,2012-03-01T16:00:00.000
Turning & Milling,Case110,ID4529,Turning & Milling,ID4529,Fluxicon Disco,Variant 18,18,2012-03-01T21:46:00.000,2012-03-01T18:37:00.000
Turning & Milling,Case110,ID4794,Turning & Milling,ID4794,Fluxicon Disco,Variant 18,18,2012-03-02T12:27:00.000,2012-03-02T02:16:00.000
Turning & Milling,Case110,ID4167,Turning & Milling,ID4167,Fluxicon Disco,Variant 18,18,2012-03-02T18:47:00.000,2012-03-02T12:45:00.000
Turning & Milling,Case110,ID4529,Turning & Milling,ID4529,Fluxicon Disco,Variant 18,18,2012-03-04T06:26:00.000,2012-03-03T19:00:00.000
Turning & Milling,Case110,ID4641,Turning & Milling,ID4641,Fluxicon Disco,Variant 18,18,2012-03-04T12:46:00.000,2012-03-04T05:36:00.000
Turning & Milling Q.C.,Case110,ID4618,Turning & Milling Q.C.,ID4618,Fluxicon Disco,Variant 18,18,2012-03-04T13:51:00.000,2012-03-04T13:20:00.000
Turning & Milling Q.C.,Case110,ID4618,Turning & Milling Q.C.,ID4618,Fluxicon Disco,Variant 18,18,2012-03-06T13:29:00.000,2012-03-06T13:22:00.000
Turning & Milling,Case110,ID4794,Turning & Milling,ID4794,Fluxicon Disco,Variant 18,18,2012-03-06T13:29:00.000,2012-03-06T13:28:00.000
Turning & Milling,Case110,ID4529,Turning & Milling,ID4529,Fluxicon Disco,Variant 18,18,2012-03-08T10:17:00.000,2012-03-08T07:08:00.000
Turning & Milling,Case110,ID4794,Turning & Milling,ID4794,Fluxicon Disco,Variant 18,18,2012-03-08T17:37:00.000,2012-03-08T13:11:00.000
Turning & Milling,Case110,ID4794,Turning & Milling,ID4794,Fluxicon Disco,Variant 18,18,2012-03-08T21:52:00.000,2012-03-08T17:37:00.000
Turning & Milling,Case110,ID4167,Turning & Milling,ID4167,Fluxicon Disco,Variant 18,18,2012-03-09T05:40:00.000,2012-03-08T21:54:00.000
Turning & Milling,Case110,ID4529,Turning & Milling,ID4529,Fluxicon Disco,Variant 18,18,2012-03-09T12:51:00.000,2012-03-09T07:48:00.000
Turning & Milling Q.C.,Case110,ID4618,Turning & Milling Q.C.,ID4618,Fluxicon Disco,Variant 18,18,2012-03-09T13:32:00.000,2012-03-09T12:50:00.000
Turning & Milling,Case110,ID4429,Turning & Milling,ID4429,Fluxicon Disco,Variant 18,18,2012-03-09T18:27:00.000,2012-03-09T13:59:00.000
Turning & Milling,Case110,ID4794,Turning & Milling,ID4794,Fluxicon Disco,Variant 18,18,2012-03-11T12:35:00.000,2012-03-10T19:00:00.000
Turning & Milling,Case110,ID4932,Turning & Milling,ID4932,Fluxicon Disco,Variant 18,18,2012-03-11T16:54:00.000,2012-03-11T05:26:00.000
Turning & Milling,Case110,ID4529,Turning & Milling,ID4529,Fluxicon Disco,Variant 18,18,2012-03-11T22:09:00.000,2012-03-11T12:55:00.000
Turning & Milling Q.C.,Case110,ID4618,Turning & Milling Q.C.,ID4618,Fluxicon Disco,Variant 18,18,2012-03-11T13:42:00.000,2012-03-11T12:58:00.000
Turning & Milling Q.C.,Case110,ID4618,Turning & Milling Q.C.,ID4618,Fluxicon Disco,Variant 18,18,2012-03-11T15:17:00.000,2012-03-11T14:02:00.000
Turning & Milling,Case110,ID4429,Turning & Milling,ID4429,Fluxicon Disco,Variant 18,18,2012-03-12T02:12:00.000,2012-03-11T22:11:00.000
Turning & Milling Q.C.,Case110,ID4618,Turning & Milling Q.C.,ID4618,Fluxicon Disco,Variant 18,18,2012-03-12T14:08:00.000,2012-03-12T14:00:00.000
Turning & Milling Q.C.,Case110,ID4618,Turning & Milling Q.C.,ID4618,Fluxicon Disco,Variant 18,18,2012-03-12T15:28:00.000,2012-03-12T14:13:00.000
Turning & Milling Q.C.,Case110,ID4618,Turning & Milling Q.C.,ID4618,Fluxicon Disco,Variant 18,18,2012-03-12T15:33:00.000,2012-03-12T15:28:00.000
Turning & Milling,Case110,ID4794,Turning & Milling,ID4794,Fluxicon Disco,Variant 18,18,2012-03-16T12:47:00.000,2012-03-16T05:10:00.000
Turning & Milling Q.C.,Case110,ID4618,Turning & Milling Q.C.,ID4618,Fluxicon Disco,Variant 18,18,2012-03-16T14:32:00.000,2012-03-16T12:58:00.000
Turning & Milling,Case110,ID4529,Turning & Milling,ID4529,Fluxicon Disco,Variant 18,18,2012-03-16T18:49:00.000,2012-03-16T13:13:00.000
Turning & Milling,Case110,ID4641,Turning & Milling,ID4641,Fluxicon Disco,Variant 18,18,2012-03-18T08:26:00.000,2012-03-17T19:24:00.000
Turning & Milling,Case110,ID4932,Turning & Milling,ID4932,Fluxicon Disco,Variant 18,18,2012-03-18T17:30:00.000,2012-03-18T05:54:00.000
Laser Marking,Case110,ID0998,Laser Marking,ID0998,Fluxicon Disco,Variant 18,18,2012-03-19T22:06:00.000,2012-03-19T18:29:00.000
Flat Grinding,Case110,ID4528,Flat Grinding,ID4528,Fluxicon Disco,Variant 18,18,2012-03-19T23:43:00.000,2012-03-19T22:24:00.000
Laser Marking,Case110,ID0997,Laser Marking,ID0997,Fluxicon Disco,Variant 18,18,2012-03-20T04:32:00.000,2012-03-20T03:29:00.000
Turning & Milling Q.C.,Case110,ID4618,Turning & Milling Q.C.,ID4618,Fluxicon Disco,Variant 18,18,2012-03-20T15:44:00.000,2012-03-20T12:52:00.000
Flat Grinding,Case110,ID4528,Flat Grinding,ID4528,Fluxicon Disco,Variant 18,18,2012-03-20T18:13:00.000,2012-03-20T13:16:00.000
Lapping,Case110,ID0998,Lapping,ID0998,Fluxicon Disco,Variant 18,18,2012-03-20T17:58:00.000,2012-03-20T15:46:00.000
Turning & Milling Q.C.,Case110,ID4618,Turning & Milling Q.C.,ID4618,Fluxicon Disco,Variant 18,18,2012-03-20T18:51:00.000,2012-03-20T17:36:00.000
Turning & Milling Q.C.,Case110,ID4618,Turning & Milling Q.C.,ID4618,Fluxicon Disco,Variant 18,18,2012-03-20T19:41:00.000,2012-03-20T18:45:00.000
Turning & Milling,Case110,ID4794,Turning & Milling,ID4794,Fluxicon Disco,Variant 18,18,2012-03-22T17:51:00.000,2012-03-22T13:33:00.000
Turning & Milling Q.C.,Case110,ID4618,Turning & Milling Q.C.,ID4618,Fluxicon Disco,Variant 18,18,2012-03-22T17:46:00.000,2012-03-22T17:30:00.000
Turning & Milling,Case110,ID4794,Turning & Milling,ID4794,Fluxicon Disco,Variant 18,18,2012-03-22T19:30:00.000,2012-03-22T17:51:00.000
Lapping,Case110,ID4718,Lapping,ID4718,Fluxicon Disco,Variant 18,18,2012-03-22T20:33:00.000,2012-03-22T18:15:00.000
Lapping,Case110,ID0998,Lapping,ID0998,Fluxicon Disco,Variant 18,18,2012-03-22T22:22:00.000,2012-03-22T19:42:00.000
Flat Grinding,Case110,ID0998,Flat Grinding,ID0998,Fluxicon Disco,Variant 18,18,2012-03-22T23:37:00.000,2012-03-22T22:22:00.000
Turning & Milling,Case110,ID4794,Turning & Milling,ID4794,Fluxicon Disco,Variant 18,18,2012-03-23T05:30:00.000,2012-03-22T22:30:00.000
Lapping,Case110,ID4882,Lapping,ID4882,Fluxicon Disco,Variant 18,18,2012-03-23T07:15:00.000,2012-03-23T06:00:00.000
Turning & Milling Q.C.,Case110,ID4618,Turning & Milling Q.C.,ID4618,Fluxicon Disco,Variant 18,18,2012-03-23T13:24:00.000,2012-03-23T13:03:00.000
Turning & Milling,Case110,ID4794,Turning & Milling,ID4794,Fluxicon Disco,Variant 18,18,2012-03-23T18:42:00.000,2012-03-23T13:12:00.000
Lapping,Case110,ID0998,Lapping,ID0998,Fluxicon Disco,Variant 18,18,2012-03-23T17:39:00.000,2012-03-23T17:38:00.000
Turning & Milling,Case110,ID4167,Turning & Milling,ID4167,Fluxicon Disco,Variant 18,18,2012-03-24T13:00:00.000,2012-03-24T02:59:00.000
Turning & Milling,Case110,ID4794,Turning & Milling,ID4794,Fluxicon Disco,Variant 18,18,2012-03-25T10:35:00.000,2012-03-24T19:33:00.000
Turning & Milling,Case110,ID4932,Turning & Milling,ID4932,Fluxicon Disco,Variant 18,18,2012-03-25T19:58:00.000,2012-03-25T05:51:00.000
Lapping,Case110,ID4882,Lapping,ID4882,Fluxicon Disco,Variant 18,18,2012-03-26T08:15:00.000,2012-03-26T07:00:00.000
Laser Marking,Case110,ID4882,Laser Marking,ID4882,Fluxicon Disco,Variant 18,18,2012-03-26T14:16:00.000,2012-03-26T14:03:00.000
Lapping,Case110,ID4882,Lapping,ID4882,Fluxicon Disco,Variant 18,18,2012-03-27T08:15:00.000,2012-03-27T07:00:00.000
Turning & Milling Q.C.,Case110,ID4618,Turning & Milling Q.C.,ID4618,Fluxicon Disco,Variant 18,18,2012-03-28T16:48:00.000,2012-03-28T16:47:00.000
Round Grinding,Case110,ID4445,Round Grinding,ID4445,Fluxicon Disco,Variant 18,18,2012-03-28T20:55:00.000,2012-03-28T20:07:00.000
Round Grinding,Case110,ID4872,Round Grinding,ID4872,Fluxicon Disco,Variant 18,18,2012-03-28T22:57:00.000,2012-03-28T21:13:00.000
Round Grinding,Case110,ID4528,Round Grinding,ID4528,Fluxicon Disco,Variant 18,18,2012-03-29T03:12:00.000,2012-03-28T23:01:00.000
Round Grinding,Case110,ID0420,Round Grinding,ID0420,Fluxicon Disco,Variant 18,18,2012-03-29T12:26:00.000,2012-03-29T03:09:00.000
Packing,Case110,ID4820,Packing,ID4820,Fluxicon Disco,Variant 18,18,2012-03-29T08:00:00.000,2012-03-29T07:00:00.000
Packing,Case110,ID4820,Packing,ID4820,Fluxicon Disco,Variant 18,18,2012-03-29T08:00:00.000,2012-03-29T07:00:00.000
Round Grinding,Case110,ID4445,Round Grinding,ID4445,Fluxicon Disco,Variant 18,18,2012-03-29T13:50:00.000,2012-03-29T12:30:00.000
Round Grinding,Case110,ID4872,Round Grinding,ID4872,Fluxicon Disco,Variant 18,18,2012-03-29T16:58:00.000,2012-03-29T13:59:00.000
Flat Grinding,Case110,ID0998,Flat Grinding,ID0998,Fluxicon Disco,Variant 18,18,2012-03-29T15:20:00.000,2012-03-29T15:19:00.000
Lapping,Case110,ID0998,Lapping,ID0998,Fluxicon Disco,Variant 18,18,2012-03-29T16:36:00.000,2012-03-29T15:21:00.000
Final Inspection Q.C.,Case110,ID4618,Final Inspection Q.C.,ID4618,Fluxicon Disco,Variant 18,18,2012-03-29T17:29:00.000,2012-03-29T16:20:00.000
Round Grinding,Case110,ID4445,Round Grinding,ID4445,Fluxicon Disco,Variant 18,18,2012-03-29T22:43:00.000,2012-03-29T17:39:00.000
Round Grinding,Case110,ID4528,Round Grinding,ID4528,Fluxicon Disco,Variant 18,18,2012-03-30T00:53:00.000,2012-03-29T22:59:00.000
Packing,Case110,ID4491,Packing,ID4491,Fluxicon Disco,Variant 18,18,2012-03-30T08:00:00.000,2012-03-30T07:00:00.000
Final Inspection Q.C.,Case110,ID4618,Final Inspection Q.C.,ID4618,Fluxicon Disco,Variant 18,18,2012-03-30T17:28:00.000,2012-03-30T14:21:00.000
End,Case110,End,End,End,Fluxicon Disco,Variant 18,18,2012-03-30T17:28:00.000,2012-03-30T17:28:00.000
Start,Case111,Start,Start,Start,Fluxicon Disco,Variant 19,19,2012-03-13T03:10:00.000,2012-03-13T03:10:00.000
Turning,Case111,ID4932,Turning,ID4932,Fluxicon Disco,Variant 19,19,2012-03-13T06:13:00.000,2012-03-13T03:10:00.000
Turning,Case111,ID4932,Turning,ID4932,Fluxicon Disco,Variant 19,19,2012-03-13T12:39:00.000,2012-03-13T06:13:00.000
Turning,Case111,ID4167,Turning,ID4167,Fluxicon Disco,Variant 19,19,2012-03-13T22:10:00.000,2012-03-13T13:10:00.000
Turning,Case111,ID4429,Turning,ID4429,Fluxicon Disco,Variant 19,19,2012-03-14T01:42:00.000,2012-03-13T22:14:00.000
Turning,Case111,ID4932,Turning,ID4932,Fluxicon Disco,Variant 19,19,2012-03-14T12:45:00.000,2012-03-14T01:44:00.000
Turning,Case111,ID4167,Turning,ID4167,Fluxicon Disco,Variant 19,19,2012-03-14T16:59:00.000,2012-03-14T12:58:00.000
Turning Q.C.,Case111,ID4493,Turning Q.C.,ID4493,Fluxicon Disco,Variant 19,19,2012-03-14T21:05:00.000,2012-03-14T19:50:00.000
Turning & Milling,Case111,ID4932,Turning & Milling,ID4932,Fluxicon Disco,Variant 19,19,2012-03-22T23:50:00.000,2012-03-22T17:14:00.000
Turning & Milling,Case111,ID4167,Turning & Milling,ID4167,Fluxicon Disco,Variant 19,19,2012-03-23T13:00:00.000,2012-03-23T02:00:00.000
Turning & Milling,Case111,ID4794,Turning & Milling,ID4794,Fluxicon Disco,Variant 19,19,2012-03-23T18:41:00.000,2012-03-23T13:00:00.000
Turning,Case111,ID4794,Turning,ID4794,Fluxicon Disco,Variant 19,19,2012-03-23T18:41:00.000,2012-03-23T13:09:00.000
Turning,Case111,ID4932,Turning,ID4932,Fluxicon Disco,Variant 19,19,2012-03-24T21:53:00.000,2012-03-24T12:31:00.000
Turning & Milling,Case111,ID4932,Turning & Milling,ID4932,Fluxicon Disco,Variant 19,19,2012-03-24T21:52:00.000,2012-03-24T19:51:00.000
Turning & Milling,Case111,ID4794,Turning & Milling,ID4794,Fluxicon Disco,Variant 19,19,2012-03-25T13:45:00.000,2012-03-25T05:52:00.000
Turning & Milling,Case111,ID4167,Turning & Milling,ID4167,Fluxicon Disco,Variant 19,19,2012-03-25T22:32:00.000,2012-03-25T14:06:00.000
Turning & Milling,Case111,ID4932,Turning & Milling,ID4932,Fluxicon Disco,Variant 19,19,2012-03-26T13:43:00.000,2012-03-26T02:54:00.000
Turning & Milling Q.C.,Case111,ID4493,Turning & Milling Q.C.,ID4493,Fluxicon Disco,Variant 19,19,2012-03-26T16:22:00.000,2012-03-26T14:21:00.000
Laser Marking,Case111,ID0998,Laser Marking,ID0998,Fluxicon Disco,Variant 19,19,2012-03-26T23:00:00.000,2012-03-26T22:42:00.000
Laser Marking,Case111,ID4882,Laser Marking,ID4882,Fluxicon Disco,Variant 19,19,2012-03-27T00:43:00.000,2012-03-26T23:02:00.000
Turning & Milling,Case111,ID4167,Turning & Milling,ID4167,Fluxicon Disco,Variant 19,19,2012-03-27T14:52:00.000,2012-03-27T07:51:00.000
Turning & Milling Q.C.,Case111,ID4493,Turning & Milling Q.C.,ID4493,Fluxicon Disco,Variant 19,19,2012-03-27T14:35:00.000,2012-03-27T14:00:00.000
Turning & Milling Q.C.,Case111,ID4493,Turning & Milling Q.C.,ID4493,Fluxicon Disco,Variant 19,19,2012-03-27T17:59:00.000,2012-03-27T14:00:00.000
Turning & Milling,Case111,ID4167,Turning & Milling,ID4167,Fluxicon Disco,Variant 19,19,2012-03-28T13:56:00.000,2012-03-27T17:56:00.000
Laser Marking,Case111,ID0998,Laser Marking,ID0998,Fluxicon Disco,Variant 19,19,2012-03-27T20:26:00.000,2012-03-27T18:10:00.000
End,Case111,End,End,End,Fluxicon Disco,Variant 19,19,2012-03-27T20:26:00.000,2012-03-27T20:26:00.000
Start,Case112,Start,Start,Start,Fluxicon Disco,Variant 20,20,2012-03-08T12:13:00.000,2012-03-08T12:13:00.000
Turning & Milling,Case112,ID4641,Turning & Milling,ID4641,Fluxicon Disco,Variant 20,20,2012-03-08T12:51:00.000,2012-03-08T12:13:00.000
Turning & Milling,Case112,ID3846,Turning & Milling,ID3846,Fluxicon Disco,Variant 20,20,2012-03-13T23:48:00.000,2012-03-13T20:01:00.000
Turning & Milling,Case112,ID4132,Turning & Milling,ID4132,Fluxicon Disco,Variant 20,20,2012-03-14T05:10:00.000,2012-03-14T03:28:00.000
Turning & Milling Q.C.,Case112,ID4287,Turning & Milling Q.C.,ID4287,Fluxicon Disco,Variant 20,20,2012-03-14T14:40:00.000,2012-03-14T13:00:00.000
Turning & Milling,Case112,ID3846,Turning & Milling,ID3846,Fluxicon Disco,Variant 20,20,2012-03-14T15:02:00.000,2012-03-14T14:15:00.000
Turning & Milling,Case112,ID3846,Turning & Milling,ID3846,Fluxicon Disco,Variant 20,20,2012-03-14T19:21:00.000,2012-03-14T15:02:00.000
Turning & Milling,Case112,ID4132,Turning & Milling,ID4132,Fluxicon Disco,Variant 20,20,2012-03-14T23:51:00.000,2012-03-14T22:10:00.000
Turning & Milling,Case112,ID4794,Turning & Milling,ID4794,Fluxicon Disco,Variant 20,20,2012-03-15T12:48:00.000,2012-03-15T02:43:00.000
Turning & Milling,Case112,ID3846,Turning & Milling,ID3846,Fluxicon Disco,Variant 20,20,2012-03-15T15:43:00.000,2012-03-15T14:22:00.000
Turning & Milling,Case112,ID3846,Turning & Milling,ID3846,Fluxicon Disco,Variant 20,20,2012-03-15T23:22:00.000,2012-03-15T15:44:00.000
Turning & Milling,Case112,ID4794,Turning & Milling,ID4794,Fluxicon Disco,Variant 20,20,2012-03-16T12:47:00.000,2012-03-16T03:04:00.000
Turning & Milling,Case112,ID4641,Turning & Milling,ID4641,Fluxicon Disco,Variant 20,20,2012-03-18T12:50:00.000,2012-03-18T09:18:00.000
Turning & Milling Q.C.,Case112,ID4287,Turning & Milling Q.C.,ID4287,Fluxicon Disco,Variant 20,20,2012-03-18T18:33:00.000,2012-03-18T18:00:00.000
Turning & Milling Q.C.,Case112,ID4287,Turning & Milling Q.C.,ID4287,Fluxicon Disco,Variant 20,20,2012-03-18T18:33:00.000,2012-03-18T18:00:00.000
Laser Marking,Case112,ID4718,Laser Marking,ID4718,Fluxicon Disco,Variant 20,20,2012-03-18T20:55:00.000,2012-03-18T18:42:00.000
Lapping,Case112,ID0998,Lapping,ID0998,Fluxicon Disco,Variant 20,20,2012-03-19T00:10:00.000,2012-03-18T21:43:00.000
Turning & Milling,Case112,ID4641,Turning & Milling,ID4641,Fluxicon Disco,Variant 20,20,2012-03-19T06:19:00.000,2012-03-19T03:38:00.000
Turning & Milling,Case112,ID4641,Turning & Milling,ID4641,Fluxicon Disco,Variant 20,20,2012-03-19T09:10:00.000,2012-03-19T06:19:00.000
Turning & Milling,Case112,ID4529,Turning & Milling,ID4529,Fluxicon Disco,Variant 20,20,2012-03-19T12:46:00.000,2012-03-19T09:12:00.000
Turning & Milling,Case112,ID4718,Turning & Milling,ID4718,Fluxicon Disco,Variant 20,20,2012-03-19T22:39:00.000,2012-03-19T13:26:00.000
Turning & Milling,Case112,ID4641,Turning & Milling,ID4641,Fluxicon Disco,Variant 20,20,2012-03-20T12:48:00.000,2012-03-20T03:18:00.000
Turning & Milling,Case112,ID3846,Turning & Milling,ID3846,Fluxicon Disco,Variant 20,20,2012-03-20T23:52:00.000,2012-03-20T13:20:00.000
Final Inspection Q.C.,Case112,ID4287,Final Inspection Q.C.,ID4287,Fluxicon Disco,Variant 20,20,2012-03-20T19:30:00.000,2012-03-20T17:30:00.000
Final Inspection Q.C.,Case112,ID4287,Final Inspection Q.C.,ID4287,Fluxicon Disco,Variant 20,20,2012-03-20T22:33:00.000,2012-03-20T22:00:00.000
Turning & Milling,Case112,ID4641,Turning & Milling,ID4641,Fluxicon Disco,Variant 20,20,2012-03-21T09:29:00.000,2012-03-21T03:30:00.000
Packing,Case112,ID4820,Packing,ID4820,Fluxicon Disco,Variant 20,20,2012-03-21T07:00:00.000,2012-03-21T06:00:00.000
Packing,Case112,ID4820,Packing,ID4820,Fluxicon Disco,Variant 20,20,2012-03-21T07:00:00.000,2012-03-21T06:00:00.000
Turning & Milling Q.C.,Case112,ID4287,Turning & Milling Q.C.,ID4287,Fluxicon Disco,Variant 20,20,2012-03-21T16:00:00.000,2012-03-21T14:31:00.000
Laser Marking,Case112,ID4718,Laser Marking,ID4718,Fluxicon Disco,Variant 20,20,2012-03-21T18:32:00.000,2012-03-21T16:01:00.000
Turning & Milling,Case112,ID4132,Turning & Milling,ID4132,Fluxicon Disco,Variant 20,20,2012-03-21T23:43:00.000,2012-03-21T21:31:00.000
Turning & Milling,Case112,ID4641,Turning & Milling,ID4641,Fluxicon Disco,Variant 20,20,2012-03-22T11:32:00.000,2012-03-22T02:29:00.000
Grinding Rework,Case112,ID4882,Grinding Rework,ID4882,Fluxicon Disco,Variant 20,20,2012-03-22T14:42:00.000,2012-03-22T13:42:00.000
Grinding Rework,Case112,ID4882,Grinding Rework,ID4882,Fluxicon Disco,Variant 20,20,2012-03-22T18:22:00.000,2012-03-22T15:02:00.000
Lapping,Case112,ID4718,Lapping,ID4718,Fluxicon Disco,Variant 20,20,2012-03-22T20:33:00.000,2012-03-22T16:00:00.000
Final Inspection Q.C.,Case112,ID4287,Final Inspection Q.C.,ID4287,Fluxicon Disco,Variant 20,20,2012-03-25T23:03:00.000,2012-03-25T16:49:00.000
Packing,Case112,ID4820,Packing,ID4820,Fluxicon Disco,Variant 20,20,2012-03-29T08:00:00.000,2012-03-29T07:00:00.000
Final Inspection Q.C.,Case112,ID4287,Final Inspection Q.C.,ID4287,Fluxicon Disco,Variant 20,20,2012-03-29T16:34:00.000,2012-03-29T16:00:00.000
End,Case112,End,End,End,Fluxicon Disco,Variant 20,20,2012-03-29T16:34:00.000,2012-03-29T16:34:00.000
Start,Case113,Start,Start,Start,Fluxicon Disco,Variant 21,21,2012-03-15T09:09:00.000,2012-03-15T09:09:00.000
SETUP     Turning & Milling,Case113,ID4932,SETUP     Turning & Milling,ID4932,Fluxicon Disco,Variant 21,21,2012-03-15T12:49:00.000,2012-03-15T09:09:00.000
Turning & Milling,Case113,ID4529,Turning & Milling,ID4529,Fluxicon Disco,Variant 21,21,2012-03-15T21:56:00.000,2012-03-15T13:06:00.000
Turning & Milling Q.C.,Case113,ID4493,Turning & Milling Q.C.,ID4493,Fluxicon Disco,Variant 21,21,2012-03-16T17:04:00.000,2012-03-16T13:03:00.000
Laser Marking,Case113,ID0998,Laser Marking,ID0998,Fluxicon Disco,Variant 21,21,2012-03-16T17:39:00.000,2012-03-16T17:15:00.000
End,Case113,End,End,End,Fluxicon Disco,Variant 21,21,2012-03-16T17:39:00.000,2012-03-16T17:39:00.000
Start,Case114,Start,Start,Start,Fluxicon Disco,Variant 22,22,2012-02-29T08:03:00.000,2012-02-29T08:03:00.000
Turning & Milling,Case114,ID4794,Turning & Milling,ID4794,Fluxicon Disco,Variant 22,22,2012-02-29T12:53:00.000,2012-02-29T08:03:00.000
Turning & Milling Q.C.,Case114,ID4618,Turning & Milling Q.C.,ID4618,Fluxicon Disco,Variant 22,22,2012-02-29T14:19:00.000,2012-02-29T12:56:00.000
Turning & Milling,Case114,ID4718,Turning & Milling,ID4718,Fluxicon Disco,Variant 22,22,2012-02-29T14:01:00.000,2012-02-29T13:10:00.000
Turning & Milling,Case114,ID4794,Turning & Milling,ID4794,Fluxicon Disco,Variant 22,22,2012-03-01T09:48:00.000,2012-03-01T02:16:00.000
Turning & Milling Q.C.,Case114,ID4618,Turning & Milling Q.C.,ID4618,Fluxicon Disco,Variant 22,22,2012-03-05T07:15:00.000,2012-03-05T06:00:00.000
Turning & Milling Q.C.,Case114,ID4618,Turning & Milling Q.C.,ID4618,Fluxicon Disco,Variant 22,22,2012-03-05T23:41:00.000,2012-03-05T23:40:00.000
Turning & Milling Q.C.,Case114,ID4618,Turning & Milling Q.C.,ID4618,Fluxicon Disco,Variant 22,22,2012-03-07T14:04:00.000,2012-03-07T13:56:00.000
End,Case114,End,End,End,Fluxicon Disco,Variant 22,22,2012-03-07T14:04:00.000,2012-03-07T14:04:00.000
Start,Case115,Start,Start,Start,Fluxicon Disco,Variant 23,23,2012-03-05T15:41:00.000,2012-03-05T15:41:00.000
Turning & Milling,Case115,ID4932,Turning & Milling,ID4932,Fluxicon Disco,Variant 23,23,2012-03-05T22:01:00.000,2012-03-05T15:41:00.000
Turning & Milling,Case115,ID4529,Turning & Milling,ID4529,Fluxicon Disco,Variant 23,23,2012-03-06T12:29:00.000,2012-03-06T06:05:00.000
Turning & Milling,Case115,ID4932,Turning & Milling,ID4932,Fluxicon Disco,Variant 23,23,2012-03-06T14:35:00.000,2012-03-06T12:59:00.000
Turning & Milling,Case115,ID4932,Turning & Milling,ID4932,Fluxicon Disco,Variant 23,23,2012-03-06T15:48:00.000,2012-03-06T14:35:00.000
Turning & Milling,Case115,ID4932,Turning & Milling,ID4932,Fluxicon Disco,Variant 23,23,2012-03-06T19:48:00.000,2012-03-06T15:49:00.000
Turning & Milling Q.C.,Case115,ID4287,Turning & Milling Q.C.,ID4287,Fluxicon Disco,Variant 23,23,2012-03-06T18:00:00.000,2012-03-06T16:30:00.000
Turning & Milling Q.C.,Case115,ID4287,Turning & Milling Q.C.,ID4287,Fluxicon Disco,Variant 23,23,2012-03-06T18:50:00.000,2012-03-06T18:00:00.000
Flat Grinding,Case115,ID4882,Flat Grinding,ID4882,Fluxicon Disco,Variant 23,23,2012-03-08T21:52:00.000,2012-03-08T20:46:00.000
Flat Grinding,Case115,ID4882,Flat Grinding,ID4882,Fluxicon Disco,Variant 23,23,2012-03-09T07:15:00.000,2012-03-09T06:00:00.000
Flat Grinding,Case115,ID4882,Flat Grinding,ID4882,Fluxicon Disco,Variant 23,23,2012-03-09T16:17:00.000,2012-03-09T15:05:00.000
Turning & Milling Q.C.,Case115,ID4287,Turning & Milling Q.C.,ID4287,Fluxicon Disco,Variant 23,23,2012-03-11T14:00:00.000,2012-03-11T13:00:00.000
Lapping,Case115,ID4882,Lapping,ID4882,Fluxicon Disco,Variant 23,23,2012-03-11T17:14:00.000,2012-03-11T15:46:00.000
Round Grinding,Case115,ID4385,Round Grinding,ID4385,Fluxicon Disco,Variant 23,23,2012-03-12T04:49:00.000,2012-03-12T02:41:00.000
Round Grinding,Case115,ID4385,Round Grinding,ID4385,Fluxicon Disco,Variant 23,23,2012-03-12T05:50:00.000,2012-03-12T04:50:00.000
Round Grinding,Case115,ID0420,Round Grinding,ID0420,Fluxicon Disco,Variant 23,23,2012-03-12T13:00:00.000,2012-03-12T05:51:00.000
Round Grinding,Case115,ID4287,Round Grinding,ID4287,Fluxicon Disco,Variant 23,23,2012-03-12T13:51:00.000,2012-03-12T13:00:00.000
Round Grinding,Case115,ID4355,Round Grinding,ID4355,Fluxicon Disco,Variant 23,23,2012-03-12T21:45:00.000,2012-03-12T13:00:00.000
Round Grinding,Case115,ID4385,Round Grinding,ID4385,Fluxicon Disco,Variant 23,23,2012-03-12T23:05:00.000,2012-03-12T22:07:00.000
Round Grinding,Case115,ID4385,Round Grinding,ID4385,Fluxicon Disco,Variant 23,23,2012-03-13T00:16:00.000,2012-03-12T23:06:00.000
Round Grinding,Case115,ID4287,Round Grinding,ID4287,Fluxicon Disco,Variant 23,23,2012-03-21T18:40:00.000,2012-03-21T16:57:00.000
Laser Marking,Case115,ID4718,Laser Marking,ID4718,Fluxicon Disco,Variant 23,23,2012-03-21T20:24:00.000,2012-03-21T18:41:00.000
Final Inspection Q.C.,Case115,ID4287,Final Inspection Q.C.,ID4287,Fluxicon Disco,Variant 23,23,2012-03-25T17:00:00.000,2012-03-25T16:00:00.000
Packing,Case115,ID4820,Packing,ID4820,Fluxicon Disco,Variant 23,23,2012-03-26T08:00:00.000,2012-03-26T07:00:00.000
End,Case115,End,End,End,Fluxicon Disco,Variant 23,23,2012-03-26T08:00:00.000,2012-03-26T08:00:00.000
Start,Case116,Start,Start,Start,Fluxicon Disco,Variant 24,24,2012-02-22T12:50:00.000,2012-02-22T12:50:00.000
Round Grinding,Case116,ID4528,Round Grinding,ID4528,Fluxicon Disco,Variant 24,24,2012-02-22T17:29:00.000,2012-02-22T12:50:00.000
Round Grinding,Case116,ID4528,Round Grinding,ID4528,Fluxicon Disco,Variant 24,24,2012-02-22T22:37:00.000,2012-02-22T17:29:00.000
Round Grinding,Case116,ID4872,Round Grinding,ID4872,Fluxicon Disco,Variant 24,24,2012-02-23T01:38:00.000,2012-02-22T22:39:00.000
Packing,Case116,ID4820,Packing,ID4820,Fluxicon Disco,Variant 24,24,2012-02-23T07:00:00.000,2012-02-23T06:00:00.000
Round Grinding,Case116,ID4528,Round Grinding,ID4528,Fluxicon Disco,Variant 24,24,2012-02-23T15:04:00.000,2012-02-23T13:01:00.000
Final Inspection Q.C.,Case116,ID4163,Final Inspection Q.C.,ID4163,Fluxicon Disco,Variant 24,24,2012-02-23T14:40:00.000,2012-02-23T13:40:00.000
Round Grinding,Case116,ID4528,Round Grinding,ID4528,Fluxicon Disco,Variant 24,24,2012-02-23T21:47:00.000,2012-02-23T15:05:00.000
Round Grinding,Case116,ID4528,Round Grinding,ID4528,Fluxicon Disco,Variant 24,24,2012-02-27T05:51:00.000,2012-02-26T21:49:00.000
Round Grinding,Case116,ID4528,Round Grinding,ID4528,Fluxicon Disco,Variant 24,24,2012-02-28T05:29:00.000,2012-02-27T22:00:00.000
Round Grinding,Case116,ID4528,Round Grinding,ID4528,Fluxicon Disco,Variant 24,24,2012-02-28T23:06:00.000,2012-02-28T21:45:00.000
Packing,Case116,ID4820,Packing,ID4820,Fluxicon Disco,Variant 24,24,2012-02-29T07:00:00.000,2012-02-29T06:00:00.000
Final Inspection Q.C.,Case116,ID4287,Final Inspection Q.C.,ID4287,Fluxicon Disco,Variant 24,24,2012-02-29T13:59:00.000,2012-02-29T13:00:00.000
End,Case116,End,End,End,Fluxicon Disco,Variant 24,24,2012-02-29T13:59:00.000,2012-02-29T13:59:00.000
Start,Case117,Start,Start,Start,Fluxicon Disco,Variant 25,25,2012-02-23T06:00:00.000,2012-02-23T06:00:00.000
Packing,Case117,ID4820,Packing,ID4820,Fluxicon Disco,Variant 25,25,2012-02-23T07:00:00.000,2012-02-23T06:00:00.000
Packing,Case117,ID4820,Packing,ID4820,Fluxicon Disco,Variant 25,25,2012-02-23T07:00:00.000,2012-02-23T06:00:00.000
Final Inspection,Case117,ID4493,Final Inspection,ID4493,Fluxicon Disco,Variant 25,25,2012-02-23T17:01:00.000,2012-02-23T15:46:00.000
End,Case117,End,End,End,Fluxicon Disco,Variant 25,25,2012-02-23T17:01:00.000,2012-02-23T17:01:00.000
Start,Case118,Start,Start,Start,Fluxicon Disco,Variant 4,4,2012-03-25T07:00:00.000,2012-03-25T07:00:00.000
Turning & Milling,Case118,ID4429,Turning & Milling,ID4429,Fluxicon Disco,Variant 4,4,2012-03-25T08:15:00.000,2012-03-25T07:00:00.000
Turning & Milling,Case118,ID4794,Turning & Milling,ID4794,Fluxicon Disco,Variant 4,4,2012-03-29T05:11:00.000,2012-03-29T03:10:00.000
Turning & Milling,Case118,ID4794,Turning & Milling,ID4794,Fluxicon Disco,Variant 4,4,2012-03-29T08:29:00.000,2012-03-29T05:12:00.000
Turning & Milling Q.C.,Case118,ID4287,Turning & Milling Q.C.,ID4287,Fluxicon Disco,Variant 4,4,2012-03-30T18:41:00.000,2012-03-30T17:18:00.000
End,Case118,End,End,End,Fluxicon Disco,Variant 4,4,2012-03-30T18:41:00.000,2012-03-30T18:41:00.000
Start,Case119,Start,Start,Start,Fluxicon Disco,Variant 26,26,2012-03-20T13:12:00.000,2012-03-20T13:12:00.000
Turning & Milling,Case119,ID4132,Turning & Milling,ID4132,Fluxicon Disco,Variant 26,26,2012-03-20T21:57:00.000,2012-03-20T13:12:00.000
Turning & Milling,Case119,ID4132,Turning & Milling,ID4132,Fluxicon Disco,Variant 26,26,2012-03-21T21:30:00.000,2012-03-21T20:35:00.000
Turning & Milling,Case119,ID4132,Turning & Milling,ID4132,Fluxicon Disco,Variant 26,26,2012-03-22T23:48:00.000,2012-03-22T13:18:00.000
Turning & Milling,Case119,ID4641,Turning & Milling,ID4641,Fluxicon Disco,Variant 26,26,2012-03-23T12:51:00.000,2012-03-23T07:16:00.000
Turning & Milling,Case119,ID4132,Turning & Milling,ID4132,Fluxicon Disco,Variant 26,26,2012-03-26T00:45:00.000,2012-03-25T14:19:00.000
Turning & Milling,Case119,ID4132,Turning & Milling,ID4132,Fluxicon Disco,Variant 26,26,2012-03-27T01:00:00.000,2012-03-26T15:30:00.000
Turning & Milling,Case119,ID4132,Turning & Milling,ID4132,Fluxicon Disco,Variant 26,26,2012-03-28T00:47:00.000,2012-03-27T15:17:00.000
Turning & Milling,Case119,ID4794,Turning & Milling,ID4794,Fluxicon Disco,Variant 26,26,2012-03-28T11:21:00.000,2012-03-28T04:36:00.000
Turning & Milling,Case119,ID4132,Turning & Milling,ID4132,Fluxicon Disco,Variant 26,26,2012-03-29T00:37:00.000,2012-03-28T14:20:00.000
Turning & Milling,Case119,ID4794,Turning & Milling,ID4794,Fluxicon Disco,Variant 26,26,2012-03-29T13:42:00.000,2012-03-29T04:14:00.000
Turning & Milling,Case119,ID4132,Turning & Milling,ID4132,Fluxicon Disco,Variant 26,26,2012-03-30T00:18:00.000,2012-03-29T14:18:00.000
End,Case119,End,End,End,Fluxicon Disco,Variant 26,26,2012-03-30T00:18:00.000,2012-03-30T00:18:00.000
Start,Case12,Start,Start,Start,Fluxicon Disco,Variant 27,27,2012-01-26T08:38:00.000,2012-01-26T08:38:00.000
Turning,Case12,ID4641,Turning,ID4641,Fluxicon Disco,Variant 27,27,2012-01-26T13:00:00.000,2012-01-26T08:38:00.000
Turning,Case12,ID4132,Turning,ID4132,Fluxicon Disco,Variant 27,27,2012-01-26T16:09:00.000,2012-01-26T14:17:00.000
Turning Q.C.,Case12,ID4618,Turning Q.C.,ID4618,Fluxicon Disco,Variant 27,27,2012-01-26T17:57:00.000,2012-01-26T17:11:00.000
Turning,Case12,ID4132,Turning,ID4132,Fluxicon Disco,Variant 27,27,2012-01-27T02:29:00.000,2012-01-26T18:00:00.000
Turning,Case12,ID4641,Turning,ID4641,Fluxicon Disco,Variant 27,27,2012-01-27T12:18:00.000,2012-01-27T02:31:00.000
Turning,Case12,ID3846,Turning,ID3846,Fluxicon Disco,Variant 27,27,2012-01-27T18:51:00.000,2012-01-27T13:04:00.000
Turning,Case12,ID4641,Turning,ID4641,Fluxicon Disco,Variant 27,27,2012-01-29T21:58:00.000,2012-01-29T15:06:00.000
Turning,Case12,ID3846,Turning,ID3846,Fluxicon Disco,Variant 27,27,2012-01-30T03:59:00.000,2012-01-29T22:11:00.000
Turning,Case12,ID3846,Turning,ID3846,Fluxicon Disco,Variant 27,27,2012-01-30T05:45:00.000,2012-01-30T04:00:00.000
Turning,Case12,ID4641,Turning,ID4641,Fluxicon Disco,Variant 27,27,2012-01-30T15:41:00.000,2012-01-30T12:57:00.000
Turning Q.C.,Case12,ID4618,Turning Q.C.,ID4618,Fluxicon Disco,Variant 27,27,2012-01-30T17:44:00.000,2012-01-30T16:29:00.000
Turning & Milling,Case12,ID0937,Turning & Milling,ID0937,Fluxicon Disco,Variant 27,27,2012-02-05T07:15:00.000,2012-02-05T06:00:00.000
Lapping,Case12,ID0998,Lapping,ID0998,Fluxicon Disco,Variant 27,27,2012-02-05T22:00:00.000,2012-02-05T20:00:00.000
Flat Grinding,Case12,ID4882,Flat Grinding,ID4882,Fluxicon Disco,Variant 27,27,2012-02-06T07:15:00.000,2012-02-06T06:00:00.000
Flat Grinding,Case12,ID4882,Flat Grinding,ID4882,Fluxicon Disco,Variant 27,27,2012-02-06T18:40:00.000,2012-02-06T15:53:00.000
Laser Marking,Case12,ID0998,Laser Marking,ID0998,Fluxicon Disco,Variant 27,27,2012-02-06T19:47:00.000,2012-02-06T18:47:00.000
Flat Grinding,Case12,ID4882,Flat Grinding,ID4882,Fluxicon Disco,Variant 27,27,2012-02-07T07:15:00.000,2012-02-07T06:00:00.000
Flat Grinding,Case12,ID4882,Flat Grinding,ID4882,Fluxicon Disco,Variant 27,27,2012-02-07T07:15:00.000,2012-02-07T06:00:00.000
Final Inspection Q.C.,Case12,ID4618,Final Inspection Q.C.,ID4618,Fluxicon Disco,Variant 27,27,2012-02-07T22:05:00.000,2012-02-07T19:42:00.000
Laser Marking,Case12,ID0998,Laser Marking,ID0998,Fluxicon Disco,Variant 27,27,2012-02-07T22:38:00.000,2012-02-07T19:48:00.000
Flat Grinding,Case12,ID4882,Flat Grinding,ID4882,Fluxicon Disco,Variant 27,27,2012-02-07T19:52:00.000,2012-02-07T19:51:00.000
Flat Grinding,Case12,ID4882,Flat Grinding,ID4882,Fluxicon Disco,Variant 27,27,2012-02-07T21:43:00.000,2012-02-07T19:52:00.000
Final Inspection Q.C.,Case12,ID4618,Final Inspection Q.C.,ID4618,Fluxicon Disco,Variant 27,27,2012-02-13T23:50:00.000,2012-02-13T21:50:00.000
Final Inspection Q.C.,Case12,ID4618,Final Inspection Q.C.,ID4618,Fluxicon Disco,Variant 27,27,2012-02-14T18:39:00.000,2012-02-14T16:56:00.000
Final Inspection Q.C.,Case12,ID4618,Final Inspection Q.C.,ID4618,Fluxicon Disco,Variant 27,27,2012-02-16T21:33:00.000,2012-02-16T21:32:00.000
Packing,Case12,ID4820,Packing,ID4820,Fluxicon Disco,Variant 27,27,2012-02-17T07:00:00.000,2012-02-17T06:00:00.000
End,Case12,End,End,End,Fluxicon Disco,Variant 27,27,2012-02-17T07:00:00.000,2012-02-17T07:00:00.000
Start,Case120,Start,Start,Start,Fluxicon Disco,Variant 28,28,2012-02-26T17:19:00.000,2012-02-26T17:19:00.000
Turning & Milling,Case120,ID4529,Turning & Milling,ID4529,Fluxicon Disco,Variant 28,28,2012-02-26T22:08:00.000,2012-02-26T17:19:00.000
Turning & Milling,Case120,ID4429,Turning & Milling,ID4429,Fluxicon Disco,Variant 28,28,2012-02-27T05:26:00.000,2012-02-26T22:18:00.000
Turning & Milling,Case120,ID4794,Turning & Milling,ID4794,Fluxicon Disco,Variant 28,28,2012-02-27T12:55:00.000,2012-02-27T06:38:00.000
Turning & Milling Q.C.,Case120,ID4493,Turning & Milling Q.C.,ID4493,Fluxicon Disco,Variant 28,28,2012-03-08T15:37:00.000,2012-03-08T14:35:00.000
Laser Marking,Case120,ID0998,Laser Marking,ID0998,Fluxicon Disco,Variant 28,28,2012-03-08T20:41:00.000,2012-03-08T19:32:00.000
Lapping,Case120,ID0998,Lapping,ID0998,Fluxicon Disco,Variant 28,28,2012-03-13T23:11:00.000,2012-03-13T21:52:00.000
Round Grinding,Case120,ID4872,Round Grinding,ID4872,Fluxicon Disco,Variant 28,28,2012-03-14T16:26:00.000,2012-03-14T13:00:00.000
Round Grinding,Case120,ID4872,Round Grinding,ID4872,Fluxicon Disco,Variant 28,28,2012-03-14T18:06:00.000,2012-03-14T16:26:00.000
Round Grinding,Case120,ID4355,Round Grinding,ID4355,Fluxicon Disco,Variant 28,28,2012-03-14T21:53:00.000,2012-03-14T18:22:00.000
Round Grinding,Case120,ID4355,Round Grinding,ID4355,Fluxicon Disco,Variant 28,28,2012-03-14T22:02:00.000,2012-03-14T21:54:00.000
Round Grinding,Case120,ID4385,Round Grinding,ID4385,Fluxicon Disco,Variant 28,28,2012-03-15T01:16:00.000,2012-03-14T22:31:00.000
Final Inspection Q.C.,Case120,ID4493,Final Inspection Q.C.,ID4493,Fluxicon Disco,Variant 28,28,2012-03-15T15:11:00.000,2012-03-15T13:56:00.000
End,Case120,End,End,End,Fluxicon Disco,Variant 28,28,2012-03-15T15:11:00.000,2012-03-15T15:11:00.000
Start,Case121,Start,Start,Start,Fluxicon Disco,Variant 29,29,2012-03-06T04:00:00.000,2012-03-06T04:00:00.000
Turning & Milling,Case121,ID4529,Turning & Milling,ID4529,Fluxicon Disco,Variant 29,29,2012-03-06T05:59:00.000,2012-03-06T04:00:00.000
Turning & Milling,Case121,ID4529,Turning & Milling,ID4529,Fluxicon Disco,Variant 29,29,2012-03-06T09:00:00.000,2012-03-06T05:59:00.000
Turning Q.C.,Case121,ID0937,Turning Q.C.,ID0937,Fluxicon Disco,Variant 29,29,2012-03-06T07:15:00.000,2012-03-06T06:00:00.000
Turning & Milling,Case121,ID4429,Turning & Milling,ID4429,Fluxicon Disco,Variant 29,29,2012-03-06T16:23:00.000,2012-03-06T12:57:00.000
Turning Q.C.,Case121,ID4493,Turning Q.C.,ID4493,Fluxicon Disco,Variant 29,29,2012-03-06T14:17:00.000,2012-03-06T13:17:00.000
Turning & Milling,Case121,ID0997,Turning & Milling,ID0997,Fluxicon Disco,Variant 29,29,2012-03-14T18:34:00.000,2012-03-14T17:17:00.000
Turning & Milling,Case121,ID4529,Turning & Milling,ID4529,Fluxicon Disco,Variant 29,29,2012-03-14T21:11:00.000,2012-03-14T17:19:00.000
Turning & Milling,Case121,ID4932,Turning & Milling,ID4932,Fluxicon Disco,Variant 29,29,2012-03-15T03:55:00.000,2012-03-15T01:56:00.000
Turning & Milling,Case121,ID4932,Turning & Milling,ID4932,Fluxicon Disco,Variant 29,29,2012-03-15T05:32:00.000,2012-03-15T03:56:00.000
Turning & Milling Q.C.,Case121,ID4493,Turning & Milling Q.C.,ID4493,Fluxicon Disco,Variant 29,29,2012-03-15T15:38:00.000,2012-03-15T15:00:00.000
Laser Marking,Case121,ID0998,Laser Marking,ID0998,Fluxicon Disco,Variant 29,29,2012-03-16T17:39:00.000,2012-03-16T17:15:00.000
Flat Grinding,Case121,ID0998,Flat Grinding,ID0998,Fluxicon Disco,Variant 29,29,2012-03-18T15:52:00.000,2012-03-18T14:19:00.000
Lapping,Case121,ID0998,Lapping,ID0998,Fluxicon Disco,Variant 29,29,2012-03-18T17:43:00.000,2012-03-18T15:52:00.000
Round Grinding,Case121,ID4385,Round Grinding,ID4385,Fluxicon Disco,Variant 29,29,2012-03-19T16:00:00.000,2012-03-19T14:03:00.000
Round Grinding,Case121,ID4385,Round Grinding,ID4385,Fluxicon Disco,Variant 29,29,2012-03-19T19:19:00.000,2012-03-19T16:02:00.000
Round Grinding,Case121,ID4493,Round Grinding,ID4493,Fluxicon Disco,Variant 29,29,2012-03-21T16:32:00.000,2012-03-21T14:31:00.000
Lapping,Case121,ID0998,Lapping,ID0998,Fluxicon Disco,Variant 29,29,2012-03-27T20:26:00.000,2012-03-27T17:45:00.000
Round Grinding,Case121,ID0420,Round Grinding,ID0420,Fluxicon Disco,Variant 29,29,2012-03-28T13:40:00.000,2012-03-28T13:00:00.000
Round Grinding,Case121,ID4445,Round Grinding,ID4445,Fluxicon Disco,Variant 29,29,2012-03-28T20:03:00.000,2012-03-28T14:00:00.000
End,Case121,End,End,End,Fluxicon Disco,Variant 29,29,2012-03-28T20:03:00.000,2012-03-28T20:03:00.000
Start,Case122,Start,Start,Start,Fluxicon Disco,Variant 30,30,2012-03-04T16:14:00.000,2012-03-04T16:14:00.000
Turning & Milling,Case122,ID4429,Turning & Milling,ID4429,Fluxicon Disco,Variant 30,30,2012-03-04T18:57:00.000,2012-03-04T16:14:00.000
Turning & Milling,Case122,ID4429,Turning & Milling,ID4429,Fluxicon Disco,Variant 30,30,2012-03-04T23:59:00.000,2012-03-04T18:58:00.000
Turning & Milling,Case122,ID4429,Turning & Milling,ID4429,Fluxicon Disco,Variant 30,30,2012-03-05T18:14:00.000,2012-03-05T12:53:00.000
Turning & Milling,Case122,ID4429,Turning & Milling,ID4429,Fluxicon Disco,Variant 30,30,2012-03-05T21:56:00.000,2012-03-05T18:15:00.000
Turning & Milling Q.C.,Case122,ID4163,Turning & Milling Q.C.,ID4163,Fluxicon Disco,Variant 30,30,2012-03-05T20:50:00.000,2012-03-05T19:20:00.000
Turning & Milling Q.C.,Case122,ID4493,Turning & Milling Q.C.,ID4493,Fluxicon Disco,Variant 30,30,2012-03-07T14:39:00.000,2012-03-07T13:39:00.000
Laser Marking,Case122,ID0998,Laser Marking,ID0998,Fluxicon Disco,Variant 30,30,2012-03-07T16:23:00.000,2012-03-07T15:08:00.000
Flat Grinding,Case122,ID4882,Flat Grinding,ID4882,Fluxicon Disco,Variant 30,30,2012-03-07T18:14:00.000,2012-03-07T16:59:00.000
Lapping,Case122,ID0998,Lapping,ID0998,Fluxicon Disco,Variant 30,30,2012-03-07T22:12:00.000,2012-03-07T21:06:00.000
Round Grinding,Case122,ID4445,Round Grinding,ID4445,Fluxicon Disco,Variant 30,30,2012-03-08T04:36:00.000,2012-03-08T02:11:00.000
Round Grinding,Case122,ID4445,Round Grinding,ID4445,Fluxicon Disco,Variant 30,30,2012-03-08T08:21:00.000,2012-03-08T04:36:00.000
Round Grinding,Case122,ID4287,Round Grinding,ID4287,Fluxicon Disco,Variant 30,30,2012-03-13T18:50:00.000,2012-03-13T15:00:00.000
Round Grinding,Case122,ID4287,Round Grinding,ID4287,Fluxicon Disco,Variant 30,30,2012-03-13T20:44:00.000,2012-03-13T20:00:00.000
Lapping,Case122,ID4882,Lapping,ID4882,Fluxicon Disco,Variant 30,30,2012-03-21T07:15:00.000,2012-03-21T06:00:00.000
Lapping,Case122,ID0998,Lapping,ID0998,Fluxicon Disco,Variant 30,30,2012-03-21T16:10:00.000,2012-03-21T14:25:00.000
Round Grinding,Case122,ID4385,Round Grinding,ID4385,Fluxicon Disco,Variant 30,30,2012-03-21T21:46:00.000,2012-03-21T19:52:00.000
Round Grinding,Case122,ID4355,Round Grinding,ID4355,Fluxicon Disco,Variant 30,30,2012-03-21T23:55:00.000,2012-03-21T22:20:00.000
Round Grinding,Case122,ID4355,Round Grinding,ID4355,Fluxicon Disco,Variant 30,30,2012-03-22T03:55:00.000,2012-03-21T23:56:00.000
Final Inspection Q.C.,Case122,ID4163,Final Inspection Q.C.,ID4163,Fluxicon Disco,Variant 30,30,2012-03-23T18:51:00.000,2012-03-23T16:30:00.000
Final Inspection Q.C.,Case122,ID4163,Final Inspection Q.C.,ID4163,Fluxicon Disco,Variant 30,30,2012-03-25T15:40:00.000,2012-03-25T14:00:00.000
Laser Marking,Case122,ID0998,Laser Marking,ID0998,Fluxicon Disco,Variant 30,30,2012-03-25T17:10:00.000,2012-03-25T15:40:00.000
Grinding Rework,Case122,ID4528,Grinding Rework,ID4528,Fluxicon Disco,Variant 30,30,2012-03-26T04:55:00.000,2012-03-26T03:08:00.000
Final Inspection Q.C.,Case122,ID4163,Final Inspection Q.C.,ID4163,Fluxicon Disco,Variant 30,30,2012-03-26T15:40:00.000,2012-03-26T14:00:00.000
Final Inspection Q.C.,Case122,ID4163,Final Inspection Q.C.,ID4163,Fluxicon Disco,Variant 30,30,2012-03-27T18:00:00.000,2012-03-27T17:30:00.000
Packing,Case122,ID4820,Packing,ID4820,Fluxicon Disco,Variant 30,30,2012-03-28T08:00:00.000,2012-03-28T07:00:00.000
End,Case122,End,End,End,Fluxicon Disco,Variant 30,30,2012-03-28T08:00:00.000,2012-03-28T08:00:00.000
Start,Case123,Start,Start,Start,Fluxicon Disco,Variant 31,31,2012-03-14T06:00:00.000,2012-03-14T06:00:00.000
Turning & Milling,Case123,ID4429,Turning & Milling,ID4429,Fluxicon Disco,Variant 31,31,2012-03-14T07:15:00.000,2012-03-14T06:00:00.000
Turning & Milling,Case123,ID4932,Turning & Milling,ID4932,Fluxicon Disco,Variant 31,31,2012-03-15T08:00:00.000,2012-03-15T05:30:00.000
Turning & Milling,Case123,ID4932,Turning & Milling,ID4932,Fluxicon Disco,Variant 31,31,2012-03-15T12:30:00.000,2012-03-15T08:00:00.000
Turning & Milling,Case123,ID4167,Turning & Milling,ID4167,Fluxicon Disco,Variant 31,31,2012-03-15T14:51:00.000,2012-03-15T13:31:00.000
Turning & Milling,Case123,ID4167,Turning & Milling,ID4167,Fluxicon Disco,Variant 31,31,2012-03-15T23:56:00.000,2012-03-15T16:39:00.000
Turning & Milling,Case123,ID4932,Turning & Milling,ID4932,Fluxicon Disco,Variant 31,31,2012-03-16T07:27:00.000,2012-03-16T01:49:00.000
Turning & Milling,Case123,ID4932,Turning & Milling,ID4932,Fluxicon Disco,Variant 31,31,2012-03-16T09:30:00.000,2012-03-16T07:28:00.000
Turning & Milling,Case123,ID4932,Turning & Milling,ID4932,Fluxicon Disco,Variant 31,31,2012-03-16T10:47:00.000,2012-03-16T09:31:00.000
Turning & Milling,Case123,ID4167,Turning & Milling,ID4167,Fluxicon Disco,Variant 31,31,2012-03-16T13:12:00.000,2012-03-16T13:10:00.000
Turning & Milling,Case123,ID4167,Turning & Milling,ID4167,Fluxicon Disco,Variant 31,31,2012-03-16T18:48:00.000,2012-03-16T13:12:00.000
Turning & Milling Q.C.,Case123,ID4493,Turning & Milling Q.C.,ID4493,Fluxicon Disco,Variant 31,31,2012-03-16T15:32:00.000,2012-03-16T14:31:00.000
Turning & Milling,Case123,ID4641,Turning & Milling,ID4641,Fluxicon Disco,Variant 31,31,2012-03-18T06:57:00.000,2012-03-17T19:22:00.000
Turning & Milling,Case123,ID4641,Turning & Milling,ID4641,Fluxicon Disco,Variant 31,31,2012-03-18T08:26:00.000,2012-03-18T06:56:00.000
Turning & Milling,Case123,ID4932,Turning & Milling,ID4932,Fluxicon Disco,Variant 31,31,2012-03-18T13:13:00.000,2012-03-18T06:57:00.000
Turning & Milling,Case123,ID4932,Turning & Milling,ID4932,Fluxicon Disco,Variant 31,31,2012-03-18T15:20:00.000,2012-03-18T12:55:00.000
Turning & Milling Q.C.,Case123,ID4493,Turning & Milling Q.C.,ID4493,Fluxicon Disco,Variant 31,31,2012-03-18T15:41:00.000,2012-03-18T13:00:00.000
Turning & Milling,Case123,ID4932,Turning & Milling,ID4932,Fluxicon Disco,Variant 31,31,2012-03-18T15:21:00.000,2012-03-18T15:19:00.000
Turning & Milling,Case123,ID4932,Turning & Milling,ID4932,Fluxicon Disco,Variant 31,31,2012-03-18T17:30:00.000,2012-03-18T15:20:00.000
Laser Marking,Case123,ID4718,Laser Marking,ID4718,Fluxicon Disco,Variant 31,31,2012-03-18T21:53:00.000,2012-03-18T21:03:00.000
End,Case123,End,End,End,Fluxicon Disco,Variant 31,31,2012-03-18T21:53:00.000,2012-03-18T21:53:00.000
Start,Case124,Start,Start,Start,Fluxicon Disco,Variant 32,32,2012-03-20T12:59:00.000,2012-03-20T12:59:00.000
Turning & Milling,Case124,ID4932,Turning & Milling,ID4932,Fluxicon Disco,Variant 32,32,2012-03-20T20:34:00.000,2012-03-20T12:59:00.000
Turning & Milling,Case124,ID4932,Turning & Milling,ID4932,Fluxicon Disco,Variant 32,32,2012-03-20T21:58:00.000,2012-03-20T20:35:00.000
Turning & Milling,Case124,ID4429,Turning & Milling,ID4429,Fluxicon Disco,Variant 32,32,2012-03-20T23:54:00.000,2012-03-20T21:59:00.000
Turning & Milling,Case124,ID4167,Turning & Milling,ID4167,Fluxicon Disco,Variant 32,32,2012-03-21T04:36:00.000,2012-03-20T23:54:00.000
Turning & Milling Q.C.,Case124,ID4287,Turning & Milling Q.C.,ID4287,Fluxicon Disco,Variant 32,32,2012-03-21T20:07:00.000,2012-03-21T18:28:00.000
Laser Marking,Case124,ID0998,Laser Marking,ID0998,Fluxicon Disco,Variant 32,32,2012-03-21T22:20:00.000,2012-03-21T22:01:00.000
Lapping,Case124,ID4718,Lapping,ID4718,Fluxicon Disco,Variant 32,32,2012-03-22T13:46:00.000,2012-03-22T13:32:00.000
Final Inspection Q.C.,Case124,ID4287,Final Inspection Q.C.,ID4287,Fluxicon Disco,Variant 32,32,2012-03-23T18:16:00.000,2012-03-23T16:31:00.000
Final Inspection Q.C.,Case124,ID4287,Final Inspection Q.C.,ID4287,Fluxicon Disco,Variant 32,32,2012-03-25T17:15:00.000,2012-03-25T17:00:00.000
Packing,Case124,ID4820,Packing,ID4820,Fluxicon Disco,Variant 32,32,2012-03-26T08:00:00.000,2012-03-26T07:00:00.000
End,Case124,End,End,End,Fluxicon Disco,Variant 32,32,2012-03-26T08:00:00.000,2012-03-26T08:00:00.000
Start,Case125,Start,Start,Start,Fluxicon Disco,Variant 33,33,2012-03-29T08:30:00.000,2012-03-29T08:30:00.000
Turning & Milling,Case125,ID4794,Turning & Milling,ID4794,Fluxicon Disco,Variant 33,33,2012-03-29T13:42:00.000,2012-03-29T08:30:00.000
Turning & Milling,Case125,ID4167,Turning & Milling,ID4167,Fluxicon Disco,Variant 33,33,2012-03-29T20:22:00.000,2012-03-29T14:26:00.000
Turning & Milling Q.C.,Case125,ID4618,Turning & Milling Q.C.,ID4618,Fluxicon Disco,Variant 33,33,2012-03-29T23:03:00.000,2012-03-29T20:25:00.000
Turning & Milling,Case125,ID4167,Turning & Milling,ID4167,Fluxicon Disco,Variant 33,33,2012-03-29T22:58:00.000,2012-03-29T22:43:00.000
Turning & Milling,Case125,ID4429,Turning & Milling,ID4429,Fluxicon Disco,Variant 33,33,2012-03-30T00:29:00.000,2012-03-29T23:45:00.000
End,Case125,End,End,End,Fluxicon Disco,Variant 33,33,2012-03-30T00:29:00.000,2012-03-30T00:29:00.000
Start,Case126,Start,Start,Start,Fluxicon Disco,Variant 34,34,2012-03-21T06:00:00.000,2012-03-21T06:00:00.000
Turning & Milling,Case126,ID4429,Turning & Milling,ID4429,Fluxicon Disco,Variant 34,34,2012-03-21T07:15:00.000,2012-03-21T06:00:00.000
Turning & Milling,Case126,ID4167,Turning & Milling,ID4167,Fluxicon Disco,Variant 34,34,2012-03-22T12:51:00.000,2012-03-22T02:27:00.000
Turning & Milling,Case126,ID4932,Turning & Milling,ID4932,Fluxicon Disco,Variant 34,34,2012-03-22T13:57:00.000,2012-03-22T12:57:00.000
Turning & Milling Q.C.,Case126,ID4287,Turning & Milling Q.C.,ID4287,Fluxicon Disco,Variant 34,34,2012-03-22T14:00:00.000,2012-03-22T13:00:00.000
Turning & Milling,Case126,ID4932,Turning & Milling,ID4932,Fluxicon Disco,Variant 34,34,2012-03-22T17:14:00.000,2012-03-22T13:58:00.000
Turning & Milling Q.C.,Case126,ID4287,Turning & Milling Q.C.,ID4287,Fluxicon Disco,Variant 34,34,2012-03-22T23:53:00.000,2012-03-22T23:15:00.000
Laser Marking,Case126,ID0998,Laser Marking,ID0998,Fluxicon Disco,Variant 34,34,2012-03-25T22:41:00.000,2012-03-25T22:40:00.000
Lapping,Case126,ID4882,Lapping,ID4882,Fluxicon Disco,Variant 34,34,2012-03-26T08:15:00.000,2012-03-26T07:00:00.000
Lapping,Case126,ID0998,Lapping,ID0998,Fluxicon Disco,Variant 34,34,2012-03-26T16:14:00.000,2012-03-26T15:18:00.000
Lapping,Case126,ID4882,Lapping,ID4882,Fluxicon Disco,Variant 34,34,2012-03-26T16:52:00.000,2012-03-26T16:05:00.000
Round Grinding,Case126,ID4528,Round Grinding,ID4528,Fluxicon Disco,Variant 34,34,2012-03-27T06:45:00.000,2012-03-27T06:00:00.000
Round Grinding,Case126,ID4872,Round Grinding,ID4872,Fluxicon Disco,Variant 34,34,2012-03-27T14:48:00.000,2012-03-27T13:56:00.000
Round Grinding,Case126,ID4872,Round Grinding,ID4872,Fluxicon Disco,Variant 34,34,2012-03-27T17:24:00.000,2012-03-27T14:48:00.000
Final Inspection Q.C.,Case126,ID4287,Final Inspection Q.C.,ID4287,Fluxicon Disco,Variant 34,34,2012-03-27T22:27:00.000,2012-03-27T20:26:00.000
Packing,Case126,ID4820,Packing,ID4820,Fluxicon Disco,Variant 34,34,2012-03-28T08:00:00.000,2012-03-28T07:00:00.000
End,Case126,End,End,End,Fluxicon Disco,Variant 34,34,2012-03-28T08:00:00.000,2012-03-28T08:00:00.000
Start,Case127,Start,Start,Start,Fluxicon Disco,Variant 35,35,2012-03-04T15:27:00.000,2012-03-04T15:27:00.000
Turning & Milling,Case127,ID4794,Turning & Milling,ID4794,Fluxicon Disco,Variant 35,35,2012-03-04T21:14:00.000,2012-03-04T15:27:00.000
Turning & Milling,Case127,ID4794,Turning & Milling,ID4794,Fluxicon Disco,Variant 35,35,2012-03-04T21:59:00.000,2012-03-04T21:14:00.000
Turning & Milling,Case127,ID4167,Turning & Milling,ID4167,Fluxicon Disco,Variant 35,35,2012-03-05T02:08:00.000,2012-03-05T00:12:00.000
Turning & Milling,Case127,ID4529,Turning & Milling,ID4529,Fluxicon Disco,Variant 35,35,2012-03-05T12:43:00.000,2012-03-05T02:09:00.000
Turning & Milling Q.C.,Case127,ID4618,Turning & Milling Q.C.,ID4618,Fluxicon Disco,Variant 35,35,2012-03-05T14:00:00.000,2012-03-05T12:56:00.000
Turning & Milling,Case127,ID4794,Turning & Milling,ID4794,Fluxicon Disco,Variant 35,35,2012-03-05T22:01:00.000,2012-03-05T14:04:00.000
Turning & Milling,Case127,ID4529,Turning & Milling,ID4529,Fluxicon Disco,Variant 35,35,2012-03-06T04:54:00.000,2012-03-06T02:12:00.000
Turning & Milling,Case127,ID4529,Turning & Milling,ID4529,Fluxicon Disco,Variant 35,35,2012-03-06T06:12:00.000,2012-03-06T02:14:00.000
Lapping,Case127,ID4882,Lapping,ID4882,Fluxicon Disco,Variant 35,35,2012-03-06T07:15:00.000,2012-03-06T06:00:00.000
Turning & Milling,Case127,ID0997,Turning & Milling,ID0997,Fluxicon Disco,Variant 35,35,2012-03-06T12:25:00.000,2012-03-06T06:38:00.000
Turning & Milling Q.C.,Case127,ID4618,Turning & Milling Q.C.,ID4618,Fluxicon Disco,Variant 35,35,2012-03-06T13:35:00.000,2012-03-06T13:01:00.000
Turning & Milling,Case127,ID4794,Turning & Milling,ID4794,Fluxicon Disco,Variant 35,35,2012-03-06T16:29:00.000,2012-03-06T13:07:00.000
Turning & Milling,Case127,ID4794,Turning & Milling,ID4794,Fluxicon Disco,Variant 35,35,2012-03-06T21:53:00.000,2012-03-06T16:29:00.000
Turning & Milling Q.C.,Case127,ID4618,Turning & Milling Q.C.,ID4618,Fluxicon Disco,Variant 35,35,2012-03-06T20:49:00.000,2012-03-06T19:34:00.000
Lapping,Case127,ID0998,Lapping,ID0998,Fluxicon Disco,Variant 35,35,2012-03-06T21:12:00.000,2012-03-06T19:35:00.000
Turning & Milling,Case127,ID0997,Turning & Milling,ID0997,Fluxicon Disco,Variant 35,35,2012-03-07T12:50:00.000,2012-03-07T03:32:00.000
Laser Marking,Case127,ID4445,Laser Marking,ID4445,Fluxicon Disco,Variant 35,35,2012-03-07T07:43:00.000,2012-03-07T05:34:00.000
Packing,Case127,ID4820,Packing,ID4820,Fluxicon Disco,Variant 35,35,2012-03-07T07:00:00.000,2012-03-07T06:00:00.000
Turning & Milling,Case127,ID4794,Turning & Milling,ID4794,Fluxicon Disco,Variant 35,35,2012-03-07T21:42:00.000,2012-03-07T12:59:00.000
Turning & Milling Q.C.,Case127,ID4618,Turning & Milling Q.C.,ID4618,Fluxicon Disco,Variant 35,35,2012-03-07T13:31:00.000,2012-03-07T13:13:00.000
Final Inspection Q.C.,Case127,ID4618,Final Inspection Q.C.,ID4618,Fluxicon Disco,Variant 35,35,2012-03-07T14:47:00.000,2012-03-07T13:32:00.000
Final Inspection Q.C.,Case127,ID4618,Final Inspection Q.C.,ID4618,Fluxicon Disco,Variant 35,35,2012-03-07T23:21:00.000,2012-03-07T22:06:00.000
Turning & Milling Q.C.,Case127,ID4618,Turning & Milling Q.C.,ID4618,Fluxicon Disco,Variant 35,35,2012-03-07T22:43:00.000,2012-03-07T22:42:00.000
Lapping,Case127,ID0998,Lapping,ID0998,Fluxicon Disco,Variant 35,35,2012-03-08T21:55:00.000,2012-03-08T20:42:00.000
Laser Marking,Case127,ID4445,Laser Marking,ID4445,Fluxicon Disco,Variant 35,35,2012-03-09T04:09:00.000,2012-03-09T02:26:00.000
Turning & Milling Q.C.,Case127,ID4618,Turning & Milling Q.C.,ID4618,Fluxicon Disco,Variant 35,35,2012-03-12T13:42:00.000,2012-03-12T13:35:00.000
Turning & Milling Q.C.,Case127,ID4618,Turning & Milling Q.C.,ID4618,Fluxicon Disco,Variant 35,35,2012-03-12T14:11:00.000,2012-03-12T14:09:00.000
Final Inspection Q.C.,Case127,ID4618,Final Inspection Q.C.,ID4618,Fluxicon Disco,Variant 35,35,2012-03-12T17:00:00.000,2012-03-12T15:33:00.000
Final Inspection Q.C.,Case127,ID4618,Final Inspection Q.C.,ID4618,Fluxicon Disco,Variant 35,35,2012-03-12T18:21:00.000,2012-03-12T17:34:00.000
Final Inspection Q.C.,Case127,ID4618,Final Inspection Q.C.,ID4618,Fluxicon Disco,Variant 35,35,2012-03-12T18:49:00.000,2012-03-12T18:17:00.000
Lapping,Case127,ID0998,Lapping,ID0998,Fluxicon Disco,Variant 35,35,2012-03-12T18:20:00.000,2012-03-12T18:19:00.000
Laser Marking,Case127,ID0998,Laser Marking,ID0998,Fluxicon Disco,Variant 35,35,2012-03-12T18:21:00.000,2012-03-12T18:20:00.000
Packing,Case127,ID4820,Packing,ID4820,Fluxicon Disco,Variant 35,35,2012-03-13T07:00:00.000,2012-03-13T06:00:00.000
Laser Marking,Case127,ID4355,Laser Marking,ID4355,Fluxicon Disco,Variant 35,35,2012-03-13T21:15:00.000,2012-03-13T20:44:00.000
Lapping,Case127,ID4882,Lapping,ID4882,Fluxicon Disco,Variant 35,35,2012-03-15T07:15:00.000,2012-03-15T06:00:00.000
Lapping,Case127,ID4882,Lapping,ID4882,Fluxicon Disco,Variant 35,35,2012-03-15T19:59:00.000,2012-03-15T19:27:00.000
Final Inspection Q.C.,Case127,ID4618,Final Inspection Q.C.,ID4618,Fluxicon Disco,Variant 35,35,2012-03-19T21:54:00.000,2012-03-19T20:06:00.000
Final Inspection Q.C.,Case127,ID4618,Final Inspection Q.C.,ID4618,Fluxicon Disco,Variant 35,35,2012-03-19T23:58:00.000,2012-03-19T22:00:00.000
Packing,Case127,ID4820,Packing,ID4820,Fluxicon Disco,Variant 35,35,2012-03-20T07:00:00.000,2012-03-20T06:00:00.000
Final Inspection Q.C.,Case127,ID4618,Final Inspection Q.C.,ID4618,Fluxicon Disco,Variant 35,35,2012-03-20T13:18:00.000,2012-03-20T13:03:00.000
End,Case127,End,End,End,Fluxicon Disco,Variant 35,35,2012-03-20T13:18:00.000,2012-03-20T13:18:00.000
Start,Case129,Start,Start,Start,Fluxicon Disco,Variant 36,36,2012-03-06T16:18:00.000,2012-03-06T16:18:00.000
Turning & Milling,Case129,ID4219,Turning & Milling,ID4219,Fluxicon Disco,Variant 36,36,2012-03-07T00:21:00.000,2012-03-06T16:18:00.000
Turning & Milling Q.C.,Case129,ID4287,Turning & Milling Q.C.,ID4287,Fluxicon Disco,Variant 36,36,2012-03-06T23:50:00.000,2012-03-06T21:50:00.000
Turning & Milling,Case129,ID4219,Turning & Milling,ID4219,Fluxicon Disco,Variant 36,36,2012-03-08T00:59:00.000,2012-03-07T20:42:00.000
Turning & Milling,Case129,ID0997,Turning & Milling,ID0997,Fluxicon Disco,Variant 36,36,2012-03-08T04:06:00.000,2012-03-08T02:19:00.000
Turning & Milling Q.C.,Case129,ID4287,Turning & Milling Q.C.,ID4287,Fluxicon Disco,Variant 36,36,2012-03-08T14:40:00.000,2012-03-08T13:00:00.000
Lapping,Case129,ID0998,Lapping,ID0998,Fluxicon Disco,Variant 36,36,2012-03-09T17:59:00.000,2012-03-09T16:44:00.000
Lapping,Case129,ID4287,Lapping,ID4287,Fluxicon Disco,Variant 36,36,2012-03-09T18:15:00.000,2012-03-09T18:00:00.000
Packing,Case129,ID4820,Packing,ID4820,Fluxicon Disco,Variant 36,36,2012-03-19T07:00:00.000,2012-03-19T06:00:00.000
Final Inspection Q.C.,Case129,ID4287,Final Inspection Q.C.,ID4287,Fluxicon Disco,Variant 36,36,2012-03-19T22:30:00.000,2012-03-19T22:00:00.000
Laser Marking,Case129,ID0998,Laser Marking,ID0998,Fluxicon Disco,Variant 36,36,2012-03-20T15:11:00.000,2012-03-20T14:27:00.000
End,Case129,End,End,End,Fluxicon Disco,Variant 36,36,2012-03-20T15:11:00.000,2012-03-20T15:11:00.000
Start,Case13,Start,Start,Start,Fluxicon Disco,Variant 37,37,2012-01-17T19:47:00.000,2012-01-17T19:47:00.000
Turning,Case13,ID3846,Turning,ID3846,Fluxicon Disco,Variant 37,37,2012-01-17T21:17:00.000,2012-01-17T19:47:00.000
Turning,Case13,ID3846,Turning,ID3846,Fluxicon Disco,Variant 37,37,2012-01-17T21:56:00.000,2012-01-17T21:31:00.000
Turning,Case13,ID4132,Turning,ID4132,Fluxicon Disco,Variant 37,37,2012-01-18T01:23:00.000,2012-01-17T22:23:00.000
Packing,Case13,ID4820,Packing,ID4820,Fluxicon Disco,Variant 37,37,2012-01-18T07:00:00.000,2012-01-18T06:00:00.000
Turning Q.C.,Case13,ID4618,Turning Q.C.,ID4618,Fluxicon Disco,Variant 37,37,2012-01-18T13:43:00.000,2012-01-18T12:50:00.000
Laser Marking,Case13,ID4872,Laser Marking,ID4872,Fluxicon Disco,Variant 37,37,2012-01-18T14:25:00.000,2012-01-18T13:45:00.000
Final Inspection Q.C.,Case13,ID4618,Final Inspection Q.C.,ID4618,Fluxicon Disco,Variant 37,37,2012-01-18T17:42:00.000,2012-01-18T16:27:00.000
End,Case13,End,End,End,Fluxicon Disco,Variant 37,37,2012-01-18T17:42:00.000,2012-01-18T17:42:00.000
Start,Case130,Start,Start,Start,Fluxicon Disco,Variant 1,1,2012-03-08T05:45:00.000,2012-03-08T05:45:00.000
Turning & Milling,Case130,ID4529,Turning & Milling,ID4529,Fluxicon Disco,Variant 1,1,2012-03-08T07:08:00.000,2012-03-08T05:45:00.000
End,Case130,End,End,End,Fluxicon Disco,Variant 1,1,2012-03-08T07:08:00.000,2012-03-08T07:08:00.000
Start,Case133,Start,Start,Start,Fluxicon Disco,Variant 3,3,2012-03-28T07:00:00.000,2012-03-28T07:00:00.000
Turning & Milling,Case133,ID4429,Turning & Milling,ID4429,Fluxicon Disco,Variant 3,3,2012-03-28T08:15:00.000,2012-03-28T07:00:00.000
Turning & Milling,Case133,ID4932,Turning & Milling,ID4932,Fluxicon Disco,Variant 3,3,2012-03-29T11:43:00.000,2012-03-29T03:04:00.000
Turning & Milling,Case133,ID4932,Turning & Milling,ID4932,Fluxicon Disco,Variant 3,3,2012-03-29T13:40:00.000,2012-03-29T11:44:00.000
Turning & Milling,Case133,ID4167,Turning & Milling,ID4167,Fluxicon Disco,Variant 3,3,2012-03-29T23:03:00.000,2012-03-29T13:45:00.000
End,Case133,End,End,End,Fluxicon Disco,Variant 3,3,2012-03-29T23:03:00.000,2012-03-29T23:03:00.000
Start,Case134,Start,Start,Start,Fluxicon Disco,Variant 3,3,2012-03-30T00:49:00.000,2012-03-30T00:49:00.000
Turning & Milling,Case134,ID4932,Turning & Milling,ID4932,Fluxicon Disco,Variant 3,3,2012-03-30T02:49:00.000,2012-03-30T00:49:00.000
Turning & Milling,Case134,ID4932,Turning & Milling,ID4932,Fluxicon Disco,Variant 3,3,2012-03-30T07:00:00.000,2012-03-30T02:50:00.000
Turning & Milling,Case134,ID4167,Turning & Milling,ID4167,Fluxicon Disco,Variant 3,3,2012-03-30T18:25:00.000,2012-03-30T12:45:00.000
Turning & Milling,Case134,ID4932,Turning & Milling,ID4932,Fluxicon Disco,Variant 3,3,2012-03-31T12:45:00.000,2012-03-31T06:43:00.000
End,Case134,End,End,End,Fluxicon Disco,Variant 3,3,2012-03-31T12:45:00.000,2012-03-31T12:45:00.000
Start,Case135,Start,Start,Start,Fluxicon Disco,Variant 38,38,2012-03-22T04:00:00.000,2012-03-22T04:00:00.000
Turning & Milling,Case135,ID4529,Turning & Milling,ID4529,Fluxicon Disco,Variant 38,38,2012-03-22T12:30:00.000,2012-03-22T04:00:00.000
Turning & Milling,Case135,ID4718,Turning & Milling,ID4718,Fluxicon Disco,Variant 38,38,2012-03-22T15:59:00.000,2012-03-22T13:01:00.000
Turning & Milling,Case135,ID4429,Turning & Milling,ID4429,Fluxicon Disco,Variant 38,38,2012-03-22T18:17:00.000,2012-03-22T15:25:00.000
Turning & Milling,Case135,ID4529,Turning & Milling,ID4529,Fluxicon Disco,Variant 38,38,2012-03-23T07:23:00.000,2012-03-23T02:13:00.000
Turning & Milling,Case135,ID4529,Turning & Milling,ID4529,Fluxicon Disco,Variant 38,38,2012-03-23T08:57:00.000,2012-03-23T08:56:00.000
Turning & Milling,Case135,ID4529,Turning & Milling,ID4529,Fluxicon Disco,Variant 38,38,2012-03-23T12:31:00.000,2012-03-23T08:57:00.000
Turning & Milling,Case135,ID4429,Turning & Milling,ID4429,Fluxicon Disco,Variant 38,38,2012-03-23T18:29:00.000,2012-03-23T13:00:00.000
Turning & Milling,Case135,ID4932,Turning & Milling,ID4932,Fluxicon Disco,Variant 38,38,2012-03-24T21:49:00.000,2012-03-24T19:32:00.000
Turning & Milling,Case135,ID4794,Turning & Milling,ID4794,Fluxicon Disco,Variant 38,38,2012-03-25T05:49:00.000,2012-03-24T22:00:00.000
Turning & Milling,Case135,ID4794,Turning & Milling,ID4794,Fluxicon Disco,Variant 38,38,2012-03-25T13:45:00.000,2012-03-25T05:50:00.000
Turning & Milling,Case135,ID4529,Turning & Milling,ID4529,Fluxicon Disco,Variant 38,38,2012-03-25T17:39:00.000,2012-03-25T14:08:00.000
Turning & Milling,Case135,ID4529,Turning & Milling,ID4529,Fluxicon Disco,Variant 38,38,2012-03-25T19:27:00.000,2012-03-25T19:09:00.000
Turning & Milling,Case135,ID4429,Turning & Milling,ID4429,Fluxicon Disco,Variant 38,38,2012-03-26T06:36:00.000,2012-03-26T02:39:00.000
Turning & Milling,Case135,ID4794,Turning & Milling,ID4794,Fluxicon Disco,Variant 38,38,2012-03-26T13:38:00.000,2012-03-26T06:42:00.000
Turning & Milling,Case135,ID4529,Turning & Milling,ID4529,Fluxicon Disco,Variant 38,38,2012-03-26T16:11:00.000,2012-03-26T13:53:00.000
Turning & Milling Q.C.,Case135,ID4493,Turning & Milling Q.C.,ID4493,Fluxicon Disco,Variant 38,38,2012-03-26T15:00:00.000,2012-03-26T14:00:00.000
Turning & Milling,Case135,ID4529,Turning & Milling,ID4529,Fluxicon Disco,Variant 38,38,2012-03-26T22:41:00.000,2012-03-26T19:10:00.000
Turning & Milling,Case135,ID4429,Turning & Milling,ID4429,Fluxicon Disco,Variant 38,38,2012-03-27T06:37:00.000,2012-03-26T22:50:00.000
Turning & Milling,Case135,ID4794,Turning & Milling,ID4794,Fluxicon Disco,Variant 38,38,2012-03-27T13:33:00.000,2012-03-27T06:43:00.000
Turning & Milling,Case135,ID4167,Turning & Milling,ID4167,Fluxicon Disco,Variant 38,38,2012-03-27T22:00:00.000,2012-03-27T14:00:00.000
Turning & Milling Q.C.,Case135,ID4493,Turning & Milling Q.C.,ID4493,Fluxicon Disco,Variant 38,38,2012-03-27T16:26:00.000,2012-03-27T15:25:00.000
Turning & Milling,Case135,ID4167,Turning & Milling,ID4167,Fluxicon Disco,Variant 38,38,2012-03-27T23:00:00.000,2012-03-27T22:00:00.000
Turning & Milling,Case135,ID4429,Turning & Milling,ID4429,Fluxicon Disco,Variant 38,38,2012-03-28T01:08:00.000,2012-03-27T23:07:00.000
Turning & Milling,Case135,ID4932,Turning & Milling,ID4932,Fluxicon Disco,Variant 38,38,2012-03-28T06:33:00.000,2012-03-28T02:51:00.000
Turning & Milling,Case135,ID4932,Turning & Milling,ID4932,Fluxicon Disco,Variant 38,38,2012-03-28T08:16:00.000,2012-03-28T06:33:00.000
Turning & Milling,Case135,ID4932,Turning & Milling,ID4932,Fluxicon Disco,Variant 38,38,2012-03-28T13:40:00.000,2012-03-28T08:16:00.000
Turning & Milling,Case135,ID4167,Turning & Milling,ID4167,Fluxicon Disco,Variant 38,38,2012-03-28T23:09:00.000,2012-03-28T14:49:00.000
Turning & Milling Q.C.,Case135,ID4493,Turning & Milling Q.C.,ID4493,Fluxicon Disco,Variant 38,38,2012-03-28T21:48:00.000,2012-03-28T16:47:00.000
Turning & Milling,Case135,ID4429,Turning & Milling,ID4429,Fluxicon Disco,Variant 38,38,2012-03-29T06:40:00.000,2012-03-28T23:13:00.000
Turning & Milling,Case135,ID4932,Turning & Milling,ID4932,Fluxicon Disco,Variant 38,38,2012-03-29T13:41:00.000,2012-03-29T06:54:00.000
Turning & Milling,Case135,ID4167,Turning & Milling,ID4167,Fluxicon Disco,Variant 38,38,2012-03-29T23:04:00.000,2012-03-29T13:45:00.000
Turning & Milling Q.C.,Case135,ID4493,Turning & Milling Q.C.,ID4493,Fluxicon Disco,Variant 38,38,2012-03-29T22:05:00.000,2012-03-29T19:04:00.000
Turning & Milling,Case135,ID4429,Turning & Milling,ID4429,Fluxicon Disco,Variant 38,38,2012-03-30T06:28:00.000,2012-03-29T23:47:00.000
Turning & Milling,Case135,ID4932,Turning & Milling,ID4932,Fluxicon Disco,Variant 38,38,2012-03-30T12:45:00.000,2012-03-30T07:01:00.000
Turning & Milling,Case135,ID4167,Turning & Milling,ID4167,Fluxicon Disco,Variant 38,38,2012-03-30T18:27:00.000,2012-03-30T12:45:00.000
Turning & Milling Q.C.,Case135,ID4493,Turning & Milling Q.C.,ID4493,Fluxicon Disco,Variant 38,38,2012-03-30T14:11:00.000,2012-03-30T13:11:00.000
End,Case135,End,End,End,Fluxicon Disco,Variant 38,38,2012-03-30T14:11:00.000,2012-03-30T14:11:00.000
Start,Case136,Start,Start,Start,Fluxicon Disco,Variant 39,39,2012-03-30T02:15:00.000,2012-03-30T02:15:00.000
Turning & Milling,Case136,ID4794,Turning & Milling,ID4794,Fluxicon Disco,Variant 39,39,2012-03-30T06:34:00.000,2012-03-30T02:15:00.000
Turning & Milling,Case136,ID4794,Turning & Milling,ID4794,Fluxicon Disco,Variant 39,39,2012-03-30T12:55:00.000,2012-03-30T06:34:00.000
Turning & Milling Q.C.,Case136,ID4618,Turning & Milling Q.C.,ID4618,Fluxicon Disco,Variant 39,39,2012-03-30T14:21:00.000,2012-03-30T13:36:00.000
End,Case136,End,End,End,Fluxicon Disco,Variant 39,39,2012-03-30T14:21:00.000,2012-03-30T14:21:00.000
Start,Case137,Start,Start,Start,Fluxicon Disco,Variant 4,4,2012-03-28T01:21:00.000,2012-03-28T01:21:00.000
Turning & Milling,Case137,ID4429,Turning & Milling,ID4429,Fluxicon Disco,Variant 4,4,2012-03-28T06:38:00.000,2012-03-28T01:21:00.000
Turning & Milling,Case137,ID4932,Turning & Milling,ID4932,Fluxicon Disco,Variant 4,4,2012-03-28T11:11:00.000,2012-03-28T08:17:00.000
Turning & Milling,Case137,ID4167,Turning & Milling,ID4167,Fluxicon Disco,Variant 4,4,2012-03-28T23:09:00.000,2012-03-28T14:50:00.000
Turning & Milling Q.C.,Case137,ID4163,Turning & Milling Q.C.,ID4163,Fluxicon Disco,Variant 4,4,2012-03-30T18:50:00.000,2012-03-30T17:55:00.000
End,Case137,End,End,End,Fluxicon Disco,Variant 4,4,2012-03-30T18:50:00.000,2012-03-30T18:50:00.000
Start,Case138,Start,Start,Start,Fluxicon Disco,Variant 40,40,2012-03-27T00:13:00.000,2012-03-27T00:13:00.000
Turning & Milling,Case138,ID4167,Turning & Milling,ID4167,Fluxicon Disco,Variant 40,40,2012-03-27T01:01:00.000,2012-03-27T00:13:00.000
Turning & Milling,Case138,ID4932,Turning & Milling,ID4932,Fluxicon Disco,Variant 40,40,2012-03-27T07:44:00.000,2012-03-27T02:42:00.000
Turning & Milling,Case138,ID4932,Turning & Milling,ID4932,Fluxicon Disco,Variant 40,40,2012-03-27T13:34:00.000,2012-03-27T07:45:00.000
Turning & Milling,Case138,ID4167,Turning & Milling,ID4167,Fluxicon Disco,Variant 40,40,2012-03-27T23:04:00.000,2012-03-27T15:06:00.000
Turning & Milling,Case138,ID4429,Turning & Milling,ID4429,Fluxicon Disco,Variant 40,40,2012-03-28T01:09:00.000,2012-03-27T23:06:00.000
Turning & Milling Q.C.,Case138,ID4163,Turning & Milling Q.C.,ID4163,Fluxicon Disco,Variant 40,40,2012-03-28T17:30:00.000,2012-03-28T17:00:00.000
Turning & Milling Q.C.,Case138,ID4163,Turning & Milling Q.C.,ID4163,Fluxicon Disco,Variant 40,40,2012-03-28T18:00:00.000,2012-03-28T17:30:00.000
Turning & Milling Q.C.,Case138,ID4163,Turning & Milling Q.C.,ID4163,Fluxicon Disco,Variant 40,40,2012-03-28T18:45:00.000,2012-03-28T18:00:00.000
Laser Marking,Case138,ID4882,Laser Marking,ID4882,Fluxicon Disco,Variant 40,40,2012-03-28T21:43:00.000,2012-03-28T21:15:00.000
End,Case138,End,End,End,Fluxicon Disco,Variant 40,40,2012-03-28T21:43:00.000,2012-03-28T21:43:00.000
Start,Case139,Start,Start,Start,Fluxicon Disco,Variant 41,41,2012-03-15T12:43:00.000,2012-03-15T12:43:00.000
Round Grinding,Case139,ID4493,Round Grinding,ID4493,Fluxicon Disco,Variant 41,41,2012-03-15T13:45:00.000,2012-03-15T12:43:00.000
End,Case139,End,End,End,Fluxicon Disco,Variant 41,41,2012-03-15T13:45:00.000,2012-03-15T13:45:00.000
Start,Case140,Start,Start,Start,Fluxicon Disco,Variant 42,42,2012-03-19T13:14:00.000,2012-03-19T13:14:00.000
Turning & Milling,Case140,ID4429,Turning & Milling,ID4429,Fluxicon Disco,Variant 42,42,2012-03-19T23:59:00.000,2012-03-19T13:14:00.000
Turning & Milling,Case140,ID4167,Turning & Milling,ID4167,Fluxicon Disco,Variant 42,42,2012-03-20T03:35:00.000,2012-03-20T02:20:00.000
Turning & Milling Q.C.,Case140,ID4493,Turning & Milling Q.C.,ID4493,Fluxicon Disco,Variant 42,42,2012-03-20T18:02:00.000,2012-03-20T17:02:00.000
Laser Marking,Case140,ID4882,Laser Marking,ID4882,Fluxicon Disco,Variant 42,42,2012-03-20T20:52:00.000,2012-03-20T19:37:00.000
Lapping,Case140,ID0998,Lapping,ID0998,Fluxicon Disco,Variant 42,42,2012-03-27T17:22:00.000,2012-03-27T15:27:00.000
Round Grinding,Case140,ID4355,Round Grinding,ID4355,Fluxicon Disco,Variant 42,42,2012-03-27T23:14:00.000,2012-03-27T19:34:00.000
Round Grinding,Case140,ID4355,Round Grinding,ID4355,Fluxicon Disco,Variant 42,42,2012-03-28T00:06:00.000,2012-03-27T23:15:00.000
Round Grinding,Case140,ID4355,Round Grinding,ID4355,Fluxicon Disco,Variant 42,42,2012-03-28T00:43:00.000,2012-03-28T00:07:00.000
Grinding Rework,Case140,ID4528,Grinding Rework,ID4528,Fluxicon Disco,Variant 42,42,2012-03-30T05:19:00.000,2012-03-30T04:36:00.000
Round Grinding,Case140,ID4385,Round Grinding,ID4385,Fluxicon Disco,Variant 42,42,2012-03-30T07:26:00.000,2012-03-30T06:54:00.000
Packing,Case140,ID4820,Packing,ID4820,Fluxicon Disco,Variant 42,42,2012-03-30T08:00:00.000,2012-03-30T07:00:00.000
Final Inspection Q.C.,Case140,ID4493,Final Inspection Q.C.,ID4493,Fluxicon Disco,Variant 42,42,2012-03-30T16:03:00.000,2012-03-30T14:12:00.000
End,Case140,End,End,End,Fluxicon Disco,Variant 42,42,2012-03-30T16:03:00.000,2012-03-30T16:03:00.000
Start,Case141,Start,Start,Start,Fluxicon Disco,Variant 1,1,2012-03-26T07:00:00.000,2012-03-26T07:00:00.000
Turning & Milling,Case141,ID4429,Turning & Milling,ID4429,Fluxicon Disco,Variant 1,1,2012-03-26T08:15:00.000,2012-03-26T07:00:00.000
End,Case141,End,End,End,Fluxicon Disco,Variant 1,1,2012-03-26T08:15:00.000,2012-03-26T08:15:00.000
Start,Case142,Start,Start,Start,Fluxicon Disco,Variant 43,43,2012-03-22T20:00:00.000,2012-03-22T20:00:00.000
Turning & Milling Q.C.,Case142,ID4287,Turning & Milling Q.C.,ID4287,Fluxicon Disco,Variant 43,43,2012-03-22T22:06:00.000,2012-03-22T20:00:00.000
Turning & Milling Q.C.,Case142,ID4287,Turning & Milling Q.C.,ID4287,Fluxicon Disco,Variant 43,43,2012-03-26T18:10:00.000,2012-03-26T17:00:00.000
End,Case142,End,End,End,Fluxicon Disco,Variant 43,43,2012-03-26T18:10:00.000,2012-03-26T18:10:00.000
Start,Case144,Start,Start,Start,Fluxicon Disco,Variant 2,2,2012-03-30T07:00:00.000,2012-03-30T07:00:00.000
Packing,Case144,ID4491,Packing,ID4491,Fluxicon Disco,Variant 2,2,2012-03-30T08:00:00.000,2012-03-30T07:00:00.000
Final Inspection Q.C.,Case144,ID4493,Final Inspection Q.C.,ID4493,Fluxicon Disco,Variant 2,2,2012-03-30T16:57:00.000,2012-03-30T15:56:00.000
End,Case144,End,End,End,Fluxicon Disco,Variant 2,2,2012-03-30T16:57:00.000,2012-03-30T16:57:00.000
Start,Case145,Start,Start,Start,Fluxicon Disco,Variant 44,44,2012-02-17T03:04:00.000,2012-02-17T03:04:00.000
Turning,Case145,ID4219,Turning,ID4219,Fluxicon Disco,Variant 44,44,2012-02-17T06:42:00.000,2012-02-17T03:04:00.000
Turning,Case145,ID0997,Turning,ID0997,Fluxicon Disco,Variant 44,44,2012-02-17T18:41:00.000,2012-02-17T13:09:00.000
Turning,Case145,ID4219,Turning,ID4219,Fluxicon Disco,Variant 44,44,2012-02-19T13:17:00.000,2012-02-19T12:50:00.000
Turning,Case145,ID4219,Turning,ID4219,Fluxicon Disco,Variant 44,44,2012-02-19T16:17:00.000,2012-02-19T15:39:00.000
Turning Q.C.,Case145,ID4618,Turning Q.C.,ID4618,Fluxicon Disco,Variant 44,44,2012-02-19T21:55:00.000,2012-02-19T21:54:00.000
Flat Grinding,Case145,ID0998,Flat Grinding,ID0998,Fluxicon Disco,Variant 44,44,2012-02-20T23:39:00.000,2012-02-20T17:21:00.000
Lapping,Case145,ID0998,Lapping,ID0998,Fluxicon Disco,Variant 44,44,2012-03-01T20:43:00.000,2012-03-01T19:58:00.000
Final Inspection Q.C.,Case145,ID4618,Final Inspection Q.C.,ID4618,Fluxicon Disco,Variant 44,44,2012-03-04T15:45:00.000,2012-03-04T15:25:00.000
Turning Q.C.,Case145,ID4618,Turning Q.C.,ID4618,Fluxicon Disco,Variant 44,44,2012-03-08T21:54:00.000,2012-03-08T18:27:00.000
Lapping,Case145,ID0998,Lapping,ID0998,Fluxicon Disco,Variant 44,44,2012-03-09T19:35:00.000,2012-03-09T18:20:00.000
Laser Marking,Case145,ID0998,Laser Marking,ID0998,Fluxicon Disco,Variant 44,44,2012-03-09T18:54:00.000,2012-03-09T18:21:00.000
Packing,Case145,ID4820,Packing,ID4820,Fluxicon Disco,Variant 44,44,2012-03-11T07:00:00.000,2012-03-11T06:00:00.000
Final Inspection Q.C.,Case145,ID4618,Final Inspection Q.C.,ID4618,Fluxicon Disco,Variant 44,44,2012-03-11T14:08:00.000,2012-03-11T14:00:00.000
End,Case145,End,End,End,Fluxicon Disco,Variant 44,44,2012-03-11T14:08:00.000,2012-03-11T14:08:00.000
Start,Case146,Start,Start,Start,Fluxicon Disco,Variant 2,2,2012-02-19T06:00:00.000,2012-02-19T06:00:00.000
Packing,Case146,ID4820,Packing,ID4820,Fluxicon Disco,Variant 2,2,2012-02-19T07:00:00.000,2012-02-19T06:00:00.000
Final Inspection Q.C.,Case146,ID4287,Final Inspection Q.C.,ID4287,Fluxicon Disco,Variant 2,2,2012-02-19T14:40:00.000,2012-02-19T13:00:00.000
End,Case146,End,End,End,Fluxicon Disco,Variant 2,2,2012-02-19T14:40:00.000,2012-02-19T14:40:00.000
Start,Case147,Start,Start,Start,Fluxicon Disco,Variant 45,45,2012-03-12T00:36:00.000,2012-03-12T00:36:00.000
Turning,Case147,ID4219,Turning,ID4219,Fluxicon Disco,Variant 45,45,2012-03-12T05:12:00.000,2012-03-12T00:36:00.000
Turning,Case147,ID0997,Turning,ID0997,Fluxicon Disco,Variant 45,45,2012-03-12T17:00:00.000,2012-03-12T13:00:00.000
Turning,Case147,ID0997,Turning,ID0997,Fluxicon Disco,Variant 45,45,2012-03-12T21:54:00.000,2012-03-12T17:00:00.000
Turning,Case147,ID4219,Turning,ID4219,Fluxicon Disco,Variant 45,45,2012-03-13T08:04:00.000,2012-03-13T01:25:00.000
Packing,Case147,ID4820,Packing,ID4820,Fluxicon Disco,Variant 45,45,2012-03-13T07:00:00.000,2012-03-13T06:00:00.000
Turning Q.C.,Case147,ID4287,Turning Q.C.,ID4287,Fluxicon Disco,Variant 45,45,2012-03-13T14:00:00.000,2012-03-13T13:00:00.000
Final Inspection Q.C.,Case147,ID4287,Final Inspection Q.C.,ID4287,Fluxicon Disco,Variant 45,45,2012-03-13T20:03:00.000,2012-03-13T19:20:00.000
End,Case147,End,End,End,Fluxicon Disco,Variant 45,45,2012-03-13T20:03:00.000,2012-03-13T20:03:00.000
Start,Case148,Start,Start,Start,Fluxicon Disco,Variant 46,46,2012-01-11T16:00:00.000,2012-01-11T16:00:00.000
Rework Milling,Case148,ID3641,Rework Milling,ID3641,Fluxicon Disco,Variant 46,46,2012-01-11T17:30:00.000,2012-01-11T16:00:00.000
Final Inspection Q.C.,Case148,ID4287,Final Inspection Q.C.,ID4287,Fluxicon Disco,Variant 46,46,2012-02-26T07:15:00.000,2012-02-26T06:00:00.000
Milling Q.C.,Case148,ID4287,Milling Q.C.,ID4287,Fluxicon Disco,Variant 46,46,2012-02-26T07:15:00.000,2012-02-26T06:00:00.000
Packing,Case148,ID4291,Packing,ID4291,Fluxicon Disco,Variant 46,46,2012-02-26T07:00:00.000,2012-02-26T06:00:00.000
Milling,Case148,ID4287,Milling,ID4287,Fluxicon Disco,Variant 46,46,2012-02-26T20:53:00.000,2012-02-26T19:38:00.000
Final Inspection Q.C.,Case148,ID4287,Final Inspection Q.C.,ID4287,Fluxicon Disco,Variant 46,46,2012-02-26T20:00:00.000,2012-02-26T19:39:00.000
End,Case148,End,End,End,Fluxicon Disco,Variant 46,46,2012-02-26T20:00:00.000,2012-02-26T20:00:00.000
Start,Case150,Start,Start,Start,Fluxicon Disco,Variant 47,47,2012-02-02T06:00:00.000,2012-02-02T06:00:00.000
Flat Grinding,Case150,ID4618,Flat Grinding,ID4618,Fluxicon Disco,Variant 47,47,2012-02-02T07:15:00.000,2012-02-02T06:00:00.000
Laser Marking,Case150,ID4618,Laser Marking,ID4618,Fluxicon Disco,Variant 47,47,2012-02-02T07:15:00.000,2012-02-02T06:00:00.000
Round Grinding,Case150,ID4618,Round Grinding,ID4618,Fluxicon Disco,Variant 47,47,2012-02-02T07:15:00.000,2012-02-02T06:00:00.000
Final Inspection Q.C.,Case150,ID4618,Final Inspection Q.C.,ID4618,Fluxicon Disco,Variant 47,47,2012-02-02T15:47:00.000,2012-02-02T15:46:00.000
End,Case150,End,End,End,Fluxicon Disco,Variant 47,47,2012-02-02T15:47:00.000,2012-02-02T15:47:00.000
Start,Case153,Start,Start,Start,Fluxicon Disco,Variant 48,48,2012-01-03T01:00:00.000,2012-01-03T01:00:00.000
Round Grinding,Case153,ID4528,Round Grinding,ID4528,Fluxicon Disco,Variant 48,48,2012-01-03T01:50:00.000,2012-01-03T01:00:00.000
Round Grinding,Case153,ID4528,Round Grinding,ID4528,Fluxicon Disco,Variant 48,48,2012-01-03T02:45:00.000,2012-01-03T01:50:00.000
Final Inspection Q.C.,Case153,ID4287,Final Inspection Q.C.,ID4287,Fluxicon Disco,Variant 48,48,2012-01-04T23:47:00.000,2012-01-04T23:10:00.000
Final Inspection Q.C.,Case153,ID4287,Final Inspection Q.C.,ID4287,Fluxicon Disco,Variant 48,48,2012-01-05T14:40:00.000,2012-01-05T14:05:00.000
Packing,Case153,ID4820,Packing,ID4820,Fluxicon Disco,Variant 48,48,2012-01-06T07:00:00.000,2012-01-06T06:00:00.000
End,Case153,End,End,End,Fluxicon Disco,Variant 48,48,2012-01-06T07:00:00.000,2012-01-06T07:00:00.000
Start,Case154,Start,Start,Start,Fluxicon Disco,Variant 49,49,2012-01-04T06:00:00.000,2012-01-04T06:00:00.000
Round Grinding,Case154,ID4493,Round Grinding,ID4493,Fluxicon Disco,Variant 49,49,2012-01-04T07:15:00.000,2012-01-04T06:00:00.000
Flat Grinding,Case154,ID3716,Flat Grinding,ID3716,Fluxicon Disco,Variant 49,49,2012-01-06T17:30:00.000,2012-01-06T13:00:00.000
Final Inspection Q.C.,Case154,ID4493,Final Inspection Q.C.,ID4493,Fluxicon Disco,Variant 49,49,2012-01-08T16:11:00.000,2012-01-08T13:00:00.000
Packing,Case154,ID4820,Packing,ID4820,Fluxicon Disco,Variant 49,49,2012-01-11T07:00:00.000,2012-01-11T06:00:00.000
End,Case154,End,End,End,Fluxicon Disco,Variant 49,49,2012-01-11T07:00:00.000,2012-01-11T07:00:00.000
Start,Case155,Start,Start,Start,Fluxicon Disco,Variant 50,50,2012-01-06T13:11:00.000,2012-01-06T13:11:00.000
Turning,Case155,ID0997,Turning,ID0997,Fluxicon Disco,Variant 50,50,2012-01-06T17:56:00.000,2012-01-06T13:11:00.000
Turning & Milling,Case155,ID0997,Turning & Milling,ID0997,Fluxicon Disco,Variant 50,50,2012-01-06T18:38:00.000,2012-01-06T17:56:00.000
Turning & Milling,Case155,ID0997,Turning & Milling,ID0997,Fluxicon Disco,Variant 50,50,2012-01-06T19:53:00.000,2012-01-06T18:38:00.000
Turning & Milling,Case155,ID0997,Turning & Milling,ID0997,Fluxicon Disco,Variant 50,50,2012-01-08T21:39:00.000,2012-01-08T15:08:00.000
Turning & Milling Q.C.,Case155,ID4618,Turning & Milling Q.C.,ID4618,Fluxicon Disco,Variant 50,50,2012-01-08T17:59:00.000,2012-01-08T17:36:00.000
Turning & Milling Q.C.,Case155,ID4618,Turning & Milling Q.C.,ID4618,Fluxicon Disco,Variant 50,50,2012-01-08T23:00:00.000,2012-01-08T21:45:00.000
Laser Marking,Case155,ID4882,Laser Marking,ID4882,Fluxicon Disco,Variant 50,50,2012-01-10T14:12:00.000,2012-01-10T13:51:00.000
Laser Marking,Case155,ID0998,Laser Marking,ID0998,Fluxicon Disco,Variant 50,50,2012-01-10T15:10:00.000,2012-01-10T14:25:00.000
Lapping,Case155,ID4882,Lapping,ID4882,Fluxicon Disco,Variant 50,50,2012-01-10T16:33:00.000,2012-01-10T15:15:00.000
Final Inspection Q.C.,Case155,ID4618,Final Inspection Q.C.,ID4618,Fluxicon Disco,Variant 50,50,2012-01-10T21:14:00.000,2012-01-10T19:36:00.000
Final Inspection Q.C.,Case155,ID4618,Final Inspection Q.C.,ID4618,Fluxicon Disco,Variant 50,50,2012-01-11T19:19:00.000,2012-01-11T18:04:00.000
Packing,Case155,ID4820,Packing,ID4820,Fluxicon Disco,Variant 50,50,2012-01-13T07:00:00.000,2012-01-13T06:00:00.000
End,Case155,End,End,End,Fluxicon Disco,Variant 50,50,2012-01-13T07:00:00.000,2012-01-13T07:00:00.000
Start,Case156,Start,Start,Start,Fluxicon Disco,Variant 51,51,2012-02-21T02:00:00.000,2012-02-21T02:00:00.000
Turning & Milling,Case156,ID4641,Turning & Milling,ID4641,Fluxicon Disco,Variant 51,51,2012-02-21T05:50:00.000,2012-02-21T02:00:00.000
Turning & Milling,Case156,ID4641,Turning & Milling,ID4641,Fluxicon Disco,Variant 51,51,2012-02-21T12:50:00.000,2012-02-21T05:50:00.000
Turning & Milling,Case156,ID4641,Turning & Milling,ID4641,Fluxicon Disco,Variant 51,51,2012-02-22T09:56:00.000,2012-02-22T03:33:00.000
Turning & Milling,Case156,ID4641,Turning & Milling,ID4641,Fluxicon Disco,Variant 51,51,2012-02-22T12:34:00.000,2012-02-22T09:57:00.000
Turning & Milling,Case156,ID4641,Turning & Milling,ID4641,Fluxicon Disco,Variant 51,51,2012-02-23T12:41:00.000,2012-02-23T03:12:00.000
Turning & Milling Q.C.,Case156,ID4618,Turning & Milling Q.C.,ID4618,Fluxicon Disco,Variant 51,51,2012-02-23T15:08:00.000,2012-02-23T13:50:00.000
Final Inspection Q.C.,Case156,ID4618,Final Inspection Q.C.,ID4618,Fluxicon Disco,Variant 51,51,2012-02-27T13:24:00.000,2012-02-27T13:09:00.000
Turning & Milling Q.C.,Case156,ID4618,Turning & Milling Q.C.,ID4618,Fluxicon Disco,Variant 51,51,2012-02-27T13:26:00.000,2012-02-27T13:25:00.000
Laser Marking,Case156,ID4445,Laser Marking,ID4445,Fluxicon Disco,Variant 51,51,2012-02-29T21:42:00.000,2012-02-29T21:23:00.000
Lapping,Case156,ID0420,Lapping,ID0420,Fluxicon Disco,Variant 51,51,2012-03-01T08:34:00.000,2012-03-01T07:16:00.000
Final Inspection Q.C.,Case156,ID4618,Final Inspection Q.C.,ID4618,Fluxicon Disco,Variant 51,51,2012-03-06T20:51:00.000,2012-03-06T19:35:00.000
Final Inspection Q.C.,Case156,ID4618,Final Inspection Q.C.,ID4618,Fluxicon Disco,Variant 51,51,2012-03-06T22:25:00.000,2012-03-06T22:24:00.000
Turning & Milling,Case156,ID4618,Turning & Milling,ID4618,Fluxicon Disco,Variant 51,51,2012-03-06T22:30:00.000,2012-03-06T22:26:00.000
Packing,Case156,ID4820,Packing,ID4820,Fluxicon Disco,Variant 51,51,2012-03-07T07:00:00.000,2012-03-07T06:00:00.000
End,Case156,End,End,End,Fluxicon Disco,Variant 51,51,2012-03-07T07:00:00.000,2012-03-07T07:00:00.000
Start,Case157,Start,Start,Start,Fluxicon Disco,Variant 52,52,2012-02-21T06:00:00.000,2012-02-21T06:00:00.000
Lapping,Case157,ID0937,Lapping,ID0937,Fluxicon Disco,Variant 52,52,2012-02-21T07:15:00.000,2012-02-21T06:00:00.000
End,Case157,End,End,End,Fluxicon Disco,Variant 52,52,2012-02-21T07:15:00.000,2012-02-21T07:15:00.000
Start,Case163,Start,Start,Start,Fluxicon Disco,Variant 53,53,2012-01-09T06:00:00.000,2012-01-09T06:00:00.000
Packing,Case163,ID4491,Packing,ID4491,Fluxicon Disco,Variant 53,53,2012-01-09T07:00:00.000,2012-01-09T06:00:00.000
Final Inspection Q.C.,Case163,ID4287,Final Inspection Q.C.,ID4287,Fluxicon Disco,Variant 53,53,2012-01-09T15:46:00.000,2012-01-09T14:00:00.000
Turning Q.C.,Case163,ID4287,Turning Q.C.,ID4287,Fluxicon Disco,Variant 53,53,2012-01-09T17:38:00.000,2012-01-09T16:01:00.000
Turning Q.C.,Case163,ID4287,Turning Q.C.,ID4287,Fluxicon Disco,Variant 53,53,2012-01-10T18:11:00.000,2012-01-10T16:11:00.000
Turning,Case163,ID3846,Turning,ID3846,Fluxicon Disco,Variant 53,53,2012-01-22T13:15:00.000,2012-01-22T13:14:00.000
Final Inspection Q.C.,Case163,ID4287,Final Inspection Q.C.,ID4287,Fluxicon Disco,Variant 53,53,2012-01-24T07:15:00.000,2012-01-24T06:00:00.000
Final Inspection Q.C.,Case163,ID4287,Final Inspection Q.C.,ID4287,Fluxicon Disco,Variant 53,53,2012-01-24T07:15:00.000,2012-01-24T06:00:00.000
Packing,Case163,ID4491,Packing,ID4491,Fluxicon Disco,Variant 53,53,2012-01-24T07:00:00.000,2012-01-24T06:00:00.000
Final Inspection Q.C.,Case163,ID4287,Final Inspection Q.C.,ID4287,Fluxicon Disco,Variant 53,53,2012-01-24T20:45:00.000,2012-01-24T19:30:00.000
Final Inspection Q.C.,Case163,ID4287,Final Inspection Q.C.,ID4287,Fluxicon Disco,Variant 53,53,2012-01-24T22:00:00.000,2012-01-24T21:30:00.000
Packing,Case163,ID4820,Packing,ID4820,Fluxicon Disco,Variant 53,53,2012-03-01T07:00:00.000,2012-03-01T06:00:00.000
Final Inspection Q.C.,Case163,ID4287,Final Inspection Q.C.,ID4287,Fluxicon Disco,Variant 53,53,2012-03-01T15:30:00.000,2012-03-01T15:00:00.000
Final Inspection Q.C.,Case163,ID4287,Final Inspection Q.C.,ID4287,Fluxicon Disco,Variant 53,53,2012-03-22T21:04:00.000,2012-03-22T20:30:00.000
End,Case163,End,End,End,Fluxicon Disco,Variant 53,53,2012-03-22T21:04:00.000,2012-03-22T21:04:00.000
Start,Case17,Start,Start,Start,Fluxicon Disco,Variant 54,54,2012-02-26T22:49:00.000,2012-02-26T22:49:00.000
Turning,Case17,ID4219,Turning,ID4219,Fluxicon Disco,Variant 54,54,2012-02-27T02:43:00.000,2012-02-26T22:49:00.000
Turning,Case17,ID4219,Turning,ID4219,Fluxicon Disco,Variant 54,54,2012-02-27T04:16:00.000,2012-02-27T03:20:00.000
Turning,Case17,ID4219,Turning,ID4219,Fluxicon Disco,Variant 54,54,2012-02-27T05:07:00.000,2012-02-27T04:16:00.000
Turning,Case17,ID4219,Turning,ID4219,Fluxicon Disco,Variant 54,54,2012-02-27T06:29:00.000,2012-02-27T05:07:00.000
Turning,Case17,ID4219,Turning,ID4219,Fluxicon Disco,Variant 54,54,2012-02-27T06:42:00.000,2012-02-27T06:28:00.000
Turning,Case17,ID4799,Turning,ID4799,Fluxicon Disco,Variant 54,54,2012-02-27T12:58:00.000,2012-02-27T06:30:00.000
Turning,Case17,ID4622,Turning,ID4622,Fluxicon Disco,Variant 54,54,2012-02-27T21:45:00.000,2012-02-27T12:58:00.000
Turning,Case17,ID4219,Turning,ID4219,Fluxicon Disco,Variant 54,54,2012-02-27T22:36:00.000,2012-02-27T22:14:00.000
Turning,Case17,ID4799,Turning,ID4799,Fluxicon Disco,Variant 54,54,2012-02-28T12:58:00.000,2012-02-28T02:07:00.000
Turning,Case17,ID4622,Turning,ID4622,Fluxicon Disco,Variant 54,54,2012-02-28T21:42:00.000,2012-02-28T13:05:00.000
Turning,Case17,ID4219,Turning,ID4219,Fluxicon Disco,Variant 54,54,2012-02-29T01:22:00.000,2012-02-28T22:32:00.000
Turning,Case17,ID4799,Turning,ID4799,Fluxicon Disco,Variant 54,54,2012-02-29T12:40:00.000,2012-02-29T02:00:00.000
Turning,Case17,ID4622,Turning,ID4622,Fluxicon Disco,Variant 54,54,2012-02-29T21:40:00.000,2012-02-29T13:20:00.000
Turning Q.C.,Case17,ID4287,Turning Q.C.,ID4287,Fluxicon Disco,Variant 54,54,2012-02-29T14:40:00.000,2012-02-29T14:00:00.000
Turning Q.C.,Case17,ID4287,Turning Q.C.,ID4287,Fluxicon Disco,Variant 54,54,2012-02-29T19:35:00.000,2012-02-29T19:20:00.000
Laser Marking,Case17,ID4445,Laser Marking,ID4445,Fluxicon Disco,Variant 54,54,2012-02-29T21:02:00.000,2012-02-29T19:39:00.000
Turning Q.C.,Case17,ID4287,Turning Q.C.,ID4287,Fluxicon Disco,Variant 54,54,2012-03-01T00:00:00.000,2012-02-29T22:07:00.000
Turning,Case17,ID4219,Turning,ID4219,Fluxicon Disco,Variant 54,54,2012-03-01T03:25:00.000,2012-03-01T00:00:00.000
Turning,Case17,ID4219,Turning,ID4219,Fluxicon Disco,Variant 54,54,2012-03-01T04:27:00.000,2012-03-01T03:25:00.000
Turning,Case17,ID4799,Turning,ID4799,Fluxicon Disco,Variant 54,54,2012-03-01T07:10:00.000,2012-03-01T03:28:00.000
Turning,Case17,ID4219,Turning,ID4219,Fluxicon Disco,Variant 54,54,2012-03-01T07:24:00.000,2012-03-01T06:12:00.000
Turning Q.C.,Case17,ID4287,Turning Q.C.,ID4287,Fluxicon Disco,Variant 54,54,2012-03-01T22:01:00.000,2012-03-01T21:04:00.000
Turning,Case17,ID4219,Turning,ID4219,Fluxicon Disco,Variant 54,54,2012-03-02T07:59:00.000,2012-03-02T07:24:00.000
Turning,Case17,ID4799,Turning,ID4799,Fluxicon Disco,Variant 54,54,2012-03-02T13:00:00.000,2012-03-02T07:25:00.000
Turning,Case17,ID4799,Turning,ID4799,Fluxicon Disco,Variant 54,54,2012-03-05T22:37:00.000,2012-03-05T15:31:00.000
Turning Q.C.,Case17,ID4287,Turning Q.C.,ID4287,Fluxicon Disco,Variant 54,54,2012-03-07T14:40:00.000,2012-03-07T13:30:00.000
Turning Q.C.,Case17,ID4287,Turning Q.C.,ID4287,Fluxicon Disco,Variant 54,54,2012-03-08T17:03:00.000,2012-03-08T15:02:00.000
Turning,Case17,ID4799,Turning,ID4799,Fluxicon Disco,Variant 54,54,2012-03-09T00:05:00.000,2012-03-08T21:48:00.000
Turning,Case17,ID4799,Turning,ID4799,Fluxicon Disco,Variant 54,54,2012-03-11T12:08:00.000,2012-03-11T04:07:00.000
Packing,Case17,ID4820,Packing,ID4820,Fluxicon Disco,Variant 54,54,2012-03-22T07:00:00.000,2012-03-22T06:00:00.000
Final Inspection Q.C.,Case17,ID4287,Final Inspection Q.C.,ID4287,Fluxicon Disco,Variant 54,54,2012-03-22T20:30:00.000,2012-03-22T19:30:00.000
Turning,Case17,ID4219,Turning,ID4219,Fluxicon Disco,Variant 54,54,2012-03-26T03:53:00.000,2012-03-25T23:57:00.000
Turning,Case17,ID4219,Turning,ID4219,Fluxicon Disco,Variant 54,54,2012-03-26T06:13:00.000,2012-03-26T03:53:00.000
Turning,Case17,ID4219,Turning,ID4219,Fluxicon Disco,Variant 54,54,2012-03-26T09:20:00.000,2012-03-26T06:14:00.000
Turning,Case17,ID4799,Turning,ID4799,Fluxicon Disco,Variant 54,54,2012-03-27T13:55:00.000,2012-03-27T03:00:00.000
Turning,Case17,ID4622,Turning,ID4622,Fluxicon Disco,Variant 54,54,2012-03-28T00:26:00.000,2012-03-27T14:39:00.000
Turning,Case17,ID4799,Turning,ID4799,Fluxicon Disco,Variant 54,54,2012-03-28T13:55:00.000,2012-03-28T06:07:00.000
Turning,Case17,ID4622,Turning,ID4622,Fluxicon Disco,Variant 54,54,2012-03-28T22:53:00.000,2012-03-28T19:37:00.000
Turning,Case17,ID4799,Turning,ID4799,Fluxicon Disco,Variant 54,54,2012-03-29T12:34:00.000,2012-03-29T04:43:00.000
Turning,Case17,ID4622,Turning,ID4622,Fluxicon Disco,Variant 54,54,2012-03-29T22:33:00.000,2012-03-29T14:11:00.000
End,Case17,End,End,End,Fluxicon Disco,Variant 54,54,2012-03-29T22:33:00.000,2012-03-29T22:33:00.000
Start,Case174,Start,Start,Start,Fluxicon Disco,Variant 55,55,2012-03-19T03:42:00.000,2012-03-19T03:42:00.000
Turning & Milling,Case174,ID4529,Turning & Milling,ID4529,Fluxicon Disco,Variant 55,55,2012-03-19T08:14:00.000,2012-03-19T03:42:00.000
Turning & Milling,Case174,ID4794,Turning & Milling,ID4794,Fluxicon Disco,Variant 55,55,2012-03-19T18:12:00.000,2012-03-19T13:20:00.000
Turning & Milling Q.C.,Case174,ID4287,Turning & Milling Q.C.,ID4287,Fluxicon Disco,Variant 55,55,2012-03-19T18:37:00.000,2012-03-19T17:30:00.000
Turning & Milling,Case174,ID4794,Turning & Milling,ID4794,Fluxicon Disco,Variant 55,55,2012-03-19T22:01:00.000,2012-03-19T18:12:00.000
Turning & Milling,Case174,ID4718,Turning & Milling,ID4718,Fluxicon Disco,Variant 55,55,2012-03-19T23:49:00.000,2012-03-19T22:40:00.000
Turning & Milling,Case174,ID0997,Turning & Milling,ID0997,Fluxicon Disco,Variant 55,55,2012-03-20T05:28:00.000,2012-03-20T01:57:00.000
Turning & Milling,Case174,ID4529,Turning & Milling,ID4529,Fluxicon Disco,Variant 55,55,2012-03-20T12:40:00.000,2012-03-20T09:03:00.000
Turning & Milling,Case174,ID4794,Turning & Milling,ID4794,Fluxicon Disco,Variant 55,55,2012-03-20T19:29:00.000,2012-03-20T13:25:00.000
Turning & Milling Q.C.,Case174,ID4287,Turning & Milling Q.C.,ID4287,Fluxicon Disco,Variant 55,55,2012-03-20T22:00:00.000,2012-03-20T20:37:00.000
Turning & Milling Q.C.,Case174,ID4287,Turning & Milling Q.C.,ID4287,Fluxicon Disco,Variant 55,55,2012-03-21T13:16:00.000,2012-03-21T12:45:00.000
Laser Marking,Case174,ID0998,Laser Marking,ID0998,Fluxicon Disco,Variant 55,55,2012-03-29T16:20:00.000,2012-03-29T15:26:00.000
Lapping,Case174,ID0998,Lapping,ID0998,Fluxicon Disco,Variant 55,55,2012-03-29T17:48:00.000,2012-03-29T16:20:00.000
Lapping,Case174,ID4872,Lapping,ID4872,Fluxicon Disco,Variant 55,55,2012-03-29T17:58:00.000,2012-03-29T17:00:00.000
Lapping,Case174,ID0998,Lapping,ID0998,Fluxicon Disco,Variant 55,55,2012-03-29T19:51:00.000,2012-03-29T17:49:00.000
Round Grinding,Case174,ID4872,Round Grinding,ID4872,Fluxicon Disco,Variant 55,55,2012-03-29T19:13:00.000,2012-03-29T17:58:00.000
Round Grinding,Case174,ID4872,Round Grinding,ID4872,Fluxicon Disco,Variant 55,55,2012-03-29T21:35:00.000,2012-03-29T17:59:00.000
Round Grinding,Case174,ID4872,Round Grinding,ID4872,Fluxicon Disco,Variant 55,55,2012-03-29T22:46:00.000,2012-03-29T21:36:00.000
Lapping,Case174,ID4528,Lapping,ID4528,Fluxicon Disco,Variant 55,55,2012-03-30T04:36:00.000,2012-03-30T00:53:00.000
Packing,Case174,ID4491,Packing,ID4491,Fluxicon Disco,Variant 55,55,2012-03-30T08:00:00.000,2012-03-30T07:00:00.000
Final Inspection Q.C.,Case174,ID4287,Final Inspection Q.C.,ID4287,Fluxicon Disco,Variant 55,55,2012-03-30T17:17:00.000,2012-03-30T15:40:00.000
End,Case174,End,End,End,Fluxicon Disco,Variant 55,55,2012-03-30T17:17:00.000,2012-03-30T17:17:00.000
Start,Case175,Start,Start,Start,Fluxicon Disco,Variant 56,56,2012-01-31T13:00:00.000,2012-01-31T13:00:00.000
Round Grinding,Case175,ID4287,Round Grinding,ID4287,Fluxicon Disco,Variant 56,56,2012-01-31T13:30:00.000,2012-01-31T13:00:00.000
Round Grinding,Case175,ID4287,Round Grinding,ID4287,Fluxicon Disco,Variant 56,56,2012-01-31T13:30:00.000,2012-01-31T13:03:00.000
End,Case175,End,End,End,Fluxicon Disco,Variant 56,56,2012-01-31T13:30:00.000,2012-01-31T13:30:00.000
Start,Case177,Start,Start,Start,Fluxicon Disco,Variant 57,57,2012-01-04T14:20:00.000,2012-01-04T14:20:00.000
Lapping,Case177,ID0998,Lapping,ID0998,Fluxicon Disco,Variant 57,57,2012-01-04T16:25:00.000,2012-01-04T14:20:00.000
Round Grinding,Case177,ID4385,Round Grinding,ID4385,Fluxicon Disco,Variant 57,57,2012-01-08T21:08:00.000,2012-01-08T19:21:00.000
Round Grinding,Case177,ID4385,Round Grinding,ID4385,Fluxicon Disco,Variant 57,57,2012-01-08T21:57:00.000,2012-01-08T21:09:00.000
Round Grinding,Case177,ID4355,Round Grinding,ID4355,Fluxicon Disco,Variant 57,57,2012-01-09T04:13:00.000,2012-01-08T21:59:00.000
Final Inspection Q.C.,Case177,ID4163,Final Inspection Q.C.,ID4163,Fluxicon Disco,Variant 57,57,2012-01-17T14:40:00.000,2012-01-17T13:00:00.000
Final Inspection Q.C.,Case177,ID4163,Final Inspection Q.C.,ID4163,Fluxicon Disco,Variant 57,57,2012-01-17T18:50:00.000,2012-01-17T15:00:00.000
Final Inspection Q.C.,Case177,ID4163,Final Inspection Q.C.,ID4163,Fluxicon Disco,Variant 57,57,2012-01-18T14:00:00.000,2012-01-18T13:00:00.000
Final Inspection Q.C.,Case177,ID4163,Final Inspection Q.C.,ID4163,Fluxicon Disco,Variant 57,57,2012-01-18T14:40:00.000,2012-01-18T14:00:00.000
Grinding Rework,Case177,ID4872,Grinding Rework,ID4872,Fluxicon Disco,Variant 57,57,2012-02-12T20:55:00.000,2012-02-12T19:42:00.000
Packing,Case177,ID4820,Packing,ID4820,Fluxicon Disco,Variant 57,57,2012-02-13T07:00:00.000,2012-02-13T06:00:00.000
Final Inspection Q.C.,Case177,ID4163,Final Inspection Q.C.,ID4163,Fluxicon Disco,Variant 57,57,2012-02-13T16:15:00.000,2012-02-13T15:15:00.000
Lapping,Case177,ID4163,Lapping,ID4163,Fluxicon Disco,Variant 57,57,2012-03-30T08:15:00.000,2012-03-30T07:00:00.000
End,Case177,End,End,End,Fluxicon Disco,Variant 57,57,2012-03-30T08:15:00.000,2012-03-30T08:15:00.000
Start,Case178,Start,Start,Start,Fluxicon Disco,Variant 58,58,2012-01-02T06:00:00.000,2012-01-02T06:00:00.000
Round Grinding,Case178,ID4445,Round Grinding,ID4445,Fluxicon Disco,Variant 58,58,2012-01-02T10:50:00.000,2012-01-02T06:00:00.000
Round Grinding,Case178,ID4355,Round Grinding,ID4355,Fluxicon Disco,Variant 58,58,2012-01-02T17:00:00.000,2012-01-02T16:00:00.000
Grinding Rework,Case178,ID4872,Grinding Rework,ID4872,Fluxicon Disco,Variant 58,58,2012-01-12T05:47:00.000,2012-01-12T04:51:00.000
Grinding Rework,Case178,ID4872,Grinding Rework,ID4872,Fluxicon Disco,Variant 58,58,2012-01-15T19:30:00.000,2012-01-15T14:08:00.000
Lapping,Case178,ID4882,Lapping,ID4882,Fluxicon Disco,Variant 58,58,2012-01-15T21:12:00.000,2012-01-15T16:13:00.000
Lapping,Case178,ID0998,Lapping,ID0998,Fluxicon Disco,Variant 58,58,2012-01-15T23:27:00.000,2012-01-15T16:20:00.000
Grinding Rework,Case178,ID4872,Grinding Rework,ID4872,Fluxicon Disco,Variant 58,58,2012-01-16T16:47:00.000,2012-01-16T12:57:00.000
Grinding Rework,Case178,ID4355,Grinding Rework,ID4355,Fluxicon Disco,Variant 58,58,2012-01-16T21:43:00.000,2012-01-16T16:14:00.000
Grinding Rework,Case178,ID4385,Grinding Rework,ID4385,Fluxicon Disco,Variant 58,58,2012-01-17T05:40:00.000,2012-01-16T22:33:00.000
Fix,Case178,ID4528,Fix,ID4528,Fluxicon Disco,Variant 58,58,2012-01-17T12:37:00.000,2012-01-17T05:52:00.000
Grinding Rework,Case178,ID4355,Grinding Rework,ID4355,Fluxicon Disco,Variant 58,58,2012-01-17T22:03:00.000,2012-01-17T12:53:00.000
Grinding Rework,Case178,ID4355,Grinding Rework,ID4355,Fluxicon Disco,Variant 58,58,2012-01-19T16:52:00.000,2012-01-19T12:51:00.000
Grinding Rework,Case178,ID4872,Grinding Rework,ID4872,Fluxicon Disco,Variant 58,58,2012-01-20T18:54:00.000,2012-01-20T15:11:00.000
Grinding Rework,Case178,ID4872,Grinding Rework,ID4872,Fluxicon Disco,Variant 58,58,2012-01-23T22:18:00.000,2012-01-23T22:09:00.000
Grinding Rework,Case178,ID4872,Grinding Rework,ID4872,Fluxicon Disco,Variant 58,58,2012-01-25T00:07:00.000,2012-01-24T22:06:00.000
Grinding Rework,Case178,ID4872,Grinding Rework,ID4872,Fluxicon Disco,Variant 58,58,2012-01-26T03:27:00.000,2012-01-25T22:10:00.000
Grinding Rework,Case178,ID4872,Grinding Rework,ID4872,Fluxicon Disco,Variant 58,58,2012-01-29T15:29:00.000,2012-01-29T14:21:00.000
Grinding Rework,Case178,ID4872,Grinding Rework,ID4872,Fluxicon Disco,Variant 58,58,2012-01-30T13:30:00.000,2012-01-30T13:12:00.000
Grinding Rework,Case178,ID4528,Grinding Rework,ID4528,Fluxicon Disco,Variant 58,58,2012-02-09T16:49:00.000,2012-02-09T16:02:00.000
Grinding Rework,Case178,ID4872,Grinding Rework,ID4872,Fluxicon Disco,Variant 58,58,2012-02-16T22:10:00.000,2012-02-16T17:11:00.000
Grinding Rework,Case178,ID4528,Grinding Rework,ID4528,Fluxicon Disco,Variant 58,58,2012-03-08T00:00:00.000,2012-03-07T21:20:00.000
Grinding Rework,Case178,ID4872,Grinding Rework,ID4872,Fluxicon Disco,Variant 58,58,2012-03-08T05:35:00.000,2012-03-08T01:30:00.000
Grinding Rework,Case178,ID4528,Grinding Rework,ID4528,Fluxicon Disco,Variant 58,58,2012-03-08T21:55:00.000,2012-03-08T13:07:00.000
Grinding Rework,Case178,ID4872,Grinding Rework,ID4872,Fluxicon Disco,Variant 58,58,2012-03-09T04:46:00.000,2012-03-08T21:58:00.000
Grinding Rework,Case178,ID4528,Grinding Rework,ID4528,Fluxicon Disco,Variant 58,58,2012-03-09T18:20:00.000,2012-03-09T13:10:00.000
Grinding Rework,Case178,ID4872,Grinding Rework,ID4872,Fluxicon Disco,Variant 58,58,2012-03-11T21:41:00.000,2012-03-11T14:02:00.000
Grinding Rework,Case178,ID4528,Grinding Rework,ID4528,Fluxicon Disco,Variant 58,58,2012-03-12T01:25:00.000,2012-03-11T22:08:00.000
Grinding Rework,Case178,ID4872,Grinding Rework,ID4872,Fluxicon Disco,Variant 58,58,2012-03-12T15:04:00.000,2012-03-12T13:21:00.000
Grinding Rework,Case178,ID4872,Grinding Rework,ID4872,Fluxicon Disco,Variant 58,58,2012-03-12T21:53:00.000,2012-03-12T18:39:00.000
Turning & Milling Q.C.,Case178,ID4493,Turning & Milling Q.C.,ID4493,Fluxicon Disco,Variant 58,58,2012-03-12T22:45:00.000,2012-03-12T22:37:00.000
Lapping,Case178,ID0937,Lapping,ID0937,Fluxicon Disco,Variant 58,58,2012-03-14T07:15:00.000,2012-03-14T06:00:00.000
Laser Marking,Case178,ID0937,Laser Marking,ID0937,Fluxicon Disco,Variant 58,58,2012-03-14T07:15:00.000,2012-03-14T06:00:00.000
Round Grinding,Case178,ID0937,Round Grinding,ID0937,Fluxicon Disco,Variant 58,58,2012-03-14T07:15:00.000,2012-03-14T06:00:00.000
Round Grinding,Case178,ID0937,Round Grinding,ID0937,Fluxicon Disco,Variant 58,58,2012-03-14T07:15:00.000,2012-03-14T06:00:00.000
End,Case178,End,End,End,Fluxicon Disco,Variant 58,58,2012-03-14T07:15:00.000,2012-03-14T07:15:00.000
Start,Case179,Start,Start,Start,Fluxicon Disco,Variant 59,59,2012-01-12T00:59:00.000,2012-01-12T00:59:00.000
Grinding Rework,Case179,ID4872,Grinding Rework,ID4872,Fluxicon Disco,Variant 59,59,2012-01-12T04:51:00.000,2012-01-12T00:59:00.000
Final Inspection Q.C.,Case179,ID4163,Final Inspection Q.C.,ID4163,Fluxicon Disco,Variant 59,59,2012-01-13T16:00:00.000,2012-01-13T15:00:00.000
Packing,Case179,ID4820,Packing,ID4820,Fluxicon Disco,Variant 59,59,2012-01-15T07:00:00.000,2012-01-15T06:00:00.000
Grinding Rework,Case179,ID4528,Grinding Rework,ID4528,Fluxicon Disco,Variant 59,59,2012-02-20T18:50:00.000,2012-02-20T16:45:00.000
Final Inspection Q.C.,Case179,ID4163,Final Inspection Q.C.,ID4163,Fluxicon Disco,Variant 59,59,2012-02-22T17:00:00.000,2012-02-22T15:00:00.000
Packing,Case179,ID4820,Packing,ID4820,Fluxicon Disco,Variant 59,59,2012-02-23T07:00:00.000,2012-02-23T06:00:00.000
Final Inspection Q.C.,Case179,ID4163,Final Inspection Q.C.,ID4163,Fluxicon Disco,Variant 59,59,2012-02-23T13:40:00.000,2012-02-23T13:00:00.000
End,Case179,End,End,End,Fluxicon Disco,Variant 59,59,2012-02-23T13:40:00.000,2012-02-23T13:40:00.000
Start,Case18,Start,Start,Start,Fluxicon Disco,Variant 60,60,2012-01-18T09:51:00.000,2012-01-18T09:51:00.000
Turning & Milling,Case18,ID4932,Turning & Milling,ID4932,Fluxicon Disco,Variant 60,60,2012-01-18T11:31:00.000,2012-01-18T09:51:00.000
Turning & Milling,Case18,ID4932,Turning & Milling,ID4932,Fluxicon Disco,Variant 60,60,2012-01-18T12:39:00.000,2012-01-18T11:32:00.000
Turning & Milling,Case18,ID4429,Turning & Milling,ID4429,Fluxicon Disco,Variant 60,60,2012-01-18T14:44:00.000,2012-01-18T13:01:00.000
Turning & Milling,Case18,ID4932,Turning & Milling,ID4932,Fluxicon Disco,Variant 60,60,2012-01-19T02:12:00.000,2012-01-19T01:56:00.000
Turning & Milling,Case18,ID4932,Turning & Milling,ID4932,Fluxicon Disco,Variant 60,60,2012-01-19T11:33:00.000,2012-01-19T02:12:00.000
Turning & Milling,Case18,ID4932,Turning & Milling,ID4932,Fluxicon Disco,Variant 60,60,2012-01-19T12:46:00.000,2012-01-19T08:31:00.000
Turning & Milling,Case18,ID4429,Turning & Milling,ID4429,Fluxicon Disco,Variant 60,60,2012-01-19T14:27:00.000,2012-01-19T13:22:00.000
Turning & Milling,Case18,ID4167,Turning & Milling,ID4167,Fluxicon Disco,Variant 60,60,2012-01-19T23:29:00.000,2012-01-19T13:58:00.000
Turning & Milling,Case18,ID4429,Turning & Milling,ID4429,Fluxicon Disco,Variant 60,60,2012-01-19T23:57:00.000,2012-01-19T21:42:00.000
Turning & Milling,Case18,ID4932,Turning & Milling,ID4932,Fluxicon Disco,Variant 60,60,2012-01-20T01:59:00.000,2012-01-20T01:58:00.000
Turning & Milling,Case18,ID4932,Turning & Milling,ID4932,Fluxicon Disco,Variant 60,60,2012-01-20T12:54:00.000,2012-01-20T01:58:00.000
Turning & Milling,Case18,ID4932,Turning & Milling,ID4932,Fluxicon Disco,Variant 60,60,2012-01-20T12:54:00.000,2012-01-20T01:59:00.000
Turning & Milling,Case18,ID4167,Turning & Milling,ID4167,Fluxicon Disco,Variant 60,60,2012-01-20T20:52:00.000,2012-01-20T15:22:00.000
Turning & Milling,Case18,ID4529,Turning & Milling,ID4529,Fluxicon Disco,Variant 60,60,2012-01-22T02:55:00.000,2012-01-21T18:53:00.000
Turning & Milling,Case18,ID4529,Turning & Milling,ID4529,Fluxicon Disco,Variant 60,60,2012-01-22T05:54:00.000,2012-01-21T18:54:00.000
Turning & Milling,Case18,ID4932,Turning & Milling,ID4932,Fluxicon Disco,Variant 60,60,2012-01-22T07:15:00.000,2012-01-22T06:00:00.000
Turning & Milling,Case18,ID4641,Turning & Milling,ID4641,Fluxicon Disco,Variant 60,60,2012-01-22T12:31:00.000,2012-01-22T06:02:00.000
Turning & Milling,Case18,ID4641,Turning & Milling,ID4641,Fluxicon Disco,Variant 60,60,2012-01-22T12:32:00.000,2012-01-22T06:15:00.000
Turning & Milling Q.C.,Case18,ID4163,Turning & Milling Q.C.,ID4163,Fluxicon Disco,Variant 60,60,2012-01-22T14:40:00.000,2012-01-22T13:00:00.000
Turning & Milling Q.C.,Case18,ID4163,Turning & Milling Q.C.,ID4163,Fluxicon Disco,Variant 60,60,2012-01-22T18:50:00.000,2012-01-22T15:00:00.000
Turning & Milling,Case18,ID4932,Turning & Milling,ID4932,Fluxicon Disco,Variant 60,60,2012-01-22T16:28:00.000,2012-01-22T15:08:00.000
Turning & Milling,Case18,ID4932,Turning & Milling,ID4932,Fluxicon Disco,Variant 60,60,2012-01-22T21:57:00.000,2012-01-22T15:28:00.000
Turning & Milling,Case18,ID4429,Turning & Milling,ID4429,Fluxicon Disco,Variant 60,60,2012-01-22T22:46:00.000,2012-01-22T17:46:00.000
Turning & Milling Q.C.,Case18,ID4163,Turning & Milling Q.C.,ID4163,Fluxicon Disco,Variant 60,60,2012-01-22T20:40:00.000,2012-01-22T19:20:00.000
Turning & Milling,Case18,ID4167,Turning & Milling,ID4167,Fluxicon Disco,Variant 60,60,2012-01-23T01:53:00.000,2012-01-22T21:53:00.000
Turning & Milling,Case18,ID4167,Turning & Milling,ID4167,Fluxicon Disco,Variant 60,60,2012-01-23T01:57:00.000,2012-01-22T21:56:00.000
Turning & Milling,Case18,ID4529,Turning & Milling,ID4529,Fluxicon Disco,Variant 60,60,2012-01-23T12:20:00.000,2012-01-23T02:09:00.000
Turning & Milling,Case18,ID4529,Turning & Milling,ID4529,Fluxicon Disco,Variant 60,60,2012-01-23T12:22:00.000,2012-01-23T02:10:00.000
Turning & Milling,Case18,ID4932,Turning & Milling,ID4932,Fluxicon Disco,Variant 60,60,2012-01-23T22:06:00.000,2012-01-23T12:57:00.000
Laser Marking,Case18,ID4882,Laser Marking,ID4882,Fluxicon Disco,Variant 60,60,2012-01-23T17:22:00.000,2012-01-23T16:06:00.000
Turning & Milling Q.C.,Case18,ID4163,Turning & Milling Q.C.,ID4163,Fluxicon Disco,Variant 60,60,2012-01-23T21:30:00.000,2012-01-23T19:20:00.000
Turning & Milling,Case18,ID4167,Turning & Milling,ID4167,Fluxicon Disco,Variant 60,60,2012-01-24T02:13:00.000,2012-01-23T22:09:00.000
Turning & Milling,Case18,ID4529,Turning & Milling,ID4529,Fluxicon Disco,Variant 60,60,2012-01-24T12:28:00.000,2012-01-24T02:18:00.000
Laser Marking,Case18,ID4882,Laser Marking,ID4882,Fluxicon Disco,Variant 60,60,2012-01-24T07:15:00.000,2012-01-24T06:00:00.000
Laser Marking,Case18,ID4882,Laser Marking,ID4882,Fluxicon Disco,Variant 60,60,2012-01-24T07:15:00.000,2012-01-24T06:00:00.000
Laser Marking,Case18,ID4882,Laser Marking,ID4882,Fluxicon Disco,Variant 60,60,2012-01-24T07:15:00.000,2012-01-24T06:00:00.000
Turning & Milling Q.C.,Case18,ID4163,Turning & Milling Q.C.,ID4163,Fluxicon Disco,Variant 60,60,2012-01-24T14:40:00.000,2012-01-24T13:00:00.000
Turning & Milling,Case18,ID4932,Turning & Milling,ID4932,Fluxicon Disco,Variant 60,60,2012-01-24T16:51:00.000,2012-01-24T13:00:00.000
Turning & Milling Q.C.,Case18,ID4163,Turning & Milling Q.C.,ID4163,Fluxicon Disco,Variant 60,60,2012-01-24T18:50:00.000,2012-01-24T15:00:00.000
Turning & Milling,Case18,ID4932,Turning & Milling,ID4932,Fluxicon Disco,Variant 60,60,2012-01-24T16:52:00.000,2012-01-24T16:51:00.000
Turning & Milling Q.C.,Case18,ID4163,Turning & Milling Q.C.,ID4163,Fluxicon Disco,Variant 60,60,2012-01-24T21:00:00.000,2012-01-24T19:20:00.000
Turning & Milling,Case18,ID4932,Turning & Milling,ID4932,Fluxicon Disco,Variant 60,60,2012-01-24T21:58:00.000,2012-01-24T20:25:00.000
Turning & Milling,Case18,ID4167,Turning & Milling,ID4167,Fluxicon Disco,Variant 60,60,2012-01-25T02:48:00.000,2012-01-24T20:48:00.000
Turning & Milling Q.C.,Case18,ID4163,Turning & Milling Q.C.,ID4163,Fluxicon Disco,Variant 60,60,2012-01-24T21:20:00.000,2012-01-24T21:00:00.000
Turning & Milling,Case18,ID4529,Turning & Milling,ID4529,Fluxicon Disco,Variant 60,60,2012-01-25T12:27:00.000,2012-01-25T05:54:00.000
Turning & Milling,Case18,ID4932,Turning & Milling,ID4932,Fluxicon Disco,Variant 60,60,2012-01-25T22:05:00.000,2012-01-25T13:03:00.000
Laser Marking,Case18,ID0998,Laser Marking,ID0998,Fluxicon Disco,Variant 60,60,2012-01-25T20:50:00.000,2012-01-25T20:49:00.000
Laser Marking,Case18,ID4882,Laser Marking,ID4882,Fluxicon Disco,Variant 60,60,2012-01-25T21:47:00.000,2012-01-25T21:21:00.000
Turning & Milling,Case18,ID4167,Turning & Milling,ID4167,Fluxicon Disco,Variant 60,60,2012-01-26T02:22:00.000,2012-01-25T22:00:00.000
Turning & Milling,Case18,ID4529,Turning & Milling,ID4529,Fluxicon Disco,Variant 60,60,2012-01-26T12:43:00.000,2012-01-26T02:24:00.000
Turning & Milling,Case18,ID4932,Turning & Milling,ID4932,Fluxicon Disco,Variant 60,60,2012-01-26T22:01:00.000,2012-01-26T12:44:00.000
Turning & Milling Q.C.,Case18,ID4163,Turning & Milling Q.C.,ID4163,Fluxicon Disco,Variant 60,60,2012-01-26T18:50:00.000,2012-01-26T16:00:00.000
Turning & Milling Q.C.,Case18,ID4163,Turning & Milling Q.C.,ID4163,Fluxicon Disco,Variant 60,60,2012-01-26T20:00:00.000,2012-01-26T19:20:00.000
Turning & Milling,Case18,ID4167,Turning & Milling,ID4167,Fluxicon Disco,Variant 60,60,2012-01-26T22:38:00.000,2012-01-26T21:38:00.000
Turning & Milling,Case18,ID4167,Turning & Milling,ID4167,Fluxicon Disco,Variant 60,60,2012-01-26T22:38:00.000,2012-01-26T22:37:00.000
Turning & Milling,Case18,ID4167,Turning & Milling,ID4167,Fluxicon Disco,Variant 60,60,2012-01-27T05:44:00.000,2012-01-26T22:39:00.000
Turning & Milling,Case18,ID4529,Turning & Milling,ID4529,Fluxicon Disco,Variant 60,60,2012-01-27T07:45:00.000,2012-01-27T07:44:00.000
Turning & Milling,Case18,ID4529,Turning & Milling,ID4529,Fluxicon Disco,Variant 60,60,2012-01-27T12:21:00.000,2012-01-27T07:45:00.000
Turning & Milling Q.C.,Case18,ID4163,Turning & Milling Q.C.,ID4163,Fluxicon Disco,Variant 60,60,2012-01-27T18:44:00.000,2012-01-27T15:00:00.000
Laser Marking,Case18,ID4882,Laser Marking,ID4882,Fluxicon Disco,Variant 60,60,2012-01-29T18:54:00.000,2012-01-29T16:43:00.000
Turning & Milling Q.C.,Case18,ID4163,Turning & Milling Q.C.,ID4163,Fluxicon Disco,Variant 60,60,2012-01-29T22:52:00.000,2012-01-29T19:20:00.000
Turning & Milling,Case18,ID4167,Turning & Milling,ID4167,Fluxicon Disco,Variant 60,60,2012-01-30T14:35:00.000,2012-01-30T13:33:00.000
Turning & Milling,Case18,ID4167,Turning & Milling,ID4167,Fluxicon Disco,Variant 60,60,2012-01-31T05:38:00.000,2012-01-30T13:37:00.000
Laser Marking,Case18,ID0998,Laser Marking,ID0998,Fluxicon Disco,Variant 60,60,2012-01-30T15:34:00.000,2012-01-30T14:28:00.000
Laser Marking,Case18,ID0998,Laser Marking,ID0998,Fluxicon Disco,Variant 60,60,2012-01-30T22:58:00.000,2012-01-30T22:57:00.000
Turning & Milling Q.C.,Case18,ID4163,Turning & Milling Q.C.,ID4163,Fluxicon Disco,Variant 60,60,2012-01-31T13:14:00.000,2012-01-31T13:00:00.000
Turning & Milling Q.C.,Case18,ID4163,Turning & Milling Q.C.,ID4163,Fluxicon Disco,Variant 60,60,2012-02-01T13:30:00.000,2012-02-01T13:00:00.000
Turning & Milling Q.C.,Case18,ID4163,Turning & Milling Q.C.,ID4163,Fluxicon Disco,Variant 60,60,2012-02-01T15:19:00.000,2012-02-01T13:30:00.000
Turning & Milling,Case18,ID4163,Turning & Milling,ID4163,Fluxicon Disco,Variant 60,60,2012-02-01T13:50:00.000,2012-02-01T13:30:00.000
Turning & Milling Q.C.,Case18,ID4163,Turning & Milling Q.C.,ID4163,Fluxicon Disco,Variant 60,60,2012-02-13T18:50:00.000,2012-02-13T16:30:00.000
Lapping,Case18,ID0998,Lapping,ID0998,Fluxicon Disco,Variant 60,60,2012-02-15T23:26:00.000,2012-02-15T22:43:00.000
Round Grinding,Case18,ID4355,Round Grinding,ID4355,Fluxicon Disco,Variant 60,60,2012-02-16T19:39:00.000,2012-02-16T13:59:00.000
Lapping,Case18,ID0998,Lapping,ID0998,Fluxicon Disco,Variant 60,60,2012-02-16T19:39:00.000,2012-02-16T19:38:00.000
Lapping,Case18,ID0998,Lapping,ID0998,Fluxicon Disco,Variant 60,60,2012-02-19T20:28:00.000,2012-02-19T14:21:00.000
Lapping,Case18,ID0998,Lapping,ID0998,Fluxicon Disco,Variant 60,60,2012-02-22T22:59:00.000,2012-02-22T15:29:00.000
Round Grinding,Case18,ID4445,Round Grinding,ID4445,Fluxicon Disco,Variant 60,60,2012-02-23T12:46:00.000,2012-02-23T06:27:00.000
Round Grinding,Case18,ID0420,Round Grinding,ID0420,Fluxicon Disco,Variant 60,60,2012-02-23T12:57:00.000,2012-02-23T12:56:00.000
Lapping,Case18,ID0998,Lapping,ID0998,Fluxicon Disco,Variant 60,60,2012-02-23T18:26:00.000,2012-02-23T13:38:00.000
Lapping,Case18,ID4882,Lapping,ID4882,Fluxicon Disco,Variant 60,60,2012-02-23T18:45:00.000,2012-02-23T15:09:00.000
Round Grinding,Case18,ID4445,Round Grinding,ID4445,Fluxicon Disco,Variant 60,60,2012-02-24T12:35:00.000,2012-02-24T06:33:00.000
Round Grinding,Case18,ID0420,Round Grinding,ID0420,Fluxicon Disco,Variant 60,60,2012-02-24T17:52:00.000,2012-02-24T12:59:00.000
Round Grinding,Case18,ID4528,Round Grinding,ID4528,Fluxicon Disco,Variant 60,60,2012-02-26T12:37:00.000,2012-02-26T04:05:00.000
Round Grinding,Case18,ID4355,Round Grinding,ID4355,Fluxicon Disco,Variant 60,60,2012-02-26T21:54:00.000,2012-02-26T15:28:00.000
Final Inspection Q.C.,Case18,ID4163,Final Inspection Q.C.,ID4163,Fluxicon Disco,Variant 60,60,2012-02-26T18:50:00.000,2012-02-26T18:00:00.000
Final Inspection Q.C.,Case18,ID4163,Final Inspection Q.C.,ID4163,Fluxicon Disco,Variant 60,60,2012-02-27T00:02:00.000,2012-02-26T19:20:00.000
Round Grinding,Case18,ID0420,Round Grinding,ID0420,Fluxicon Disco,Variant 60,60,2012-02-27T09:34:00.000,2012-02-27T02:25:00.000
Round Grinding,Case18,ID4385,Round Grinding,ID4385,Fluxicon Disco,Variant 60,60,2012-02-27T12:46:00.000,2012-02-27T09:40:00.000
Round Grinding,Case18,ID4355,Round Grinding,ID4355,Fluxicon Disco,Variant 60,60,2012-02-27T19:34:00.000,2012-02-27T12:50:00.000
Final Inspection Q.C.,Case18,ID4163,Final Inspection Q.C.,ID4163,Fluxicon Disco,Variant 60,60,2012-02-27T14:40:00.000,2012-02-27T13:00:00.000
Final Inspection Q.C.,Case18,ID4163,Final Inspection Q.C.,ID4163,Fluxicon Disco,Variant 60,60,2012-02-27T22:12:00.000,2012-02-27T16:00:00.000
Round Grinding,Case18,ID4355,Round Grinding,ID4355,Fluxicon Disco,Variant 60,60,2012-02-27T20:16:00.000,2012-02-27T19:35:00.000
Packing,Case18,ID4820,Packing,ID4820,Fluxicon Disco,Variant 60,60,2012-02-28T07:00:00.000,2012-02-28T06:00:00.000
Final Inspection Q.C.,Case18,ID4163,Final Inspection Q.C.,ID4163,Fluxicon Disco,Variant 60,60,2012-02-28T14:40:00.000,2012-02-28T13:00:00.000
Final Inspection Q.C.,Case18,ID4163,Final Inspection Q.C.,ID4163,Fluxicon Disco,Variant 60,60,2012-02-28T17:50:00.000,2012-02-28T15:00:00.000
Lapping,Case18,ID4882,Lapping,ID4882,Fluxicon Disco,Variant 60,60,2012-02-28T20:08:00.000,2012-02-28T18:28:00.000
Final Inspection Q.C.,Case18,ID4163,Final Inspection Q.C.,ID4163,Fluxicon Disco,Variant 60,60,2012-02-29T00:02:00.000,2012-02-28T19:20:00.000
Round Grinding,Case18,ID4355,Round Grinding,ID4355,Fluxicon Disco,Variant 60,60,2012-02-28T22:39:00.000,2012-02-28T19:48:00.000
Lapping,Case18,ID0998,Lapping,ID0998,Fluxicon Disco,Variant 60,60,2012-02-28T21:26:00.000,2012-02-28T20:11:00.000
Turning & Milling,Case18,ID4355,Turning & Milling,ID4355,Fluxicon Disco,Variant 60,60,2012-02-28T23:55:00.000,2012-02-28T22:40:00.000
Round Grinding,Case18,ID4355,Round Grinding,ID4355,Fluxicon Disco,Variant 60,60,2012-02-29T00:51:00.000,2012-02-28T22:41:00.000
Round Grinding,Case18,ID0420,Round Grinding,ID0420,Fluxicon Disco,Variant 60,60,2012-02-29T07:05:00.000,2012-02-29T02:20:00.000
Packing,Case18,ID4820,Packing,ID4820,Fluxicon Disco,Variant 60,60,2012-02-29T07:00:00.000,2012-02-29T06:00:00.000
Lapping,Case18,ID4882,Lapping,ID4882,Fluxicon Disco,Variant 60,60,2012-02-29T07:15:00.000,2012-02-29T06:00:00.000
Round Grinding,Case18,ID4385,Round Grinding,ID4385,Fluxicon Disco,Variant 60,60,2012-02-29T12:33:00.000,2012-02-29T07:28:00.000
Final Inspection Q.C.,Case18,ID4163,Final Inspection Q.C.,ID4163,Fluxicon Disco,Variant 60,60,2012-02-29T14:30:00.000,2012-02-29T13:00:00.000
Round Grinding,Case18,ID4355,Round Grinding,ID4355,Fluxicon Disco,Variant 60,60,2012-02-29T21:53:00.000,2012-02-29T15:14:00.000
Final Inspection Q.C.,Case18,ID4163,Final Inspection Q.C.,ID4163,Fluxicon Disco,Variant 60,60,2012-02-29T17:30:00.000,2012-02-29T16:00:00.000
Final Inspection Q.C.,Case18,ID4163,Final Inspection Q.C.,ID4163,Fluxicon Disco,Variant 60,60,2012-02-29T20:20:00.000,2012-02-29T19:20:00.000
Final Inspection Q.C.,Case18,ID4163,Final Inspection Q.C.,ID4163,Fluxicon Disco,Variant 60,60,2012-02-29T21:00:00.000,2012-02-29T20:20:00.000
Final Inspection Q.C.,Case18,ID4163,Final Inspection Q.C.,ID4163,Fluxicon Disco,Variant 60,60,2012-02-29T21:45:00.000,2012-02-29T21:00:00.000
Final Inspection Q.C.,Case18,ID4163,Final Inspection Q.C.,ID4163,Fluxicon Disco,Variant 60,60,2012-02-29T22:12:00.000,2012-02-29T21:45:00.000
Lapping,Case18,ID0998,Lapping,ID0998,Fluxicon Disco,Variant 60,60,2012-03-01T00:14:00.000,2012-02-29T22:04:00.000
Round Grinding,Case18,ID4385,Round Grinding,ID4385,Fluxicon Disco,Variant 60,60,2012-03-01T10:07:00.000,2012-03-01T02:37:00.000
Lapping,Case18,ID4882,Lapping,ID4882,Fluxicon Disco,Variant 60,60,2012-03-01T07:15:00.000,2012-03-01T06:00:00.000
Lapping,Case18,ID4882,Lapping,ID4882,Fluxicon Disco,Variant 60,60,2012-03-01T07:15:00.000,2012-03-01T06:00:00.000
Round Grinding,Case18,ID0420,Round Grinding,ID0420,Fluxicon Disco,Variant 60,60,2012-03-01T12:46:00.000,2012-03-01T10:20:00.000
Round Grinding,Case18,ID4355,Round Grinding,ID4355,Fluxicon Disco,Variant 60,60,2012-03-01T21:57:00.000,2012-03-01T13:02:00.000
Lapping,Case18,ID0998,Lapping,ID0998,Fluxicon Disco,Variant 60,60,2012-03-01T22:46:00.000,2012-03-01T15:24:00.000
Final Inspection Q.C.,Case18,ID4163,Final Inspection Q.C.,ID4163,Fluxicon Disco,Variant 60,60,2012-03-01T20:25:00.000,2012-03-01T19:20:00.000
Round Grinding,Case18,ID4385,Round Grinding,ID4385,Fluxicon Disco,Variant 60,60,2012-03-02T12:33:00.000,2012-03-02T02:51:00.000
Packing,Case18,ID4820,Packing,ID4820,Fluxicon Disco,Variant 60,60,2012-03-02T07:00:00.000,2012-03-02T06:00:00.000
Lapping,Case18,ID4882,Lapping,ID4882,Fluxicon Disco,Variant 60,60,2012-03-02T07:15:00.000,2012-03-02T06:00:00.000
Lapping,Case18,ID0998,Lapping,ID0998,Fluxicon Disco,Variant 60,60,2012-03-02T18:30:00.000,2012-03-02T17:15:00.000
Round Grinding,Case18,ID4445,Round Grinding,ID4445,Fluxicon Disco,Variant 60,60,2012-03-04T12:46:00.000,2012-03-04T04:12:00.000
Final Inspection Q.C.,Case18,ID4163,Final Inspection Q.C.,ID4163,Fluxicon Disco,Variant 60,60,2012-03-04T13:30:00.000,2012-03-04T13:00:00.000
Lapping,Case18,ID0998,Lapping,ID0998,Fluxicon Disco,Variant 60,60,2012-03-04T17:34:00.000,2012-03-04T14:23:00.000
Round Grinding,Case18,ID0420,Round Grinding,ID0420,Fluxicon Disco,Variant 60,60,2012-03-04T23:48:00.000,2012-03-04T16:28:00.000
Final Inspection Q.C.,Case18,ID4163,Final Inspection Q.C.,ID4163,Fluxicon Disco,Variant 60,60,2012-03-05T00:00:00.000,2012-03-04T20:20:00.000
Grinding Rework,Case18,ID4528,Grinding Rework,ID4528,Fluxicon Disco,Variant 60,60,2012-03-04T23:43:00.000,2012-03-04T22:56:00.000
Lapping,Case18,ID0998,Lapping,ID0998,Fluxicon Disco,Variant 60,60,2012-03-04T23:44:00.000,2012-03-04T23:43:00.000
Round Grinding,Case18,ID4355,Round Grinding,ID4355,Fluxicon Disco,Variant 60,60,2012-03-05T12:49:00.000,2012-03-05T02:09:00.000
Lapping,Case18,ID4882,Lapping,ID4882,Fluxicon Disco,Variant 60,60,2012-03-05T07:15:00.000,2012-03-05T06:00:00.000
Laser Marking,Case18,ID4882,Laser Marking,ID4882,Fluxicon Disco,Variant 60,60,2012-03-05T07:15:00.000,2012-03-05T06:00:00.000
Final Inspection Q.C.,Case18,ID4163,Final Inspection Q.C.,ID4163,Fluxicon Disco,Variant 60,60,2012-03-05T14:40:00.000,2012-03-05T13:00:00.000
Grinding Rework,Case18,ID4528,Grinding Rework,ID4528,Fluxicon Disco,Variant 60,60,2012-03-05T23:12:00.000,2012-03-05T13:01:00.000
Round Grinding,Case18,ID0420,Round Grinding,ID0420,Fluxicon Disco,Variant 60,60,2012-03-05T21:53:00.000,2012-03-05T13:17:00.000
Lapping,Case18,ID0998,Lapping,ID0998,Fluxicon Disco,Variant 60,60,2012-03-05T17:39:00.000,2012-03-05T14:11:00.000
Final Inspection Q.C.,Case18,ID4163,Final Inspection Q.C.,ID4163,Fluxicon Disco,Variant 60,60,2012-03-05T18:50:00.000,2012-03-05T15:00:00.000
Lapping,Case18,ID4882,Lapping,ID4882,Fluxicon Disco,Variant 60,60,2012-03-05T20:47:00.000,2012-03-05T19:22:00.000
Final Inspection Q.C.,Case18,ID4163,Final Inspection Q.C.,ID4163,Fluxicon Disco,Variant 60,60,2012-03-06T00:02:00.000,2012-03-05T20:50:00.000
Lapping,Case18,ID4882,Lapping,ID4882,Fluxicon Disco,Variant 60,60,2012-03-05T23:12:00.000,2012-03-05T21:57:00.000
Round Grinding,Case18,ID4355,Round Grinding,ID4355,Fluxicon Disco,Variant 60,60,2012-03-06T04:53:00.000,2012-03-06T02:10:00.000
Round Grinding,Case18,ID4445,Round Grinding,ID4445,Fluxicon Disco,Variant 60,60,2012-03-06T10:23:00.000,2012-03-06T04:54:00.000
Round Grinding,Case18,ID4355,Round Grinding,ID4355,Fluxicon Disco,Variant 60,60,2012-03-06T12:19:00.000,2012-03-06T10:24:00.000
Round Grinding,Case18,ID4355,Round Grinding,ID4355,Fluxicon Disco,Variant 60,60,2012-03-06T12:43:00.000,2012-03-06T12:20:00.000
Round Grinding,Case18,ID4385,Round Grinding,ID4385,Fluxicon Disco,Variant 60,60,2012-03-06T23:42:00.000,2012-03-06T21:50:00.000
Round Grinding,Case18,ID4355,Round Grinding,ID4355,Fluxicon Disco,Variant 60,60,2012-03-07T12:48:00.000,2012-03-07T02:10:00.000
Round Grinding,Case18,ID0420,Round Grinding,ID0420,Fluxicon Disco,Variant 60,60,2012-03-07T23:36:00.000,2012-03-07T12:58:00.000
Round Grinding,Case18,ID4355,Round Grinding,ID4355,Fluxicon Disco,Variant 60,60,2012-03-08T05:07:00.000,2012-03-08T02:10:00.000
Round Grinding,Case18,ID4355,Round Grinding,ID4355,Fluxicon Disco,Variant 60,60,2012-03-08T05:25:00.000,2012-03-08T05:08:00.000
Grinding Rework,Case18,ID4528,Grinding Rework,ID4528,Fluxicon Disco,Variant 60,60,2012-03-13T00:58:00.000,2012-03-12T23:30:00.000
Final Inspection Q.C.,Case18,ID4163,Final Inspection Q.C.,ID4163,Fluxicon Disco,Variant 60,60,2012-03-18T22:10:00.000,2012-03-18T19:20:00.000
Grinding Rework,Case18,ID4528,Grinding Rework,ID4528,Fluxicon Disco,Variant 60,60,2012-03-18T22:16:00.000,2012-03-18T22:02:00.000
Final Inspection Q.C.,Case18,ID4163,Final Inspection Q.C.,ID4163,Fluxicon Disco,Variant 60,60,2012-03-19T14:00:00.000,2012-03-19T13:00:00.000
Packing,Case18,ID4820,Packing,ID4820,Fluxicon Disco,Variant 60,60,2012-03-20T07:00:00.000,2012-03-20T06:00:00.000
Final Inspection Q.C.,Case18,ID4163,Final Inspection Q.C.,ID4163,Fluxicon Disco,Variant 60,60,2012-03-20T18:50:00.000,2012-03-20T16:15:00.000
Packing,Case18,ID4820,Packing,ID4820,Fluxicon Disco,Variant 60,60,2012-03-21T07:00:00.000,2012-03-21T06:00:00.000
Final Inspection Q.C.,Case18,ID4163,Final Inspection Q.C.,ID4163,Fluxicon Disco,Variant 60,60,2012-03-22T00:01:00.000,2012-03-21T21:00:00.000
Final Inspection Q.C.,Case18,ID4163,Final Inspection Q.C.,ID4163,Fluxicon Disco,Variant 60,60,2012-03-22T14:40:00.000,2012-03-22T13:30:00.000
Final Inspection Q.C.,Case18,ID4163,Final Inspection Q.C.,ID4163,Fluxicon Disco,Variant 60,60,2012-03-22T18:50:00.000,2012-03-22T15:00:00.000
Final Inspection Q.C.,Case18,ID4163,Final Inspection Q.C.,ID4163,Fluxicon Disco,Variant 60,60,2012-03-23T00:04:00.000,2012-03-22T19:20:00.000
Final Inspection Q.C.,Case18,ID4163,Final Inspection Q.C.,ID4163,Fluxicon Disco,Variant 60,60,2012-03-23T14:40:00.000,2012-03-23T13:00:00.000
Final Inspection Q.C.,Case18,ID4163,Final Inspection Q.C.,ID4163,Fluxicon Disco,Variant 60,60,2012-03-23T16:30:00.000,2012-03-23T15:00:00.000
Final Inspection Q.C.,Case18,ID4163,Final Inspection Q.C.,ID4163,Fluxicon Disco,Variant 60,60,2012-03-25T19:50:00.000,2012-03-25T16:00:00.000
Final Inspection Q.C.,Case18,ID4163,Final Inspection Q.C.,ID4163,Fluxicon Disco,Variant 60,60,2012-03-25T22:30:00.000,2012-03-25T20:20:00.000
Grinding Rework,Case18,ID4528,Grinding Rework,ID4528,Fluxicon Disco,Variant 60,60,2012-03-26T06:41:00.000,2012-03-26T04:56:00.000
Grinding Rework,Case18,ID4528,Grinding Rework,ID4528,Fluxicon Disco,Variant 60,60,2012-03-27T01:21:00.000,2012-03-27T01:06:00.000
Grinding Rework,Case18,ID4528,Grinding Rework,ID4528,Fluxicon Disco,Variant 60,60,2012-03-27T04:23:00.000,2012-03-27T02:45:00.000
Final Inspection Q.C.,Case18,ID4163,Final Inspection Q.C.,ID4163,Fluxicon Disco,Variant 60,60,2012-03-27T16:30:00.000,2012-03-27T16:00:00.000
Grinding Rework,Case18,ID4872,Grinding Rework,ID4872,Fluxicon Disco,Variant 60,60,2012-03-27T18:40:00.000,2012-03-27T17:25:00.000
Grinding Rework,Case18,ID4872,Grinding Rework,ID4872,Fluxicon Disco,Variant 60,60,2012-03-27T22:50:00.000,2012-03-27T21:20:00.000
Packing,Case18,ID4820,Packing,ID4820,Fluxicon Disco,Variant 60,60,2012-03-28T08:00:00.000,2012-03-28T07:00:00.000
Final Inspection Q.C.,Case18,ID4163,Final Inspection Q.C.,ID4163,Fluxicon Disco,Variant 60,60,2012-03-30T01:05:00.000,2012-03-30T00:00:00.000
Packing,Case18,ID4491,Packing,ID4491,Fluxicon Disco,Variant 60,60,2012-03-30T08:00:00.000,2012-03-30T07:00:00.000
Final Inspection Q.C.,Case18,ID4163,Final Inspection Q.C.,ID4163,Fluxicon Disco,Variant 60,60,2012-03-30T15:12:00.000,2012-03-30T15:00:00.000
End,Case18,End,End,End,Fluxicon Disco,Variant 60,60,2012-03-30T15:12:00.000,2012-03-30T15:12:00.000
Start,Case182,Start,Start,Start,Fluxicon Disco,Variant 61,61,2012-01-09T17:08:00.000,2012-01-09T17:08:00.000
Turning & Milling Q.C.,Case182,ID4618,Turning & Milling Q.C.,ID4618,Fluxicon Disco,Variant 61,61,2012-01-09T17:11:00.000,2012-01-09T17:08:00.000
Grinding Rework,Case182,ID4528,Grinding Rework,ID4528,Fluxicon Disco,Variant 61,61,2012-03-06T23:45:00.000,2012-03-06T22:05:00.000
Final Inspection Q.C.,Case182,ID4618,Final Inspection Q.C.,ID4618,Fluxicon Disco,Variant 61,61,2012-03-07T22:55:00.000,2012-03-07T21:45:00.000
Turning & Milling Q.C.,Case182,ID4618,Turning & Milling Q.C.,ID4618,Fluxicon Disco,Variant 61,61,2012-03-08T00:13:00.000,2012-03-07T22:58:00.000
Packing,Case182,ID4820,Packing,ID4820,Fluxicon Disco,Variant 61,61,2012-03-08T07:00:00.000,2012-03-08T06:00:00.000
Turning & Milling Q.C.,Case182,ID4618,Turning & Milling Q.C.,ID4618,Fluxicon Disco,Variant 61,61,2012-03-16T17:02:00.000,2012-03-16T17:01:00.000
Turning & Milling,Case182,ID0937,Turning & Milling,ID0937,Fluxicon Disco,Variant 61,61,2012-03-20T07:15:00.000,2012-03-20T06:00:00.000
Laser Marking,Case182,ID0998,Laser Marking,ID0998,Fluxicon Disco,Variant 61,61,2012-03-26T00:00:00.000,2012-03-25T22:45:00.000
Lapping,Case182,ID4882,Lapping,ID4882,Fluxicon Disco,Variant 61,61,2012-03-27T16:34:00.000,2012-03-27T16:33:00.000
Turning & Milling Q.C.,Case182,ID4618,Turning & Milling Q.C.,ID4618,Fluxicon Disco,Variant 61,61,2012-03-28T01:01:00.000,2012-03-27T17:04:00.000
Packing,Case182,ID4820,Packing,ID4820,Fluxicon Disco,Variant 61,61,2012-03-28T08:00:00.000,2012-03-28T07:00:00.000
Round Grinding,Case182,ID4872,Round Grinding,ID4872,Fluxicon Disco,Variant 61,61,2012-03-28T21:13:00.000,2012-03-28T20:56:00.000
Final Inspection Q.C.,Case182,ID4618,Final Inspection Q.C.,ID4618,Fluxicon Disco,Variant 61,61,2012-03-29T00:34:00.000,2012-03-28T21:19:00.000
End,Case182,End,End,End,Fluxicon Disco,Variant 61,61,2012-03-29T00:34:00.000,2012-03-29T00:34:00.000
Start,Case185,Start,Start,Start,Fluxicon Disco,Variant 62,62,2012-01-03T06:00:00.000,2012-01-03T06:00:00.000
Turning & Milling,Case185,ID4132,Turning & Milling,ID4132,Fluxicon Disco,Variant 62,62,2012-01-03T07:15:00.000,2012-01-03T06:00:00.000
Grinding Rework,Case185,ID4528,Grinding Rework,ID4528,Fluxicon Disco,Variant 62,62,2012-01-05T00:31:00.000,2012-01-04T22:59:00.000
Packing,Case185,ID4820,Packing,ID4820,Fluxicon Disco,Variant 62,62,2012-01-05T07:00:00.000,2012-01-05T06:00:00.000
Packing,Case185,ID4820,Packing,ID4820,Fluxicon Disco,Variant 62,62,2012-01-05T07:00:00.000,2012-01-05T06:00:00.000
Final Inspection Q.C.,Case185,ID4287,Final Inspection Q.C.,ID4287,Fluxicon Disco,Variant 62,62,2012-01-05T16:13:00.000,2012-01-05T15:30:00.000
Turning & Milling Q.C.,Case185,ID4287,Turning & Milling Q.C.,ID4287,Fluxicon Disco,Variant 62,62,2012-01-05T20:40:00.000,2012-01-05T17:30:00.000
Turning & Milling Q.C.,Case185,ID4287,Turning & Milling Q.C.,ID4287,Fluxicon Disco,Variant 62,62,2012-01-08T17:14:00.000,2012-01-08T15:00:00.000
Laser Marking,Case185,ID0998,Laser Marking,ID0998,Fluxicon Disco,Variant 62,62,2012-01-08T19:37:00.000,2012-01-08T18:40:00.000
Lapping,Case185,ID0998,Lapping,ID0998,Fluxicon Disco,Variant 62,62,2012-01-26T16:00:00.000,2012-01-26T14:00:00.000
Final Inspection Q.C.,Case185,ID4287,Final Inspection Q.C.,ID4287,Fluxicon Disco,Variant 62,62,2012-01-30T18:18:00.000,2012-01-30T17:00:00.000
Final Inspection Q.C.,Case185,ID4287,Final Inspection Q.C.,ID4287,Fluxicon Disco,Variant 62,62,2012-03-25T18:10:00.000,2012-03-25T17:15:00.000
Lapping,Case185,ID0998,Lapping,ID0998,Fluxicon Disco,Variant 62,62,2012-03-25T22:19:00.000,2012-03-25T21:47:00.000
Round Grinding,Case185,ID4385,Round Grinding,ID4385,Fluxicon Disco,Variant 62,62,2012-03-26T14:02:00.000,2012-03-26T11:20:00.000
Round Grinding,Case185,ID4355,Round Grinding,ID4355,Fluxicon Disco,Variant 62,62,2012-03-26T16:33:00.000,2012-03-26T14:04:00.000
Round Grinding,Case185,ID4355,Round Grinding,ID4355,Fluxicon Disco,Variant 62,62,2012-03-26T18:29:00.000,2012-03-26T16:34:00.000
Round Grinding,Case185,ID4355,Round Grinding,ID4355,Fluxicon Disco,Variant 62,62,2012-03-26T21:16:00.000,2012-03-26T18:29:00.000
Round Grinding,Case185,ID4355,Round Grinding,ID4355,Fluxicon Disco,Variant 62,62,2012-03-26T23:14:00.000,2012-03-26T21:16:00.000
Final Inspection Q.C.,Case185,ID4287,Final Inspection Q.C.,ID4287,Fluxicon Disco,Variant 62,62,2012-03-29T01:02:00.000,2012-03-28T16:00:00.000
Final Inspection Q.C.,Case185,ID4287,Final Inspection Q.C.,ID4287,Fluxicon Disco,Variant 62,62,2012-03-29T22:50:00.000,2012-03-29T19:00:00.000
Packing,Case185,ID4491,Packing,ID4491,Fluxicon Disco,Variant 62,62,2012-03-30T08:00:00.000,2012-03-30T07:00:00.000
Final Inspection Q.C.,Case185,ID4287,Final Inspection Q.C.,ID4287,Fluxicon Disco,Variant 62,62,2012-03-30T15:40:00.000,2012-03-30T15:00:00.000
End,Case185,End,End,End,Fluxicon Disco,Variant 62,62,2012-03-30T15:40:00.000,2012-03-30T15:40:00.000
Start,Case187,Start,Start,Start,Fluxicon Disco,Variant 63,63,2012-01-02T13:00:00.000,2012-01-02T13:00:00.000
Lapping,Case187,ID4882,Lapping,ID4882,Fluxicon Disco,Variant 63,63,2012-01-02T15:30:00.000,2012-01-02T13:00:00.000
Round Grinding,Case187,ID4385,Round Grinding,ID4385,Fluxicon Disco,Variant 63,63,2012-01-10T21:49:00.000,2012-01-10T19:25:00.000
Round Grinding,Case187,ID4355,Round Grinding,ID4355,Fluxicon Disco,Variant 63,63,2012-01-11T02:04:00.000,2012-01-10T23:44:00.000
Round Grinding,Case187,ID4445,Round Grinding,ID4445,Fluxicon Disco,Variant 63,63,2012-01-11T12:52:00.000,2012-01-11T02:05:00.000
Round Grinding,Case187,ID4385,Round Grinding,ID4385,Fluxicon Disco,Variant 63,63,2012-01-11T21:54:00.000,2012-01-11T12:57:00.000
Round Grinding,Case187,ID4355,Round Grinding,ID4355,Fluxicon Disco,Variant 63,63,2012-01-12T01:59:00.000,2012-01-11T21:54:00.000
Round Grinding,Case187,ID4445,Round Grinding,ID4445,Fluxicon Disco,Variant 63,63,2012-01-12T12:44:00.000,2012-01-12T02:00:00.000
Round Grinding,Case187,ID4385,Round Grinding,ID4385,Fluxicon Disco,Variant 63,63,2012-01-12T21:51:00.000,2012-01-12T12:59:00.000
Round Grinding,Case187,ID4872,Round Grinding,ID4872,Fluxicon Disco,Variant 63,63,2012-01-13T05:42:00.000,2012-01-12T22:04:00.000
Round Grinding,Case187,ID4445,Round Grinding,ID4445,Fluxicon Disco,Variant 63,63,2012-01-13T09:18:00.000,2012-01-13T06:21:00.000
Round Grinding,Case187,ID4445,Round Grinding,ID4445,Fluxicon Disco,Variant 63,63,2012-01-15T22:09:00.000,2012-01-15T18:21:00.000
Lapping,Case187,ID4882,Lapping,ID4882,Fluxicon Disco,Variant 63,63,2012-01-15T21:57:00.000,2012-01-15T21:14:00.000
Round Grinding,Case187,ID4385,Round Grinding,ID4385,Fluxicon Disco,Variant 63,63,2012-01-16T05:39:00.000,2012-01-15T22:19:00.000
Round Grinding,Case187,ID4528,Round Grinding,ID4528,Fluxicon Disco,Variant 63,63,2012-01-16T11:17:00.000,2012-01-16T05:33:00.000
Round Grinding,Case188,ID4445,Round Grinding,ID4445,Fluxicon Disco,Variant 64,64,2012-02-02T15:57:00.000,2012-02-02T13:02:00.000
Final Inspection Q.C.,Case188,ID4618,Final Inspection Q.C.,ID4618,Fluxicon Disco,Variant 64,64,2012-02-02T15:23:00.000,2012-02-02T15:19:00.000
Round Grinding,Case188,ID4445,Round Grinding,ID4445,Fluxicon Disco,Variant 64,64,2012-02-02T19:31:00.000,2012-02-02T16:36:00.000
Laser Marking,Case188,ID0998,Laser Marking,ID0998,Fluxicon Disco,Variant 64,64,2012-02-02T16:40:00.000,2012-02-02T16:38:00.000
Lapping,Case188,ID0998,Lapping,ID0998,Fluxicon Disco,Variant 64,64,2012-02-02T19:30:00.000,2012-02-02T19:29:00.000
Round Grinding,Case188,ID4445,Round Grinding,ID4445,Fluxicon Disco,Variant 64,64,2012-02-02T19:55:00.000,2012-02-02T19:32:00.000
Round Grinding,Case188,ID0420,Round Grinding,ID0420,Fluxicon Disco,Variant 64,64,2012-02-03T06:55:00.000,2012-02-03T01:58:00.000
Final Inspection Q.C.,Case188,ID4618,Final Inspection Q.C.,ID4618,Fluxicon Disco,Variant 64,64,2012-02-03T18:54:00.000,2012-02-03T16:36:00.000
Round Grinding,Case188,ID4445,Round Grinding,ID4445,Fluxicon Disco,Variant 64,64,2012-02-05T07:15:00.000,2012-02-05T04:45:00.000
Round Grinding,Case188,ID4445,Round Grinding,ID4445,Fluxicon Disco,Variant 64,64,2012-02-05T12:53:00.000,2012-02-05T06:00:00.000
Final Inspection Q.C.,Case188,ID4618,Final Inspection Q.C.,ID4618,Fluxicon Disco,Variant 64,64,2012-02-05T17:32:00.000,2012-02-05T13:28:00.000
Final Inspection Q.C.,Case188,ID4618,Final Inspection Q.C.,ID4618,Fluxicon Disco,Variant 64,64,2012-02-05T20:07:00.000,2012-02-05T20:04:00.000
Turning & Milling Q.C.,Case188,ID4618,Turning & Milling Q.C.,ID4618,Fluxicon Disco,Variant 64,64,2012-02-05T20:18:00.000,2012-02-05T20:15:00.000
Turning & Milling Q.C.,Case188,ID4618,Turning & Milling Q.C.,ID4618,Fluxicon Disco,Variant 64,64,2012-02-05T20:43:00.000,2012-02-05T20:16:00.000
Turning & Milling Q.C.,Case188,ID4618,Turning & Milling Q.C.,ID4618,Fluxicon Disco,Variant 64,64,2012-02-05T20:43:00.000,2012-02-05T20:17:00.000
Final Inspection Q.C.,Case188,ID4618,Final Inspection Q.C.,ID4618,Fluxicon Disco,Variant 64,64,2012-02-05T20:44:00.000,2012-02-05T20:39:00.000
Packing,Case188,ID4820,Packing,ID4820,Fluxicon Disco,Variant 64,64,2012-02-06T07:00:00.000,2012-02-06T06:00:00.000
Final Inspection Q.C.,Case188,ID4618,Final Inspection Q.C.,ID4618,Fluxicon Disco,Variant 64,64,2012-02-07T00:01:00.000,2012-02-06T13:14:00.000
Packing,Case188,ID4491,Packing,ID4491,Fluxicon Disco,Variant 64,64,2012-02-07T07:00:00.000,2012-02-07T06:00:00.000
Final Inspection Q.C.,Case188,ID4618,Final Inspection Q.C.,ID4618,Fluxicon Disco,Variant 64,64,2012-02-07T21:03:00.000,2012-02-07T19:48:00.000
End,Case188,End,End,End,Fluxicon Disco,Variant 64,64,2012-02-07T21:03:00.000,2012-02-07T21:03:00.000
Start,Case189,Start,Start,Start,Fluxicon Disco,Variant 65,65,2012-01-02T06:00:00.000,2012-01-02T06:00:00.000
Turning & Milling Q.C.,Case189,ID4163,Turning & Milling Q.C.,ID4163,Fluxicon Disco,Variant 65,65,2012-01-02T07:15:00.000,2012-01-02T06:00:00.000
Turning & Milling Q.C.,Case189,ID4163,Turning & Milling Q.C.,ID4163,Fluxicon Disco,Variant 65,65,2012-01-02T20:00:00.000,2012-01-02T19:00:00.000
Turning & Milling Q.C.,Case189,ID4163,Turning & Milling Q.C.,ID4163,Fluxicon Disco,Variant 65,65,2012-01-02T22:10:00.000,2012-01-02T20:00:00.000
Final Inspection Q.C.,Case189,ID4163,Final Inspection Q.C.,ID4163,Fluxicon Disco,Variant 65,65,2012-01-03T19:00:00.000,2012-01-03T13:00:00.000
Final Inspection Q.C.,Case189,ID4163,Final Inspection Q.C.,ID4163,Fluxicon Disco,Variant 65,65,2012-01-04T18:50:00.000,2012-01-04T16:00:00.000
Packing,Case189,ID4820,Packing,ID4820,Fluxicon Disco,Variant 65,65,2012-01-05T07:00:00.000,2012-01-05T06:00:00.000
End,Case189,End,End,End,Fluxicon Disco,Variant 65,65,2012-01-05T07:00:00.000,2012-01-05T07:00:00.000
Start,Case19,Start,Start,Start,Fluxicon Disco,Variant 66,66,2012-01-30T16:59:00.000,2012-01-30T16:59:00.000
Turning & Milling,Case19,ID4167,Turning & Milling,ID4167,Fluxicon Disco,Variant 66,66,2012-01-30T22:10:00.000,2012-01-30T16:59:00.000
Turning & Milling Q.C.,Case19,ID4163,Turning & Milling Q.C.,ID4163,Fluxicon Disco,Variant 66,66,2012-01-31T00:05:00.000,2012-01-30T23:00:00.000
Turning & Milling,Case19,ID4932,Turning & Milling,ID4932,Fluxicon Disco,Variant 66,66,2012-01-31T12:40:00.000,2012-01-31T01:50:00.000
Turning & Milling Q.C.,Case19,ID4163,Turning & Milling Q.C.,ID4163,Fluxicon Disco,Variant 66,66,2012-01-31T22:10:00.000,2012-01-31T20:50:00.000
Laser Marking,Case19,ID0998,Laser Marking,ID0998,Fluxicon Disco,Variant 66,66,2012-02-01T15:19:00.000,2012-02-01T14:27:00.000
Lapping,Case19,ID4882,Lapping,ID4882,Fluxicon Disco,Variant 66,66,2012-02-20T07:15:00.000,2012-02-20T06:00:00.000
Lapping,Case19,ID4882,Lapping,ID4882,Fluxicon Disco,Variant 66,66,2012-02-20T21:59:00.000,2012-02-20T21:21:00.000
Round Grinding,Case19,ID4385,Round Grinding,ID4385,Fluxicon Disco,Variant 66,66,2012-02-21T19:00:00.000,2012-02-21T17:30:00.000
Round Grinding,Case19,ID4872,Round Grinding,ID4872,Fluxicon Disco,Variant 66,66,2012-02-22T02:10:00.000,2012-02-21T22:22:00.000
Round Grinding,Case19,ID4445,Round Grinding,ID4445,Fluxicon Disco,Variant 66,66,2012-02-22T09:45:00.000,2012-02-22T02:10:00.000
Round  Q.C.,Case19,ID4493,Round  Q.C.,ID4493,Fluxicon Disco,Variant 66,66,2012-02-23T01:04:00.000,2012-02-22T23:49:00.000
Packing,Case19,ID4820,Packing,ID4820,Fluxicon Disco,Variant 66,66,2012-02-23T07:00:00.000,2012-02-23T06:00:00.000
Packing,Case19,ID4820,Packing,ID4820,Fluxicon Disco,Variant 66,66,2012-02-23T07:00:00.000,2012-02-23T06:00:00.000
Round  Q.C.,Case19,ID4493,Round  Q.C.,ID4493,Fluxicon Disco,Variant 66,66,2012-02-23T15:36:00.000,2012-02-23T14:36:00.000
Final Inspection Q.C.,Case19,ID4493,Final Inspection Q.C.,ID4493,Fluxicon Disco,Variant 66,66,2012-02-23T16:52:00.000,2012-02-23T15:37:00.000
End,Case19,End,End,End,Fluxicon Disco,Variant 66,66,2012-02-23T16:52:00.000,2012-02-23T16:52:00.000
Start,Case190,Start,Start,Start,Fluxicon Disco,Variant 67,67,2012-01-10T06:00:00.000,2012-01-10T06:00:00.000
Packing,Case190,ID4820,Packing,ID4820,Fluxicon Disco,Variant 67,67,2012-01-10T07:00:00.000,2012-01-10T06:00:00.000
Final Inspection Q.C.,Case190,ID4493,Final Inspection Q.C.,ID4493,Fluxicon Disco,Variant 67,67,2012-01-10T21:45:00.000,2012-01-10T20:30:00.000
Turning & Milling Q.C.,Case190,ID4493,Turning & Milling Q.C.,ID4493,Fluxicon Disco,Variant 67,67,2012-01-29T19:42:00.000,2012-01-29T17:19:00.000
Final Inspection Q.C.,Case190,ID4493,Final Inspection Q.C.,ID4493,Fluxicon Disco,Variant 67,67,2012-02-13T07:15:00.000,2012-02-13T06:00:00.000
Turning & Milling Q.C.,Case190,ID4493,Turning & Milling Q.C.,ID4493,Fluxicon Disco,Variant 67,67,2012-02-14T17:10:00.000,2012-02-14T15:18:00.000
End,Case190,End,End,End,Fluxicon Disco,Variant 67,67,2012-02-14T17:10:00.000,2012-02-14T17:10:00.000
Start,Case192,Start,Start,Start,Fluxicon Disco,Variant 68,68,2012-01-11T14:00:00.000,2012-01-11T14:00:00.000
Rework Milling,Case192,ID3641,Rework Milling,ID3641,Fluxicon Disco,Variant 68,68,2012-01-11T16:00:00.000,2012-01-11T14:00:00.000
Turning & Milling Q.C.,Case192,ID4287,Turning & Milling Q.C.,ID4287,Fluxicon Disco,Variant 68,68,2012-01-11T17:09:00.000,2012-01-11T16:08:00.000
Turning & Milling,Case192,ID4132,Turning & Milling,ID4132,Fluxicon Disco,Variant 68,68,2012-02-07T22:17:00.000,2012-02-07T15:54:00.000
Turning & Milling Q.C.,Case192,ID4287,Turning & Milling Q.C.,ID4287,Fluxicon Disco,Variant 68,68,2012-02-08T14:40:00.000,2012-02-08T13:05:00.000
Turning & Milling,Case192,ID4132,Turning & Milling,ID4132,Fluxicon Disco,Variant 68,68,2012-02-08T14:41:00.000,2012-02-08T13:17:00.000
Turning & Milling,Case192,ID4132,Turning & Milling,ID4132,Fluxicon Disco,Variant 68,68,2012-02-08T21:46:00.000,2012-02-08T14:43:00.000
Turning & Milling,Case192,ID4641,Turning & Milling,ID4641,Fluxicon Disco,Variant 68,68,2012-02-09T02:17:00.000,2012-02-09T02:14:00.000
Turning & Milling Q.C.,Case192,ID4287,Turning & Milling Q.C.,ID4287,Fluxicon Disco,Variant 68,68,2012-02-09T14:40:00.000,2012-02-09T13:00:00.000
Turning & Milling,Case192,ID4132,Turning & Milling,ID4132,Fluxicon Disco,Variant 68,68,2012-02-09T16:13:00.000,2012-02-09T13:12:00.000
Turning & Milling,Case192,ID3846,Turning & Milling,ID3846,Fluxicon Disco,Variant 68,68,2012-02-09T21:56:00.000,2012-02-09T16:16:00.000
Turning & Milling,Case192,ID4641,Turning & Milling,ID4641,Fluxicon Disco,Variant 68,68,2012-02-10T12:45:00.000,2012-02-10T02:14:00.000
Turning & Milling,Case192,ID3846,Turning & Milling,ID3846,Fluxicon Disco,Variant 68,68,2012-02-10T18:53:00.000,2012-02-10T12:54:00.000
Turning & Milling Q.C.,Case192,ID4287,Turning & Milling Q.C.,ID4287,Fluxicon Disco,Variant 68,68,2012-02-10T16:40:00.000,2012-02-10T15:37:00.000
Turning & Milling,Case192,ID4132,Turning & Milling,ID4132,Fluxicon Disco,Variant 68,68,2012-02-12T12:37:00.000,2012-02-12T04:10:00.000
Turning & Milling,Case192,ID3846,Turning & Milling,ID3846,Fluxicon Disco,Variant 68,68,2012-02-12T13:06:00.000,2012-02-12T12:51:00.000
Turning & Milling,Case192,ID3846,Turning & Milling,ID3846,Fluxicon Disco,Variant 68,68,2012-02-12T21:59:00.000,2012-02-12T15:00:00.000
Turning & Milling,Case192,ID4132,Turning & Milling,ID4132,Fluxicon Disco,Variant 68,68,2012-02-13T05:24:00.000,2012-02-12T22:07:00.000
Turning & Milling Q.C.,Case192,ID4287,Turning & Milling Q.C.,ID4287,Fluxicon Disco,Variant 68,68,2012-02-13T00:03:00.000,2012-02-12T23:42:00.000
Turning & Milling,Case192,ID4794,Turning & Milling,ID4794,Fluxicon Disco,Variant 68,68,2012-02-13T12:41:00.000,2012-02-13T05:48:00.000
Turning & Milling,Case192,ID3846,Turning & Milling,ID3846,Fluxicon Disco,Variant 68,68,2012-02-13T20:34:00.000,2012-02-13T13:16:00.000
Turning & Milling Q.C.,Case192,ID4287,Turning & Milling Q.C.,ID4287,Fluxicon Disco,Variant 68,68,2012-02-13T15:49:00.000,2012-02-13T13:30:00.000
Turning & Milling Q.C.,Case192,ID4287,Turning & Milling Q.C.,ID4287,Fluxicon Disco,Variant 68,68,2012-02-13T16:02:00.000,2012-02-13T15:40:00.000
Turning & Milling,Case192,ID3846,Turning & Milling,ID3846,Fluxicon Disco,Variant 68,68,2012-02-13T21:58:00.000,2012-02-13T20:37:00.000
Turning & Milling Q.C.,Case192,ID4287,Turning & Milling Q.C.,ID4287,Fluxicon Disco,Variant 68,68,2012-02-13T22:02:00.000,2012-02-13T21:00:00.000
Turning & Milling,Case192,ID4132,Turning & Milling,ID4132,Fluxicon Disco,Variant 68,68,2012-02-13T23:58:00.000,2012-02-13T22:19:00.000
Turning & Milling,Case192,ID4132,Turning & Milling,ID4132,Fluxicon Disco,Variant 68,68,2012-02-14T05:23:00.000,2012-02-14T00:01:00.000
Turning & Milling,Case192,ID4932,Turning & Milling,ID4932,Fluxicon Disco,Variant 68,68,2012-02-14T12:46:00.000,2012-02-14T05:46:00.000
Turning & Milling,Case192,ID3846,Turning & Milling,ID3846,Fluxicon Disco,Variant 68,68,2012-02-14T19:31:00.000,2012-02-14T13:02:00.000
Turning & Milling Q.C.,Case192,ID4287,Turning & Milling Q.C.,ID4287,Fluxicon Disco,Variant 68,68,2012-02-14T19:35:00.000,2012-02-14T16:44:00.000
Turning & Milling,Case192,ID3846,Turning & Milling,ID3846,Fluxicon Disco,Variant 68,68,2012-02-14T20:47:00.000,2012-02-14T19:32:00.000
Turning & Milling,Case192,ID3846,Turning & Milling,ID3846,Fluxicon Disco,Variant 68,68,2012-02-14T23:21:00.000,2012-02-14T19:33:00.000
Turning & Milling,Case192,ID4132,Turning & Milling,ID4132,Fluxicon Disco,Variant 68,68,2012-02-15T01:58:00.000,2012-02-15T00:01:00.000
Turning & Milling,Case192,ID4932,Turning & Milling,ID4932,Fluxicon Disco,Variant 68,68,2012-02-15T12:40:00.000,2012-02-15T01:59:00.000
Turning & Milling,Case192,ID3846,Turning & Milling,ID3846,Fluxicon Disco,Variant 68,68,2012-02-15T21:09:00.000,2012-02-15T12:54:00.000
Turning & Milling Q.C.,Case192,ID4287,Turning & Milling Q.C.,ID4287,Fluxicon Disco,Variant 68,68,2012-02-15T22:00:00.000,2012-02-15T20:58:00.000
Turning & Milling,Case192,ID4132,Turning & Milling,ID4132,Fluxicon Disco,Variant 68,68,2012-02-16T05:29:00.000,2012-02-15T22:16:00.000
Turning & Milling,Case192,ID4932,Turning & Milling,ID4932,Fluxicon Disco,Variant 68,68,2012-02-16T12:44:00.000,2012-02-16T05:33:00.000
Turning & Milling,Case192,ID3846,Turning & Milling,ID3846,Fluxicon Disco,Variant 68,68,2012-02-16T15:05:00.000,2012-02-16T13:10:00.000
Turning & Milling,Case192,ID3846,Turning & Milling,ID3846,Fluxicon Disco,Variant 68,68,2012-02-16T17:46:00.000,2012-02-16T15:06:00.000
Turning & Milling Q.C.,Case192,ID4287,Turning & Milling Q.C.,ID4287,Fluxicon Disco,Variant 68,68,2012-02-16T18:50:00.000,2012-02-16T16:30:00.000
Turning & Milling,Case192,ID4287,Turning & Milling,ID4287,Fluxicon Disco,Variant 68,68,2012-02-16T17:46:00.000,2012-02-16T16:31:00.000
Milling,Case192,ID4162,Milling,ID4162,Fluxicon Disco,Variant 68,68,2012-02-16T23:54:00.000,2012-02-16T18:00:00.000
Milling,Case192,ID4162,Milling,ID4162,Fluxicon Disco,Variant 68,68,2012-02-17T18:36:00.000,2012-02-17T12:36:00.000
Final Inspection Q.C.,Case192,ID4287,Final Inspection Q.C.,ID4287,Fluxicon Disco,Variant 68,68,2012-02-17T16:30:00.000,2012-02-17T15:30:00.000
Turning & Milling,Case192,ID4162,Turning & Milling,ID4162,Fluxicon Disco,Variant 68,68,2012-02-20T00:46:00.000,2012-02-19T13:45:00.000
Milling,Case192,ID4162,Milling,ID4162,Fluxicon Disco,Variant 68,68,2012-02-20T03:00:00.000,2012-02-20T00:48:00.000
Milling,Case192,ID4162,Milling,ID4162,Fluxicon Disco,Variant 68,68,2012-02-20T22:06:00.000,2012-02-20T20:32:00.000
Milling,Case192,ID4873,Milling,ID4873,Fluxicon Disco,Variant 68,68,2012-02-21T12:29:00.000,2012-02-21T04:07:00.000
Milling,Case192,ID4162,Milling,ID4162,Fluxicon Disco,Variant 68,68,2012-02-21T17:40:00.000,2012-02-21T14:10:00.000
Milling,Case192,ID4162,Milling,ID4162,Fluxicon Disco,Variant 68,68,2012-02-21T22:00:00.000,2012-02-21T19:30:00.000
Turning & Milling,Case192,ID4140,Turning & Milling,ID4140,Fluxicon Disco,Variant 68,68,2012-02-22T00:30:00.000,2012-02-21T23:15:00.000
Milling,Case192,ID4140,Milling,ID4140,Fluxicon Disco,Variant 68,68,2012-02-22T01:50:00.000,2012-02-21T23:16:00.000
Milling,Case192,ID4140,Milling,ID4140,Fluxicon Disco,Variant 68,68,2012-02-22T03:00:00.000,2012-02-22T01:52:00.000
Milling,Case192,ID4873,Milling,ID4873,Fluxicon Disco,Variant 68,68,2012-02-22T12:06:00.000,2012-02-22T02:02:00.000
Milling,Case192,ID4162,Milling,ID4162,Fluxicon Disco,Variant 68,68,2012-02-22T14:10:00.000,2012-02-22T12:45:00.000
Milling,Case192,ID4162,Milling,ID4162,Fluxicon Disco,Variant 68,68,2012-02-22T22:00:00.000,2012-02-22T16:10:00.000
Milling,Case192,ID4873,Milling,ID4873,Fluxicon Disco,Variant 68,68,2012-02-23T12:31:00.000,2012-02-23T02:06:00.000
Milling,Case192,ID4162,Milling,ID4162,Fluxicon Disco,Variant 68,68,2012-02-23T16:00:00.000,2012-02-23T12:45:00.000
Milling,Case192,ID4162,Milling,ID4162,Fluxicon Disco,Variant 68,68,2012-02-23T18:00:00.000,2012-02-23T17:00:00.000
Milling,Case192,ID4162,Milling,ID4162,Fluxicon Disco,Variant 68,68,2012-02-23T22:00:00.000,2012-02-23T20:30:00.000
Milling,Case192,ID4873,Milling,ID4873,Fluxicon Disco,Variant 68,68,2012-02-24T12:30:00.000,2012-02-24T02:06:00.000
Packing,Case192,ID4291,Packing,ID4291,Fluxicon Disco,Variant 68,68,2012-02-26T07:00:00.000,2012-02-26T06:00:00.000
Final Inspection Q.C.,Case192,ID4287,Final Inspection Q.C.,ID4287,Fluxicon Disco,Variant 68,68,2012-02-26T20:04:00.000,2012-02-26T16:30:00.000
End,Case192,End,End,End,Fluxicon Disco,Variant 68,68,2012-02-26T20:04:00.000,2012-02-26T20:04:00.000
Start,Case194,Start,Start,Start,Fluxicon Disco,Variant 69,69,2012-01-10T16:14:00.000,2012-01-10T16:14:00.000
Turning & Milling,Case194,ID4132,Turning & Milling,ID4132,Fluxicon Disco,Variant 69,69,2012-01-10T16:54:00.000,2012-01-10T16:14:00.000
Turning & Milling,Case194,ID4132,Turning & Milling,ID4132,Fluxicon Disco,Variant 69,69,2012-01-11T22:28:00.000,2012-01-11T13:16:00.000
Turning & Milling Q.C.,Case194,ID4287,Turning & Milling Q.C.,ID4287,Fluxicon Disco,Variant 69,69,2012-01-11T23:52:00.000,2012-01-11T22:20:00.000
Turning & Milling,Case194,ID4132,Turning & Milling,ID4132,Fluxicon Disco,Variant 69,69,2012-01-12T23:42:00.000,2012-01-12T13:05:00.000
Turning & Milling Q.C.,Case194,ID4287,Turning & Milling Q.C.,ID4287,Fluxicon Disco,Variant 69,69,2012-01-12T21:51:00.000,2012-01-12T18:42:00.000
Turning & Milling,Case194,ID4641,Turning & Milling,ID4641,Fluxicon Disco,Variant 69,69,2012-01-13T12:28:00.000,2012-01-13T02:49:00.000
Turning & Milling,Case194,ID3846,Turning & Milling,ID3846,Fluxicon Disco,Variant 69,69,2012-01-13T18:48:00.000,2012-01-13T12:52:00.000
Turning & Milling Q.C.,Case194,ID4287,Turning & Milling Q.C.,ID4287,Fluxicon Disco,Variant 69,69,2012-01-13T18:30:00.000,2012-01-13T17:00:00.000
Turning & Milling,Case194,ID4132,Turning & Milling,ID4132,Fluxicon Disco,Variant 69,69,2012-01-14T15:00:00.000,2012-01-13T18:48:00.000
Stress Relief,Case194,ID4932,Stress Relief,ID4932,Fluxicon Disco,Variant 69,69,2012-01-14T19:00:00.000,2012-01-14T15:00:00.000
Turning & Milling,Case194,ID4132,Turning & Milling,ID4132,Fluxicon Disco,Variant 69,69,2012-01-15T09:17:00.000,2012-01-15T05:55:00.000
Turning & Milling Q.C.,Case194,ID4287,Turning & Milling Q.C.,ID4287,Fluxicon Disco,Variant 69,69,2012-01-15T23:58:00.000,2012-01-15T15:00:00.000
Turning,Case194,ID3846,Turning,ID3846,Fluxicon Disco,Variant 69,69,2012-01-15T22:25:00.000,2012-01-15T15:18:00.000
Turning,Case194,ID3846,Turning,ID3846,Fluxicon Disco,Variant 69,69,2012-01-15T23:52:00.000,2012-01-15T22:26:00.000
Turning,Case194,ID3846,Turning,ID3846,Fluxicon Disco,Variant 69,69,2012-01-16T21:58:00.000,2012-01-16T13:03:00.000
Turning & Milling Q.C.,Case194,ID4287,Turning & Milling Q.C.,ID4287,Fluxicon Disco,Variant 69,69,2012-01-16T16:30:00.000,2012-01-16T16:00:00.000
Turning,Case194,ID4641,Turning,ID4641,Fluxicon Disco,Variant 69,69,2012-01-16T23:48:00.000,2012-01-16T22:22:00.000
Turning,Case194,ID4641,Turning,ID4641,Fluxicon Disco,Variant 69,69,2012-01-16T23:50:00.000,2012-01-16T23:49:00.000
Turning Q.C.,Case194,ID4287,Turning Q.C.,ID4287,Fluxicon Disco,Variant 69,69,2012-01-17T14:40:00.000,2012-01-17T13:00:00.000
Laser Marking,Case194,ID0998,Laser Marking,ID0998,Fluxicon Disco,Variant 69,69,2012-01-23T21:56:00.000,2012-01-23T21:30:00.000
Lapping,Case194,ID4882,Lapping,ID4882,Fluxicon Disco,Variant 69,69,2012-01-24T07:15:00.000,2012-01-24T06:00:00.000
Lapping,Case194,ID0998,Lapping,ID0998,Fluxicon Disco,Variant 69,69,2012-01-24T17:23:00.000,2012-01-24T14:14:00.000
Final Inspection Q.C.,Case194,ID4287,Final Inspection Q.C.,ID4287,Fluxicon Disco,Variant 69,69,2012-01-24T18:50:00.000,2012-01-24T15:00:00.000
Final Inspection Q.C.,Case194,ID4287,Final Inspection Q.C.,ID4287,Fluxicon Disco,Variant 69,69,2012-01-25T00:02:00.000,2012-01-24T19:40:00.000
Final Inspection Q.C.,Case194,ID4287,Final Inspection Q.C.,ID4287,Fluxicon Disco,Variant 69,69,2012-01-25T22:01:00.000,2012-01-25T15:00:00.000
Final Inspection Q.C.,Case194,ID4287,Final Inspection Q.C.,ID4287,Fluxicon Disco,Variant 69,69,2012-01-26T16:07:00.000,2012-01-26T13:06:00.000
Grinding Rework,Case194,ID4872,Grinding Rework,ID4872,Fluxicon Disco,Variant 69,69,2012-01-27T00:16:00.000,2012-01-26T22:22:00.000
Final Inspection Q.C.,Case194,ID4287,Final Inspection Q.C.,ID4287,Fluxicon Disco,Variant 69,69,2012-01-27T16:00:00.000,2012-01-27T15:00:00.000
Final Inspection Q.C.,Case194,ID4287,Final Inspection Q.C.,ID4287,Fluxicon Disco,Variant 69,69,2012-02-03T18:00:00.000,2012-02-03T13:00:00.000
Packing,Case194,ID4820,Packing,ID4820,Fluxicon Disco,Variant 69,69,2012-02-06T07:00:00.000,2012-02-06T06:00:00.000
Packing,Case194,ID4820,Packing,ID4820,Fluxicon Disco,Variant 69,69,2012-02-06T07:00:00.000,2012-02-06T06:00:00.000
Packing,Case194,ID4820,Packing,ID4820,Fluxicon Disco,Variant 69,69,2012-02-07T07:00:00.000,2012-02-07T06:00:00.000
Packing,Case194,ID4820,Packing,ID4820,Fluxicon Disco,Variant 69,69,2012-02-07T07:00:00.000,2012-02-07T06:00:00.000
End,Case194,End,End,End,Fluxicon Disco,Variant 69,69,2012-02-07T07:00:00.000,2012-02-07T07:00:00.000
Start,Case195,Start,Start,Start,Fluxicon Disco,Variant 70,70,2012-01-31T18:00:00.000,2012-01-31T18:00:00.000
Turning & Milling Q.C.,Case195,ID4287,Turning & Milling Q.C.,ID4287,Fluxicon Disco,Variant 70,70,2012-01-31T21:05:00.000,2012-01-31T18:00:00.000
Flat Grinding,Case195,ID4882,Flat Grinding,ID4882,Fluxicon Disco,Variant 70,70,2012-02-05T07:15:00.000,2012-02-05T06:00:00.000
Lapping,Case195,ID0998,Lapping,ID0998,Fluxicon Disco,Variant 70,70,2012-02-05T17:18:00.000,2012-02-05T15:41:00.000
Lapping,Case195,ID0998,Lapping,ID0998,Fluxicon Disco,Variant 70,70,2012-02-05T22:38:00.000,2012-02-05T18:43:00.000
Flat Grinding,Case195,ID4882,Flat Grinding,ID4882,Fluxicon Disco,Variant 70,70,2012-02-05T23:43:00.000,2012-02-05T19:18:00.000
Flat Grinding,Case195,ID4882,Flat Grinding,ID4882,Fluxicon Disco,Variant 70,70,2012-02-06T14:37:00.000,2012-02-06T13:54:00.000
Round Grinding,Case195,ID4355,Round Grinding,ID4355,Fluxicon Disco,Variant 70,70,2012-02-10T05:50:00.000,2012-02-10T04:31:00.000
Round Grinding,Case195,ID4385,Round Grinding,ID4385,Fluxicon Disco,Variant 70,70,2012-02-10T15:52:00.000,2012-02-10T13:25:00.000
Round Grinding,Case195,ID4385,Round Grinding,ID4385,Fluxicon Disco,Variant 70,70,2012-02-10T18:44:00.000,2012-02-10T15:53:00.000
Round Grinding,Case195,ID4528,Round Grinding,ID4528,Fluxicon Disco,Variant 70,70,2012-02-12T12:53:00.000,2012-02-12T04:04:00.000
Round Grinding,Case195,ID4445,Round Grinding,ID4445,Fluxicon Disco,Variant 70,70,2012-02-12T21:51:00.000,2012-02-12T13:58:00.000
Round Grinding,Case195,ID4287,Round Grinding,ID4287,Fluxicon Disco,Variant 70,70,2012-02-12T23:40:00.000,2012-02-12T22:12:00.000
Packing,Case195,ID4820,Packing,ID4820,Fluxicon Disco,Variant 70,70,2012-02-15T07:00:00.000,2012-02-15T06:00:00.000
Final Inspection Q.C.,Case195,ID4287,Final Inspection Q.C.,ID4287,Fluxicon Disco,Variant 70,70,2012-02-15T20:05:00.000,2012-02-15T19:20:00.000
End,Case195,End,End,End,Fluxicon Disco,Variant 70,70,2012-02-15T20:05:00.000,2012-02-15T20:05:00.000
Start,Case196,Start,Start,Start,Fluxicon Disco,Variant 71,71,2012-01-17T19:20:00.000,2012-01-17T19:20:00.000
Turning & Milling Q.C.,Case196,ID4163,Turning & Milling Q.C.,ID4163,Fluxicon Disco,Variant 71,71,2012-01-17T21:59:00.000,2012-01-17T19:20:00.000
Grinding Rework,Case196,ID4528,Grinding Rework,ID4528,Fluxicon Disco,Variant 71,71,2012-02-19T20:09:00.000,2012-02-19T18:12:00.000
Final Inspection Q.C.,Case196,ID4493,Final Inspection Q.C.,ID4493,Fluxicon Disco,Variant 71,71,2012-02-19T22:01:00.000,2012-02-19T21:15:00.000
Packing,Case196,ID4820,Packing,ID4820,Fluxicon Disco,Variant 71,71,2012-02-21T07:00:00.000,2012-02-21T06:00:00.000
End,Case196,End,End,End,Fluxicon Disco,Variant 71,71,2012-02-21T07:00:00.000,2012-02-21T07:00:00.000
Start,Case198,Start,Start,Start,Fluxicon Disco,Variant 72,72,2012-01-09T19:29:00.000,2012-01-09T19:29:00.000
Turning & Milling,Case198,ID4429,Turning & Milling,ID4429,Fluxicon Disco,Variant 72,72,2012-01-09T23:24:00.000,2012-01-09T19:29:00.000
Turning & Milling,Case198,ID4529,Turning & Milling,ID4529,Fluxicon Disco,Variant 72,72,2012-01-10T05:00:00.000,2012-01-10T02:00:00.000
Turning & Milling,Case198,ID4529,Turning & Milling,ID4529,Fluxicon Disco,Variant 72,72,2012-01-10T12:30:00.000,2012-01-10T07:00:00.000
Turning & Milling Q.C.,Case198,ID4287,Turning & Milling Q.C.,ID4287,Fluxicon Disco,Variant 72,72,2012-01-10T14:08:00.000,2012-01-10T13:00:00.000
Turning & Milling,Case198,ID4429,Turning & Milling,ID4429,Fluxicon Disco,Variant 72,72,2012-01-10T13:09:00.000,2012-01-10T13:08:00.000
Turning & Milling,Case198,ID4932,Turning & Milling,ID4932,Fluxicon Disco,Variant 72,72,2012-01-10T21:57:00.000,2012-01-10T20:05:00.000
Turning & Milling,Case198,ID4429,Turning & Milling,ID4429,Fluxicon Disco,Variant 72,72,2012-01-10T23:04:00.000,2012-01-10T22:05:00.000
Turning & Milling,Case198,ID4718,Turning & Milling,ID4718,Fluxicon Disco,Variant 72,72,2012-01-11T05:35:00.000,2012-01-11T00:07:00.000
Turning & Milling,Case198,ID4932,Turning & Milling,ID4932,Fluxicon Disco,Variant 72,72,2012-01-11T18:45:00.000,2012-01-11T12:56:00.000
Turning & Milling Q.C.,Case198,ID4493,Turning & Milling Q.C.,ID4493,Fluxicon Disco,Variant 72,72,2012-01-12T13:44:00.000,2012-01-12T13:00:00.000
Laser Marking,Case198,ID4882,Laser Marking,ID4882,Fluxicon Disco,Variant 72,72,2012-01-12T20:35:00.000,2012-01-12T19:35:00.000
Turning Rework,Case198,ID4442,Turning Rework,ID4442,Fluxicon Disco,Variant 72,72,2012-01-26T16:30:00.000,2012-01-26T15:00:00.000
Turning & Milling Q.C.,Case198,ID4493,Turning & Milling Q.C.,ID4493,Fluxicon Disco,Variant 72,72,2012-01-27T17:12:00.000,2012-01-27T16:11:00.000
Lapping,Case198,ID4355,Lapping,ID4355,Fluxicon Disco,Variant 72,72,2012-03-06T09:00:00.000,2012-03-06T05:00:00.000
Lapping,Case198,ID0998,Lapping,ID0998,Fluxicon Disco,Variant 72,72,2012-03-06T19:32:00.000,2012-03-06T18:07:00.000
Lapping,Case198,ID4882,Lapping,ID4882,Fluxicon Disco,Variant 72,72,2012-03-07T07:15:00.000,2012-03-07T06:00:00.000
Lapping,Case198,ID0998,Lapping,ID0998,Fluxicon Disco,Variant 72,72,2012-03-07T23:30:00.000,2012-03-07T22:25:00.000
Lapping,Case198,ID4882,Lapping,ID4882,Fluxicon Disco,Variant 72,72,2012-03-08T07:15:00.000,2012-03-08T06:00:00.000
Laser Marking,Case198,ID0998,Laser Marking,ID0998,Fluxicon Disco,Variant 72,72,2012-03-08T15:37:00.000,2012-03-08T14:22:00.000
Lapping,Case198,ID0998,Lapping,ID0998,Fluxicon Disco,Variant 72,72,2012-03-08T14:22:00.000,2012-03-08T14:22:00.000
Round Grinding,Case198,ID4385,Round Grinding,ID4385,Fluxicon Disco,Variant 72,72,2012-03-09T00:11:00.000,2012-03-08T21:13:00.000
Round Grinding,Case198,ID4385,Round Grinding,ID4385,Fluxicon Disco,Variant 72,72,2012-03-09T02:17:00.000,2012-03-09T00:11:00.000
Round Grinding,Case198,ID4355,Round Grinding,ID4355,Fluxicon Disco,Variant 72,72,2012-03-09T05:41:00.000,2012-03-09T02:23:00.000
Round Grinding,Case198,ID4445,Round Grinding,ID4445,Fluxicon Disco,Variant 72,72,2012-03-09T12:45:00.000,2012-03-09T06:07:00.000
Round Grinding,Case198,ID4385,Round Grinding,ID4385,Fluxicon Disco,Variant 72,72,2012-03-09T17:49:00.000,2012-03-09T13:16:00.000
Round Grinding,Case198,ID4528,Round Grinding,ID4528,Fluxicon Disco,Variant 72,72,2012-03-11T12:33:00.000,2012-03-11T04:09:00.000
Round Grinding,Case198,ID4355,Round Grinding,ID4355,Fluxicon Disco,Variant 72,72,2012-03-11T12:52:00.000,2012-03-11T12:44:00.000
Round Grinding,Case198,ID4355,Round Grinding,ID4355,Fluxicon Disco,Variant 72,72,2012-03-11T21:57:00.000,2012-03-11T13:58:00.000
Round Grinding,Case198,ID4385,Round Grinding,ID4385,Fluxicon Disco,Variant 72,72,2012-03-12T02:40:00.000,2012-03-11T22:18:00.000
Final Inspection Q.C.,Case198,ID4493,Final Inspection Q.C.,ID4493,Fluxicon Disco,Variant 72,72,2012-03-15T20:01:00.000,2012-03-15T17:19:00.000
Packing,Case198,ID4820,Packing,ID4820,Fluxicon Disco,Variant 72,72,2012-03-16T07:00:00.000,2012-03-16T06:00:00.000
Packing,Case198,ID4820,Packing,ID4820,Fluxicon Disco,Variant 72,72,2012-03-18T07:00:00.000,2012-03-18T06:00:00.000
Final Inspection Q.C.,Case198,ID4493,Final Inspection Q.C.,ID4493,Fluxicon Disco,Variant 72,72,2012-03-18T18:11:00.000,2012-03-18T16:09:00.000
Grinding Rework,Case198,ID4528,Grinding Rework,ID4528,Fluxicon Disco,Variant 72,72,2012-03-19T15:56:00.000,2012-03-19T13:20:00.000
Packing,Case198,ID4820,Packing,ID4820,Fluxicon Disco,Variant 72,72,2012-03-20T07:00:00.000,2012-03-20T06:00:00.000
Final Inspection Q.C.,Case198,ID4493,Final Inspection Q.C.,ID4493,Fluxicon Disco,Variant 72,72,2012-03-20T16:49:00.000,2012-03-20T15:34:00.000
Laser Marking,Case198,ID4882,Laser Marking,ID4882,Fluxicon Disco,Variant 72,72,2012-03-20T19:39:00.000,2012-03-20T18:24:00.000
End,Case198,End,End,End,Fluxicon Disco,Variant 72,72,2012-03-20T19:39:00.000,2012-03-20T19:39:00.000
Start,Case199,Start,Start,Start,Fluxicon Disco,Variant 73,73,2012-01-03T06:00:00.000,2012-01-03T06:00:00.000
Lapping,Case199,ID4882,Lapping,ID4882,Fluxicon Disco,Variant 73,73,2012-01-03T07:15:00.000,2012-01-03T06:00:00.000
Lapping,Case199,ID4882,Lapping,ID4882,Fluxicon Disco,Variant 73,73,2012-01-03T18:50:00.000,2012-01-03T14:24:00.000
Lapping,Case199,ID0998,Lapping,ID0998,Fluxicon Disco,Variant 73,73,2012-01-03T21:35:00.000,2012-01-03T18:25:00.000
Lapping,Case199,ID0998,Lapping,ID0998,Fluxicon Disco,Variant 73,73,2012-01-03T21:56:00.000,2012-01-03T19:20:00.000
Lapping,Case199,ID4882,Lapping,ID4882,Fluxicon Disco,Variant 73,73,2012-01-03T22:00:00.000,2012-01-03T21:35:00.000
Round Grinding,Case199,ID4445,Round Grinding,ID4445,Fluxicon Disco,Variant 73,73,2012-01-03T22:05:00.000,2012-01-03T21:57:00.000
Round Grinding,Case199,ID4445,Round Grinding,ID4445,Fluxicon Disco,Variant 73,73,2012-01-04T00:58:00.000,2012-01-03T22:07:00.000
Round Grinding,Case199,ID4445,Round Grinding,ID4445,Fluxicon Disco,Variant 73,73,2012-01-04T04:17:00.000,2012-01-04T00:59:00.000
Lapping,Case199,ID4882,Lapping,ID4882,Fluxicon Disco,Variant 73,73,2012-01-04T07:15:00.000,2012-01-04T06:00:00.000
Lapping,Case199,ID4355,Lapping,ID4355,Fluxicon Disco,Variant 73,73,2012-01-04T16:25:00.000,2012-01-04T13:39:00.000
Turning & Milling Q.C.,Case199,ID4163,Turning & Milling Q.C.,ID4163,Fluxicon Disco,Variant 73,73,2012-01-04T16:00:00.000,2012-01-04T15:00:00.000
Turning & Milling,Case199,ID3846,Turning & Milling,ID3846,Fluxicon Disco,Variant 73,73,2012-01-05T05:46:00.000,2012-01-05T04:37:00.000
Turning & Milling,Case199,ID4641,Turning & Milling,ID4641,Fluxicon Disco,Variant 73,73,2012-01-05T21:32:00.000,2012-01-05T12:52:00.000
Round Grinding,Case199,ID4445,Round Grinding,ID4445,Fluxicon Disco,Variant 73,73,2012-01-06T01:53:00.000,2012-01-05T21:09:00.000
Turning & Milling,Case199,ID3846,Turning & Milling,ID3846,Fluxicon Disco,Variant 73,73,2012-01-06T13:00:00.000,2012-01-05T22:03:00.000
Round Grinding,Case199,ID4385,Round Grinding,ID4385,Fluxicon Disco,Variant 73,73,2012-01-06T12:48:00.000,2012-01-05T22:28:00.000
Round Grinding,Case199,ID4355,Round Grinding,ID4355,Fluxicon Disco,Variant 73,73,2012-01-06T13:00:00.000,2012-01-06T02:52:00.000
Turning & Milling,Case199,ID4132,Turning & Milling,ID4132,Fluxicon Disco,Variant 73,73,2012-01-07T12:00:00.000,2012-01-06T13:00:00.000
Round Grinding,Case199,ID4355,Round Grinding,ID4355,Fluxicon Disco,Variant 73,73,2012-01-06T18:53:00.000,2012-01-06T13:01:00.000
Lapping,Case199,ID0998,Lapping,ID0998,Fluxicon Disco,Variant 73,73,2012-01-06T16:03:00.000,2012-01-06T14:09:00.000
Round Grinding,Case199,ID4445,Round Grinding,ID4445,Fluxicon Disco,Variant 73,73,2012-01-08T12:57:00.000,2012-01-08T03:57:00.000
Turning & Milling,Case199,ID4132,Turning & Milling,ID4132,Fluxicon Disco,Variant 73,73,2012-01-08T21:39:00.000,2012-01-08T15:12:00.000
Round Grinding,Case199,ID4385,Round Grinding,ID4385,Fluxicon Disco,Variant 73,73,2012-01-08T19:20:00.000,2012-01-08T16:02:00.000
Turning & Milling,Case199,ID4641,Turning & Milling,ID4641,Fluxicon Disco,Variant 73,73,2012-01-09T04:20:00.000,2012-01-09T02:18:00.000
Final Inspection Q.C.,Case199,ID4163,Final Inspection Q.C.,ID4163,Fluxicon Disco,Variant 73,73,2012-01-10T18:50:00.000,2012-01-10T15:00:00.000
Final Inspection Q.C.,Case199,ID4163,Final Inspection Q.C.,ID4163,Fluxicon Disco,Variant 73,73,2012-01-10T20:26:00.000,2012-01-10T19:20:00.000
Turning & Milling Q.C.,Case199,ID4163,Turning & Milling Q.C.,ID4163,Fluxicon Disco,Variant 73,73,2012-01-10T21:53:00.000,2012-01-10T20:26:00.000
Turning & Milling,Case199,ID4641,Turning & Milling,ID4641,Fluxicon Disco,Variant 73,73,2012-01-11T12:53:00.000,2012-01-11T02:41:00.000
Turning & Milling,Case199,ID4132,Turning & Milling,ID4132,Fluxicon Disco,Variant 73,73,2012-01-11T23:42:00.000,2012-01-11T13:15:00.000
Laser Marking,Case199,ID0998,Laser Marking,ID0998,Fluxicon Disco,Variant 73,73,2012-01-11T16:03:00.000,2012-01-11T15:21:00.000
Turning & Milling,Case199,ID4641,Turning & Milling,ID4641,Fluxicon Disco,Variant 73,73,2012-01-12T10:41:00.000,2012-01-12T03:32:00.000
Final Inspection Q.C.,Case199,ID4163,Final Inspection Q.C.,ID4163,Fluxicon Disco,Variant 73,73,2012-01-12T18:50:00.000,2012-01-12T18:15:00.000
Final Inspection Q.C.,Case199,ID4163,Final Inspection Q.C.,ID4163,Fluxicon Disco,Variant 73,73,2012-01-12T22:07:00.000,2012-01-12T19:20:00.000
Final Inspection Q.C.,Case199,ID4163,Final Inspection Q.C.,ID4163,Fluxicon Disco,Variant 73,73,2012-01-13T18:53:00.000,2012-01-13T18:00:00.000
Turning & Milling,Case199,ID4132,Turning & Milling,ID4132,Fluxicon Disco,Variant 73,73,2012-01-15T13:00:00.000,2012-01-15T09:17:00.000
Final Inspection Q.C.,Case199,ID4163,Final Inspection Q.C.,ID4163,Fluxicon Disco,Variant 73,73,2012-01-15T14:40:00.000,2012-01-15T13:00:00.000
Final Inspection Q.C.,Case199,ID4163,Final Inspection Q.C.,ID4163,Fluxicon Disco,Variant 73,73,2012-01-15T18:50:00.000,2012-01-15T15:00:00.000
Turning & Milling,Case199,ID4641,Turning & Milling,ID4641,Fluxicon Disco,Variant 73,73,2012-01-15T21:57:00.000,2012-01-15T15:10:00.000
Final Inspection Q.C.,Case199,ID4163,Final Inspection Q.C.,ID4163,Fluxicon Disco,Variant 73,73,2012-01-15T20:00:00.000,2012-01-15T19:20:00.000
Final Inspection Q.C.,Case199,ID4163,Final Inspection Q.C.,ID4163,Fluxicon Disco,Variant 73,73,2012-01-15T20:30:00.000,2012-01-15T20:00:00.000
Turning & Milling,Case199,ID4132,Turning & Milling,ID4132,Fluxicon Disco,Variant 73,73,2012-01-16T00:03:00.000,2012-01-15T22:24:00.000
Turning & Milling Q.C.,Case199,ID4163,Turning & Milling Q.C.,ID4163,Fluxicon Disco,Variant 73,73,2012-01-16T21:34:00.000,2012-01-16T19:20:00.000
Turning & Milling Q.C.,Case199,ID4163,Turning & Milling Q.C.,ID4163,Fluxicon Disco,Variant 73,73,2012-01-16T21:54:00.000,2012-01-16T21:34:00.000
Turning & Milling Q.C.,Case199,ID4163,Turning & Milling Q.C.,ID4163,Fluxicon Disco,Variant 73,73,2012-01-16T22:00:00.000,2012-01-16T21:54:00.000
Turning & Milling Q.C.,Case199,ID4163,Turning & Milling Q.C.,ID4163,Fluxicon Disco,Variant 73,73,2012-01-16T22:10:00.000,2012-01-16T22:00:00.000
Laser Marking,Case199,ID0998,Laser Marking,ID0998,Fluxicon Disco,Variant 73,73,2012-01-17T15:38:00.000,2012-01-17T14:18:00.000
Grinding Rework,Case199,ID4872,Grinding Rework,ID4872,Fluxicon Disco,Variant 73,73,2012-01-17T21:47:00.000,2012-01-17T21:14:00.000
Final Inspection Q.C.,Case199,ID4163,Final Inspection Q.C.,ID4163,Fluxicon Disco,Variant 73,73,2012-01-19T14:40:00.000,2012-01-19T13:00:00.000
Final Inspection Q.C.,Case199,ID4163,Final Inspection Q.C.,ID4163,Fluxicon Disco,Variant 73,73,2012-01-19T18:50:00.000,2012-01-19T16:00:00.000
Packing,Case199,ID4491,Packing,ID4491,Fluxicon Disco,Variant 73,73,2012-01-20T07:00:00.000,2012-01-20T06:00:00.000
Lapping,Case199,ID0998,Lapping,ID0998,Fluxicon Disco,Variant 73,73,2012-02-26T22:38:00.000,2012-02-26T22:15:00.000
Round Grinding,Case199,ID4385,Round Grinding,ID4385,Fluxicon Disco,Variant 73,73,2012-02-27T08:00:00.000,2012-02-27T05:59:00.000
Lapping,Case199,ID4882,Lapping,ID4882,Fluxicon Disco,Variant 73,73,2012-02-27T07:15:00.000,2012-02-27T06:00:00.000
Round Grinding,Case199,ID4385,Round Grinding,ID4385,Fluxicon Disco,Variant 73,73,2012-02-27T11:40:00.000,2012-02-27T08:00:00.000
Round Grinding,Case199,ID4385,Round Grinding,ID4385,Fluxicon Disco,Variant 73,73,2012-02-27T12:40:00.000,2012-02-27T11:40:00.000
Lapping,Case199,ID4882,Lapping,ID4882,Fluxicon Disco,Variant 73,73,2012-02-28T07:15:00.000,2012-02-28T06:00:00.000
Lapping,Case199,ID4882,Lapping,ID4882,Fluxicon Disco,Variant 73,73,2012-02-28T17:30:00.000,2012-02-28T14:11:00.000
Lapping,Case199,ID0998,Lapping,ID0998,Fluxicon Disco,Variant 73,73,2012-02-28T20:10:00.000,2012-02-28T15:05:00.000
Round Grinding,Case199,ID4385,Round Grinding,ID4385,Fluxicon Disco,Variant 73,73,2012-02-29T07:26:00.000,2012-02-29T04:12:00.000
Lapping,Case199,ID4882,Lapping,ID4882,Fluxicon Disco,Variant 73,73,2012-02-29T07:15:00.000,2012-02-29T06:00:00.000
Lapping,Case199,ID4882,Lapping,ID4882,Fluxicon Disco,Variant 73,73,2012-02-29T07:15:00.000,2012-02-29T06:00:00.000
Round Grinding,Case199,ID4385,Round Grinding,ID4385,Fluxicon Disco,Variant 73,73,2012-02-29T12:34:00.000,2012-02-29T07:27:00.000
Lapping,Case199,ID4882,Lapping,ID4882,Fluxicon Disco,Variant 73,73,2012-02-29T17:29:00.000,2012-02-29T14:02:00.000
Round Grinding,Case199,ID4445,Round Grinding,ID4445,Fluxicon Disco,Variant 73,73,2012-02-29T16:56:00.000,2012-02-29T15:38:00.000
Round Grinding,Case199,ID4445,Round Grinding,ID4445,Fluxicon Disco,Variant 73,73,2012-02-29T19:22:00.000,2012-02-29T16:57:00.000
Round Grinding,Case199,ID4355,Round Grinding,ID4355,Fluxicon Disco,Variant 73,73,2012-02-29T21:53:00.000,2012-02-29T19:27:00.000
Lapping,Case199,ID4882,Lapping,ID4882,Fluxicon Disco,Variant 73,73,2012-02-29T22:29:00.000,2012-02-29T22:28:00.000
Round Grinding,Case199,ID4385,Round Grinding,ID4385,Fluxicon Disco,Variant 73,73,2012-03-01T02:45:00.000,2012-03-01T02:36:00.000
Round Grinding,Case199,ID4385,Round Grinding,ID4385,Fluxicon Disco,Variant 73,73,2012-03-01T12:47:00.000,2012-03-01T04:45:00.000
Final Inspection Q.C.,Case199,ID4163,Final Inspection Q.C.,ID4163,Fluxicon Disco,Variant 73,73,2012-03-01T14:40:00.000,2012-03-01T13:00:00.000
Lapping,Case199,ID4882,Lapping,ID4882,Fluxicon Disco,Variant 73,73,2012-03-01T14:37:00.000,2012-03-01T13:34:00.000
Final Inspection Q.C.,Case199,ID4163,Final Inspection Q.C.,ID4163,Fluxicon Disco,Variant 73,73,2012-03-01T16:00:00.000,2012-03-01T15:00:00.000
Final Inspection Q.C.,Case199,ID4163,Final Inspection Q.C.,ID4163,Fluxicon Disco,Variant 73,73,2012-03-01T18:50:00.000,2012-03-01T17:00:00.000
Round Grinding,Case199,ID4355,Round Grinding,ID4355,Fluxicon Disco,Variant 73,73,2012-03-01T22:11:00.000,2012-03-01T21:19:00.000
Final Inspection Q.C.,Case199,ID4163,Final Inspection Q.C.,ID4163,Fluxicon Disco,Variant 73,73,2012-03-02T00:03:00.000,2012-03-01T22:10:00.000
Round Grinding,Case199,ID4385,Round Grinding,ID4385,Fluxicon Disco,Variant 73,73,2012-03-02T12:34:00.000,2012-03-02T02:50:00.000
Lapping,Case199,ID4882,Lapping,ID4882,Fluxicon Disco,Variant 73,73,2012-03-02T07:15:00.000,2012-03-02T06:00:00.000
Lapping,Case199,ID4882,Lapping,ID4882,Fluxicon Disco,Variant 73,73,2012-03-02T07:15:00.000,2012-03-02T06:00:00.000
Lapping,Case199,ID0998,Lapping,ID0998,Fluxicon Disco,Variant 73,73,2012-03-02T18:29:00.000,2012-03-02T17:16:00.000
Round Grinding,Case199,ID4445,Round Grinding,ID4445,Fluxicon Disco,Variant 73,73,2012-03-04T12:45:00.000,2012-03-04T04:11:00.000
Final Inspection Q.C.,Case199,ID4163,Final Inspection Q.C.,ID4163,Fluxicon Disco,Variant 73,73,2012-03-04T14:40:00.000,2012-03-04T13:30:00.000
Final Inspection Q.C.,Case199,ID4163,Final Inspection Q.C.,ID4163,Fluxicon Disco,Variant 73,73,2012-03-04T18:50:00.000,2012-03-04T15:00:00.000
Round Grinding,Case199,ID4385,Round Grinding,ID4385,Fluxicon Disco,Variant 73,73,2012-03-04T21:53:00.000,2012-03-04T18:21:00.000
Final Inspection Q.C.,Case199,ID4163,Final Inspection Q.C.,ID4163,Fluxicon Disco,Variant 73,73,2012-03-04T20:20:00.000,2012-03-04T19:20:00.000
Packing,Case199,ID4820,Packing,ID4820,Fluxicon Disco,Variant 73,73,2012-03-05T07:00:00.000,2012-03-05T06:00:00.000
Grinding Rework,Case199,ID4528,Grinding Rework,ID4528,Fluxicon Disco,Variant 73,73,2012-03-06T17:43:00.000,2012-03-06T15:23:00.000
Final Inspection Q.C.,Case199,ID4493,Final Inspection Q.C.,ID4493,Fluxicon Disco,Variant 73,73,2012-03-16T18:51:00.000,2012-03-16T15:34:00.000
Grinding Rework,Case199,ID4528,Grinding Rework,ID4528,Fluxicon Disco,Variant 73,73,2012-03-18T17:24:00.000,2012-03-18T16:18:00.000
Grinding Rework,Case199,ID4528,Grinding Rework,ID4528,Fluxicon Disco,Variant 73,73,2012-03-18T23:47:00.000,2012-03-18T22:16:00.000
Final Inspection Q.C.,Case199,ID4493,Final Inspection Q.C.,ID4493,Fluxicon Disco,Variant 73,73,2012-03-19T17:00:00.000,2012-03-19T12:59:00.000
Final Inspection Q.C.,Case199,ID4493,Final Inspection Q.C.,ID4493,Fluxicon Disco,Variant 73,73,2012-03-19T21:59:00.000,2012-03-19T16:58:00.000
Packing,Case199,ID4820,Packing,ID4820,Fluxicon Disco,Variant 73,73,2012-03-20T07:00:00.000,2012-03-20T06:00:00.000
Final Inspection Q.C.,Case199,ID4493,Final Inspection Q.C.,ID4493,Fluxicon Disco,Variant 73,73,2012-03-20T17:06:00.000,2012-03-20T15:51:00.000
Final Inspection Q.C.,Case199,ID4163,Final Inspection Q.C.,ID4163,Fluxicon Disco,Variant 73,73,2012-03-21T21:00:00.000,2012-03-21T19:20:00.000
Grinding Rework,Case199,ID4872,Grinding Rework,ID4872,Fluxicon Disco,Variant 73,73,2012-03-22T00:30:00.000,2012-03-21T22:48:00.000
Packing,Case199,ID4820,Packing,ID4820,Fluxicon Disco,Variant 73,73,2012-03-22T07:00:00.000,2012-03-22T06:00:00.000
Packing,Case199,ID4820,Packing,ID4820,Fluxicon Disco,Variant 73,73,2012-03-27T08:00:00.000,2012-03-27T07:00:00.000
Packing,Case199,ID4820,Packing,ID4820,Fluxicon Disco,Variant 73,73,2012-03-27T08:00:00.000,2012-03-27T07:00:00.000
Grinding Rework,Case199,ID4528,Grinding Rework,ID4528,Fluxicon Disco,Variant 73,73,2012-03-29T06:33:00.000,2012-03-29T03:12:00.000
Packing,Case199,ID4291,Packing,ID4291,Fluxicon Disco,Variant 73,73,2012-03-29T08:00:00.000,2012-03-29T07:00:00.000
Final Inspection Q.C.,Case199,ID4493,Final Inspection Q.C.,ID4493,Fluxicon Disco,Variant 73,73,2012-03-29T17:34:00.000,2012-03-29T14:34:00.000
Final Inspection Q.C.,Case199,ID4493,Final Inspection Q.C.,ID4493,Fluxicon Disco,Variant 73,73,2012-03-29T20:39:00.000,2012-03-29T19:24:00.000
Packing,Case199,ID4491,Packing,ID4491,Fluxicon Disco,Variant 73,73,2012-03-30T08:00:00.000,2012-03-30T07:00:00.000
Final Inspection Q.C.,Case199,ID4163,Final Inspection Q.C.,ID4163,Fluxicon Disco,Variant 73,73,2012-03-30T16:53:00.000,2012-03-30T15:40:00.000
Final Inspection Q.C.,Case199,ID4163,Final Inspection Q.C.,ID4163,Fluxicon Disco,Variant 73,73,2012-03-30T17:15:00.000,2012-03-30T16:53:00.000
Final Inspection Q.C.,Case199,ID4163,Final Inspection Q.C.,ID4163,Fluxicon Disco,Variant 73,73,2012-03-30T17:25:00.000,2012-03-30T17:15:00.000
Final Inspection Q.C.,Case199,ID4163,Final Inspection Q.C.,ID4163,Fluxicon Disco,Variant 73,73,2012-03-30T17:35:00.000,2012-03-30T17:25:00.000
Final Inspection Q.C.,Case199,ID4163,Final Inspection Q.C.,ID4163,Fluxicon Disco,Variant 73,73,2012-03-30T17:55:00.000,2012-03-30T17:35:00.000
End,Case199,End,End,End,Fluxicon Disco,Variant 73,73,2012-03-30T17:55:00.000,2012-03-30T17:55:00.000
Start,Case20,Start,Start,Start,Fluxicon Disco,Variant 74,74,2012-01-15T14:16:00.000,2012-01-15T14:16:00.000
Turning & Milling,Case20,ID4167,Turning & Milling,ID4167,Fluxicon Disco,Variant 74,74,2012-01-15T20:06:00.000,2012-01-15T14:16:00.000
Turning & Milling Q.C.,Case20,ID4618,Turning & Milling Q.C.,ID4618,Fluxicon Disco,Variant 74,74,2012-01-15T22:08:00.000,2012-01-15T20:07:00.000
Turning & Milling,Case20,ID4167,Turning & Milling,ID4167,Fluxicon Disco,Variant 74,74,2012-01-15T21:36:00.000,2012-01-15T20:07:00.000
Turning & Milling,Case20,ID4794,Turning & Milling,ID4794,Fluxicon Disco,Variant 74,74,2012-01-16T04:24:00.000,2012-01-16T03:14:00.000
Turning & Milling,Case20,ID4794,Turning & Milling,ID4794,Fluxicon Disco,Variant 74,74,2012-01-16T08:34:00.000,2012-01-16T04:25:00.000
Turning & Milling,Case20,ID4794,Turning & Milling,ID4794,Fluxicon Disco,Variant 74,74,2012-01-16T10:38:00.000,2012-01-16T08:36:00.000
Turning & Milling,Case20,ID4429,Turning & Milling,ID4429,Fluxicon Disco,Variant 74,74,2012-01-16T22:26:00.000,2012-01-16T13:29:00.000
Turning & Milling,Case20,ID4529,Turning & Milling,ID4529,Fluxicon Disco,Variant 74,74,2012-01-16T23:52:00.000,2012-01-16T23:05:00.000
Turning & Milling,Case20,ID4794,Turning & Milling,ID4794,Fluxicon Disco,Variant 74,74,2012-01-17T12:49:00.000,2012-01-17T02:14:00.000
Turning & Milling Q.C.,Case20,ID4618,Turning & Milling Q.C.,ID4618,Fluxicon Disco,Variant 74,74,2012-01-17T21:53:00.000,2012-01-17T21:26:00.000
Turning & Milling,Case20,ID4167,Turning & Milling,ID4167,Fluxicon Disco,Variant 74,74,2012-01-18T00:50:00.000,2012-01-17T21:50:00.000
Laser Marking,Case20,ID4932,Laser Marking,ID4932,Fluxicon Disco,Variant 74,74,2012-01-23T18:45:00.000,2012-01-23T17:44:00.000
Round Grinding,Case20,ID4445,Round Grinding,ID4445,Fluxicon Disco,Variant 74,74,2012-01-25T04:00:00.000,2012-01-25T03:30:00.000
Round Grinding,Case20,ID4445,Round Grinding,ID4445,Fluxicon Disco,Variant 74,74,2012-01-25T05:15:00.000,2012-01-25T04:00:00.000
Round Grinding,Case20,ID0420,Round Grinding,ID0420,Fluxicon Disco,Variant 74,74,2012-01-25T15:30:00.000,2012-01-25T13:00:00.000
Round Grinding,Case20,ID0420,Round Grinding,ID0420,Fluxicon Disco,Variant 74,74,2012-01-26T21:56:00.000,2012-01-26T14:21:00.000
Round Grinding,Case20,ID4355,Round Grinding,ID4355,Fluxicon Disco,Variant 74,74,2012-01-27T05:24:00.000,2012-01-26T22:06:00.000
Round Grinding,Case20,ID0420,Round Grinding,ID0420,Fluxicon Disco,Variant 74,74,2012-01-27T16:00:00.000,2012-01-27T12:52:00.000
Round Grinding,Case20,ID4445,Round Grinding,ID4445,Fluxicon Disco,Variant 74,74,2012-02-06T06:17:00.000,2012-02-06T05:56:00.000
Turning & Milling Q.C.,Case20,ID4618,Turning & Milling Q.C.,ID4618,Fluxicon Disco,Variant 74,74,2012-02-06T13:07:00.000,2012-02-06T12:50:00.000
Round Grinding,Case20,ID4385,Round Grinding,ID4385,Fluxicon Disco,Variant 74,74,2012-02-07T20:17:00.000,2012-02-07T19:02:00.000
Round Grinding,Case20,ID4385,Round Grinding,ID4385,Fluxicon Disco,Variant 74,74,2012-02-07T23:42:00.000,2012-02-07T20:19:00.000
Round Grinding,Case20,ID4445,Round Grinding,ID4445,Fluxicon Disco,Variant 74,74,2012-02-08T08:01:00.000,2012-02-08T02:01:00.000
Final Inspection Q.C.,Case20,ID4618,Final Inspection Q.C.,ID4618,Fluxicon Disco,Variant 74,74,2012-02-21T22:05:00.000,2012-02-21T14:14:00.000
Packing,Case20,ID4820,Packing,ID4820,Fluxicon Disco,Variant 74,74,2012-02-22T07:00:00.000,2012-02-22T06:00:00.000
End,Case20,End,End,End,Fluxicon Disco,Variant 74,74,2012-02-22T07:00:00.000,2012-02-22T07:00:00.000
Start,Case200,Start,Start,Start,Fluxicon Disco,Variant 75,75,2012-01-09T06:00:00.000,2012-01-09T06:00:00.000
Milling,Case200,ID0937,Milling,ID0937,Fluxicon Disco,Variant 75,75,2012-01-09T07:15:00.000,2012-01-09T06:00:00.000
Grinding Rework,Case200,ID4872,Grinding Rework,ID4872,Fluxicon Disco,Variant 75,75,2012-01-12T00:59:00.000,2012-01-11T23:45:00.000
Final Inspection Q.C.,Case200,ID4493,Final Inspection Q.C.,ID4493,Fluxicon Disco,Variant 75,75,2012-01-12T14:13:00.000,2012-01-12T13:45:00.000
Final Inspection Q.C.,Case200,ID4493,Final Inspection Q.C.,ID4493,Fluxicon Disco,Variant 75,75,2012-01-12T15:35:00.000,2012-01-12T14:20:00.000
Packing,Case200,ID4820,Packing,ID4820,Fluxicon Disco,Variant 75,75,2012-01-15T07:00:00.000,2012-01-15T06:00:00.000
Lapping,Case200,ID4355,Lapping,ID4355,Fluxicon Disco,Variant 75,75,2012-01-30T07:15:00.000,2012-01-30T06:00:00.000
Round Grinding,Case200,ID4355,Round Grinding,ID4355,Fluxicon Disco,Variant 75,75,2012-01-30T07:15:00.000,2012-01-30T06:00:00.000
End,Case200,End,End,End,Fluxicon Disco,Variant 75,75,2012-01-30T07:15:00.000,2012-01-30T07:15:00.000
Start,Case201,Start,Start,Start,Fluxicon Disco,Variant 76,76,2012-01-04T06:00:00.000,2012-01-04T06:00:00.000
Round Grinding,Case201,ID4493,Round Grinding,ID4493,Fluxicon Disco,Variant 76,76,2012-01-04T07:15:00.000,2012-01-04T06:00:00.000
Turning & Milling Q.C.,Case201,ID4493,Turning & Milling Q.C.,ID4493,Fluxicon Disco,Variant 76,76,2012-01-04T07:15:00.000,2012-01-04T06:00:00.000
Turning,Case201,ID4219,Turning,ID4219,Fluxicon Disco,Variant 76,76,2012-01-05T16:11:00.000,2012-01-05T16:10:00.000
Turning,Case201,ID4219,Turning,ID4219,Fluxicon Disco,Variant 76,76,2012-01-05T19:52:00.000,2012-01-05T16:12:00.000
Turning,Case201,ID4219,Turning,ID4219,Fluxicon Disco,Variant 76,76,2012-01-05T23:37:00.000,2012-01-05T19:53:00.000
Turning,Case201,ID4219,Turning,ID4219,Fluxicon Disco,Variant 76,76,2012-01-05T23:42:00.000,2012-01-05T23:39:00.000
Turning,Case201,ID4219,Turning,ID4219,Fluxicon Disco,Variant 76,76,2012-01-06T14:00:00.000,2012-01-06T12:51:00.000
Turning,Case201,ID4219,Turning,ID4219,Fluxicon Disco,Variant 76,76,2012-01-06T18:40:00.000,2012-01-06T14:01:00.000
Turning,Case201,ID4219,Turning,ID4219,Fluxicon Disco,Variant 76,76,2012-01-06T19:08:00.000,2012-01-06T18:40:00.000
Turning,Case201,ID4219,Turning,ID4219,Fluxicon Disco,Variant 76,76,2012-01-08T13:54:00.000,2012-01-08T12:43:00.000
Turning Q.C.,Case201,ID4493,Turning Q.C.,ID4493,Fluxicon Disco,Variant 76,76,2012-01-08T17:13:00.000,2012-01-08T16:12:00.000
Turning & Milling Q.C.,Case201,ID4493,Turning & Milling Q.C.,ID4493,Fluxicon Disco,Variant 76,76,2012-01-08T21:30:00.000,2012-01-08T19:20:00.000
Turning & Milling,Case201,ID4219,Turning & Milling,ID4219,Fluxicon Disco,Variant 76,76,2012-01-16T22:09:00.000,2012-01-16T14:00:00.000
Turning & Milling,Case201,ID4219,Turning & Milling,ID4219,Fluxicon Disco,Variant 76,76,2012-01-17T15:28:00.000,2012-01-17T13:37:00.000
Turning & Milling,Case201,ID0997,Turning & Milling,ID0997,Fluxicon Disco,Variant 76,76,2012-01-17T18:55:00.000,2012-01-17T16:01:00.000
Milling,Case201,ID4326,Milling,ID4326,Fluxicon Disco,Variant 76,76,2012-01-19T00:00:00.000,2012-01-18T13:00:00.000
Turning & Milling Q.C.,Case201,ID4493,Turning & Milling Q.C.,ID4493,Fluxicon Disco,Variant 76,76,2012-01-18T22:02:00.000,2012-01-18T17:01:00.000
Packing,Case201,ID4291,Packing,ID4291,Fluxicon Disco,Variant 76,76,2012-01-19T07:00:00.000,2012-01-19T06:00:00.000
Milling,Case201,ID4326,Milling,ID4326,Fluxicon Disco,Variant 76,76,2012-01-19T21:31:00.000,2012-01-19T13:05:00.000
Milling,Case201,ID4326,Milling,ID4326,Fluxicon Disco,Variant 76,76,2012-01-20T17:32:00.000,2012-01-20T13:25:00.000
Round Grinding,Case201,ID0937,Round Grinding,ID0937,Fluxicon Disco,Variant 76,76,2012-01-22T07:15:00.000,2012-01-22T06:00:00.000
Round Grinding,Case201,ID0937,Round Grinding,ID0937,Fluxicon Disco,Variant 76,76,2012-01-22T07:15:00.000,2012-01-22T06:00:00.000
Round Grinding,Case201,ID4493,Round Grinding,ID4493,Fluxicon Disco,Variant 76,76,2012-01-22T07:15:00.000,2012-01-22T06:00:00.000
Turning & Milling Q.C.,Case201,ID4493,Turning & Milling Q.C.,ID4493,Fluxicon Disco,Variant 76,76,2012-01-22T14:11:00.000,2012-01-22T13:10:00.000
Round Grinding,Case201,ID4528,Round Grinding,ID4528,Fluxicon Disco,Variant 76,76,2012-01-22T19:38:00.000,2012-01-22T17:18:00.000
Round Grinding,Case201,ID4528,Round Grinding,ID4528,Fluxicon Disco,Variant 76,76,2012-01-22T21:44:00.000,2012-01-22T19:39:00.000
Turning & Milling Q.C.,Case201,ID4287,Turning & Milling Q.C.,ID4287,Fluxicon Disco,Variant 76,76,2012-02-01T07:15:00.000,2012-02-01T06:00:00.000
Turning & Milling Q.C.,Case201,ID4493,Turning & Milling Q.C.,ID4493,Fluxicon Disco,Variant 76,76,2012-02-10T00:03:00.000,2012-02-09T18:35:00.000
Turning & Milling Q.C.,Case201,ID4493,Turning & Milling Q.C.,ID4493,Fluxicon Disco,Variant 76,76,2012-02-13T16:45:00.000,2012-02-13T14:45:00.000
Turning & Milling Q.C.,Case201,ID0937,Turning & Milling Q.C.,ID0937,Fluxicon Disco,Variant 76,76,2012-02-21T07:15:00.000,2012-02-21T06:00:00.000
End,Case201,End,End,End,Fluxicon Disco,Variant 76,76,2012-02-21T07:15:00.000,2012-02-21T07:15:00.000
Start,Case203,Start,Start,Start,Fluxicon Disco,Variant 77,77,2012-01-08T15:00:00.000,2012-01-08T15:00:00.000
Turning & Milling Q.C.,Case203,ID4618,Turning & Milling Q.C.,ID4618,Fluxicon Disco,Variant 77,77,2012-01-08T16:43:00.000,2012-01-08T15:00:00.000
Laser Marking,Case203,ID0998,Laser Marking,ID0998,Fluxicon Disco,Variant 77,77,2012-01-08T19:37:00.000,2012-01-08T18:47:00.000
Lapping,Case203,ID4882,Lapping,ID4882,Fluxicon Disco,Variant 77,77,2012-01-10T07:15:00.000,2012-01-10T06:00:00.000
Flat Grinding,Case203,ID0998,Flat Grinding,ID0998,Fluxicon Disco,Variant 77,77,2012-01-10T17:58:00.000,2012-01-10T17:32:00.000
Lapping,Case203,ID4882,Lapping,ID4882,Fluxicon Disco,Variant 77,77,2012-01-11T14:38:00.000,2012-01-11T14:09:00.000
Packing,Case203,ID4820,Packing,ID4820,Fluxicon Disco,Variant 77,77,2012-01-12T07:00:00.000,2012-01-12T06:00:00.000
Final Inspection Q.C.,Case203,ID4618,Final Inspection Q.C.,ID4618,Fluxicon Disco,Variant 77,77,2012-01-12T13:03:00.000,2012-01-12T12:50:00.000
End,Case203,End,End,End,Fluxicon Disco,Variant 77,77,2012-01-12T13:03:00.000,2012-01-12T13:03:00.000
Start,Case205,Start,Start,Start,Fluxicon Disco,Variant 78,78,2012-03-07T00:00:00.000,2012-03-07T00:00:00.000
Round Grinding,Case205,ID4872,Round Grinding,ID4872,Fluxicon Disco,Variant 78,78,2012-03-07T01:40:00.000,2012-03-07T00:00:00.000
Round Grinding,Case205,ID4872,Round Grinding,ID4872,Fluxicon Disco,Variant 78,78,2012-03-07T02:30:00.000,2012-03-07T01:40:00.000
Final Inspection Q.C.,Case205,ID4618,Final Inspection Q.C.,ID4618,Fluxicon Disco,Variant 78,78,2012-03-07T21:17:00.000,2012-03-07T20:30:00.000
Packing,Case205,ID4820,Packing,ID4820,Fluxicon Disco,Variant 78,78,2012-03-08T07:00:00.000,2012-03-08T06:00:00.000
End,Case205,End,End,End,Fluxicon Disco,Variant 78,78,2012-03-08T07:00:00.000,2012-03-08T07:00:00.000
Start,Case206,Start,Start,Start,Fluxicon Disco,Variant 79,79,2012-01-08T21:02:00.000,2012-01-08T21:02:00.000
Turning & Milling Q.C.,Case206,ID4618,Turning & Milling Q.C.,ID4618,Fluxicon Disco,Variant 79,79,2012-01-08T21:07:00.000,2012-01-08T21:02:00.000
Laser Marking,Case206,ID0998,Laser Marking,ID0998,Fluxicon Disco,Variant 79,79,2012-01-09T15:55:00.000,2012-01-09T15:44:00.000
Lapping,Case206,ID0998,Lapping,ID0998,Fluxicon Disco,Variant 79,79,2012-01-09T16:45:00.000,2012-01-09T15:56:00.000
Round Grinding,Case206,ID4872,Round Grinding,ID4872,Fluxicon Disco,Variant 79,79,2012-01-19T14:32:00.000,2012-01-19T12:58:00.000
Round Grinding,Case206,ID4872,Round Grinding,ID4872,Fluxicon Disco,Variant 79,79,2012-01-19T21:48:00.000,2012-01-19T14:32:00.000
Final Inspection Q.C.,Case206,ID4618,Final Inspection Q.C.,ID4618,Fluxicon Disco,Variant 79,79,2012-01-20T18:50:00.000,2012-01-20T13:54:00.000
Final Inspection Q.C.,Case206,ID4618,Final Inspection Q.C.,ID4618,Fluxicon Disco,Variant 79,79,2012-01-22T14:10:00.000,2012-01-22T12:55:00.000
Packing,Case206,ID4291,Packing,ID4291,Fluxicon Disco,Variant 79,79,2012-01-23T07:00:00.000,2012-01-23T06:00:00.000
Round Grinding,Case206,ID4528,Round Grinding,ID4528,Fluxicon Disco,Variant 79,79,2012-01-25T22:00:00.000,2012-01-25T21:00:00.000
Round Grinding,Case206,ID4528,Round Grinding,ID4528,Fluxicon Disco,Variant 79,79,2012-01-25T23:45:00.000,2012-01-25T22:00:00.000
Round Grinding,Case206,ID4528,Round Grinding,ID4528,Fluxicon Disco,Variant 79,79,2012-01-26T14:30:00.000,2012-01-26T12:50:00.000
Final Inspection Q.C.,Case206,ID4618,Final Inspection Q.C.,ID4618,Fluxicon Disco,Variant 79,79,2012-02-02T18:17:00.000,2012-02-02T16:18:00.000
Final Inspection Q.C.,Case206,ID4618,Final Inspection Q.C.,ID4618,Fluxicon Disco,Variant 79,79,2012-02-02T20:43:00.000,2012-02-02T19:28:00.000
Packing,Case206,ID4820,Packing,ID4820,Fluxicon Disco,Variant 79,79,2012-02-03T07:00:00.000,2012-02-03T06:00:00.000
End,Case206,End,End,End,Fluxicon Disco,Variant 79,79,2012-02-03T07:00:00.000,2012-02-03T07:00:00.000
Start,Case207,Start,Start,Start,Fluxicon Disco,Variant 80,80,2012-01-09T06:00:00.000,2012-01-09T06:00:00.000
Turning & Milling,Case207,ID4429,Turning & Milling,ID4429,Fluxicon Disco,Variant 80,80,2012-01-09T07:15:00.000,2012-01-09T06:00:00.000
Turning & Milling,Case207,ID4529,Turning & Milling,ID4529,Fluxicon Disco,Variant 80,80,2012-01-09T13:00:00.000,2012-01-09T06:30:00.000
Turning & Milling,Case207,ID4429,Turning & Milling,ID4429,Fluxicon Disco,Variant 80,80,2012-01-10T07:15:00.000,2012-01-10T06:00:00.000
Turning & Milling,Case207,ID4529,Turning & Milling,ID4529,Fluxicon Disco,Variant 80,80,2012-01-10T09:00:00.000,2012-01-10T07:00:00.000
Turning & Milling,Case207,ID4529,Turning & Milling,ID4529,Fluxicon Disco,Variant 80,80,2012-01-10T12:30:00.000,2012-01-10T09:00:00.000
Turning & Milling,Case207,ID4794,Turning & Milling,ID4794,Fluxicon Disco,Variant 80,80,2012-01-10T21:59:00.000,2012-01-10T13:00:00.000
Turning & Milling,Case207,ID4529,Turning & Milling,ID4529,Fluxicon Disco,Variant 80,80,2012-01-11T07:00:00.000,2012-01-11T02:00:00.000
Turning & Milling,Case207,ID4429,Turning & Milling,ID4429,Fluxicon Disco,Variant 80,80,2012-01-11T07:15:00.000,2012-01-11T06:00:00.000
Turning & Milling,Case207,ID4429,Turning & Milling,ID4429,Fluxicon Disco,Variant 80,80,2012-01-11T07:15:00.000,2012-01-11T06:00:00.000
Turning & Milling,Case207,ID4429,Turning & Milling,ID4429,Fluxicon Disco,Variant 80,80,2012-01-11T15:06:00.000,2012-01-11T13:13:00.000
Turning & Milling,Case207,ID4794,Turning & Milling,ID4794,Fluxicon Disco,Variant 80,80,2012-01-11T21:52:00.000,2012-01-11T15:43:00.000
Turning & Milling,Case207,ID4718,Turning & Milling,ID4718,Fluxicon Disco,Variant 80,80,2012-01-12T05:42:00.000,2012-01-11T22:04:00.000
Turning & Milling,Case207,ID4529,Turning & Milling,ID4529,Fluxicon Disco,Variant 80,80,2012-01-12T12:30:00.000,2012-01-12T05:00:00.000
Turning & Milling,Case207,ID4794,Turning & Milling,ID4794,Fluxicon Disco,Variant 80,80,2012-01-13T00:07:00.000,2012-01-12T13:06:00.000
Turning & Milling,Case207,ID4529,Turning & Milling,ID4529,Fluxicon Disco,Variant 80,80,2012-01-13T06:56:00.000,2012-01-13T05:41:00.000
Turning & Milling,Case207,ID4529,Turning & Milling,ID4529,Fluxicon Disco,Variant 80,80,2012-01-13T12:17:00.000,2012-01-13T05:42:00.000
Turning & Milling Q.C.,Case207,ID4163,Turning & Milling Q.C.,ID4163,Fluxicon Disco,Variant 80,80,2012-01-13T14:00:00.000,2012-01-13T13:00:00.000
Turning & Milling Q.C.,Case207,ID4163,Turning & Milling Q.C.,ID4163,Fluxicon Disco,Variant 80,80,2012-01-13T14:20:00.000,2012-01-13T14:00:00.000
Turning & Milling Q.C.,Case207,ID4163,Turning & Milling Q.C.,ID4163,Fluxicon Disco,Variant 80,80,2012-01-13T14:30:00.000,2012-01-13T14:20:00.000
Turning & Milling Q.C.,Case207,ID4163,Turning & Milling Q.C.,ID4163,Fluxicon Disco,Variant 80,80,2012-01-13T14:40:00.000,2012-01-13T14:30:00.000
Turning & Milling,Case207,ID4429,Turning & Milling,ID4429,Fluxicon Disco,Variant 80,80,2012-01-13T15:33:00.000,2012-01-13T15:32:00.000
Turning & Milling Q.C.,Case207,ID4163,Turning & Milling Q.C.,ID4163,Fluxicon Disco,Variant 80,80,2012-01-15T20:43:00.000,2012-01-15T20:30:00.000
Lapping,Case207,ID4882,Lapping,ID4882,Fluxicon Disco,Variant 80,80,2012-01-23T07:15:00.000,2012-01-23T06:00:00.000
Laser Marking,Case207,ID0998,Laser Marking,ID0998,Fluxicon Disco,Variant 80,80,2012-01-23T20:57:00.000,2012-01-23T19:53:00.000
Lapping,Case207,ID0998,Lapping,ID0998,Fluxicon Disco,Variant 80,80,2012-01-23T22:52:00.000,2012-01-23T20:57:00.000
Laser Marking,Case207,ID0998,Laser Marking,ID0998,Fluxicon Disco,Variant 80,80,2012-01-23T22:54:00.000,2012-01-23T22:53:00.000
Lapping,Case207,ID0998,Lapping,ID0998,Fluxicon Disco,Variant 80,80,2012-01-24T00:09:00.000,2012-01-23T22:54:00.000
Round Grinding,Case207,ID4385,Round Grinding,ID4385,Fluxicon Disco,Variant 80,80,2012-01-24T16:43:00.000,2012-01-24T14:14:00.000
Round Grinding,Case207,ID4385,Round Grinding,ID4385,Fluxicon Disco,Variant 80,80,2012-01-24T18:43:00.000,2012-01-24T17:47:00.000
Round Grinding,Case207,ID4385,Round Grinding,ID4385,Fluxicon Disco,Variant 80,80,2012-01-24T20:51:00.000,2012-01-24T18:43:00.000
Round Grinding,Case207,ID0420,Round Grinding,ID0420,Fluxicon Disco,Variant 80,80,2012-01-24T23:47:00.000,2012-01-24T20:53:00.000
Round Grinding,Case207,ID4872,Round Grinding,ID4872,Fluxicon Disco,Variant 80,80,2012-01-25T04:41:00.000,2012-01-25T00:08:00.000
Round Grinding,Case207,ID4385,Round Grinding,ID4385,Fluxicon Disco,Variant 80,80,2012-01-25T14:39:00.000,2012-01-25T13:10:00.000
Final Inspection Q.C.,Case207,ID4163,Final Inspection Q.C.,ID4163,Fluxicon Disco,Variant 80,80,2012-01-26T13:30:00.000,2012-01-26T13:00:00.000
Final Inspection Q.C.,Case207,ID4163,Final Inspection Q.C.,ID4163,Fluxicon Disco,Variant 80,80,2012-01-26T16:00:00.000,2012-01-26T15:00:00.000
Final Inspection Q.C.,Case207,ID4163,Final Inspection Q.C.,ID4163,Fluxicon Disco,Variant 80,80,2012-01-26T18:50:00.000,2012-01-26T17:00:00.000
Final Inspection Q.C.,Case207,ID4163,Final Inspection Q.C.,ID4163,Fluxicon Disco,Variant 80,80,2012-01-26T22:11:00.000,2012-01-26T19:20:00.000
Final Inspection Q.C.,Case207,ID4163,Final Inspection Q.C.,ID4163,Fluxicon Disco,Variant 80,80,2012-01-26T22:30:00.000,2012-01-26T20:00:00.000
Final Inspection Q.C.,Case207,ID4163,Final Inspection Q.C.,ID4163,Fluxicon Disco,Variant 80,80,2012-01-29T13:15:00.000,2012-01-29T13:00:00.000
Packing,Case207,ID4820,Packing,ID4820,Fluxicon Disco,Variant 80,80,2012-01-30T07:00:00.000,2012-01-30T06:00:00.000
Packing,Case207,ID4820,Packing,ID4820,Fluxicon Disco,Variant 80,80,2012-01-30T07:00:00.000,2012-01-30T06:00:00.000
End,Case207,End,End,End,Fluxicon Disco,Variant 80,80,2012-01-30T07:00:00.000,2012-01-30T07:00:00.000
Start,Case208,Start,Start,Start,Fluxicon Disco,Variant 81,81,2012-01-04T14:35:00.000,2012-01-04T14:35:00.000
Turning & Milling,Case208,ID4641,Turning & Milling,ID4641,Fluxicon Disco,Variant 81,81,2012-01-04T21:57:00.000,2012-01-04T14:35:00.000
Turning & Milling,Case208,ID3846,Turning & Milling,ID3846,Fluxicon Disco,Variant 81,81,2012-01-05T04:34:00.000,2012-01-04T21:58:00.000
Turning & Milling,Case208,ID4641,Turning & Milling,ID4641,Fluxicon Disco,Variant 81,81,2012-01-09T08:19:00.000,2012-01-09T04:21:00.000
Turning & Milling,Case208,ID4641,Turning & Milling,ID4641,Fluxicon Disco,Variant 81,81,2012-01-09T12:55:00.000,2012-01-09T08:20:00.000
Turning & Milling,Case208,ID4132,Turning & Milling,ID4132,Fluxicon Disco,Variant 81,81,2012-01-09T21:39:00.000,2012-01-09T13:09:00.000
Turning & Milling,Case208,ID3846,Turning & Milling,ID3846,Fluxicon Disco,Variant 81,81,2012-01-09T23:44:00.000,2012-01-09T22:18:00.000
Turning & Milling,Case208,ID4641,Turning & Milling,ID4641,Fluxicon Disco,Variant 81,81,2012-01-10T12:38:00.000,2012-01-10T02:42:00.000
Turning & Milling,Case208,ID4132,Turning & Milling,ID4132,Fluxicon Disco,Variant 81,81,2012-01-10T15:30:00.000,2012-01-10T13:18:00.000
Turning & Milling Q.C.,Case208,ID4493,Turning & Milling Q.C.,ID4493,Fluxicon Disco,Variant 81,81,2012-01-10T22:00:00.000,2012-01-10T16:00:00.000
Laser Marking,Case208,ID0998,Laser Marking,ID0998,Fluxicon Disco,Variant 81,81,2012-01-11T15:02:00.000,2012-01-11T14:09:00.000
Lapping,Case208,ID0998,Lapping,ID0998,Fluxicon Disco,Variant 81,81,2012-01-25T23:11:00.000,2012-01-25T20:50:00.000
Round Grinding,Case208,ID4385,Round Grinding,ID4385,Fluxicon Disco,Variant 81,81,2012-02-02T10:12:00.000,2012-02-02T04:08:00.000
Round Grinding,Case208,ID4385,Round Grinding,ID4385,Fluxicon Disco,Variant 81,81,2012-02-02T13:00:00.000,2012-02-02T10:13:00.000
Round Grinding,Case208,ID4445,Round Grinding,ID4445,Fluxicon Disco,Variant 81,81,2012-02-02T18:12:00.000,2012-02-02T13:01:00.000
Final Inspection Q.C.,Case208,ID4493,Final Inspection Q.C.,ID4493,Fluxicon Disco,Variant 81,81,2012-02-08T17:14:00.000,2012-02-08T15:14:00.000
Grinding Rework,Case208,ID4528,Grinding Rework,ID4528,Fluxicon Disco,Variant 81,81,2012-02-08T22:11:00.000,2012-02-08T17:34:00.000
Grinding Rework,Case208,ID4872,Grinding Rework,ID4872,Fluxicon Disco,Variant 81,81,2012-02-08T23:53:00.000,2012-02-08T22:13:00.000
Grinding Rework,Case208,ID4528,Grinding Rework,ID4528,Fluxicon Disco,Variant 81,81,2012-02-09T16:01:00.000,2012-02-09T13:23:00.000
Grinding Rework,Case208,ID4528,Grinding Rework,ID4528,Fluxicon Disco,Variant 81,81,2012-02-15T04:59:00.000,2012-02-15T02:24:00.000
Packing,Case208,ID4820,Packing,ID4820,Fluxicon Disco,Variant 81,81,2012-02-16T07:00:00.000,2012-02-16T06:00:00.000
Final Inspection Q.C.,Case208,ID4493,Final Inspection Q.C.,ID4493,Fluxicon Disco,Variant 81,81,2012-02-16T14:29:00.000,2012-02-16T13:29:00.000
End,Case208,End,End,End,Fluxicon Disco,Variant 81,81,2012-02-16T14:29:00.000,2012-02-16T14:29:00.000
Start,Case209,Start,Start,Start,Fluxicon Disco,Variant 82,82,2012-02-14T06:47:00.000,2012-02-14T06:47:00.000
Turning & Milling,Case209,ID4794,Turning & Milling,ID4794,Fluxicon Disco,Variant 82,82,2012-02-14T12:40:00.000,2012-02-14T06:47:00.000
Turning & Milling,Case209,ID0997,Turning & Milling,ID0997,Fluxicon Disco,Variant 82,82,2012-02-14T17:41:00.000,2012-02-14T14:04:00.000
Turning & Milling,Case209,ID0997,Turning & Milling,ID0997,Fluxicon Disco,Variant 82,82,2012-02-14T23:45:00.000,2012-02-14T17:41:00.000
Turning & Milling,Case209,ID4429,Turning & Milling,ID4429,Fluxicon Disco,Variant 82,82,2012-02-15T01:53:00.000,2012-02-15T01:00:00.000
Turning & Milling,Case209,ID4794,Turning & Milling,ID4794,Fluxicon Disco,Variant 82,82,2012-02-15T12:46:00.000,2012-02-15T02:06:00.000
Turning & Milling,Case209,ID4529,Turning & Milling,ID4529,Fluxicon Disco,Variant 82,82,2012-02-15T17:42:00.000,2012-02-15T13:18:00.000
Turning & Milling Q.C.,Case209,ID4618,Turning & Milling Q.C.,ID4618,Fluxicon Disco,Variant 82,82,2012-02-17T14:07:00.000,2012-02-17T13:58:00.000
Laser Marking,Case209,ID0998,Laser Marking,ID0998,Fluxicon Disco,Variant 82,82,2012-02-20T18:37:00.000,2012-02-20T17:22:00.000
Lapping,Case209,ID0998,Lapping,ID0998,Fluxicon Disco,Variant 82,82,2012-02-20T23:39:00.000,2012-02-20T17:24:00.000
Final Inspection Q.C.,Case209,ID4618,Final Inspection Q.C.,ID4618,Fluxicon Disco,Variant 82,82,2012-02-21T21:47:00.000,2012-02-21T18:15:00.000
Packing,Case209,ID4820,Packing,ID4820,Fluxicon Disco,Variant 82,82,2012-02-23T07:00:00.000,2012-02-23T06:00:00.000
Packing,Case209,ID4820,Packing,ID4820,Fluxicon Disco,Variant 82,82,2012-02-23T07:00:00.000,2012-02-23T06:00:00.000
End,Case209,End,End,End,Fluxicon Disco,Variant 82,82,2012-02-23T07:00:00.000,2012-02-23T07:00:00.000
Start,Case21,Start,Start,Start,Fluxicon Disco,Variant 83,83,2012-01-12T13:27:00.000,2012-01-12T13:27:00.000
Turning & Milling,Case21,ID4167,Turning & Milling,ID4167,Fluxicon Disco,Variant 83,83,2012-01-12T23:55:00.000,2012-01-12T13:27:00.000
Turning & Milling,Case21,ID4529,Turning & Milling,ID4529,Fluxicon Disco,Variant 83,83,2012-01-13T12:26:00.000,2012-01-13T05:40:00.000
Turning & Milling Q.C.,Case21,ID4618,Turning & Milling Q.C.,ID4618,Fluxicon Disco,Variant 83,83,2012-01-13T18:50:00.000,2012-01-13T13:00:00.000
Turning & Milling,Case21,ID4932,Turning & Milling,ID4932,Fluxicon Disco,Variant 83,83,2012-01-13T14:38:00.000,2012-01-13T13:23:00.000
Turning & Milling,Case21,ID4932,Turning & Milling,ID4932,Fluxicon Disco,Variant 83,83,2012-01-13T18:50:00.000,2012-01-13T13:24:00.000
Turning & Milling,Case21,ID4794,Turning & Milling,ID4794,Fluxicon Disco,Variant 83,83,2012-01-15T04:00:00.000,2012-01-14T19:00:00.000
Turning & Milling,Case21,ID4794,Turning & Milling,ID4794,Fluxicon Disco,Variant 83,83,2012-01-15T10:41:00.000,2012-01-14T23:00:00.000
Turning & Milling,Case21,ID4932,Turning & Milling,ID4932,Fluxicon Disco,Variant 83,83,2012-01-15T15:52:00.000,2012-01-15T04:15:00.000
Turning & Milling Q.C.,Case21,ID4529,Turning & Milling Q.C.,ID4529,Fluxicon Disco,Variant 83,83,2012-01-15T07:15:00.000,2012-01-15T06:00:00.000
Turning & Milling Q.C.,Case21,ID4618,Turning & Milling Q.C.,ID4618,Fluxicon Disco,Variant 83,83,2012-01-15T18:37:00.000,2012-01-15T17:33:00.000
Turning & Milling Q.C.,Case21,ID4618,Turning & Milling Q.C.,ID4618,Fluxicon Disco,Variant 83,83,2012-01-15T21:32:00.000,2012-01-15T21:04:00.000
Turning & Milling Q.C.,Case21,ID4167,Turning & Milling Q.C.,ID4167,Fluxicon Disco,Variant 83,83,2012-01-15T22:09:00.000,2012-01-15T21:31:00.000
Laser Marking,Case21,ID4932,Laser Marking,ID4932,Fluxicon Disco,Variant 83,83,2012-01-23T20:37:00.000,2012-01-23T19:46:00.000
Round Grinding,Case21,ID4445,Round Grinding,ID4445,Fluxicon Disco,Variant 83,83,2012-01-24T04:18:00.000,2012-01-24T03:16:00.000
Round Grinding,Case21,ID0420,Round Grinding,ID0420,Fluxicon Disco,Variant 83,83,2012-01-24T14:40:00.000,2012-01-24T12:50:00.000
Round Grinding,Case21,ID0420,Round Grinding,ID0420,Fluxicon Disco,Variant 83,83,2012-01-24T20:50:00.000,2012-01-24T13:00:00.000
Round Grinding,Case21,ID4445,Round Grinding,ID4445,Fluxicon Disco,Variant 83,83,2012-01-25T03:30:00.000,2012-01-24T16:40:00.000
Round Grinding,Case21,ID4445,Round Grinding,ID4445,Fluxicon Disco,Variant 83,83,2012-01-25T04:30:00.000,2012-01-25T02:00:00.000
Round Grinding,Case21,ID4445,Round Grinding,ID4445,Fluxicon Disco,Variant 83,83,2012-02-08T10:40:00.000,2012-02-08T09:50:00.000
Round Grinding,Case21,ID4445,Round Grinding,ID4445,Fluxicon Disco,Variant 83,83,2012-02-08T12:55:00.000,2012-02-08T10:40:00.000
Turning & Milling Q.C.,Case21,ID4618,Turning & Milling Q.C.,ID4618,Fluxicon Disco,Variant 83,83,2012-02-08T13:30:00.000,2012-02-08T13:00:00.000
Round Grinding,Case21,ID0420,Round Grinding,ID0420,Fluxicon Disco,Variant 83,83,2012-02-08T15:57:00.000,2012-02-08T13:08:00.000
Round Grinding,Case21,ID0420,Round Grinding,ID0420,Fluxicon Disco,Variant 83,83,2012-02-08T22:34:00.000,2012-02-08T19:28:00.000
Final Inspection Q.C.,Case21,ID4618,Final Inspection Q.C.,ID4618,Fluxicon Disco,Variant 83,83,2012-02-16T22:05:00.000,2012-02-16T21:32:00.000
Final Inspection Q.C.,Case21,ID4618,Final Inspection Q.C.,ID4618,Fluxicon Disco,Variant 83,83,2012-02-17T16:52:00.000,2012-02-17T15:15:00.000
Round Grinding,Case21,ID0420,Round Grinding,ID0420,Fluxicon Disco,Variant 83,83,2012-02-20T14:25:00.000,2012-02-20T14:24:00.000
Round Grinding,Case21,ID0420,Round Grinding,ID0420,Fluxicon Disco,Variant 83,83,2012-02-20T14:26:00.000,2012-02-20T14:25:00.000
Final Inspection Q.C.,Case21,ID4618,Final Inspection Q.C.,ID4618,Fluxicon Disco,Variant 83,83,2012-02-20T15:41:00.000,2012-02-20T14:26:00.000
Packing,Case21,ID4820,Packing,ID4820,Fluxicon Disco,Variant 83,83,2012-02-22T07:00:00.000,2012-02-22T06:00:00.000
End,Case21,End,End,End,Fluxicon Disco,Variant 83,83,2012-02-22T07:00:00.000,2012-02-22T07:00:00.000
Start,Case210,Start,Start,Start,Fluxicon Disco,Variant 84,84,2012-01-03T16:00:00.000,2012-01-03T16:00:00.000
Turning & Milling,Case210,ID4529,Turning & Milling,ID4529,Fluxicon Disco,Variant 84,84,2012-01-03T22:00:00.000,2012-01-03T16:00:00.000
Turning & Milling,Case210,ID4794,Turning & Milling,ID4794,Fluxicon Disco,Variant 84,84,2012-01-04T03:05:00.000,2012-01-04T02:15:00.000
Turning & Milling,Case210,ID4794,Turning & Milling,ID4794,Fluxicon Disco,Variant 84,84,2012-01-04T12:33:00.000,2012-01-04T03:06:00.000
Turning & Milling,Case210,ID4529,Turning & Milling,ID4529,Fluxicon Disco,Variant 84,84,2012-01-04T21:30:00.000,2012-01-04T14:00:00.000
Turning & Milling,Case210,ID4794,Turning & Milling,ID4794,Fluxicon Disco,Variant 84,84,2012-01-05T12:27:00.000,2012-01-05T02:08:00.000
Turning & Milling Q.C.,Case210,ID4618,Turning & Milling Q.C.,ID4618,Fluxicon Disco,Variant 84,84,2012-01-05T13:35:00.000,2012-01-05T12:54:00.000
Turning & Milling,Case210,ID4529,Turning & Milling,ID4529,Fluxicon Disco,Variant 84,84,2012-01-05T23:00:00.000,2012-01-05T14:00:00.000
Turning & Milling,Case210,ID4794,Turning & Milling,ID4794,Fluxicon Disco,Variant 84,84,2012-01-06T06:00:00.000,2012-01-06T02:22:00.000
Turning & Milling Q.C.,Case210,ID4618,Turning & Milling Q.C.,ID4618,Fluxicon Disco,Variant 84,84,2012-01-06T14:27:00.000,2012-01-06T12:50:00.000
Turning & Milling Q.C.,Case210,ID4618,Turning & Milling Q.C.,ID4618,Fluxicon Disco,Variant 84,84,2012-01-06T16:09:00.000,2012-01-06T16:04:00.000
Laser Marking,Case210,ID4882,Laser Marking,ID4882,Fluxicon Disco,Variant 84,84,2012-01-06T18:49:00.000,2012-01-06T18:26:00.000
Laser Marking,Case210,ID4882,Laser Marking,ID4882,Fluxicon Disco,Variant 84,84,2012-01-08T13:50:00.000,2012-01-08T13:30:00.000
Grinding Rework,Case210,ID4882,Grinding Rework,ID4882,Fluxicon Disco,Variant 84,84,2012-01-08T23:08:00.000,2012-01-08T20:39:00.000
Lapping,Case210,ID0998,Lapping,ID0998,Fluxicon Disco,Variant 84,84,2012-01-08T23:38:00.000,2012-01-08T22:23:00.000
Lapping,Case210,ID4872,Lapping,ID4872,Fluxicon Disco,Variant 84,84,2012-01-08T23:51:00.000,2012-01-08T22:50:00.000
Lapping,Case210,ID4882,Lapping,ID4882,Fluxicon Disco,Variant 84,84,2012-01-09T07:15:00.000,2012-01-09T06:00:00.000
Lapping,Case210,ID0998,Lapping,ID0998,Fluxicon Disco,Variant 84,84,2012-01-09T15:43:00.000,2012-01-09T14:12:00.000
Lapping,Case210,ID4882,Lapping,ID4882,Fluxicon Disco,Variant 84,84,2012-01-09T15:45:00.000,2012-01-09T15:05:00.000
Round Grinding,Case210,ID4528,Round Grinding,ID4528,Fluxicon Disco,Variant 84,84,2012-01-09T18:02:00.000,2012-01-09T16:57:00.000
Round Grinding,Case210,ID4528,Round Grinding,ID4528,Fluxicon Disco,Variant 84,84,2012-01-09T22:29:00.000,2012-01-09T18:35:00.000
Round Grinding,Case210,ID4872,Round Grinding,ID4872,Fluxicon Disco,Variant 84,84,2012-01-10T05:41:00.000,2012-01-10T05:07:00.000
Final Inspection Q.C.,Case210,ID4618,Final Inspection Q.C.,ID4618,Fluxicon Disco,Variant 84,84,2012-01-10T19:36:00.000,2012-01-10T14:21:00.000
Round Grinding,Case210,ID4872,Round Grinding,ID4872,Fluxicon Disco,Variant 84,84,2012-01-11T05:35:00.000,2012-01-10T22:14:00.000
Packing,Case210,ID4820,Packing,ID4820,Fluxicon Disco,Variant 84,84,2012-01-11T07:00:00.000,2012-01-11T06:00:00.000
Round Grinding,Case210,ID4872,Round Grinding,ID4872,Fluxicon Disco,Variant 84,84,2012-01-11T23:45:00.000,2012-01-11T22:18:00.000
Final Inspection Q.C.,Case210,ID4618,Final Inspection Q.C.,ID4618,Fluxicon Disco,Variant 84,84,2012-01-12T21:59:00.000,2012-01-12T21:05:00.000
Final Inspection Q.C.,Case210,ID4618,Final Inspection Q.C.,ID4618,Fluxicon Disco,Variant 84,84,2012-01-15T15:21:00.000,2012-01-15T15:20:00.000
Packing,Case210,ID4820,Packing,ID4820,Fluxicon Disco,Variant 84,84,2012-01-16T07:00:00.000,2012-01-16T06:00:00.000
End,Case210,End,End,End,Fluxicon Disco,Variant 84,84,2012-01-16T07:00:00.000,2012-01-16T07:00:00.000
Start,Case211,Start,Start,Start,Fluxicon Disco,Variant 85,85,2012-01-08T20:44:00.000,2012-01-08T20:44:00.000
Turning & Milling Q.C.,Case211,ID4618,Turning & Milling Q.C.,ID4618,Fluxicon Disco,Variant 85,85,2012-01-08T21:02:00.000,2012-01-08T20:44:00.000
Laser Marking,Case211,ID4355,Laser Marking,ID4355,Fluxicon Disco,Variant 85,85,2012-01-09T02:05:00.000,2012-01-09T01:14:00.000
Laser Marking,Case211,ID4445,Laser Marking,ID4445,Fluxicon Disco,Variant 85,85,2012-01-09T02:50:00.000,2012-01-09T02:06:00.000
Lapping,Case211,ID4882,Lapping,ID4882,Fluxicon Disco,Variant 85,85,2012-01-09T07:15:00.000,2012-01-09T06:00:00.000
Lapping,Case211,ID0998,Lapping,ID0998,Fluxicon Disco,Variant 85,85,2012-01-09T23:31:00.000,2012-01-09T17:14:00.000
Final Inspection Q.C.,Case211,ID4618,Final Inspection Q.C.,ID4618,Fluxicon Disco,Variant 85,85,2012-01-11T22:04:00.000,2012-01-11T14:27:00.000
Final Inspection Q.C.,Case211,ID4618,Final Inspection Q.C.,ID4618,Fluxicon Disco,Variant 85,85,2012-01-13T19:18:00.000,2012-01-13T18:03:00.000
Packing,Case211,ID4820,Packing,ID4820,Fluxicon Disco,Variant 85,85,2012-01-15T07:00:00.000,2012-01-15T06:00:00.000
Packing,Case211,ID4820,Packing,ID4820,Fluxicon Disco,Variant 85,85,2012-01-15T07:00:00.000,2012-01-15T06:00:00.000
End,Case211,End,End,End,Fluxicon Disco,Variant 85,85,2012-01-15T07:00:00.000,2012-01-15T07:00:00.000
Start,Case212,Start,Start,Start,Fluxicon Disco,Variant 86,86,2012-02-21T13:12:00.000,2012-02-21T13:12:00.000
Turning & Milling,Case212,ID4794,Turning & Milling,ID4794,Fluxicon Disco,Variant 86,86,2012-02-21T14:13:00.000,2012-02-21T13:12:00.000
Turning & Milling,Case212,ID4794,Turning & Milling,ID4794,Fluxicon Disco,Variant 86,86,2012-02-28T09:55:00.000,2012-02-28T02:17:00.000
Turning & Milling,Case212,ID4794,Turning & Milling,ID4794,Fluxicon Disco,Variant 86,86,2012-02-28T12:56:00.000,2012-02-28T09:56:00.000
Turning & Milling Q.C.,Case212,ID4618,Turning & Milling Q.C.,ID4618,Fluxicon Disco,Variant 86,86,2012-02-28T14:17:00.000,2012-02-28T12:53:00.000
Turning & Milling,Case212,ID4529,Turning & Milling,ID4529,Fluxicon Disco,Variant 86,86,2012-02-28T23:47:00.000,2012-02-28T17:06:00.000
Turning & Milling,Case212,ID4794,Turning & Milling,ID4794,Fluxicon Disco,Variant 86,86,2012-02-29T07:34:00.000,2012-02-29T02:06:00.000
Turning & Milling Q.C.,Case212,ID4618,Turning & Milling Q.C.,ID4618,Fluxicon Disco,Variant 86,86,2012-02-29T15:03:00.000,2012-02-29T14:20:00.000
Turning & Milling Q.C.,Case212,ID4618,Turning & Milling Q.C.,ID4618,Fluxicon Disco,Variant 86,86,2012-03-04T13:51:00.000,2012-03-04T13:50:00.000
Laser Marking,Case212,ID0998,Laser Marking,ID0998,Fluxicon Disco,Variant 86,86,2012-03-08T16:57:00.000,2012-03-08T16:27:00.000
Lapping,Case212,ID0998,Lapping,ID0998,Fluxicon Disco,Variant 86,86,2012-03-09T00:08:00.000,2012-03-08T22:28:00.000
Lapping,Case212,ID0998,Lapping,ID0998,Fluxicon Disco,Variant 86,86,2012-03-09T18:13:00.000,2012-03-09T14:34:00.000
Final Inspection Q.C.,Case212,ID4618,Final Inspection Q.C.,ID4618,Fluxicon Disco,Variant 86,86,2012-03-12T00:00:00.000,2012-03-11T19:20:00.000
Packing,Case212,ID4820,Packing,ID4820,Fluxicon Disco,Variant 86,86,2012-03-12T07:00:00.000,2012-03-12T06:00:00.000
Final Inspection Q.C.,Case212,ID4618,Final Inspection Q.C.,ID4618,Fluxicon Disco,Variant 86,86,2012-03-12T15:31:00.000,2012-03-12T14:16:00.000
End,Case212,End,End,End,Fluxicon Disco,Variant 86,86,2012-03-12T15:31:00.000,2012-03-12T15:31:00.000
Start,Case214,Start,Start,Start,Fluxicon Disco,Variant 87,87,2012-02-20T13:11:00.000,2012-02-20T13:11:00.000
Turning & Milling,Case214,ID4794,Turning & Milling,ID4794,Fluxicon Disco,Variant 87,87,2012-02-20T19:50:00.000,2012-02-20T13:11:00.000
Turning & Milling,Case214,ID4794,Turning & Milling,ID4794,Fluxicon Disco,Variant 87,87,2012-02-20T21:51:00.000,2012-02-20T19:50:00.000
Turning & Milling,Case214,ID4167,Turning & Milling,ID4167,Fluxicon Disco,Variant 87,87,2012-02-21T02:36:00.000,2012-02-20T21:59:00.000
Turning & Milling,Case214,ID4529,Turning & Milling,ID4529,Fluxicon Disco,Variant 87,87,2012-02-21T12:26:00.000,2012-02-21T02:26:00.000
Turning & Milling Q.C.,Case214,ID4618,Turning & Milling Q.C.,ID4618,Fluxicon Disco,Variant 87,87,2012-02-21T13:59:00.000,2012-02-21T12:50:00.000
Turning & Milling,Case214,ID4794,Turning & Milling,ID4794,Fluxicon Disco,Variant 87,87,2012-02-21T15:08:00.000,2012-02-21T14:21:00.000
Turning & Milling,Case214,ID4794,Turning & Milling,ID4794,Fluxicon Disco,Variant 87,87,2012-02-21T21:52:00.000,2012-02-21T15:08:00.000
Turning & Milling,Case214,ID4167,Turning & Milling,ID4167,Fluxicon Disco,Variant 87,87,2012-02-22T02:10:00.000,2012-02-21T22:06:00.000
Turning & Milling,Case214,ID4529,Turning & Milling,ID4529,Fluxicon Disco,Variant 87,87,2012-02-22T12:33:00.000,2012-02-22T02:02:00.000
Turning & Milling Q.C.,Case214,ID4618,Turning & Milling Q.C.,ID4618,Fluxicon Disco,Variant 87,87,2012-02-22T13:45:00.000,2012-02-22T13:26:00.000
Turning & Milling Q.C.,Case214,ID4618,Turning & Milling Q.C.,ID4618,Fluxicon Disco,Variant 87,87,2012-02-22T21:20:00.000,2012-02-22T21:16:00.000
Flat Grinding,Case214,ID0998,Flat Grinding,ID0998,Fluxicon Disco,Variant 87,87,2012-02-23T23:44:00.000,2012-02-23T19:59:00.000
Flat Grinding,Case214,ID4618,Flat Grinding,ID4618,Fluxicon Disco,Variant 87,87,2012-02-24T13:49:00.000,2012-02-24T13:45:00.000
Laser Marking,Case214,ID4872,Laser Marking,ID4872,Fluxicon Disco,Variant 87,87,2012-03-05T23:51:00.000,2012-03-05T22:05:00.000
Laser Marking,Case214,ID4355,Laser Marking,ID4355,Fluxicon Disco,Variant 87,87,2012-03-06T10:22:00.000,2012-03-06T09:01:00.000
Lapping,Case214,ID0998,Lapping,ID0998,Fluxicon Disco,Variant 87,87,2012-03-06T22:35:00.000,2012-03-06T22:07:00.000
Lapping,Case214,ID0998,Lapping,ID0998,Fluxicon Disco,Variant 87,87,2012-03-07T21:06:00.000,2012-03-07T16:59:00.000
Final Inspection Q.C.,Case214,ID4618,Final Inspection Q.C.,ID4618,Fluxicon Disco,Variant 87,87,2012-03-08T18:09:00.000,2012-03-08T12:50:00.000
Packing,Case214,ID4820,Packing,ID4820,Fluxicon Disco,Variant 87,87,2012-03-09T07:00:00.000,2012-03-09T06:00:00.000
End,Case214,End,End,End,Fluxicon Disco,Variant 87,87,2012-03-09T07:00:00.000,2012-03-09T07:00:00.000
Start,Case215,Start,Start,Start,Fluxicon Disco,Variant 88,88,2012-01-05T17:20:00.000,2012-01-05T17:20:00.000
Turning & Milling,Case215,ID0997,Turning & Milling,ID0997,Fluxicon Disco,Variant 88,88,2012-01-05T21:21:00.000,2012-01-05T17:20:00.000
Turning & Milling,Case215,ID0997,Turning & Milling,ID0997,Fluxicon Disco,Variant 88,88,2012-01-05T23:47:00.000,2012-01-05T21:22:00.000
Turning & Milling,Case215,ID4445,Turning & Milling,ID4445,Fluxicon Disco,Variant 88,88,2012-01-06T04:03:00.000,2012-01-06T02:53:00.000
Turning & Milling Q.C.,Case215,ID4618,Turning & Milling Q.C.,ID4618,Fluxicon Disco,Variant 88,88,2012-01-06T15:46:00.000,2012-01-06T15:45:00.000
Turning & Milling Q.C.,Case215,ID4618,Turning & Milling Q.C.,ID4618,Fluxicon Disco,Variant 88,88,2012-01-06T17:02:00.000,2012-01-06T15:47:00.000
Laser Marking,Case215,ID0998,Laser Marking,ID0998,Fluxicon Disco,Variant 88,88,2012-01-08T20:20:00.000,2012-01-08T19:37:00.000
Lapping,Case215,ID0998,Lapping,ID0998,Fluxicon Disco,Variant 88,88,2012-01-08T22:48:00.000,2012-01-08T20:21:00.000
Lapping,Case215,ID0998,Lapping,ID0998,Fluxicon Disco,Variant 88,88,2012-01-09T00:04:00.000,2012-01-08T22:49:00.000
Laser Marking,Case215,ID0998,Laser Marking,ID0998,Fluxicon Disco,Variant 88,88,2012-01-09T00:04:00.000,2012-01-08T22:49:00.000
Final Inspection Q.C.,Case215,ID4618,Final Inspection Q.C.,ID4618,Fluxicon Disco,Variant 88,88,2012-01-15T16:55:00.000,2012-01-15T13:19:00.000
Packing,Case215,ID4820,Packing,ID4820,Fluxicon Disco,Variant 88,88,2012-01-17T07:00:00.000,2012-01-17T06:00:00.000
Final Inspection Q.C.,Case215,ID4618,Final Inspection Q.C.,ID4618,Fluxicon Disco,Variant 88,88,2012-01-17T15:30:00.000,2012-01-17T14:15:00.000
End,Case215,End,End,End,Fluxicon Disco,Variant 88,88,2012-01-17T15:30:00.000,2012-01-17T15:30:00.000
Start,Case218,Start,Start,Start,Fluxicon Disco,Variant 89,89,2012-01-30T16:19:00.000,2012-01-30T16:19:00.000
Change Version,Case218,ID4890,Change Version,ID4890,Fluxicon Disco,Variant 89,89,2012-01-30T21:58:00.000,2012-01-30T16:19:00.000
Change Version,Case218,ID4851,Change Version,ID4851,Fluxicon Disco,Variant 89,89,2012-01-31T12:51:00.000,2012-01-31T02:57:00.000
Change Version,Case218,ID4851,Change Version,ID4851,Fluxicon Disco,Variant 89,89,2012-02-01T12:55:00.000,2012-02-01T03:41:00.000
Change Version,Case218,ID4890,Change Version,ID4890,Fluxicon Disco,Variant 89,89,2012-02-01T21:00:00.000,2012-02-01T13:00:00.000
Final Inspection Q.C.,Case218,ID4287,Final Inspection Q.C.,ID4287,Fluxicon Disco,Variant 89,89,2012-02-02T17:36:00.000,2012-02-02T15:30:00.000
Packing,Case218,ID4820,Packing,ID4820,Fluxicon Disco,Variant 89,89,2012-02-06T07:00:00.000,2012-02-06T06:00:00.000
Laser Marking,Case218,ID0998,Laser Marking,ID0998,Fluxicon Disco,Variant 89,89,2012-02-06T18:47:00.000,2012-02-06T17:24:00.000
Final Inspection Q.C.,Case218,ID4287,Final Inspection Q.C.,ID4287,Fluxicon Disco,Variant 89,89,2012-02-06T18:50:00.000,2012-02-06T18:00:00.000
End,Case218,End,End,End,Fluxicon Disco,Variant 89,89,2012-02-06T18:50:00.000,2012-02-06T18:50:00.000
Start,Case219,Start,Start,Start,Fluxicon Disco,Variant 90,90,2012-01-03T21:55:00.000,2012-01-03T21:55:00.000
Lapping,Case219,ID0998,Lapping,ID0998,Fluxicon Disco,Variant 90,90,2012-01-03T23:04:00.000,2012-01-03T21:55:00.000
Lapping,Case219,ID0998,Lapping,ID0998,Fluxicon Disco,Variant 90,90,2012-01-05T23:35:00.000,2012-01-05T23:07:00.000
Round Grinding,Case219,ID4355,Round Grinding,ID4355,Fluxicon Disco,Variant 90,90,2012-01-09T01:03:00.000,2012-01-09T00:11:00.000
Round Grinding,Case219,ID4385,Round Grinding,ID4385,Fluxicon Disco,Variant 90,90,2012-01-09T22:03:00.000,2012-01-09T21:13:00.000
Round Grinding,Case219,ID4355,Round Grinding,ID4355,Fluxicon Disco,Variant 90,90,2012-01-10T00:27:00.000,2012-01-09T22:08:00.000
Round Grinding,Case219,ID4355,Round Grinding,ID4355,Fluxicon Disco,Variant 90,90,2012-01-10T05:44:00.000,2012-01-10T00:27:00.000
Round Grinding,Case219,ID4445,Round Grinding,ID4445,Fluxicon Disco,Variant 90,90,2012-01-10T11:19:00.000,2012-01-10T05:45:00.000
Final Inspection Q.C.,Case219,ID4493,Final Inspection Q.C.,ID4493,Fluxicon Disco,Variant 90,90,2012-01-11T18:49:00.000,2012-01-11T13:00:00.000
Final Inspection Q.C.,Case219,ID4493,Final Inspection Q.C.,ID4493,Fluxicon Disco,Variant 90,90,2012-01-15T18:15:00.000,2012-01-15T18:14:00.000
Packing,Case219,ID4820,Packing,ID4820,Fluxicon Disco,Variant 90,90,2012-01-17T07:00:00.000,2012-01-17T06:00:00.000
Packing,Case219,ID4820,Packing,ID4820,Fluxicon Disco,Variant 90,90,2012-01-18T07:00:00.000,2012-01-18T06:00:00.000
End,Case219,End,End,End,Fluxicon Disco,Variant 90,90,2012-01-18T07:00:00.000,2012-01-18T07:00:00.000
Start,Case22,Start,Start,Start,Fluxicon Disco,Variant 91,91,2012-01-23T11:00:00.000,2012-01-23T11:00:00.000
Turning & Milling,Case22,ID4641,Turning & Milling,ID4641,Fluxicon Disco,Variant 91,91,2012-01-23T13:00:00.000,2012-01-23T11:00:00.000
Turning & Milling,Case22,ID3846,Turning & Milling,ID3846,Fluxicon Disco,Variant 91,91,2012-01-23T22:12:00.000,2012-01-23T13:16:00.000
Turning & Milling,Case22,ID3846,Turning & Milling,ID3846,Fluxicon Disco,Variant 91,91,2012-01-23T23:17:00.000,2012-01-23T22:13:00.000
Turning & Milling,Case22,ID3846,Turning & Milling,ID3846,Fluxicon Disco,Variant 91,91,2012-01-23T23:45:00.000,2012-01-23T23:18:00.000
Turning & Milling,Case22,ID4641,Turning & Milling,ID4641,Fluxicon Disco,Variant 91,91,2012-01-24T11:00:00.000,2012-01-24T05:00:00.000
Turning & Milling Q.C.,Case22,ID4493,Turning & Milling Q.C.,ID4493,Fluxicon Disco,Variant 91,91,2012-01-25T13:16:00.000,2012-01-25T13:00:00.000
Laser Marking,Case22,ID0998,Laser Marking,ID0998,Fluxicon Disco,Variant 91,91,2012-01-25T15:17:00.000,2012-01-25T14:18:00.000
Lapping,Case22,ID0998,Lapping,ID0998,Fluxicon Disco,Variant 91,91,2012-01-25T17:11:00.000,2012-01-25T15:18:00.000
Round Grinding,Case22,ID4528,Round Grinding,ID4528,Fluxicon Disco,Variant 91,91,2012-01-25T18:50:00.000,2012-01-25T18:10:00.000
Round Grinding,Case22,ID4528,Round Grinding,ID4528,Fluxicon Disco,Variant 91,91,2012-01-25T21:00:00.000,2012-01-25T19:20:00.000
Final Inspection Q.C.,Case22,ID4493,Final Inspection Q.C.,ID4493,Fluxicon Disco,Variant 91,91,2012-01-27T18:13:00.000,2012-01-27T17:12:00.000
Packing,Case22,ID4820,Packing,ID4820,Fluxicon Disco,Variant 91,91,2012-01-29T07:00:00.000,2012-01-29T06:00:00.000
Final Inspection Q.C.,Case22,ID4493,Final Inspection Q.C.,ID4493,Fluxicon Disco,Variant 91,91,2012-01-29T15:28:00.000,2012-01-29T14:27:00.000
End,Case22,End,End,End,Fluxicon Disco,Variant 91,91,2012-01-29T15:28:00.000,2012-01-29T15:28:00.000
Start,Case222,Start,Start,Start,Fluxicon Disco,Variant 92,92,2012-01-04T06:00:00.000,2012-01-04T06:00:00.000
Packing,Case222,ID4820,Packing,ID4820,Fluxicon Disco,Variant 92,92,2012-01-04T07:00:00.000,2012-01-04T06:00:00.000
End,Case222,End,End,End,Fluxicon Disco,Variant 92,92,2012-01-04T07:00:00.000,2012-01-04T07:00:00.000
Start,Case223,Start,Start,Start,Fluxicon Disco,Variant 93,93,2012-01-23T17:10:00.000,2012-01-23T17:10:00.000
Turning & Milling,Case223,ID0997,Turning & Milling,ID0997,Fluxicon Disco,Variant 93,93,2012-01-23T20:20:00.000,2012-01-23T17:10:00.000
Turning & Milling Q.C.,Case223,ID4287,Turning & Milling Q.C.,ID4287,Fluxicon Disco,Variant 93,93,2012-01-23T22:11:00.000,2012-01-23T19:30:00.000
Turning & Milling,Case223,ID0997,Turning & Milling,ID0997,Fluxicon Disco,Variant 93,93,2012-01-23T22:09:00.000,2012-01-23T20:21:00.000
Turning & Milling,Case223,ID0997,Turning & Milling,ID0997,Fluxicon Disco,Variant 93,93,2012-01-23T23:48:00.000,2012-01-23T22:09:00.000
Turning & Milling,Case223,ID4529,Turning & Milling,ID4529,Fluxicon Disco,Variant 93,93,2012-01-24T12:27:00.000,2012-01-24T10:37:00.000
Turning & Milling,Case223,ID0997,Turning & Milling,ID0997,Fluxicon Disco,Variant 93,93,2012-01-24T22:04:00.000,2012-01-24T14:03:00.000
Turning & Milling Q.C.,Case223,ID4287,Turning & Milling Q.C.,ID4287,Fluxicon Disco,Variant 93,93,2012-01-25T14:40:00.000,2012-01-25T13:00:00.000
Laser Marking,Case223,ID0998,Laser Marking,ID0998,Fluxicon Disco,Variant 93,93,2012-01-30T22:58:00.000,2012-01-30T22:11:00.000
Flat Grinding,Case223,ID4882,Flat Grinding,ID4882,Fluxicon Disco,Variant 93,93,2012-01-31T07:15:00.000,2012-01-31T06:00:00.000
Flat Grinding,Case223,ID4882,Flat Grinding,ID4882,Fluxicon Disco,Variant 93,93,2012-02-01T07:15:00.000,2012-02-01T06:00:00.000
Flat Grinding,Case223,ID4882,Flat Grinding,ID4882,Fluxicon Disco,Variant 93,93,2012-02-01T15:47:00.000,2012-02-01T15:07:00.000
Lapping,Case223,ID4882,Lapping,ID4882,Fluxicon Disco,Variant 93,93,2012-02-01T16:07:00.000,2012-02-01T15:47:00.000
Final Inspection Q.C.,Case223,ID4287,Final Inspection Q.C.,ID4287,Fluxicon Disco,Variant 93,93,2012-02-01T21:00:00.000,2012-02-01T20:40:00.000
Flat Grinding,Case223,ID4882,Flat Grinding,ID4882,Fluxicon Disco,Variant 93,93,2012-02-02T07:15:00.000,2012-02-02T06:00:00.000
Flat Grinding,Case223,ID4882,Flat Grinding,ID4882,Fluxicon Disco,Variant 93,93,2012-02-02T07:15:00.000,2012-02-02T06:00:00.000
Flat Grinding,Case223,ID4882,Flat Grinding,ID4882,Fluxicon Disco,Variant 93,93,2012-02-02T07:15:00.000,2012-02-02T06:00:00.000
Final Inspection Q.C.,Case223,ID4287,Final Inspection Q.C.,ID4287,Fluxicon Disco,Variant 93,93,2012-02-02T15:30:00.000,2012-02-02T13:30:00.000
Packing,Case223,ID4291,Packing,ID4291,Fluxicon Disco,Variant 93,93,2012-02-05T07:00:00.000,2012-02-05T06:00:00.000
Flat Grinding,Case223,ID4882,Flat Grinding,ID4882,Fluxicon Disco,Variant 93,93,2012-02-05T17:16:00.000,2012-02-05T16:31:00.000
Lapping,Case223,ID0998,Lapping,ID0998,Fluxicon Disco,Variant 93,93,2012-02-07T22:09:00.000,2012-02-07T21:19:00.000
Final Inspection Q.C.,Case223,ID4287,Final Inspection Q.C.,ID4287,Fluxicon Disco,Variant 93,93,2012-02-14T18:12:00.000,2012-02-14T16:15:00.000
Final Inspection Q.C.,Case223,ID4287,Final Inspection Q.C.,ID4287,Fluxicon Disco,Variant 93,93,2012-02-16T19:40:00.000,2012-02-16T19:20:00.000
Packing,Case223,ID4820,Packing,ID4820,Fluxicon Disco,Variant 93,93,2012-02-17T07:00:00.000,2012-02-17T06:00:00.000
Packing,Case223,ID4820,Packing,ID4820,Fluxicon Disco,Variant 93,93,2012-02-17T07:00:00.000,2012-02-17T06:00:00.000
End,Case223,End,End,End,Fluxicon Disco,Variant 93,93,2012-02-17T07:00:00.000,2012-02-17T07:00:00.000
Start,Case224,Start,Start,Start,Fluxicon Disco,Variant 6,6,2012-01-16T13:00:00.000,2012-01-16T13:00:00.000
Turning & Milling Q.C.,Case224,ID4163,Turning & Milling Q.C.,ID4163,Fluxicon Disco,Variant 6,6,2012-01-16T14:40:00.000,2012-01-16T13:00:00.000
Turning & Milling Q.C.,Case224,ID4163,Turning & Milling Q.C.,ID4163,Fluxicon Disco,Variant 6,6,2012-01-16T15:30:00.000,2012-01-16T15:00:00.000
Turning & Milling Q.C.,Case224,ID4163,Turning & Milling Q.C.,ID4163,Fluxicon Disco,Variant 6,6,2012-01-19T22:50:00.000,2012-01-19T22:20:00.000
End,Case224,End,End,End,Fluxicon Disco,Variant 6,6,2012-01-19T22:50:00.000,2012-01-19T22:50:00.000
Start,Case225,Start,Start,Start,Fluxicon Disco,Variant 94,94,2012-01-05T12:57:00.000,2012-01-05T12:57:00.000
Grinding Rework,Case225,ID4872,Grinding Rework,ID4872,Fluxicon Disco,Variant 94,94,2012-01-05T21:52:00.000,2012-01-05T12:57:00.000
Laser Marking,Case225,ID4872,Laser Marking,ID4872,Fluxicon Disco,Variant 94,94,2012-01-08T07:15:00.000,2012-01-08T06:00:00.000
Grinding Rework,Case225,ID4872,Grinding Rework,ID4872,Fluxicon Disco,Variant 94,94,2012-01-09T05:34:00.000,2012-01-08T23:52:00.000
Grinding Rework,Case225,ID4872,Grinding Rework,ID4872,Fluxicon Disco,Variant 94,94,2012-01-10T05:06:00.000,2012-01-10T01:46:00.000
Laser Marking,Case225,ID4872,Laser Marking,ID4872,Fluxicon Disco,Variant 94,94,2012-01-10T07:15:00.000,2012-01-10T06:00:00.000
Lapping,Case225,ID4882,Lapping,ID4882,Fluxicon Disco,Variant 94,94,2012-01-20T07:15:00.000,2012-01-20T06:00:00.000
Lapping,Case225,ID4882,Lapping,ID4882,Fluxicon Disco,Variant 94,94,2012-01-20T14:41:00.000,2012-01-20T13:07:00.000
Lapping,Case225,ID4882,Lapping,ID4882,Fluxicon Disco,Variant 94,94,2012-01-20T18:40:00.000,2012-01-20T17:17:00.000
Round Grinding,Case225,ID4445,Round Grinding,ID4445,Fluxicon Disco,Variant 94,94,2012-01-22T04:25:00.000,2012-01-22T03:56:00.000
Lapping,Case225,ID4882,Lapping,ID4882,Fluxicon Disco,Variant 94,94,2012-01-22T07:15:00.000,2012-01-22T06:00:00.000
Lapping,Case225,ID0998,Lapping,ID0998,Fluxicon Disco,Variant 94,94,2012-01-22T16:21:00.000,2012-01-22T15:26:00.000
Round Grinding,Case225,ID4385,Round Grinding,ID4385,Fluxicon Disco,Variant 94,94,2012-01-22T20:40:00.000,2012-01-22T16:14:00.000
Lapping,Case225,ID4882,Lapping,ID4882,Fluxicon Disco,Variant 94,94,2012-01-22T19:57:00.000,2012-01-22T19:23:00.000
Round Grinding,Case225,ID4385,Round Grinding,ID4385,Fluxicon Disco,Variant 94,94,2012-01-22T22:33:00.000,2012-01-22T20:41:00.000
Round Grinding,Case225,ID4385,Round Grinding,ID4385,Fluxicon Disco,Variant 94,94,2012-01-23T00:58:00.000,2012-01-22T22:33:00.000
Lapping,Case225,ID0998,Lapping,ID0998,Fluxicon Disco,Variant 94,94,2012-01-23T00:06:00.000,2012-01-22T23:28:00.000
Round Grinding,Case225,ID4355,Round Grinding,ID4355,Fluxicon Disco,Variant 94,94,2012-01-23T05:51:00.000,2012-01-23T00:59:00.000
Round Grinding,Case225,ID4445,Round Grinding,ID4445,Fluxicon Disco,Variant 94,94,2012-01-23T12:49:00.000,2012-01-23T05:57:00.000
Round Grinding,Case225,ID4385,Round Grinding,ID4385,Fluxicon Disco,Variant 94,94,2012-01-23T22:20:00.000,2012-01-23T13:06:00.000
Round Grinding,Case225,ID4872,Round Grinding,ID4872,Fluxicon Disco,Variant 94,94,2012-01-24T05:33:00.000,2012-01-23T22:20:00.000
Lapping,Case225,ID0998,Lapping,ID0998,Fluxicon Disco,Variant 94,94,2012-01-23T23:38:00.000,2012-01-23T22:23:00.000
Turning Rework,Case225,ID4442,Turning Rework,ID4442,Fluxicon Disco,Variant 94,94,2012-01-26T21:30:00.000,2012-01-26T16:30:00.000
Lapping,Case225,ID0998,Lapping,ID0998,Fluxicon Disco,Variant 94,94,2012-01-26T20:50:00.000,2012-01-26T16:52:00.000
Lapping,Case225,ID0998,Lapping,ID0998,Fluxicon Disco,Variant 94,94,2012-01-29T21:06:00.000,2012-01-29T19:53:00.000
Lapping,Case225,ID4882,Lapping,ID4882,Fluxicon Disco,Variant 94,94,2012-01-29T21:41:00.000,2012-01-29T19:54:00.000
Round Grinding,Case225,ID4385,Round Grinding,ID4385,Fluxicon Disco,Variant 94,94,2012-01-30T09:20:00.000,2012-01-30T05:20:00.000
Final Inspection Q.C.,Case225,ID4163,Final Inspection Q.C.,ID4163,Fluxicon Disco,Variant 94,94,2012-01-30T14:40:00.000,2012-01-30T13:40:00.000
Final Inspection Q.C.,Case225,ID4163,Final Inspection Q.C.,ID4163,Fluxicon Disco,Variant 94,94,2012-01-30T18:50:00.000,2012-01-30T15:00:00.000
Final Inspection Q.C.,Case225,ID4163,Final Inspection Q.C.,ID4163,Fluxicon Disco,Variant 94,94,2012-01-30T23:00:00.000,2012-01-30T19:20:00.000
Round Grinding,Case225,ID4385,Round Grinding,ID4385,Fluxicon Disco,Variant 94,94,2012-01-31T12:30:00.000,2012-01-31T02:30:00.000
Round Grinding,Case225,ID4872,Round Grinding,ID4872,Fluxicon Disco,Variant 94,94,2012-01-31T21:56:00.000,2012-01-31T13:00:00.000
Final Inspection Q.C.,Case225,ID4163,Final Inspection Q.C.,ID4163,Fluxicon Disco,Variant 94,94,2012-01-31T14:40:00.000,2012-01-31T13:14:00.000
Lapping,Case225,ID0998,Lapping,ID0998,Fluxicon Disco,Variant 94,94,2012-01-31T18:07:00.000,2012-01-31T14:30:00.000
Final Inspection Q.C.,Case225,ID4163,Final Inspection Q.C.,ID4163,Fluxicon Disco,Variant 94,94,2012-01-31T18:50:00.000,2012-01-31T15:00:00.000
Round Grinding,Case225,ID0420,Round Grinding,ID0420,Fluxicon Disco,Variant 94,94,2012-02-01T05:31:00.000,2012-01-31T21:57:00.000
Final Inspection Q.C.,Case225,ID4163,Final Inspection Q.C.,ID4163,Fluxicon Disco,Variant 94,94,2012-02-05T18:50:00.000,2012-02-05T18:00:00.000
Final Inspection Q.C.,Case225,ID4163,Final Inspection Q.C.,ID4163,Fluxicon Disco,Variant 94,94,2012-02-05T20:00:00.000,2012-02-05T19:20:00.000
Packing,Case225,ID4820,Packing,ID4820,Fluxicon Disco,Variant 94,94,2012-02-06T07:00:00.000,2012-02-06T06:00:00.000
Packing,Case225,ID4820,Packing,ID4820,Fluxicon Disco,Variant 94,94,2012-02-06T07:00:00.000,2012-02-06T06:00:00.000
Final Inspection Q.C.,Case225,ID4163,Final Inspection Q.C.,ID4163,Fluxicon Disco,Variant 94,94,2012-02-07T14:40:00.000,2012-02-07T13:00:00.000
Final Inspection Q.C.,Case225,ID4163,Final Inspection Q.C.,ID4163,Fluxicon Disco,Variant 94,94,2012-02-07T18:50:00.000,2012-02-07T17:00:00.000
Final Inspection Q.C.,Case225,ID4163,Final Inspection Q.C.,ID4163,Fluxicon Disco,Variant 94,94,2012-02-07T18:50:00.000,2012-02-07T18:10:00.000
Final Inspection Q.C.,Case225,ID4163,Final Inspection Q.C.,ID4163,Fluxicon Disco,Variant 94,94,2012-02-07T20:40:00.000,2012-02-07T19:20:00.000
Final Inspection Q.C.,Case225,ID4163,Final Inspection Q.C.,ID4163,Fluxicon Disco,Variant 94,94,2012-02-07T22:10:00.000,2012-02-07T19:20:00.000
Final Inspection Q.C.,Case225,ID4163,Final Inspection Q.C.,ID4163,Fluxicon Disco,Variant 94,94,2012-02-10T18:00:00.000,2012-02-10T17:10:00.000
Packing,Case225,ID4820,Packing,ID4820,Fluxicon Disco,Variant 94,94,2012-02-12T07:00:00.000,2012-02-12T06:00:00.000
Final Inspection Q.C.,Case225,ID4163,Final Inspection Q.C.,ID4163,Fluxicon Disco,Variant 94,94,2012-02-12T14:00:00.000,2012-02-12T13:00:00.000
Grinding Rework,Case225,ID4872,Grinding Rework,ID4872,Fluxicon Disco,Variant 94,94,2012-02-12T19:42:00.000,2012-02-12T16:53:00.000
Packing,Case225,ID4820,Packing,ID4820,Fluxicon Disco,Variant 94,94,2012-02-13T07:00:00.000,2012-02-13T06:00:00.000
Final Inspection Q.C.,Case225,ID4163,Final Inspection Q.C.,ID4163,Fluxicon Disco,Variant 94,94,2012-02-13T18:00:00.000,2012-02-13T17:10:00.000
Final Inspection Q.C.,Case225,ID4163,Final Inspection Q.C.,ID4163,Fluxicon Disco,Variant 94,94,2012-02-20T22:11:00.000,2012-02-20T19:20:00.000
Final Inspection Q.C.,Case225,ID4163,Final Inspection Q.C.,ID4163,Fluxicon Disco,Variant 94,94,2012-02-21T18:50:00.000,2012-02-21T16:45:00.000
Final Inspection Q.C.,Case225,ID4163,Final Inspection Q.C.,ID4163,Fluxicon Disco,Variant 94,94,2012-02-21T20:00:00.000,2012-02-21T19:20:00.000
Final Inspection Q.C.,Case225,ID4163,Final Inspection Q.C.,ID4163,Fluxicon Disco,Variant 94,94,2012-02-21T21:00:00.000,2012-02-21T20:00:00.000
Final Inspection Q.C.,Case225,ID4163,Final Inspection Q.C.,ID4163,Fluxicon Disco,Variant 94,94,2012-02-21T22:00:00.000,2012-02-21T21:00:00.000
Laser Marking,Case225,ID0998,Laser Marking,ID0998,Fluxicon Disco,Variant 94,94,2012-02-22T15:12:00.000,2012-02-22T14:25:00.000
Final Inspection Q.C.,Case225,ID4163,Final Inspection Q.C.,ID4163,Fluxicon Disco,Variant 94,94,2012-02-22T23:10:00.000,2012-02-22T22:10:00.000
Round Grinding,Case225,ID4355,Round Grinding,ID4355,Fluxicon Disco,Variant 94,94,2012-02-23T01:48:00.000,2012-02-22T22:48:00.000
Round Grinding,Case225,ID4355,Round Grinding,ID4355,Fluxicon Disco,Variant 94,94,2012-02-23T05:43:00.000,2012-02-23T01:48:00.000
Packing,Case225,ID4820,Packing,ID4820,Fluxicon Disco,Variant 94,94,2012-02-23T07:00:00.000,2012-02-23T06:00:00.000
Final Inspection Q.C.,Case225,ID4163,Final Inspection Q.C.,ID4163,Fluxicon Disco,Variant 94,94,2012-02-23T22:10:00.000,2012-02-23T21:20:00.000
Final Inspection Q.C.,Case225,ID4163,Final Inspection Q.C.,ID4163,Fluxicon Disco,Variant 94,94,2012-02-26T18:00:00.000,2012-02-26T15:00:00.000
Final Inspection Q.C.,Case225,ID4163,Final Inspection Q.C.,ID4163,Fluxicon Disco,Variant 94,94,2012-02-27T16:00:00.000,2012-02-27T15:00:00.000
Packing,Case225,ID4820,Packing,ID4820,Fluxicon Disco,Variant 94,94,2012-02-28T07:00:00.000,2012-02-28T06:00:00.000
Grinding Rework,Case225,ID4528,Grinding Rework,ID4528,Fluxicon Disco,Variant 94,94,2012-03-04T21:21:00.000,2012-03-04T20:21:00.000
Grinding Rework,Case225,ID4528,Grinding Rework,ID4528,Fluxicon Disco,Variant 94,94,2012-03-04T22:55:00.000,2012-03-04T22:27:00.000
Grinding Rework,Case225,ID4385,Grinding Rework,ID4385,Fluxicon Disco,Variant 94,94,2012-03-08T21:13:00.000,2012-03-08T18:13:00.000
Packing,Case225,ID4820,Packing,ID4820,Fluxicon Disco,Variant 94,94,2012-03-18T07:00:00.000,2012-03-18T06:00:00.000
Final Inspection Q.C.,Case225,ID4163,Final Inspection Q.C.,ID4163,Fluxicon Disco,Variant 94,94,2012-03-18T18:50:00.000,2012-03-18T17:00:00.000
Final Inspection Q.C.,Case225,ID4163,Final Inspection Q.C.,ID4163,Fluxicon Disco,Variant 94,94,2012-03-19T20:35:00.000,2012-03-19T19:20:00.000
Grinding Rework,Case225,ID4872,Grinding Rework,ID4872,Fluxicon Disco,Variant 94,94,2012-03-21T22:48:00.000,2012-03-21T22:13:00.000
Packing,Case225,ID4820,Packing,ID4820,Fluxicon Disco,Variant 94,94,2012-03-22T07:00:00.000,2012-03-22T06:00:00.000
Final Inspection Q.C.,Case225,ID4163,Final Inspection Q.C.,ID4163,Fluxicon Disco,Variant 94,94,2012-03-22T13:30:00.000,2012-03-22T13:00:00.000
Grinding Rework,Case225,ID4528,Grinding Rework,ID4528,Fluxicon Disco,Variant 94,94,2012-03-27T01:06:00.000,2012-03-26T22:59:00.000
Laser Marking,Case225,ID0998,Laser Marking,ID0998,Fluxicon Disco,Variant 94,94,2012-03-30T08:15:00.000,2012-03-30T07:00:00.000
End,Case225,End,End,End,Fluxicon Disco,Variant 94,94,2012-03-30T08:15:00.000,2012-03-30T08:15:00.000
Start,Case227,Start,Start,Start,Fluxicon Disco,Variant 2,2,2012-01-05T06:00:00.000,2012-01-05T06:00:00.000
Packing,Case227,ID4820,Packing,ID4820,Fluxicon Disco,Variant 2,2,2012-01-05T07:00:00.000,2012-01-05T06:00:00.000
Final Inspection Q.C.,Case227,ID4287,Final Inspection Q.C.,ID4287,Fluxicon Disco,Variant 2,2,2012-01-05T13:56:00.000,2012-01-05T13:00:00.000
End,Case227,End,End,End,Fluxicon Disco,Variant 2,2,2012-01-05T13:56:00.000,2012-01-05T13:56:00.000
Start,Case228,Start,Start,Start,Fluxicon Disco,Variant 95,95,2012-01-04T15:35:00.000,2012-01-04T15:35:00.000
Turning & Milling,Case228,ID0997,Turning & Milling,ID0997,Fluxicon Disco,Variant 95,95,2012-01-04T16:51:00.000,2012-01-04T15:35:00.000
Turning & Milling,Case228,ID0997,Turning & Milling,ID0997,Fluxicon Disco,Variant 95,95,2012-01-09T17:30:00.000,2012-01-09T16:30:00.000
Turning & Milling,Case228,ID0997,Turning & Milling,ID0997,Fluxicon Disco,Variant 95,95,2012-01-09T18:30:00.000,2012-01-09T17:30:00.000
Turning & Milling Q.C.,Case228,ID4618,Turning & Milling Q.C.,ID4618,Fluxicon Disco,Variant 95,95,2012-01-09T21:44:00.000,2012-01-09T20:29:00.000
Turning & Milling Q.C.,Case228,ID4618,Turning & Milling Q.C.,ID4618,Fluxicon Disco,Variant 95,95,2012-01-10T22:04:00.000,2012-01-10T21:15:00.000
Turning & Milling Q.C.,Case228,ID4618,Turning & Milling Q.C.,ID4618,Fluxicon Disco,Variant 95,95,2012-01-11T16:22:00.000,2012-01-11T15:07:00.000
Laser Marking,Case228,ID4882,Laser Marking,ID4882,Fluxicon Disco,Variant 95,95,2012-01-11T21:46:00.000,2012-01-11T20:31:00.000
Flat Grinding,Case228,ID0998,Flat Grinding,ID0998,Fluxicon Disco,Variant 95,95,2012-01-11T23:44:00.000,2012-01-11T21:45:00.000
Final Inspection Q.C.,Case228,ID4618,Final Inspection Q.C.,ID4618,Fluxicon Disco,Variant 95,95,2012-01-12T18:50:00.000,2012-01-12T17:30:00.000
Final Inspection Q.C.,Case228,ID4618,Final Inspection Q.C.,ID4618,Fluxicon Disco,Variant 95,95,2012-01-13T16:54:00.000,2012-01-13T15:39:00.000
Packing,Case228,ID4820,Packing,ID4820,Fluxicon Disco,Variant 95,95,2012-01-15T07:00:00.000,2012-01-15T06:00:00.000
End,Case228,End,End,End,Fluxicon Disco,Variant 95,95,2012-01-15T07:00:00.000,2012-01-15T07:00:00.000
Start,Case229,Start,Start,Start,Fluxicon Disco,Variant 96,96,2012-01-22T17:03:00.000,2012-01-22T17:03:00.000
Turning & Milling,Case229,ID0997,Turning & Milling,ID0997,Fluxicon Disco,Variant 96,96,2012-01-23T00:00:00.000,2012-01-22T17:03:00.000
Turning Q.C.,Case229,ID4287,Turning Q.C.,ID4287,Fluxicon Disco,Variant 96,96,2012-01-22T18:50:00.000,2012-01-22T17:13:00.000
Turning & Milling,Case229,ID4529,Turning & Milling,ID4529,Fluxicon Disco,Variant 96,96,2012-01-23T12:27:00.000,2012-01-23T05:36:00.000
Turning & Milling,Case229,ID0997,Turning & Milling,ID0997,Fluxicon Disco,Variant 96,96,2012-01-23T15:44:00.000,2012-01-23T13:38:00.000
Turning Q.C.,Case229,ID4287,Turning Q.C.,ID4287,Fluxicon Disco,Variant 96,96,2012-01-23T17:37:00.000,2012-01-23T15:58:00.000
Laser Marking,Case229,ID0998,Laser Marking,ID0998,Fluxicon Disco,Variant 96,96,2012-01-25T18:38:00.000,2012-01-25T18:13:00.000
Flat Grinding,Case229,ID0998,Flat Grinding,ID0998,Fluxicon Disco,Variant 96,96,2012-01-25T20:50:00.000,2012-01-25T18:39:00.000
Laser Marking,Case229,ID4882,Laser Marking,ID4882,Fluxicon Disco,Variant 96,96,2012-01-25T21:22:00.000,2012-01-25T20:44:00.000
Final Inspection Q.C.,Case229,ID4287,Final Inspection Q.C.,ID4287,Fluxicon Disco,Variant 96,96,2012-01-27T18:46:00.000,2012-01-27T16:00:00.000
Final Inspection Q.C.,Case229,ID4287,Final Inspection Q.C.,ID4287,Fluxicon Disco,Variant 96,96,2012-01-29T15:30:00.000,2012-01-29T15:00:00.000
Packing,Case229,ID4820,Packing,ID4820,Fluxicon Disco,Variant 96,96,2012-01-30T07:00:00.000,2012-01-30T06:00:00.000
End,Case229,End,End,End,Fluxicon Disco,Variant 96,96,2012-01-30T07:00:00.000,2012-01-30T07:00:00.000
Start,Case23,Start,Start,Start,Fluxicon Disco,Variant 97,97,2012-01-23T13:16:00.000,2012-01-23T13:16:00.000
Turning,Case23,ID4429,Turning,ID4429,Fluxicon Disco,Variant 97,97,2012-01-23T16:32:00.000,2012-01-23T13:16:00.000
Turning,Case23,ID4167,Turning,ID4167,Fluxicon Disco,Variant 97,97,2012-01-24T02:13:00.000,2012-01-23T22:10:00.000
Turning & Milling,Case23,ID4529,Turning & Milling,ID4529,Fluxicon Disco,Variant 97,97,2012-01-24T08:10:00.000,2012-01-24T02:43:00.000
Turning Q.C.,Case23,ID4493,Turning Q.C.,ID4493,Fluxicon Disco,Variant 97,97,2012-01-24T14:00:00.000,2012-01-24T13:00:00.000
Turning & Milling Q.C.,Case23,ID4493,Turning & Milling Q.C.,ID4493,Fluxicon Disco,Variant 97,97,2012-01-24T13:34:00.000,2012-01-24T13:00:00.000
Turning & Milling,Case23,ID4429,Turning & Milling,ID4429,Fluxicon Disco,Variant 97,97,2012-01-24T17:23:00.000,2012-01-24T13:20:00.000
Turning & Milling,Case23,ID4429,Turning & Milling,ID4429,Fluxicon Disco,Variant 97,97,2012-01-24T23:09:00.000,2012-01-24T17:31:00.000
Laser Marking,Case23,ID0998,Laser Marking,ID0998,Fluxicon Disco,Variant 97,97,2012-01-25T15:17:00.000,2012-01-25T14:17:00.000
Lapping,Case23,ID0998,Lapping,ID0998,Fluxicon Disco,Variant 97,97,2012-01-26T16:51:00.000,2012-01-26T15:51:00.000
Round Grinding,Case23,ID4528,Round Grinding,ID4528,Fluxicon Disco,Variant 97,97,2012-01-26T23:36:00.000,2012-01-26T16:52:00.000
Round Grinding,Case23,ID4528,Round Grinding,ID4528,Fluxicon Disco,Variant 97,97,2012-01-30T05:30:00.000,2012-01-29T22:00:00.000
Round Grinding,Case23,ID4287,Round Grinding,ID4287,Fluxicon Disco,Variant 97,97,2012-01-31T23:59:00.000,2012-01-31T21:09:00.000
Lapping,Case23,ID0998,Lapping,ID0998,Fluxicon Disco,Variant 97,97,2012-02-26T17:12:00.000,2012-02-26T15:57:00.000
Round Grinding,Case23,ID4385,Round Grinding,ID4385,Fluxicon Disco,Variant 97,97,2012-02-27T05:56:00.000,2012-02-27T03:49:00.000
Round Grinding,Case23,ID4385,Round Grinding,ID4385,Fluxicon Disco,Variant 97,97,2012-02-27T06:26:00.000,2012-02-27T05:56:00.000
Final Inspection Q.C.,Case23,ID4493,Final Inspection Q.C.,ID4493,Fluxicon Disco,Variant 97,97,2012-02-29T13:40:00.000,2012-02-29T12:50:00.000
End,Case23,End,End,End,Fluxicon Disco,Variant 97,97,2012-02-29T13:40:00.000,2012-02-29T13:40:00.000
Start,Case230,Start,Start,Start,Fluxicon Disco,Variant 98,98,2012-01-06T06:03:00.000,2012-01-06T06:03:00.000
Turning & Milling,Case230,ID4794,Turning & Milling,ID4794,Fluxicon Disco,Variant 98,98,2012-01-06T07:14:00.000,2012-01-06T06:03:00.000
Turning & Milling,Case230,ID4794,Turning & Milling,ID4794,Fluxicon Disco,Variant 98,98,2012-01-06T12:39:00.000,2012-01-06T07:13:00.000
Turning & Milling,Case230,ID4794,Turning & Milling,ID4794,Fluxicon Disco,Variant 98,98,2012-01-08T18:09:00.000,2012-01-08T15:13:00.000
Turning & Milling,Case230,ID4794,Turning & Milling,ID4794,Fluxicon Disco,Variant 98,98,2012-01-08T23:49:00.000,2012-01-08T18:10:00.000
Turning & Milling Q.C.,Case230,ID4618,Turning & Milling Q.C.,ID4618,Fluxicon Disco,Variant 98,98,2012-01-08T18:28:00.000,2012-01-08T18:17:00.000
Turning & Milling,Case230,ID4529,Turning & Milling,ID4529,Fluxicon Disco,Variant 98,98,2012-01-09T12:30:00.000,2012-01-09T02:00:00.000
Turning & Milling,Case230,ID4794,Turning & Milling,ID4794,Fluxicon Disco,Variant 98,98,2012-01-09T21:56:00.000,2012-01-09T12:59:00.000
Turning & Milling Q.C.,Case230,ID4618,Turning & Milling Q.C.,ID4618,Fluxicon Disco,Variant 98,98,2012-01-09T13:15:00.000,2012-01-09T13:00:00.000
Turning & Milling,Case230,ID4932,Turning & Milling,ID4932,Fluxicon Disco,Variant 98,98,2012-01-09T23:36:00.000,2012-01-09T22:11:00.000
Turning & Milling,Case230,ID4718,Turning & Milling,ID4718,Fluxicon Disco,Variant 98,98,2012-01-10T05:51:00.000,2012-01-10T02:01:00.000
Turning & Milling Q.C.,Case230,ID4618,Turning & Milling Q.C.,ID4618,Fluxicon Disco,Variant 98,98,2012-01-11T14:57:00.000,2012-01-11T13:42:00.000
Laser Marking,Case230,ID0998,Laser Marking,ID0998,Fluxicon Disco,Variant 98,98,2012-01-17T20:25:00.000,2012-01-17T19:27:00.000
Flat Grinding,Case230,ID0998,Flat Grinding,ID0998,Fluxicon Disco,Variant 98,98,2012-01-17T22:45:00.000,2012-01-17T20:25:00.000
Laser Marking,Case230,ID4882,Laser Marking,ID4882,Fluxicon Disco,Variant 98,98,2012-01-17T21:53:00.000,2012-01-17T21:02:00.000
Flat Grinding,Case230,ID0998,Flat Grinding,ID0998,Fluxicon Disco,Variant 98,98,2012-01-22T23:27:00.000,2012-01-22T17:46:00.000
Flat Grinding,Case230,ID0998,Flat Grinding,ID0998,Fluxicon Disco,Variant 98,98,2012-01-23T17:06:00.000,2012-01-23T14:14:00.000
Round Grinding,Case230,ID4872,Round Grinding,ID4872,Fluxicon Disco,Variant 98,98,2012-01-29T21:56:00.000,2012-01-29T15:29:00.000
Round Grinding,Case230,ID4872,Round Grinding,ID4872,Fluxicon Disco,Variant 98,98,2012-01-30T15:04:00.000,2012-01-30T13:30:00.000
Round Grinding,Case230,ID4872,Round Grinding,ID4872,Fluxicon Disco,Variant 98,98,2012-02-20T00:13:00.000,2012-02-19T22:24:00.000
Round Grinding,Case230,ID4528,Round Grinding,ID4528,Fluxicon Disco,Variant 98,98,2012-02-20T20:00:00.000,2012-02-20T19:20:00.000
Round Grinding,Case230,ID4528,Round Grinding,ID4528,Fluxicon Disco,Variant 98,98,2012-02-20T23:45:00.000,2012-02-20T20:00:00.000
Round Grinding,Case230,ID4872,Round Grinding,ID4872,Fluxicon Disco,Variant 98,98,2012-02-21T00:43:00.000,2012-02-20T22:09:00.000
Round Grinding,Case230,ID4872,Round Grinding,ID4872,Fluxicon Disco,Variant 98,98,2012-02-21T05:45:00.000,2012-02-21T03:53:00.000
Round Grinding,Case230,ID4528,Round Grinding,ID4528,Fluxicon Disco,Variant 98,98,2012-02-22T00:09:00.000,2012-02-21T18:44:00.000
Round Grinding,Case230,ID4872,Round Grinding,ID4872,Fluxicon Disco,Variant 98,98,2012-02-22T04:31:00.000,2012-02-22T02:11:00.000
Round Grinding,Case230,ID4872,Round Grinding,ID4872,Fluxicon Disco,Variant 98,98,2012-02-22T05:40:00.000,2012-02-22T04:31:00.000
Round Grinding,Case230,ID4160,Round Grinding,ID4160,Fluxicon Disco,Variant 98,98,2012-02-22T20:38:00.000,2012-02-22T17:30:00.000
Round Grinding,Case230,ID4160,Round Grinding,ID4160,Fluxicon Disco,Variant 98,98,2012-02-22T20:45:00.000,2012-02-22T20:30:00.000
Round Grinding,Case230,ID4160,Round Grinding,ID4160,Fluxicon Disco,Variant 98,98,2012-02-22T22:00:00.000,2012-02-22T20:45:00.000
Round Grinding,Case230,ID4872,Round Grinding,ID4872,Fluxicon Disco,Variant 98,98,2012-02-22T22:39:00.000,2012-02-22T21:58:00.000
Round Grinding,Case230,ID4528,Round Grinding,ID4528,Fluxicon Disco,Variant 98,98,2012-02-22T23:35:00.000,2012-02-22T22:38:00.000
Round Grinding,Case230,ID4160,Round Grinding,ID4160,Fluxicon Disco,Variant 98,98,2012-02-23T15:46:00.000,2012-02-23T12:56:00.000
Round Grinding,Case230,ID4160,Round Grinding,ID4160,Fluxicon Disco,Variant 98,98,2012-02-23T16:50:00.000,2012-02-23T15:50:00.000
Round Grinding,Case230,ID4160,Round Grinding,ID4160,Fluxicon Disco,Variant 98,98,2012-02-23T22:00:00.000,2012-02-23T16:50:00.000
Final Inspection Q.C.,Case230,ID4618,Final Inspection Q.C.,ID4618,Fluxicon Disco,Variant 98,98,2012-02-27T17:06:00.000,2012-02-27T13:51:00.000
Final Inspection Q.C.,Case230,ID4618,Final Inspection Q.C.,ID4618,Fluxicon Disco,Variant 98,98,2012-02-27T20:19:00.000,2012-02-27T20:16:00.000
Packing,Case230,ID4820,Packing,ID4820,Fluxicon Disco,Variant 98,98,2012-02-28T07:00:00.000,2012-02-28T06:00:00.000
Fix,Case230,ID4445,Fix,ID4445,Fluxicon Disco,Variant 98,98,2012-02-28T19:38:00.000,2012-02-28T19:19:00.000
Fix,Case230,ID4445,Fix,ID4445,Fluxicon Disco,Variant 98,98,2012-02-28T21:53:00.000,2012-02-28T19:38:00.000
Final Inspection Q.C.,Case230,ID4618,Final Inspection Q.C.,ID4618,Fluxicon Disco,Variant 98,98,2012-02-28T23:51:00.000,2012-02-28T22:45:00.000
Packing,Case230,ID4820,Packing,ID4820,Fluxicon Disco,Variant 98,98,2012-02-29T07:00:00.000,2012-02-29T06:00:00.000
Final Inspection Q.C.,Case230,ID4618,Final Inspection Q.C.,ID4618,Fluxicon Disco,Variant 98,98,2012-02-29T21:09:00.000,2012-02-29T15:20:00.000
End,Case230,End,End,End,Fluxicon Disco,Variant 98,98,2012-02-29T21:09:00.000,2012-02-29T21:09:00.000
Start,Case231,Start,Start,Start,Fluxicon Disco,Variant 99,99,2012-01-12T18:25:00.000,2012-01-12T18:25:00.000
Lapping,Case231,ID0998,Lapping,ID0998,Fluxicon Disco,Variant 99,99,2012-01-12T21:27:00.000,2012-01-12T18:25:00.000
Round Grinding,Case231,ID4355,Round Grinding,ID4355,Fluxicon Disco,Variant 99,99,2012-01-15T20:26:00.000,2012-01-15T16:52:00.000
Round Grinding,Case231,ID4355,Round Grinding,ID4355,Fluxicon Disco,Variant 99,99,2012-01-15T22:09:00.000,2012-01-15T20:27:00.000
Round Grinding,Case231,ID4385,Round Grinding,ID4385,Fluxicon Disco,Variant 99,99,2012-01-16T05:38:00.000,2012-01-15T22:18:00.000
Round Grinding,Case231,ID4528,Round Grinding,ID4528,Fluxicon Disco,Variant 99,99,2012-01-16T10:33:00.000,2012-01-16T05:34:00.000
Round Grinding,Case231,ID4163,Round Grinding,ID4163,Fluxicon Disco,Variant 99,99,2012-01-18T18:50:00.000,2012-01-18T15:42:00.000
Round Grinding,Case231,ID4163,Round Grinding,ID4163,Fluxicon Disco,Variant 99,99,2012-01-18T22:08:00.000,2012-01-18T19:20:00.000
Round Grinding,Case231,ID4163,Round Grinding,ID4163,Fluxicon Disco,Variant 99,99,2012-01-19T15:30:00.000,2012-01-19T15:00:00.000
Final Inspection Q.C.,Case231,ID4163,Final Inspection Q.C.,ID4163,Fluxicon Disco,Variant 99,99,2012-01-19T16:00:00.000,2012-01-19T15:30:00.000
Round Grinding,Case231,ID4163,Round Grinding,ID4163,Fluxicon Disco,Variant 99,99,2012-01-19T22:18:00.000,2012-01-19T19:20:00.000
Final Inspection Q.C.,Case231,ID4163,Final Inspection Q.C.,ID4163,Fluxicon Disco,Variant 99,99,2012-01-22T21:10:00.000,2012-01-22T20:00:00.000
Final Inspection Q.C.,Case231,ID4163,Final Inspection Q.C.,ID4163,Fluxicon Disco,Variant 99,99,2012-01-22T21:49:00.000,2012-01-22T20:40:00.000
Packing,Case231,ID4291,Packing,ID4291,Fluxicon Disco,Variant 99,99,2012-01-23T07:00:00.000,2012-01-23T06:00:00.000
Final Inspection Q.C.,Case231,ID4163,Final Inspection Q.C.,ID4163,Fluxicon Disco,Variant 99,99,2012-01-23T13:30:00.000,2012-01-23T13:00:00.000
Final Inspection Q.C.,Case231,ID4163,Final Inspection Q.C.,ID4163,Fluxicon Disco,Variant 99,99,2012-01-23T14:10:00.000,2012-01-23T13:30:00.000
End,Case231,End,End,End,Fluxicon Disco,Variant 99,99,2012-01-23T14:10:00.000,2012-01-23T14:10:00.000
Start,Case232,Start,Start,Start,Fluxicon Disco,Variant 100,100,2012-01-03T13:01:00.000,2012-01-03T13:01:00.000
Turning & Milling Q.C.,Case232,ID4493,Turning & Milling Q.C.,ID4493,Fluxicon Disco,Variant 100,100,2012-01-03T13:06:00.000,2012-01-03T13:01:00.000
Turning & Milling,Case232,ID4429,Turning & Milling,ID4429,Fluxicon Disco,Variant 100,100,2012-01-03T14:19:00.000,2012-01-03T13:04:00.000
Laser Marking,Case232,ID4872,Laser Marking,ID4872,Fluxicon Disco,Variant 100,100,2012-01-03T14:25:00.000,2012-01-03T13:10:00.000
Lapping,Case232,ID4528,Lapping,ID4528,Fluxicon Disco,Variant 100,100,2012-01-09T23:14:00.000,2012-01-09T22:29:00.000
Round Grinding,Case232,ID4528,Round Grinding,ID4528,Fluxicon Disco,Variant 100,100,2012-01-11T21:05:00.000,2012-01-11T20:05:00.000
Round Grinding,Case232,ID4528,Round Grinding,ID4528,Fluxicon Disco,Variant 100,100,2012-01-11T23:43:00.000,2012-01-11T21:06:00.000
Round Grinding,Case232,ID4528,Round Grinding,ID4528,Fluxicon Disco,Variant 100,100,2012-01-12T18:34:00.000,2012-01-12T12:53:00.000
Lapping,Case232,ID4528,Lapping,ID4528,Fluxicon Disco,Variant 100,100,2012-01-12T18:53:00.000,2012-01-12T18:34:00.000
Round Grinding,Case232,ID4528,Round Grinding,ID4528,Fluxicon Disco,Variant 100,100,2012-01-12T19:59:00.000,2012-01-12T18:53:00.000
Round Grinding,Case232,ID4528,Round Grinding,ID4528,Fluxicon Disco,Variant 100,100,2012-01-12T21:43:00.000,2012-01-12T19:59:00.000
Round Grinding,Case232,ID4528,Round Grinding,ID4528,Fluxicon Disco,Variant 100,100,2012-01-15T05:54:00.000,2012-01-15T03:46:00.000
Round Grinding,Case232,ID4528,Round Grinding,ID4528,Fluxicon Disco,Variant 100,100,2012-01-15T06:25:00.000,2012-01-15T05:55:00.000
Round Grinding,Case232,ID4528,Round Grinding,ID4528,Fluxicon Disco,Variant 100,100,2012-01-15T12:40:00.000,2012-01-15T06:26:00.000
Round Grinding,Case232,ID4528,Round Grinding,ID4528,Fluxicon Disco,Variant 100,100,2012-01-16T05:32:00.000,2012-01-16T02:02:00.000
Round Grinding,Case232,ID4528,Round Grinding,ID4528,Fluxicon Disco,Variant 100,100,2012-01-16T12:55:00.000,2012-01-16T11:20:00.000
Round Grinding,Case232,ID4528,Round Grinding,ID4528,Fluxicon Disco,Variant 100,100,2012-01-17T05:50:00.000,2012-01-17T02:14:00.000
Final Inspection Q.C.,Case232,ID4493,Final Inspection Q.C.,ID4493,Fluxicon Disco,Variant 100,100,2012-01-17T23:00:00.000,2012-01-17T19:00:00.000
Packing,Case232,ID4820,Packing,ID4820,Fluxicon Disco,Variant 100,100,2012-01-18T07:00:00.000,2012-01-18T06:00:00.000
Final Inspection Q.C.,Case232,ID4493,Final Inspection Q.C.,ID4493,Fluxicon Disco,Variant 100,100,2012-01-18T18:09:00.000,2012-01-18T18:08:00.000
End,Case232,End,End,End,Fluxicon Disco,Variant 100,100,2012-01-18T18:09:00.000,2012-01-18T18:09:00.000
Start,Case233,Start,Start,Start,Fluxicon Disco,Variant 101,101,2012-01-03T17:00:00.000,2012-01-03T17:00:00.000
Turn & Mill. & Screw Assem,Case233,ID4641,Turn & Mill. & Screw Assem,ID4641,Fluxicon Disco,Variant 101,101,2012-01-03T22:00:00.000,2012-01-03T17:00:00.000
Turn & Mill. & Screw Assem,Case233,ID3846,Turn & Mill. & Screw Assem,ID3846,Fluxicon Disco,Variant 101,101,2012-01-04T02:24:00.000,2012-01-03T21:55:00.000
Turn & Mill. & Screw Assem,Case233,ID3846,Turn & Mill. & Screw Assem,ID3846,Fluxicon Disco,Variant 101,101,2012-01-04T05:41:00.000,2012-01-04T02:25:00.000
Turn & Mill. & Screw Assem,Case233,ID4932,Turn & Mill. & Screw Assem,ID4932,Fluxicon Disco,Variant 101,101,2012-01-04T10:34:00.000,2012-01-04T06:04:00.000
Turning & Milling Q.C.,Case233,ID4287,Turning & Milling Q.C.,ID4287,Fluxicon Disco,Variant 101,101,2012-01-04T23:04:00.000,2012-01-04T20:30:00.000
Laser Marking,Case233,ID0998,Laser Marking,ID0998,Fluxicon Disco,Variant 101,101,2012-01-05T17:45:00.000,2012-01-05T17:23:00.000
Flat Grinding,Case233,ID0998,Flat Grinding,ID0998,Fluxicon Disco,Variant 101,101,2012-01-05T20:51:00.000,2012-01-05T18:28:00.000
Turn & Mill. & Screw Assem,Case233,ID4641,Turn & Mill. & Screw Assem,ID4641,Fluxicon Disco,Variant 101,101,2012-01-08T11:58:00.000,2012-01-08T09:13:00.000
Turn & Mill. & Screw Assem,Case233,ID4641,Turn & Mill. & Screw Assem,ID4641,Fluxicon Disco,Variant 101,101,2012-01-08T12:36:00.000,2012-01-08T11:59:00.000
Turning & Milling Q.C.,Case233,ID4287,Turning & Milling Q.C.,ID4287,Fluxicon Disco,Variant 101,101,2012-01-08T14:00:00.000,2012-01-08T13:00:00.000
Turn & Mill. & Screw Assem,Case233,ID3846,Turn & Mill. & Screw Assem,ID3846,Fluxicon Disco,Variant 101,101,2012-01-08T16:34:00.000,2012-01-08T15:03:00.000
Turning & Milling Q.C.,Case233,ID4287,Turning & Milling Q.C.,ID4287,Fluxicon Disco,Variant 101,101,2012-01-08T20:01:00.000,2012-01-08T18:20:00.000
Turning & Milling Q.C.,Case233,ID4287,Turning & Milling Q.C.,ID4287,Fluxicon Disco,Variant 101,101,2012-01-09T13:37:00.000,2012-01-09T13:00:00.000
Turning Rework,Case233,ID4442,Turning Rework,ID4442,Fluxicon Disco,Variant 101,101,2012-01-09T14:00:00.000,2012-01-09T13:00:00.000
Laser Marking,Case233,ID0998,Laser Marking,ID0998,Fluxicon Disco,Variant 101,101,2012-01-09T16:50:00.000,2012-01-09T16:46:00.000
Flat Grinding,Case233,ID0998,Flat Grinding,ID0998,Fluxicon Disco,Variant 101,101,2012-01-09T17:13:00.000,2012-01-09T16:51:00.000
Turning & Milling Q.C.,Case233,ID4287,Turning & Milling Q.C.,ID4287,Fluxicon Disco,Variant 101,101,2012-01-10T14:40:00.000,2012-01-10T14:09:00.000
Lapping,Case233,ID0998,Lapping,ID0998,Fluxicon Disco,Variant 101,101,2012-01-10T16:37:00.000,2012-01-10T16:12:00.000
Round Grinding,Case233,ID4355,Round Grinding,ID4355,Fluxicon Disco,Variant 101,101,2012-01-10T23:45:00.000,2012-01-10T22:04:00.000
Round Grinding,Case233,ID4355,Round Grinding,ID4355,Fluxicon Disco,Variant 101,101,2012-01-11T02:51:00.000,2012-01-11T02:06:00.000
Round Grinding,Case233,ID4355,Round Grinding,ID4355,Fluxicon Disco,Variant 101,101,2012-01-11T05:39:00.000,2012-01-11T02:52:00.000
Round Grinding,Case233,ID4445,Round Grinding,ID4445,Fluxicon Disco,Variant 101,101,2012-01-11T10:04:00.000,2012-01-11T06:12:00.000
Final Inspection Q.C.,Case233,ID4287,Final Inspection Q.C.,ID4287,Fluxicon Disco,Variant 101,101,2012-01-11T16:00:00.000,2012-01-11T13:00:00.000
Final Inspection Q.C.,Case233,ID4287,Final Inspection Q.C.,ID4287,Fluxicon Disco,Variant 101,101,2012-01-11T21:00:00.000,2012-01-11T19:24:00.000
Packing,Case233,ID4820,Packing,ID4820,Fluxicon Disco,Variant 101,101,2012-01-15T07:00:00.000,2012-01-15T06:00:00.000
Final Inspection Q.C.,Case233,ID4287,Final Inspection Q.C.,ID4287,Fluxicon Disco,Variant 101,101,2012-01-15T13:13:00.000,2012-01-15T12:52:00.000
End,Case233,End,End,End,Fluxicon Disco,Variant 101,101,2012-01-15T13:13:00.000,2012-01-15T13:13:00.000
Start,Case234,Start,Start,Start,Fluxicon Disco,Variant 102,102,2012-01-30T20:30:00.000,2012-01-30T20:30:00.000
Turning Q.C.,Case234,ID4287,Turning Q.C.,ID4287,Fluxicon Disco,Variant 102,102,2012-01-30T21:19:00.000,2012-01-30T20:30:00.000
Turning Q.C.,Case234,ID4287,Turning Q.C.,ID4287,Fluxicon Disco,Variant 102,102,2012-02-01T07:15:00.000,2012-02-01T06:00:00.000
Turning Q.C.,Case234,ID4287,Turning Q.C.,ID4287,Fluxicon Disco,Variant 102,102,2012-02-06T14:13:00.000,2012-02-06T13:00:00.000
Turning Q.C.,Case234,ID4287,Turning Q.C.,ID4287,Fluxicon Disco,Variant 102,102,2012-02-06T14:13:00.000,2012-02-06T13:00:00.000
Turning & Milling,Case234,ID4429,Turning & Milling,ID4429,Fluxicon Disco,Variant 102,102,2012-02-14T05:43:00.000,2012-02-13T22:00:00.000
Turning & Milling,Case234,ID4932,Turning & Milling,ID4932,Fluxicon Disco,Variant 102,102,2012-02-14T12:46:00.000,2012-02-14T05:44:00.000
Turning & Milling,Case234,ID4167,Turning & Milling,ID4167,Fluxicon Disco,Variant 102,102,2012-02-14T21:58:00.000,2012-02-14T13:27:00.000
Turning & Milling Q.C.,Case234,ID4287,Turning & Milling Q.C.,ID4287,Fluxicon Disco,Variant 102,102,2012-02-15T00:04:00.000,2012-02-14T21:09:00.000
Turning & Milling,Case234,ID4429,Turning & Milling,ID4429,Fluxicon Disco,Variant 102,102,2012-02-14T23:57:00.000,2012-02-14T22:27:00.000
Turning & Milling,Case234,ID4429,Turning & Milling,ID4429,Fluxicon Disco,Variant 102,102,2012-02-15T05:54:00.000,2012-02-15T00:58:00.000
Turning & Milling,Case234,ID4794,Turning & Milling,ID4794,Fluxicon Disco,Variant 102,102,2012-02-15T12:46:00.000,2012-02-15T05:56:00.000
Turning & Milling Q.C.,Case234,ID4287,Turning & Milling Q.C.,ID4287,Fluxicon Disco,Variant 102,102,2012-02-15T16:00:00.000,2012-02-15T13:00:00.000
Turning & Milling,Case234,ID4529,Turning & Milling,ID4529,Fluxicon Disco,Variant 102,102,2012-02-15T21:52:00.000,2012-02-15T13:17:00.000
Turning & Milling,Case234,ID4167,Turning & Milling,ID4167,Fluxicon Disco,Variant 102,102,2012-02-16T00:00:00.000,2012-02-15T23:54:00.000
Turning & Milling,Case234,ID4429,Turning & Milling,ID4429,Fluxicon Disco,Variant 102,102,2012-02-16T05:46:00.000,2012-02-16T00:16:00.000
Turning & Milling,Case234,ID4794,Turning & Milling,ID4794,Fluxicon Disco,Variant 102,102,2012-02-16T12:39:00.000,2012-02-16T05:48:00.000
Turning & Milling Q.C.,Case234,ID4287,Turning & Milling Q.C.,ID4287,Fluxicon Disco,Variant 102,102,2012-02-16T14:40:00.000,2012-02-16T13:00:00.000
Turning & Milling,Case234,ID4529,Turning & Milling,ID4529,Fluxicon Disco,Variant 102,102,2012-02-16T21:48:00.000,2012-02-16T13:14:00.000
Turning & Milling,Case234,ID4429,Turning & Milling,ID4429,Fluxicon Disco,Variant 102,102,2012-02-17T05:46:00.000,2012-02-16T22:28:00.000
Turning & Milling,Case234,ID4794,Turning & Milling,ID4794,Fluxicon Disco,Variant 102,102,2012-02-17T12:53:00.000,2012-02-17T06:47:00.000
Turning & Milling Q.C.,Case234,ID4287,Turning & Milling Q.C.,ID4287,Fluxicon Disco,Variant 102,102,2012-02-17T14:40:00.000,2012-02-17T13:00:00.000
Turning & Milling,Case234,ID4429,Turning & Milling,ID4429,Fluxicon Disco,Variant 102,102,2012-02-19T17:00:00.000,2012-02-19T12:50:00.000
Turning & Milling,Case234,ID4429,Turning & Milling,ID4429,Fluxicon Disco,Variant 102,102,2012-02-20T00:02:00.000,2012-02-19T17:01:00.000
Turning & Milling Q.C.,Case234,ID4287,Turning & Milling Q.C.,ID4287,Fluxicon Disco,Variant 102,102,2012-02-19T18:50:00.000,2012-02-19T17:30:00.000
Turning & Milling,Case234,ID4529,Turning & Milling,ID4529,Fluxicon Disco,Variant 102,102,2012-02-20T12:16:00.000,2012-02-20T02:14:00.000
Turning & Milling,Case234,ID4429,Turning & Milling,ID4429,Fluxicon Disco,Variant 102,102,2012-02-20T23:00:00.000,2012-02-20T13:00:00.000
Turning & Milling,Case234,ID4529,Turning & Milling,ID4529,Fluxicon Disco,Variant 102,102,2012-02-21T12:28:00.000,2012-02-21T02:25:00.000
Turning & Milling,Case234,ID4429,Turning & Milling,ID4429,Fluxicon Disco,Variant 102,102,2012-02-21T20:20:00.000,2012-02-21T12:50:00.000
Turning & Milling Q.C.,Case234,ID4287,Turning & Milling Q.C.,ID4287,Fluxicon Disco,Variant 102,102,2012-02-26T22:42:00.000,2012-02-26T21:32:00.000
Turning & Milling Q.C.,Case234,ID4287,Turning & Milling Q.C.,ID4287,Fluxicon Disco,Variant 102,102,2012-03-01T21:00:00.000,2012-03-01T16:51:00.000
Turning & Milling Q.C.,Case234,ID4287,Turning & Milling Q.C.,ID4287,Fluxicon Disco,Variant 102,102,2012-03-04T14:40:00.000,2012-03-04T13:00:00.000
Turning & Milling Q.C.,Case234,ID4287,Turning & Milling Q.C.,ID4287,Fluxicon Disco,Variant 102,102,2012-03-06T16:30:00.000,2012-03-06T15:00:00.000
Packing,Case234,ID4820,Packing,ID4820,Fluxicon Disco,Variant 102,102,2012-03-28T08:00:00.000,2012-03-28T07:00:00.000
Final Inspection Q.C.,Case234,ID4287,Final Inspection Q.C.,ID4287,Fluxicon Disco,Variant 102,102,2012-03-28T17:06:00.000,2012-03-28T14:00:00.000
End,Case234,End,End,End,Fluxicon Disco,Variant 102,102,2012-03-28T17:06:00.000,2012-03-28T17:06:00.000
Start,Case235,Start,Start,Start,Fluxicon Disco,Variant 103,103,2012-01-16T20:11:00.000,2012-01-16T20:11:00.000
Turning & Milling Q.C.,Case235,ID4163,Turning & Milling Q.C.,ID4163,Fluxicon Disco,Variant 103,103,2012-01-16T20:12:00.000,2012-01-16T20:11:00.000
Turning & Milling Q.C.,Case235,ID4163,Turning & Milling Q.C.,ID4163,Fluxicon Disco,Variant 103,103,2012-01-17T00:00:00.000,2012-01-16T22:24:00.000
Turning & Milling,Case235,ID4132,Turning & Milling,ID4132,Fluxicon Disco,Variant 103,103,2012-01-17T00:08:00.000,2012-01-16T22:58:00.000
Turning & Milling,Case235,ID4132,Turning & Milling,ID4132,Fluxicon Disco,Variant 103,103,2012-01-19T05:30:00.000,2012-01-19T02:08:00.000
Turning & Milling,Case235,ID4132,Turning & Milling,ID4132,Fluxicon Disco,Variant 103,103,2012-01-23T23:43:00.000,2012-01-23T13:10:00.000
Turning & Milling,Case235,ID4132,Turning & Milling,ID4132,Fluxicon Disco,Variant 103,103,2012-01-24T21:10:00.000,2012-01-24T13:14:00.000
Turning & Milling Q.C.,Case235,ID4163,Turning & Milling Q.C.,ID4163,Fluxicon Disco,Variant 103,103,2012-01-25T00:03:00.000,2012-01-24T21:20:00.000
Turning & Milling,Case235,ID4132,Turning & Milling,ID4132,Fluxicon Disco,Variant 103,103,2012-01-25T21:44:00.000,2012-01-25T15:07:00.000
Turning & Milling,Case235,ID4641,Turning & Milling,ID4641,Fluxicon Disco,Variant 103,103,2012-01-26T06:03:00.000,2012-01-26T04:46:00.000
Turning & Milling,Case235,ID4641,Turning & Milling,ID4641,Fluxicon Disco,Variant 103,103,2012-01-26T12:32:00.000,2012-01-26T06:04:00.000
Turning & Milling Q.C.,Case235,ID4163,Turning & Milling Q.C.,ID4163,Fluxicon Disco,Variant 103,103,2012-01-26T14:40:00.000,2012-01-26T13:00:00.000
Turning & Milling Q.C.,Case235,ID4163,Turning & Milling Q.C.,ID4163,Fluxicon Disco,Variant 103,103,2012-01-26T16:00:00.000,2012-01-26T15:00:00.000
Turning & Milling,Case235,ID4132,Turning & Milling,ID4132,Fluxicon Disco,Variant 103,103,2012-01-26T21:46:00.000,2012-01-26T16:10:00.000
Turning & Milling Q.C.,Case235,ID4163,Turning & Milling Q.C.,ID4163,Fluxicon Disco,Variant 103,103,2012-01-27T00:00:00.000,2012-01-26T22:30:00.000
Turning & Milling,Case235,ID4641,Turning & Milling,ID4641,Fluxicon Disco,Variant 103,103,2012-01-27T11:36:00.000,2012-01-27T02:33:00.000
Milling,Case235,ID4326,Milling,ID4326,Fluxicon Disco,Variant 103,103,2012-01-27T18:30:00.000,2012-01-27T13:00:00.000
Turning & Milling Q.C.,Case235,ID4163,Turning & Milling Q.C.,ID4163,Fluxicon Disco,Variant 103,103,2012-01-29T14:40:00.000,2012-01-29T13:15:00.000
Turning & Milling Q.C.,Case235,ID4163,Turning & Milling Q.C.,ID4163,Fluxicon Disco,Variant 103,103,2012-01-29T18:50:00.000,2012-01-29T15:00:00.000
Laser Marking,Case235,ID0998,Laser Marking,ID0998,Fluxicon Disco,Variant 103,103,2012-01-29T23:59:00.000,2012-01-29T22:44:00.000
Flat Grinding,Case235,ID0998,Flat Grinding,ID0998,Fluxicon Disco,Variant 103,103,2012-01-29T22:44:00.000,2012-01-29T22:44:00.000
Lapping,Case235,ID0998,Lapping,ID0998,Fluxicon Disco,Variant 103,103,2012-01-30T00:00:00.000,2012-01-29T22:45:00.000
Round Grinding,Case235,ID4385,Round Grinding,ID4385,Fluxicon Disco,Variant 103,103,2012-01-30T05:11:00.000,2012-01-30T02:45:00.000
Round Grinding,Case235,ID4385,Round Grinding,ID4385,Fluxicon Disco,Variant 103,103,2012-01-31T09:00:00.000,2012-01-31T06:00:00.000
Round Grinding,Case235,ID4385,Round Grinding,ID4385,Fluxicon Disco,Variant 103,103,2012-01-31T12:15:00.000,2012-01-31T09:00:00.000
Round Grinding,Case235,ID4385,Round Grinding,ID4385,Fluxicon Disco,Variant 103,103,2012-01-31T13:00:00.000,2012-01-31T12:15:00.000
Round Grinding,Case235,ID4528,Round Grinding,ID4528,Fluxicon Disco,Variant 103,103,2012-02-01T04:20:00.000,2012-01-31T22:00:00.000
Turning & Milling Q.C.,Case235,ID4163,Turning & Milling Q.C.,ID4163,Fluxicon Disco,Variant 103,103,2012-01-31T23:59:00.000,2012-01-31T22:10:00.000
Round Grinding,Case235,ID4445,Round Grinding,ID4445,Fluxicon Disco,Variant 103,103,2012-02-01T14:20:00.000,2012-02-01T13:00:00.000
Round Grinding,Case235,ID4445,Round Grinding,ID4445,Fluxicon Disco,Variant 103,103,2012-02-01T18:24:00.000,2012-02-01T14:20:00.000
Grinding Rework,Case235,ID4872,Grinding Rework,ID4872,Fluxicon Disco,Variant 103,103,2012-02-01T20:12:00.000,2012-02-01T19:46:00.000
Packing,Case235,ID4820,Packing,ID4820,Fluxicon Disco,Variant 103,103,2012-02-02T07:00:00.000,2012-02-02T06:00:00.000
Final Inspection Q.C.,Case235,ID4163,Final Inspection Q.C.,ID4163,Fluxicon Disco,Variant 103,103,2012-02-02T14:40:00.000,2012-02-02T13:00:00.000
Final Inspection Q.C.,Case235,ID4163,Final Inspection Q.C.,ID4163,Fluxicon Disco,Variant 103,103,2012-02-02T14:40:00.000,2012-02-02T13:50:00.000
Final Inspection Q.C.,Case235,ID4163,Final Inspection Q.C.,ID4163,Fluxicon Disco,Variant 103,103,2012-02-02T16:00:00.000,2012-02-02T15:00:00.000
Final Inspection Q.C.,Case235,ID4163,Final Inspection Q.C.,ID4163,Fluxicon Disco,Variant 103,103,2012-02-02T18:50:00.000,2012-02-02T15:00:00.000
Final Inspection Q.C.,Case235,ID4163,Final Inspection Q.C.,ID4163,Fluxicon Disco,Variant 103,103,2012-02-03T00:00:00.000,2012-02-02T19:20:00.000
Final Inspection Q.C.,Case235,ID4163,Final Inspection Q.C.,ID4163,Fluxicon Disco,Variant 103,103,2012-02-22T18:50:00.000,2012-02-22T17:00:00.000
End,Case235,End,End,End,Fluxicon Disco,Variant 103,103,2012-02-22T18:50:00.000,2012-02-22T18:50:00.000
Start,Case236,Start,Start,Start,Fluxicon Disco,Variant 104,104,2012-01-03T02:45:00.000,2012-01-03T02:45:00.000
Round Grinding,Case236,ID4528,Round Grinding,ID4528,Fluxicon Disco,Variant 104,104,2012-01-03T03:30:00.000,2012-01-03T02:45:00.000
Round Grinding,Case236,ID4528,Round Grinding,ID4528,Fluxicon Disco,Variant 104,104,2012-01-03T05:45:00.000,2012-01-03T04:00:00.000
Turning & Milling Q.C.,Case236,ID4618,Turning & Milling Q.C.,ID4618,Fluxicon Disco,Variant 104,104,2012-01-03T13:44:00.000,2012-01-03T12:50:00.000
Round Grinding,Case236,ID4872,Round Grinding,ID4872,Fluxicon Disco,Variant 104,104,2012-01-03T17:50:00.000,2012-01-03T13:00:00.000
Round Grinding,Case236,ID4528,Round Grinding,ID4528,Fluxicon Disco,Variant 104,104,2012-01-04T05:40:00.000,2012-01-03T22:00:00.000
Round Grinding,Case236,ID4528,Round Grinding,ID4528,Fluxicon Disco,Variant 104,104,2012-01-04T22:58:00.000,2012-01-04T22:14:00.000
Final Inspection Q.C.,Case236,ID4618,Final Inspection Q.C.,ID4618,Fluxicon Disco,Variant 104,104,2012-01-05T21:29:00.000,2012-01-05T15:53:00.000
Packing,Case236,ID4491,Packing,ID4491,Fluxicon Disco,Variant 104,104,2012-01-06T07:00:00.000,2012-01-06T06:00:00.000
End,Case236,End,End,End,Fluxicon Disco,Variant 104,104,2012-01-06T07:00:00.000,2012-01-06T07:00:00.000
Start,Case237,Start,Start,Start,Fluxicon Disco,Variant 105,105,2012-01-03T06:00:00.000,2012-01-03T06:00:00.000
Turning & Milling Q.C.,Case237,ID4618,Turning & Milling Q.C.,ID4618,Fluxicon Disco,Variant 105,105,2012-01-03T07:15:00.000,2012-01-03T06:00:00.000
Turning & Milling,Case237,ID4167,Turning & Milling,ID4167,Fluxicon Disco,Variant 105,105,2012-01-03T19:00:00.000,2012-01-03T13:00:00.000
Turning & Milling Q.C.,Case237,ID4618,Turning & Milling Q.C.,ID4618,Fluxicon Disco,Variant 105,105,2012-01-04T07:15:00.000,2012-01-04T06:00:00.000
Turning & Milling Q.C.,Case237,ID4618,Turning & Milling Q.C.,ID4618,Fluxicon Disco,Variant 105,105,2012-01-04T16:24:00.000,2012-01-04T13:59:00.000
Laser Marking,Case237,ID0998,Laser Marking,ID0998,Fluxicon Disco,Variant 105,105,2012-01-11T16:58:00.000,2012-01-11T16:08:00.000
Laser Marking,Case237,ID4882,Laser Marking,ID4882,Fluxicon Disco,Variant 105,105,2012-01-11T19:22:00.000,2012-01-11T16:53:00.000
Round Grinding,Case237,ID4445,Round Grinding,ID4445,Fluxicon Disco,Variant 105,105,2012-01-17T15:23:00.000,2012-01-17T13:00:00.000
Round Grinding,Case237,ID4445,Round Grinding,ID4445,Fluxicon Disco,Variant 105,105,2012-01-17T22:02:00.000,2012-01-17T15:24:00.000
Round Grinding,Case237,ID4528,Round Grinding,ID4528,Fluxicon Disco,Variant 105,105,2012-01-18T12:26:00.000,2012-01-18T02:54:00.000
Round Grinding,Case237,ID4445,Round Grinding,ID4445,Fluxicon Disco,Variant 105,105,2012-01-18T15:50:00.000,2012-01-18T13:58:00.000
Round Grinding,Case237,ID4385,Round Grinding,ID4385,Fluxicon Disco,Variant 105,105,2012-01-19T03:57:00.000,2012-01-18T23:58:00.000
Round Grinding,Case237,ID4385,Round Grinding,ID4385,Fluxicon Disco,Variant 105,105,2012-01-19T05:43:00.000,2012-01-19T03:58:00.000
Round Grinding,Case237,ID4528,Round Grinding,ID4528,Fluxicon Disco,Variant 105,105,2012-01-19T12:24:00.000,2012-01-19T08:24:00.000
Round Grinding,Case237,ID4528,Round Grinding,ID4528,Fluxicon Disco,Variant 105,105,2012-01-19T13:40:00.000,2012-01-19T12:25:00.000
Round Grinding,Case237,ID4445,Round Grinding,ID4445,Fluxicon Disco,Variant 105,105,2012-01-19T17:57:00.000,2012-01-19T13:42:00.000
Round Grinding,Case237,ID4445,Round Grinding,ID4445,Fluxicon Disco,Variant 105,105,2012-01-19T23:40:00.000,2012-01-19T17:57:00.000
Round Grinding,Case237,ID4385,Round Grinding,ID4385,Fluxicon Disco,Variant 105,105,2012-01-20T00:59:00.000,2012-01-19T23:42:00.000
Round Grinding,Case237,ID4528,Round Grinding,ID4528,Fluxicon Disco,Variant 105,105,2012-01-20T05:25:00.000,2012-01-20T02:17:00.000
Round Grinding,Case237,ID4872,Round Grinding,ID4872,Fluxicon Disco,Variant 105,105,2012-01-20T15:11:00.000,2012-01-20T12:54:00.000
Round Grinding,Case237,ID4445,Round Grinding,ID4445,Fluxicon Disco,Variant 105,105,2012-01-22T07:59:00.000,2012-01-22T04:26:00.000
Round Grinding,Case237,ID0420,Round Grinding,ID0420,Fluxicon Disco,Variant 105,105,2012-01-28T18:20:00.000,2012-01-28T16:00:00.000
Round Grinding,Case237,ID4528,Round Grinding,ID4528,Fluxicon Disco,Variant 105,105,2012-01-29T12:40:00.000,2012-01-29T05:30:00.000
Round Grinding,Case237,ID4355,Round Grinding,ID4355,Fluxicon Disco,Variant 105,105,2012-01-29T13:08:00.000,2012-01-29T13:02:00.000
Round Grinding,Case237,ID4355,Round Grinding,ID4355,Fluxicon Disco,Variant 105,105,2012-01-29T15:32:00.000,2012-01-29T14:12:00.000
Round Grinding,Case237,ID4355,Round Grinding,ID4355,Fluxicon Disco,Variant 105,105,2012-01-29T23:10:00.000,2012-01-29T19:31:00.000
Round Grinding,Case237,ID0420,Round Grinding,ID0420,Fluxicon Disco,Variant 105,105,2012-01-30T05:14:00.000,2012-01-30T01:57:00.000
Final Inspection Q.C.,Case237,ID4618,Final Inspection Q.C.,ID4618,Fluxicon Disco,Variant 105,105,2012-01-31T00:02:00.000,2012-01-30T19:54:00.000
Packing,Case237,ID4291,Packing,ID4291,Fluxicon Disco,Variant 105,105,2012-01-31T07:00:00.000,2012-01-31T06:00:00.000
Final Inspection Q.C.,Case237,ID4618,Final Inspection Q.C.,ID4618,Fluxicon Disco,Variant 105,105,2012-01-31T13:47:00.000,2012-01-31T13:00:00.000
Final Inspection Q.C.,Case237,ID4618,Final Inspection Q.C.,ID4618,Fluxicon Disco,Variant 105,105,2012-01-31T17:38:00.000,2012-01-31T15:38:00.000
Round Grinding,Case237,ID4385,Round Grinding,ID4385,Fluxicon Disco,Variant 105,105,2012-02-07T15:06:00.000,2012-02-07T14:01:00.000
Round Grinding,Case237,ID4385,Round Grinding,ID4385,Fluxicon Disco,Variant 105,105,2012-02-07T16:45:00.000,2012-02-07T15:07:00.000
Round Grinding,Case237,ID4385,Round Grinding,ID4385,Fluxicon Disco,Variant 105,105,2012-02-07T19:01:00.000,2012-02-07T16:46:00.000
Final Inspection Q.C.,Case237,ID4618,Final Inspection Q.C.,ID4618,Fluxicon Disco,Variant 105,105,2012-02-20T00:01:00.000,2012-02-19T23:02:00.000
Final Inspection Q.C.,Case237,ID4618,Final Inspection Q.C.,ID4618,Fluxicon Disco,Variant 105,105,2012-02-20T21:33:00.000,2012-02-20T13:18:00.000
Final Inspection Q.C.,Case237,ID4618,Final Inspection Q.C.,ID4618,Fluxicon Disco,Variant 105,105,2012-02-20T21:35:00.000,2012-02-20T21:34:00.000
Packing,Case237,ID4820,Packing,ID4820,Fluxicon Disco,Variant 105,105,2012-02-21T07:00:00.000,2012-02-21T06:00:00.000
Grinding Rework,Case237,ID4872,Grinding Rework,ID4872,Fluxicon Disco,Variant 105,105,2012-03-07T05:35:00.000,2012-03-07T04:30:00.000
Grinding Rework,Case237,ID4528,Grinding Rework,ID4528,Fluxicon Disco,Variant 105,105,2012-03-07T19:50:00.000,2012-03-07T16:30:00.000
End,Case237,End,End,End,Fluxicon Disco,Variant 105,105,2012-03-07T19:50:00.000,2012-03-07T19:50:00.000
Start,Case238,Start,Start,Start,Fluxicon Disco,Variant 106,106,2012-01-02T07:00:00.000,2012-01-02T07:00:00.000
Turning & Milling,Case238,ID4794,Turning & Milling,ID4794,Fluxicon Disco,Variant 106,106,2012-01-02T13:00:00.000,2012-01-02T07:00:00.000
Turning & Milling,Case238,ID4529,Turning & Milling,ID4529,Fluxicon Disco,Variant 106,106,2012-01-02T20:00:00.000,2012-01-02T13:00:00.000
Turning & Milling,Case238,ID4529,Turning & Milling,ID4529,Fluxicon Disco,Variant 106,106,2012-01-02T22:00:00.000,2012-01-02T20:00:00.000
Turning & Milling,Case238,ID4794,Turning & Milling,ID4794,Fluxicon Disco,Variant 106,106,2012-01-03T13:00:00.000,2012-01-03T02:00:00.000
Turning & Milling,Case238,ID4167,Turning & Milling,ID4167,Fluxicon Disco,Variant 106,106,2012-01-03T13:43:00.000,2012-01-03T13:34:00.000
Turning & Milling,Case238,ID4167,Turning & Milling,ID4167,Fluxicon Disco,Variant 106,106,2012-01-03T14:49:00.000,2012-01-03T13:35:00.000
Turning & Milling Q.C.,Case238,ID4618,Turning & Milling Q.C.,ID4618,Fluxicon Disco,Variant 106,106,2012-01-03T15:11:00.000,2012-01-03T13:44:00.000
Turning & Milling,Case238,ID4167,Turning & Milling,ID4167,Fluxicon Disco,Variant 106,106,2012-01-03T22:07:00.000,2012-01-03T16:17:00.000
Turning & Milling,Case238,ID4794,Turning & Milling,ID4794,Fluxicon Disco,Variant 106,106,2012-01-04T12:32:00.000,2012-01-04T02:14:00.000
Turning & Milling Q.C.,Case238,ID4618,Turning & Milling Q.C.,ID4618,Fluxicon Disco,Variant 106,106,2012-01-04T13:29:00.000,2012-01-04T12:50:00.000
Turning & Milling,Case238,ID4167,Turning & Milling,ID4167,Fluxicon Disco,Variant 106,106,2012-01-05T00:03:00.000,2012-01-04T13:13:00.000
Turning & Milling,Case238,ID4794,Turning & Milling,ID4794,Fluxicon Disco,Variant 106,106,2012-01-05T02:18:00.000,2012-01-05T02:07:00.000
Turning & Milling,Case238,ID4932,Turning & Milling,ID4932,Fluxicon Disco,Variant 106,106,2012-01-05T12:46:00.000,2012-01-05T02:19:00.000
Turning & Milling,Case238,ID4167,Turning & Milling,ID4167,Fluxicon Disco,Variant 106,106,2012-01-05T17:32:00.000,2012-01-05T06:49:00.000
Turning & Milling Q.C.,Case238,ID4618,Turning & Milling Q.C.,ID4618,Fluxicon Disco,Variant 106,106,2012-01-05T15:23:00.000,2012-01-05T14:00:00.000
Turning & Milling Q.C.,Case238,ID4618,Turning & Milling Q.C.,ID4618,Fluxicon Disco,Variant 106,106,2012-01-08T22:52:00.000,2012-01-08T22:20:00.000
Laser Marking,Case238,ID4445,Laser Marking,ID4445,Fluxicon Disco,Variant 106,106,2012-01-18T17:37:00.000,2012-01-18T14:18:00.000
Round Grinding,Case238,ID4445,Round Grinding,ID4445,Fluxicon Disco,Variant 106,106,2012-01-22T08:50:00.000,2012-01-22T07:59:00.000
Round Grinding,Case238,ID4445,Round Grinding,ID4445,Fluxicon Disco,Variant 106,106,2012-01-22T12:53:00.000,2012-01-22T08:50:00.000
Round Grinding,Case238,ID4528,Round Grinding,ID4528,Fluxicon Disco,Variant 106,106,2012-01-22T13:10:00.000,2012-01-22T13:00:00.000
Turning & Milling Q.C.,Case238,ID4618,Turning & Milling Q.C.,ID4618,Fluxicon Disco,Variant 106,106,2012-01-22T18:13:00.000,2012-01-22T13:06:00.000
Round Grinding,Case238,ID4385,Round Grinding,ID4385,Fluxicon Disco,Variant 106,106,2012-01-22T21:58:00.000,2012-01-22T15:25:00.000
Round Grinding,Case238,ID4355,Round Grinding,ID4355,Fluxicon Disco,Variant 106,106,2012-01-23T00:59:00.000,2012-01-22T22:07:00.000
Round Grinding,Case238,ID4445,Round Grinding,ID4445,Fluxicon Disco,Variant 106,106,2012-01-23T12:47:00.000,2012-01-23T02:00:00.000
Round Grinding,Case238,ID0420,Round Grinding,ID0420,Fluxicon Disco,Variant 106,106,2012-01-23T23:26:00.000,2012-01-23T13:01:00.000
Round Grinding,Case238,ID4445,Round Grinding,ID4445,Fluxicon Disco,Variant 106,106,2012-01-24T03:16:00.000,2012-01-24T01:56:00.000
Round Grinding,Case238,ID0420,Round Grinding,ID0420,Fluxicon Disco,Variant 106,106,2012-02-08T23:23:00.000,2012-02-08T22:40:00.000
Round Grinding,Case238,ID4445,Round Grinding,ID4445,Fluxicon Disco,Variant 106,106,2012-02-09T02:20:00.000,2012-02-09T02:15:00.000
Round Grinding,Case238,ID4445,Round Grinding,ID4445,Fluxicon Disco,Variant 106,106,2012-02-09T12:48:00.000,2012-02-09T12:03:00.000
Round Grinding,Case238,ID0420,Round Grinding,ID0420,Fluxicon Disco,Variant 106,106,2012-02-09T21:51:00.000,2012-02-09T12:51:00.000
Round Grinding,Case238,ID4355,Round Grinding,ID4355,Fluxicon Disco,Variant 106,106,2012-02-10T04:30:00.000,2012-02-09T22:05:00.000
Round Grinding,Case238,ID4618,Round Grinding,ID4618,Fluxicon Disco,Variant 106,106,2012-02-16T07:15:00.000,2012-02-16T06:00:00.000
Final Inspection Q.C.,Case238,ID4618,Final Inspection Q.C.,ID4618,Fluxicon Disco,Variant 106,106,2012-02-16T20:04:00.000,2012-02-16T15:02:00.000
Final Inspection Q.C.,Case238,ID4618,Final Inspection Q.C.,ID4618,Fluxicon Disco,Variant 106,106,2012-02-16T21:32:00.000,2012-02-16T20:12:00.000
Packing,Case238,ID4820,Packing,ID4820,Fluxicon Disco,Variant 106,106,2012-02-17T07:00:00.000,2012-02-17T06:00:00.000
End,Case238,End,End,End,Fluxicon Disco,Variant 106,106,2012-02-17T07:00:00.000,2012-02-17T07:00:00.000
Start,Case239,Start,Start,Start,Fluxicon Disco,Variant 107,107,2012-01-15T04:56:00.000,2012-01-15T04:56:00.000
Turning & Milling,Case239,ID4794,Turning & Milling,ID4794,Fluxicon Disco,Variant 107,107,2012-01-15T12:38:00.000,2012-01-15T04:56:00.000
Turning & Milling,Case239,ID4429,Turning & Milling,ID4429,Fluxicon Disco,Variant 107,107,2012-01-15T16:34:00.000,2012-01-15T15:45:00.000
Turning & Milling,Case239,ID4529,Turning & Milling,ID4529,Fluxicon Disco,Variant 107,107,2012-01-15T19:39:00.000,2012-01-15T16:31:00.000
Turning & Milling Q.C.,Case239,ID4618,Turning & Milling Q.C.,ID4618,Fluxicon Disco,Variant 107,107,2012-01-15T17:29:00.000,2012-01-15T17:03:00.000
Turning & Milling,Case239,ID4794,Turning & Milling,ID4794,Fluxicon Disco,Variant 107,107,2012-01-16T08:37:00.000,2012-01-16T03:15:00.000
Turning & Milling Q.C.,Case239,ID4618,Turning & Milling Q.C.,ID4618,Fluxicon Disco,Variant 107,107,2012-01-17T19:33:00.000,2012-01-17T17:28:00.000
Nitration Q.C.,Case239,ID4618,Nitration Q.C.,ID4618,Fluxicon Disco,Variant 107,107,2012-01-23T20:49:00.000,2012-01-23T20:46:00.000
Laser Marking,Case239,ID0998,Laser Marking,ID0998,Fluxicon Disco,Variant 107,107,2012-01-24T23:14:00.000,2012-01-24T23:01:00.000
Lapping,Case239,ID0998,Lapping,ID0998,Fluxicon Disco,Variant 107,107,2012-01-25T18:12:00.000,2012-01-25T17:11:00.000
Final Inspection Q.C.,Case239,ID4618,Final Inspection Q.C.,ID4618,Fluxicon Disco,Variant 107,107,2012-01-26T00:02:00.000,2012-01-25T20:21:00.000
Final Inspection Q.C.,Case239,ID4618,Final Inspection Q.C.,ID4618,Fluxicon Disco,Variant 107,107,2012-01-27T19:15:00.000,2012-01-27T18:00:00.000
Packing,Case239,ID4820,Packing,ID4820,Fluxicon Disco,Variant 107,107,2012-01-30T07:00:00.000,2012-01-30T06:00:00.000
End,Case239,End,End,End,Fluxicon Disco,Variant 107,107,2012-01-30T07:00:00.000,2012-01-30T07:00:00.000
Start,Case24,Start,Start,Start,Fluxicon Disco,Variant 108,108,2012-01-18T02:01:00.000,2012-01-18T02:01:00.000
Turning & Milling,Case24,ID4932,Turning & Milling,ID4932,Fluxicon Disco,Variant 108,108,2012-01-18T05:24:00.000,2012-01-18T02:01:00.000
Turning & Milling,Case24,ID4932,Turning & Milling,ID4932,Fluxicon Disco,Variant 108,108,2012-01-18T10:03:00.000,2012-01-18T05:25:00.000
Turning & Milling Q.C.,Case24,ID4493,Turning & Milling Q.C.,ID4493,Fluxicon Disco,Variant 108,108,2012-01-18T18:07:00.000,2012-01-18T14:36:00.000
Laser Marking,Case24,ID4882,Laser Marking,ID4882,Fluxicon Disco,Variant 108,108,2012-01-19T16:47:00.000,2012-01-19T15:32:00.000
Round Grinding,Case24,ID4109,Round Grinding,ID4109,Fluxicon Disco,Variant 108,108,2012-01-24T02:00:00.000,2012-01-23T22:00:00.000
Lapping,Case24,ID4872,Lapping,ID4872,Fluxicon Disco,Variant 108,108,2012-01-24T00:13:00.000,2012-01-24T00:12:00.000
Round Grinding,Case24,ID4493,Round Grinding,ID4493,Fluxicon Disco,Variant 108,108,2012-01-27T19:56:00.000,2012-01-27T18:41:00.000
Round Grinding,Case24,ID4355,Round Grinding,ID4355,Fluxicon Disco,Variant 108,108,2012-02-23T21:20:00.000,2012-02-23T18:27:00.000
Lapping,Case24,ID0998,Lapping,ID0998,Fluxicon Disco,Variant 108,108,2012-02-23T21:46:00.000,2012-02-23T19:26:00.000
Lapping,Case24,ID4882,Lapping,ID4882,Fluxicon Disco,Variant 108,108,2012-02-23T21:52:00.000,2012-02-23T21:17:00.000
Lapping,Case24,ID0998,Lapping,ID0998,Fluxicon Disco,Variant 108,108,2012-02-23T22:32:00.000,2012-02-23T21:17:00.000
Round Grinding,Case24,ID4355,Round Grinding,ID4355,Fluxicon Disco,Variant 108,108,2012-02-23T23:42:00.000,2012-02-23T21:21:00.000
Final Inspection Q.C.,Case24,ID4493,Final Inspection Q.C.,ID4493,Fluxicon Disco,Variant 108,108,2012-02-27T16:52:00.000,2012-02-27T14:52:00.000
Final Inspection Q.C.,Case24,ID4493,Final Inspection Q.C.,ID4493,Fluxicon Disco,Variant 108,108,2012-02-28T15:21:00.000,2012-02-28T13:21:00.000
Packing,Case24,ID4820,Packing,ID4820,Fluxicon Disco,Variant 108,108,2012-02-29T07:00:00.000,2012-02-29T06:00:00.000
End,Case24,End,End,End,Fluxicon Disco,Variant 108,108,2012-02-29T07:00:00.000,2012-02-29T07:00:00.000
Start,Case240,Start,Start,Start,Fluxicon Disco,Variant 109,109,2012-02-01T09:22:00.000,2012-02-01T09:22:00.000
Turning & Milling,Case240,ID4794,Turning & Milling,ID4794,Fluxicon Disco,Variant 109,109,2012-02-01T13:00:00.000,2012-02-01T09:22:00.000
Turning & Milling,Case240,ID4529,Turning & Milling,ID4529,Fluxicon Disco,Variant 109,109,2012-02-01T21:01:00.000,2012-02-01T13:02:00.000
Turning & Milling,Case240,ID4429,Turning & Milling,ID4429,Fluxicon Disco,Variant 109,109,2012-02-02T01:54:00.000,2012-02-01T22:44:00.000
Turning & Milling,Case240,ID4794,Turning & Milling,ID4794,Fluxicon Disco,Variant 109,109,2012-02-02T12:47:00.000,2012-02-02T01:56:00.000
Turning & Milling,Case240,ID4529,Turning & Milling,ID4529,Fluxicon Disco,Variant 109,109,2012-02-02T21:46:00.000,2012-02-02T13:00:00.000
Turning & Milling,Case240,ID4429,Turning & Milling,ID4429,Fluxicon Disco,Variant 109,109,2012-02-03T01:45:00.000,2012-02-02T22:10:00.000
Flat Grinding,Case240,ID4882,Flat Grinding,ID4882,Fluxicon Disco,Variant 109,109,2012-02-06T07:15:00.000,2012-02-06T06:00:00.000
Turning & Milling Q.C.,Case240,ID4618,Turning & Milling Q.C.,ID4618,Fluxicon Disco,Variant 109,109,2012-02-06T21:22:00.000,2012-02-06T21:21:00.000
Laser Marking,Case240,ID0998,Laser Marking,ID0998,Fluxicon Disco,Variant 109,109,2012-02-06T22:03:00.000,2012-02-06T21:23:00.000
Flat Grinding,Case240,ID4882,Flat Grinding,ID4882,Fluxicon Disco,Variant 109,109,2012-02-06T23:06:00.000,2012-02-06T22:24:00.000
Packing,Case240,ID4491,Packing,ID4491,Fluxicon Disco,Variant 109,109,2012-02-07T07:00:00.000,2012-02-07T06:00:00.000
Turning & Milling,Case240,ID4794,Turning & Milling,ID4794,Fluxicon Disco,Variant 109,109,2012-02-07T15:17:00.000,2012-02-07T13:15:00.000
Lapping,Case240,ID0998,Lapping,ID0998,Fluxicon Disco,Variant 109,109,2012-02-07T15:59:00.000,2012-02-07T15:06:00.000
Turning & Milling,Case240,ID4794,Turning & Milling,ID4794,Fluxicon Disco,Variant 109,109,2012-02-07T21:47:00.000,2012-02-07T15:18:00.000
Final Inspection Q.C.,Case240,ID4618,Final Inspection Q.C.,ID4618,Fluxicon Disco,Variant 109,109,2012-02-07T19:40:00.000,2012-02-07T16:25:00.000
Final Inspection Q.C.,Case240,ID4618,Final Inspection Q.C.,ID4618,Fluxicon Disco,Variant 109,109,2012-02-07T21:00:00.000,2012-02-07T19:45:00.000
Turning & Milling Q.C.,Case240,ID4618,Turning & Milling Q.C.,ID4618,Fluxicon Disco,Variant 109,109,2012-02-07T20:35:00.000,2012-02-07T20:34:00.000
Laser Marking,Case240,ID0998,Laser Marking,ID0998,Fluxicon Disco,Variant 109,109,2012-02-12T16:26:00.000,2012-02-12T14:21:00.000
Turning & Milling Q.C.,Case240,ID4618,Turning & Milling Q.C.,ID4618,Fluxicon Disco,Variant 109,109,2012-02-12T15:53:00.000,2012-02-12T15:50:00.000
Flat Grinding,Case240,ID4882,Flat Grinding,ID4882,Fluxicon Disco,Variant 109,109,2012-02-12T17:51:00.000,2012-02-12T16:16:00.000
Lapping,Case240,ID4882,Lapping,ID4882,Fluxicon Disco,Variant 109,109,2012-02-13T07:15:00.000,2012-02-13T06:00:00.000
Lapping,Case240,ID4882,Lapping,ID4882,Fluxicon Disco,Variant 109,109,2012-02-13T15:48:00.000,2012-02-13T15:01:00.000
Lapping,Case240,ID4882,Lapping,ID4882,Fluxicon Disco,Variant 109,109,2012-02-13T17:33:00.000,2012-02-13T16:32:00.000
Final Inspection Q.C.,Case240,ID4618,Final Inspection Q.C.,ID4618,Fluxicon Disco,Variant 109,109,2012-02-13T21:14:00.000,2012-02-13T20:19:00.000
Final Inspection Q.C.,Case240,ID4618,Final Inspection Q.C.,ID4618,Fluxicon Disco,Variant 109,109,2012-02-14T19:47:00.000,2012-02-14T18:32:00.000
Final Inspection Q.C.,Case240,ID4618,Final Inspection Q.C.,ID4618,Fluxicon Disco,Variant 109,109,2012-02-14T22:00:00.000,2012-02-14T20:45:00.000
Packing,Case240,ID4820,Packing,ID4820,Fluxicon Disco,Variant 109,109,2012-02-15T07:00:00.000,2012-02-15T06:00:00.000
End,Case240,End,End,End,Fluxicon Disco,Variant 109,109,2012-02-15T07:00:00.000,2012-02-15T07:00:00.000
Start,Case241,Start,Start,Start,Fluxicon Disco,Variant 110,110,2012-01-16T06:00:00.000,2012-01-16T06:00:00.000
Turning & Milling,Case241,ID4429,Turning & Milling,ID4429,Fluxicon Disco,Variant 110,110,2012-01-16T07:15:00.000,2012-01-16T06:00:00.000
Turning & Milling,Case241,ID4429,Turning & Milling,ID4429,Fluxicon Disco,Variant 110,110,2012-01-17T07:15:00.000,2012-01-17T06:00:00.000
Turning & Milling,Case241,ID4167,Turning & Milling,ID4167,Fluxicon Disco,Variant 110,110,2012-01-23T05:34:00.000,2012-01-23T02:03:00.000
Turning & Milling Q.C.,Case241,ID4287,Turning & Milling Q.C.,ID4287,Fluxicon Disco,Variant 110,110,2012-01-23T15:57:00.000,2012-01-23T13:00:00.000
Turning & Milling,Case241,ID4794,Turning & Milling,ID4794,Fluxicon Disco,Variant 110,110,2012-01-23T16:41:00.000,2012-01-23T13:51:00.000
Turning & Milling,Case241,ID4794,Turning & Milling,ID4794,Fluxicon Disco,Variant 110,110,2012-01-23T22:02:00.000,2012-01-23T16:41:00.000
Turning & Milling Q.C.,Case241,ID4287,Turning & Milling Q.C.,ID4287,Fluxicon Disco,Variant 110,110,2012-01-24T14:40:00.000,2012-01-24T13:00:00.000
Laser Marking,Case241,ID0998,Laser Marking,ID0998,Fluxicon Disco,Variant 110,110,2012-01-24T19:37:00.000,2012-01-24T18:25:00.000
Flat Grinding,Case241,ID0998,Flat Grinding,ID0998,Fluxicon Disco,Variant 110,110,2012-01-26T18:40:00.000,2012-01-26T17:25:00.000
Lapping,Case241,ID0998,Lapping,ID0998,Fluxicon Disco,Variant 110,110,2012-01-26T18:40:00.000,2012-01-26T17:25:00.000
Final Inspection Q.C.,Case241,ID4287,Final Inspection Q.C.,ID4287,Fluxicon Disco,Variant 110,110,2012-01-26T20:53:00.000,2012-01-26T17:30:00.000
Packing,Case241,ID4820,Packing,ID4820,Fluxicon Disco,Variant 110,110,2012-01-27T07:00:00.000,2012-01-27T06:00:00.000
End,Case241,End,End,End,Fluxicon Disco,Variant 110,110,2012-01-27T07:00:00.000,2012-01-27T07:00:00.000
Start,Case242,Start,Start,Start,Fluxicon Disco,Variant 111,111,2012-02-08T13:00:00.000,2012-02-08T13:00:00.000
Turning & Milling,Case242,ID4794,Turning & Milling,ID4794,Fluxicon Disco,Variant 111,111,2012-02-08T20:19:00.000,2012-02-08T13:00:00.000
Turning & Milling,Case242,ID4794,Turning & Milling,ID4794,Fluxicon Disco,Variant 111,111,2012-02-08T21:50:00.000,2012-02-08T20:19:00.000
Turning & Milling,Case242,ID4167,Turning & Milling,ID4167,Fluxicon Disco,Variant 111,111,2012-02-09T02:12:00.000,2012-02-08T22:30:00.000
Turning & Milling,Case242,ID4529,Turning & Milling,ID4529,Fluxicon Disco,Variant 111,111,2012-02-09T08:46:00.000,2012-02-09T02:16:00.000
Turning & Milling,Case242,ID4794,Turning & Milling,ID4794,Fluxicon Disco,Variant 111,111,2012-02-09T21:41:00.000,2012-02-09T20:52:00.000
Turning & Milling Q.C.,Case242,ID4287,Turning & Milling Q.C.,ID4287,Fluxicon Disco,Variant 111,111,2012-02-10T15:29:00.000,2012-02-10T13:30:00.000
Turning & Milling Q.C.,Case242,ID4287,Turning & Milling Q.C.,ID4287,Fluxicon Disco,Variant 111,111,2012-02-10T15:36:00.000,2012-02-10T15:35:00.000
Lapping,Case242,ID4882,Lapping,ID4882,Fluxicon Disco,Variant 111,111,2012-02-12T07:15:00.000,2012-02-12T06:00:00.000
Turning & Milling,Case242,ID0997,Turning & Milling,ID0997,Fluxicon Disco,Variant 111,111,2012-02-12T19:31:00.000,2012-02-12T16:06:00.000
Laser Marking,Case242,ID0998,Laser Marking,ID0998,Fluxicon Disco,Variant 111,111,2012-02-12T16:46:00.000,2012-02-12T16:30:00.000
Lapping,Case242,ID0998,Lapping,ID0998,Fluxicon Disco,Variant 111,111,2012-02-12T23:47:00.000,2012-02-12T22:08:00.000
Turning & Milling,Case242,ID4794,Turning & Milling,ID4794,Fluxicon Disco,Variant 111,111,2012-02-13T04:28:00.000,2012-02-13T02:10:00.000
Round Grinding,Case242,ID4528,Round Grinding,ID4528,Fluxicon Disco,Variant 111,111,2012-02-13T04:00:00.000,2012-02-13T02:15:00.000
Round Grinding,Case242,ID0937,Round Grinding,ID0937,Fluxicon Disco,Variant 111,111,2012-02-13T07:15:00.000,2012-02-13T04:00:00.000
Turning & Milling,Case242,ID4794,Turning & Milling,ID4794,Fluxicon Disco,Variant 111,111,2012-02-13T10:31:00.000,2012-02-13T04:29:00.000
Round Grinding,Case242,ID4528,Round Grinding,ID4528,Fluxicon Disco,Variant 111,111,2012-02-13T12:40:00.000,2012-02-13T06:00:00.000
Turning & Milling Q.C.,Case242,ID4287,Turning & Milling Q.C.,ID4287,Fluxicon Disco,Variant 111,111,2012-02-13T13:30:00.000,2012-02-13T13:00:00.000
Round Grinding,Case242,ID4872,Round Grinding,ID4872,Fluxicon Disco,Variant 111,111,2012-02-13T22:07:00.000,2012-02-13T13:00:00.000
Round Grinding,Case242,ID4872,Round Grinding,ID4872,Fluxicon Disco,Variant 111,111,2012-02-13T22:07:00.000,2012-02-13T13:00:00.000
Laser Marking,Case242,ID0998,Laser Marking,ID0998,Fluxicon Disco,Variant 111,111,2012-02-13T15:09:00.000,2012-02-13T14:24:00.000
Lapping,Case242,ID0998,Lapping,ID0998,Fluxicon Disco,Variant 111,111,2012-02-13T16:22:00.000,2012-02-13T15:10:00.000
Laser Marking,Case245,ID0998,Laser Marking,ID0998,Fluxicon Disco,Variant 114,114,2012-01-24T23:23:00.000,2012-01-24T23:15:00.000
Lapping,Case245,ID4882,Lapping,ID4882,Fluxicon Disco,Variant 114,114,2012-02-12T07:15:00.000,2012-02-12T06:00:00.000
Round Grinding,Case245,ID4528,Round Grinding,ID4528,Fluxicon Disco,Variant 114,114,2012-02-14T12:40:00.000,2012-02-14T07:00:00.000
Lapping,Case245,ID4528,Lapping,ID4528,Fluxicon Disco,Variant 114,114,2012-02-14T12:38:00.000,2012-02-14T10:54:00.000
Round Grinding,Case245,ID4528,Round Grinding,ID4528,Fluxicon Disco,Variant 114,114,2012-02-15T07:00:00.000,2012-02-15T05:00:00.000
Round Grinding,Case245,ID4528,Round Grinding,ID4528,Fluxicon Disco,Variant 114,114,2012-02-16T12:54:00.000,2012-02-16T02:19:00.000
Round Grinding,Case245,ID4528,Round Grinding,ID4528,Fluxicon Disco,Variant 114,114,2012-02-17T12:54:00.000,2012-02-17T02:20:00.000
Final Inspection Q.C.,Case245,ID4493,Final Inspection Q.C.,ID4493,Fluxicon Disco,Variant 114,114,2012-02-19T21:20:00.000,2012-02-19T13:00:00.000
Packing,Case245,ID4820,Packing,ID4820,Fluxicon Disco,Variant 114,114,2012-02-20T07:00:00.000,2012-02-20T06:00:00.000
End,Case245,End,End,End,Fluxicon Disco,Variant 114,114,2012-02-20T07:00:00.000,2012-02-20T07:00:00.000
Start,Case246,Start,Start,Start,Fluxicon Disco,Variant 115,115,2012-01-02T15:00:00.000,2012-01-02T15:00:00.000
Turning & Milling,Case246,ID4641,Turning & Milling,ID4641,Fluxicon Disco,Variant 115,115,2012-01-02T22:00:00.000,2012-01-02T15:00:00.000
Turning & Milling,Case246,ID3846,Turning & Milling,ID3846,Fluxicon Disco,Variant 115,115,2012-01-03T05:40:00.000,2012-01-02T22:00:00.000
Turning & Milling,Case246,ID4641,Turning & Milling,ID4641,Fluxicon Disco,Variant 115,115,2012-01-03T21:29:00.000,2012-01-03T20:14:00.000
Turning & Milling Q.C.,Case246,ID4287,Turning & Milling Q.C.,ID4287,Fluxicon Disco,Variant 115,115,2012-01-04T14:40:00.000,2012-01-04T13:00:00.000
Laser Marking,Case246,ID4882,Laser Marking,ID4882,Fluxicon Disco,Variant 115,115,2012-01-04T16:21:00.000,2012-01-04T15:39:00.000
Flat Grinding,Case246,ID0998,Flat Grinding,ID0998,Fluxicon Disco,Variant 115,115,2012-01-04T23:54:00.000,2012-01-04T16:59:00.000
Flat Grinding,Case246,ID4882,Flat Grinding,ID4882,Fluxicon Disco,Variant 115,115,2012-01-05T07:15:00.000,2012-01-05T06:00:00.000
Flat Grinding,Case246,ID0998,Flat Grinding,ID0998,Fluxicon Disco,Variant 115,115,2012-01-05T16:35:00.000,2012-01-05T14:16:00.000
Final Inspection Q.C.,Case246,ID4287,Final Inspection Q.C.,ID4287,Fluxicon Disco,Variant 115,115,2012-01-08T21:27:00.000,2012-01-08T20:04:00.000
Packing,Case246,ID4491,Packing,ID4491,Fluxicon Disco,Variant 115,115,2012-01-09T07:00:00.000,2012-01-09T06:00:00.000
End,Case246,End,End,End,Fluxicon Disco,Variant 115,115,2012-01-09T07:00:00.000,2012-01-09T07:00:00.000
Start,Case248,Start,Start,Start,Fluxicon Disco,Variant 116,116,2012-01-08T16:35:00.000,2012-01-08T16:35:00.000
Turning & Milling,Case248,ID3846,Turning & Milling,ID3846,Fluxicon Disco,Variant 116,116,2012-01-08T21:53:00.000,2012-01-08T16:35:00.000
Turning & Milling,Case248,ID3846,Turning & Milling,ID3846,Fluxicon Disco,Variant 116,116,2012-01-08T23:46:00.000,2012-01-08T21:55:00.000
Turning & Milling,Case248,ID4641,Turning & Milling,ID4641,Fluxicon Disco,Variant 116,116,2012-01-09T07:59:00.000,2012-01-09T02:15:00.000
Lapping,Case248,ID4882,Lapping,ID4882,Fluxicon Disco,Variant 116,116,2012-01-10T07:15:00.000,2012-01-10T06:00:00.000
Turning & Milling Q.C.,Case248,ID4493,Turning & Milling Q.C.,ID4493,Fluxicon Disco,Variant 116,116,2012-01-10T14:10:00.000,2012-01-10T13:10:00.000
Laser Marking,Case248,ID0998,Laser Marking,ID0998,Fluxicon Disco,Variant 116,116,2012-01-10T20:33:00.000,2012-01-10T19:24:00.000
Flat Grinding,Case248,ID0998,Flat Grinding,ID0998,Fluxicon Disco,Variant 116,116,2012-01-10T21:48:00.000,2012-01-10T20:33:00.000
Flat Grinding,Case248,ID0998,Flat Grinding,ID0998,Fluxicon Disco,Variant 116,116,2012-01-10T23:33:00.000,2012-01-10T20:34:00.000
Lapping,Case248,ID4882,Lapping,ID4882,Fluxicon Disco,Variant 116,116,2012-01-10T23:34:00.000,2012-01-10T21:47:00.000
Round Grinding,Case248,ID4445,Round Grinding,ID4445,Fluxicon Disco,Variant 116,116,2012-01-11T12:29:00.000,2012-01-11T10:05:00.000
Round Grinding,Case248,ID4445,Round Grinding,ID4445,Fluxicon Disco,Variant 116,116,2012-01-11T12:52:00.000,2012-01-11T12:29:00.000
Round Grinding,Case248,ID4385,Round Grinding,ID4385,Fluxicon Disco,Variant 116,116,2012-01-11T17:35:00.000,2012-01-11T12:56:00.000
Final Inspection Q.C.,Case248,ID4493,Final Inspection Q.C.,ID4493,Fluxicon Disco,Variant 116,116,2012-01-15T21:11:00.000,2012-01-15T18:30:00.000
Packing,Case248,ID4820,Packing,ID4820,Fluxicon Disco,Variant 116,116,2012-01-18T07:00:00.000,2012-01-18T06:00:00.000
Final Inspection Q.C.,Case248,ID4493,Final Inspection Q.C.,ID4493,Fluxicon Disco,Variant 116,116,2012-01-18T14:24:00.000,2012-01-18T13:00:00.000
End,Case248,End,End,End,Fluxicon Disco,Variant 116,116,2012-01-18T14:24:00.000,2012-01-18T14:24:00.000
Start,Case249,Start,Start,Start,Fluxicon Disco,Variant 117,117,2012-01-12T14:03:00.000,2012-01-12T14:03:00.000
Turning & Milling,Case249,ID0997,Turning & Milling,ID0997,Fluxicon Disco,Variant 117,117,2012-01-12T21:05:00.000,2012-01-12T14:03:00.000
Turning & Milling,Case249,ID0997,Turning & Milling,ID0997,Fluxicon Disco,Variant 117,117,2012-01-12T22:00:00.000,2012-01-12T21:06:00.000
Turning & Milling Q.C.,Case249,ID4287,Turning & Milling Q.C.,ID4287,Fluxicon Disco,Variant 117,117,2012-01-13T13:41:00.000,2012-01-13T12:53:00.000
Turning & Milling,Case249,ID0997,Turning & Milling,ID0997,Fluxicon Disco,Variant 117,117,2012-01-13T18:40:00.000,2012-01-13T13:48:00.000
Turning & Milling,Case249,ID0997,Turning & Milling,ID0997,Fluxicon Disco,Variant 117,117,2012-01-15T23:58:00.000,2012-01-15T15:32:00.000
Turning & Milling,Case249,ID4932,Turning & Milling,ID4932,Fluxicon Disco,Variant 117,117,2012-01-16T04:15:00.000,2012-01-16T02:06:00.000
Turning & Milling Q.C.,Case249,ID4287,Turning & Milling Q.C.,ID4287,Fluxicon Disco,Variant 117,117,2012-01-16T14:40:00.000,2012-01-16T13:00:00.000
Flat Grinding,Case249,ID0998,Flat Grinding,ID0998,Fluxicon Disco,Variant 117,117,2012-01-16T22:08:00.000,2012-01-16T19:39:00.000
Lapping,Case249,ID0998,Lapping,ID0998,Fluxicon Disco,Variant 117,117,2012-01-16T23:22:00.000,2012-01-16T22:08:00.000
Round Grinding,Case249,ID4872,Round Grinding,ID4872,Fluxicon Disco,Variant 117,117,2012-01-17T19:32:00.000,2012-01-17T18:48:00.000
Round Grinding,Case249,ID4385,Round Grinding,ID4385,Fluxicon Disco,Variant 117,117,2012-01-18T06:53:00.000,2012-01-18T02:59:00.000
Round Grinding,Case249,ID4385,Round Grinding,ID4385,Fluxicon Disco,Variant 117,117,2012-01-18T08:07:00.000,2012-01-18T06:53:00.000
Round Grinding,Case249,ID4355,Round Grinding,ID4355,Fluxicon Disco,Variant 117,117,2012-01-18T22:03:00.000,2012-01-18T13:03:00.000
Round Grinding,Case249,ID4385,Round Grinding,ID4385,Fluxicon Disco,Variant 117,117,2012-01-18T23:57:00.000,2012-01-18T22:06:00.000
Round Grinding,Case249,ID4528,Round Grinding,ID4528,Fluxicon Disco,Variant 117,117,2012-01-19T08:22:00.000,2012-01-19T02:18:00.000
Final Inspection Q.C.,Case249,ID4287,Final Inspection Q.C.,ID4287,Fluxicon Disco,Variant 117,117,2012-01-19T17:10:00.000,2012-01-19T13:00:00.000
Laser Marking,Case249,ID4872,Laser Marking,ID4872,Fluxicon Disco,Variant 117,117,2012-01-19T13:40:00.000,2012-01-19T13:39:00.000
Laser Marking,Case249,ID4872,Laser Marking,ID4872,Fluxicon Disco,Variant 117,117,2012-01-19T14:31:00.000,2012-01-19T13:40:00.000
Packing,Case249,ID4491,Packing,ID4491,Fluxicon Disco,Variant 117,117,2012-01-22T07:00:00.000,2012-01-22T06:00:00.000
Final Inspection Q.C.,Case249,ID4287,Final Inspection Q.C.,ID4287,Fluxicon Disco,Variant 117,117,2012-01-22T13:25:00.000,2012-01-22T12:50:00.000
End,Case249,End,End,End,Fluxicon Disco,Variant 117,117,2012-01-22T13:25:00.000,2012-01-22T13:25:00.000
Start,Case25,Start,Start,Start,Fluxicon Disco,Variant 118,118,2012-01-19T14:33:00.000,2012-01-19T14:33:00.000
Turning & Milling,Case25,ID4429,Turning & Milling,ID4429,Fluxicon Disco,Variant 118,118,2012-01-19T18:26:00.000,2012-01-19T14:33:00.000
Turning & Milling,Case25,ID4429,Turning & Milling,ID4429,Fluxicon Disco,Variant 118,118,2012-01-19T21:41:00.000,2012-01-19T18:27:00.000
Turning & Milling,Case25,ID4429,Turning & Milling,ID4429,Fluxicon Disco,Variant 118,118,2012-01-24T23:09:00.000,2012-01-24T18:22:00.000
Turning & Milling,Case25,ID4529,Turning & Milling,ID4529,Fluxicon Disco,Variant 118,118,2012-01-25T10:45:00.000,2012-01-25T02:08:00.000
Turning & Milling,Case25,ID4529,Turning & Milling,ID4529,Fluxicon Disco,Variant 118,118,2012-01-25T12:27:00.000,2012-01-25T10:46:00.000
Turning & Milling,Case25,ID4429,Turning & Milling,ID4429,Fluxicon Disco,Variant 118,118,2012-01-25T15:20:00.000,2012-01-25T12:55:00.000
Turning & Milling Q.C.,Case25,ID4163,Turning & Milling Q.C.,ID4163,Fluxicon Disco,Variant 118,118,2012-01-27T14:40:00.000,2012-01-27T13:00:00.000
Laser Marking,Case25,ID0998,Laser Marking,ID0998,Fluxicon Disco,Variant 118,118,2012-01-29T15:26:00.000,2012-01-29T15:02:00.000
Lapping,Case25,ID4882,Lapping,ID4882,Fluxicon Disco,Variant 118,118,2012-01-30T07:15:00.000,2012-01-30T06:00:00.000
Lapping,Case25,ID4882,Lapping,ID4882,Fluxicon Disco,Variant 118,118,2012-01-30T15:07:00.000,2012-01-30T15:02:00.000
Round Grinding,Case25,ID4872,Round Grinding,ID4872,Fluxicon Disco,Variant 118,118,2012-01-30T16:20:00.000,2012-01-30T15:05:00.000
Round Grinding,Case25,ID4872,Round Grinding,ID4872,Fluxicon Disco,Variant 118,118,2012-01-30T17:36:00.000,2012-01-30T15:06:00.000
Lapping,Case25,ID4882,Lapping,ID4882,Fluxicon Disco,Variant 118,118,2012-01-30T16:04:00.000,2012-01-30T15:09:00.000
Round Grinding,Case25,ID4872,Round Grinding,ID4872,Fluxicon Disco,Variant 118,118,2012-01-30T21:53:00.000,2012-01-30T17:36:00.000
Round Grinding,Case25,ID4528,Round Grinding,ID4528,Fluxicon Disco,Variant 118,118,2012-01-31T05:58:00.000,2012-01-30T22:09:00.000
Round Grinding,Case25,ID4528,Round Grinding,ID4528,Fluxicon Disco,Variant 118,118,2012-02-01T05:29:00.000,2012-02-01T04:25:00.000
Round Grinding,Case25,ID4872,Round Grinding,ID4872,Fluxicon Disco,Variant 118,118,2012-02-01T17:26:00.000,2012-02-01T13:26:00.000
Round Grinding,Case25,ID4287,Round Grinding,ID4287,Fluxicon Disco,Variant 118,118,2012-02-01T19:50:00.000,2012-02-01T17:10:00.000
Round Grinding,Case25,ID4163,Round Grinding,ID4163,Fluxicon Disco,Variant 118,118,2012-02-13T14:40:00.000,2012-02-13T14:00:00.000
Round Grinding,Case25,ID4163,Round Grinding,ID4163,Fluxicon Disco,Variant 118,118,2012-02-13T16:30:00.000,2012-02-13T15:00:00.000
Lapping,Case25,ID0998,Lapping,ID0998,Fluxicon Disco,Variant 118,118,2012-02-26T15:56:00.000,2012-02-26T15:33:00.000
Round Grinding,Case25,ID4355,Round Grinding,ID4355,Fluxicon Disco,Variant 118,118,2012-02-27T00:06:00.000,2012-02-26T21:55:00.000
Round Grinding,Case25,ID4385,Round Grinding,ID4385,Fluxicon Disco,Variant 118,118,2012-02-27T03:49:00.000,2012-02-27T02:39:00.000
Final Inspection Q.C.,Case25,ID4163,Final Inspection Q.C.,ID4163,Fluxicon Disco,Variant 118,118,2012-02-29T15:30:00.000,2012-02-29T15:00:00.000
End,Case25,End,End,End,Fluxicon Disco,Variant 118,118,2012-02-29T15:30:00.000,2012-02-29T15:30:00.000
Start,Case250,Start,Start,Start,Fluxicon Disco,Variant 119,119,2012-01-03T13:30:00.000,2012-01-03T13:30:00.000
Milling,Case250,ID4326,Milling,ID4326,Fluxicon Disco,Variant 119,119,2012-01-03T22:00:00.000,2012-01-03T13:30:00.000
Milling,Case250,ID4326,Milling,ID4326,Fluxicon Disco,Variant 119,119,2012-01-05T00:00:00.000,2012-01-04T20:00:00.000
Final Inspection Q.C.,Case250,ID4163,Final Inspection Q.C.,ID4163,Fluxicon Disco,Variant 119,119,2012-01-05T18:50:00.000,2012-01-05T13:00:00.000
Milling,Case250,ID4326,Milling,ID4326,Fluxicon Disco,Variant 119,119,2012-01-05T22:00:00.000,2012-01-05T13:00:00.000
Milling,Case250,ID4326,Milling,ID4326,Fluxicon Disco,Variant 119,119,2012-01-06T19:00:00.000,2012-01-06T13:00:00.000
Milling,Case250,ID4326,Milling,ID4326,Fluxicon Disco,Variant 119,119,2012-01-08T23:59:00.000,2012-01-08T12:49:00.000
Laser Marking,Case250,ID0998,Laser Marking,ID0998,Fluxicon Disco,Variant 119,119,2012-01-09T21:47:00.000,2012-01-09T20:32:00.000
Final Inspection Q.C.,Case250,ID4163,Final Inspection Q.C.,ID4163,Fluxicon Disco,Variant 119,119,2012-01-10T14:40:00.000,2012-01-10T13:00:00.000
Final Inspection Q.C.,Case250,ID4163,Final Inspection Q.C.,ID4163,Fluxicon Disco,Variant 119,119,2012-01-10T14:40:00.000,2012-01-10T13:00:00.000
Final Inspection Q.C.,Case250,ID4163,Final Inspection Q.C.,ID4163,Fluxicon Disco,Variant 119,119,2012-01-10T14:40:00.000,2012-01-10T14:21:00.000
Final Inspection Q.C.,Case250,ID4163,Final Inspection Q.C.,ID4163,Fluxicon Disco,Variant 119,119,2012-01-10T18:50:00.000,2012-01-10T15:00:00.000
Final Inspection Q.C.,Case250,ID4163,Final Inspection Q.C.,ID4163,Fluxicon Disco,Variant 119,119,2012-01-10T20:50:00.000,2012-01-10T19:20:00.000
Final Inspection Q.C.,Case250,ID4163,Final Inspection Q.C.,ID4163,Fluxicon Disco,Variant 119,119,2012-01-11T00:00:00.000,2012-01-10T21:00:00.000
Packing,Case250,ID4820,Packing,ID4820,Fluxicon Disco,Variant 119,119,2012-01-12T07:00:00.000,2012-01-12T06:00:00.000
End,Case250,End,End,End,Fluxicon Disco,Variant 119,119,2012-01-12T07:00:00.000,2012-01-12T07:00:00.000
Start,Case251,Start,Start,Start,Fluxicon Disco,Variant 120,120,2012-01-08T21:04:00.000,2012-01-08T21:04:00.000
Turning & Milling,Case251,ID4429,Turning & Milling,ID4429,Fluxicon Disco,Variant 120,120,2012-01-08T22:15:00.000,2012-01-08T21:04:00.000
Turning & Milling,Case251,ID4932,Turning & Milling,ID4932,Fluxicon Disco,Variant 120,120,2012-01-09T17:28:00.000,2012-01-09T12:50:00.000
Turning & Milling,Case251,ID4932,Turning & Milling,ID4932,Fluxicon Disco,Variant 120,120,2012-01-09T18:56:00.000,2012-01-09T17:28:00.000
Turning & Milling Q.C.,Case251,ID4163,Turning & Milling Q.C.,ID4163,Fluxicon Disco,Variant 120,120,2012-01-10T14:21:00.000,2012-01-10T13:00:00.000
Laser Marking,Case251,ID0998,Laser Marking,ID0998,Fluxicon Disco,Variant 120,120,2012-01-10T15:22:00.000,2012-01-10T15:10:00.000
Turning & Milling Q.C.,Case251,ID4163,Turning & Milling Q.C.,ID4163,Fluxicon Disco,Variant 120,120,2012-01-10T22:10:00.000,2012-01-10T20:50:00.000
Lapping,Case251,ID4882,Lapping,ID4882,Fluxicon Disco,Variant 120,120,2012-02-14T21:27:00.000,2012-02-14T21:07:00.000
Round Grinding,Case251,ID4109,Round Grinding,ID4109,Fluxicon Disco,Variant 120,120,2012-02-20T05:29:00.000,2012-02-20T03:42:00.000
Final Inspection Q.C.,Case251,ID4163,Final Inspection Q.C.,ID4163,Fluxicon Disco,Variant 120,120,2012-02-20T18:50:00.000,2012-02-20T15:00:00.000
Final Inspection Q.C.,Case251,ID4163,Final Inspection Q.C.,ID4163,Fluxicon Disco,Variant 120,120,2012-02-21T14:40:00.000,2012-02-21T13:00:00.000
Round Grinding,Case251,ID3854,Round Grinding,ID3854,Fluxicon Disco,Variant 120,120,2012-02-21T20:19:00.000,2012-02-21T18:25:00.000
Packing,Case251,ID4820,Packing,ID4820,Fluxicon Disco,Variant 120,120,2012-02-23T07:00:00.000,2012-02-23T06:00:00.000
Final Inspection Q.C.,Case251,ID4163,Final Inspection Q.C.,ID4163,Fluxicon Disco,Variant 120,120,2012-02-23T16:30:00.000,2012-02-23T15:00:00.000
Final Inspection Q.C.,Case251,ID4163,Final Inspection Q.C.,ID4163,Fluxicon Disco,Variant 120,120,2012-02-23T19:35:00.000,2012-02-23T19:20:00.000
End,Case251,End,End,End,Fluxicon Disco,Variant 120,120,2012-02-23T19:35:00.000,2012-02-23T19:35:00.000
Start,Case252,Start,Start,Start,Fluxicon Disco,Variant 121,121,2012-01-24T13:04:00.000,2012-01-24T13:04:00.000
Turning & Milling,Case252,ID4794,Turning & Milling,ID4794,Fluxicon Disco,Variant 121,121,2012-01-24T13:17:00.000,2012-01-24T13:04:00.000
Turning & Milling,Case252,ID4794,Turning & Milling,ID4794,Fluxicon Disco,Variant 121,121,2012-01-24T15:35:00.000,2012-01-24T13:18:00.000
Turning & Milling,Case252,ID4618,Turning & Milling,ID4618,Fluxicon Disco,Variant 121,121,2012-01-24T15:48:00.000,2012-01-24T13:20:00.000
Turning & Milling Q.C.,Case252,ID4618,Turning & Milling Q.C.,ID4618,Fluxicon Disco,Variant 121,121,2012-01-25T13:17:00.000,2012-01-25T12:50:00.000
Turning & Milling,Case252,ID4794,Turning & Milling,ID4794,Fluxicon Disco,Variant 121,121,2012-01-26T19:55:00.000,2012-01-26T13:02:00.000
Turning & Milling Q.C.,Case252,ID4618,Turning & Milling Q.C.,ID4618,Fluxicon Disco,Variant 121,121,2012-01-26T21:20:00.000,2012-01-26T21:18:00.000
Laser Marking,Case252,ID0998,Laser Marking,ID0998,Fluxicon Disco,Variant 121,121,2012-01-27T14:20:00.000,2012-01-27T14:00:00.000
Lapping,Case252,ID0998,Lapping,ID0998,Fluxicon Disco,Variant 121,121,2012-01-27T16:00:00.000,2012-01-27T14:20:00.000
Final Inspection Q.C.,Case252,ID4618,Final Inspection Q.C.,ID4618,Fluxicon Disco,Variant 121,121,2012-01-27T18:57:00.000,2012-01-27T18:20:00.000
Final Inspection Q.C.,Case252,ID4493,Final Inspection Q.C.,ID4493,Fluxicon Disco,Variant 121,121,2012-01-29T13:22:00.000,2012-01-29T13:21:00.000
Packing,Case252,ID4820,Packing,ID4820,Fluxicon Disco,Variant 121,121,2012-01-30T07:00:00.000,2012-01-30T06:00:00.000
End,Case252,End,End,End,Fluxicon Disco,Variant 121,121,2012-01-30T07:00:00.000,2012-01-30T07:00:00.000
Start,Case253,Start,Start,Start,Fluxicon Disco,Variant 122,122,2012-01-09T08:21:00.000,2012-01-09T08:21:00.000
Turning & Milling,Case253,ID4641,Turning & Milling,ID4641,Fluxicon Disco,Variant 122,122,2012-01-09T11:49:00.000,2012-01-09T08:21:00.000
Turning & Milling,Case253,ID4641,Turning & Milling,ID4641,Fluxicon Disco,Variant 122,122,2012-01-09T12:55:00.000,2012-01-09T11:49:00.000
Turning & Milling Q.C.,Case253,ID4618,Turning & Milling Q.C.,ID4618,Fluxicon Disco,Variant 122,122,2012-01-09T14:03:00.000,2012-01-09T13:04:00.000
Turning & Milling,Case253,ID3846,Turning & Milling,ID3846,Fluxicon Disco,Variant 122,122,2012-01-09T15:46:00.000,2012-01-09T13:10:00.000
Turning & Milling Q.C.,Case253,ID4618,Turning & Milling Q.C.,ID4618,Fluxicon Disco,Variant 122,122,2012-01-09T16:05:00.000,2012-01-09T15:05:00.000
Laser Marking,Case253,ID0998,Laser Marking,ID0998,Fluxicon Disco,Variant 122,122,2012-01-10T16:54:00.000,2012-01-10T16:37:00.000
Lapping,Case253,ID0998,Lapping,ID0998,Fluxicon Disco,Variant 122,122,2012-01-10T19:14:00.000,2012-01-10T16:54:00.000
Lapping,Case253,ID0998,Lapping,ID0998,Fluxicon Disco,Variant 122,122,2012-01-10T19:25:00.000,2012-01-10T17:59:00.000
Flat Grinding,Case253,ID0998,Flat Grinding,ID0998,Fluxicon Disco,Variant 122,122,2012-01-10T17:59:00.000,2012-01-10T17:59:00.000
Lapping,Case253,ID4882,Lapping,ID4882,Fluxicon Disco,Variant 122,122,2012-01-11T07:15:00.000,2012-01-11T06:00:00.000
Laser Marking,Case253,ID4882,Laser Marking,ID4882,Fluxicon Disco,Variant 122,122,2012-01-11T21:38:00.000,2012-01-11T20:23:00.000
Final Inspection Q.C.,Case253,ID4618,Final Inspection Q.C.,ID4618,Fluxicon Disco,Variant 122,122,2012-01-15T13:02:00.000,2012-01-15T12:50:00.000
Packing,Case253,ID4820,Packing,ID4820,Fluxicon Disco,Variant 122,122,2012-01-16T07:00:00.000,2012-01-16T06:00:00.000
Packing,Case253,ID4820,Packing,ID4820,Fluxicon Disco,Variant 122,122,2012-01-16T07:00:00.000,2012-01-16T06:00:00.000
End,Case253,End,End,End,Fluxicon Disco,Variant 122,122,2012-01-16T07:00:00.000,2012-01-16T07:00:00.000
Start,Case254,Start,Start,Start,Fluxicon Disco,Variant 123,123,2012-01-02T16:15:00.000,2012-01-02T16:15:00.000
Laser Marking,Case254,ID0998,Laser Marking,ID0998,Fluxicon Disco,Variant 123,123,2012-01-02T18:15:00.000,2012-01-02T16:15:00.000
Flat Grinding,Case254,ID0998,Flat Grinding,ID0998,Fluxicon Disco,Variant 123,123,2012-01-02T22:00:00.000,2012-01-02T20:00:00.000
Flat Grinding,Case254,ID0998,Flat Grinding,ID0998,Fluxicon Disco,Variant 123,123,2012-01-04T00:23:00.000,2012-01-03T23:04:00.000
Flat Grinding,Case254,ID4882,Flat Grinding,ID4882,Fluxicon Disco,Variant 123,123,2012-01-04T17:54:00.000,2012-01-04T16:28:00.000
Final Inspection Q.C.,Case254,ID4618,Final Inspection Q.C.,ID4618,Fluxicon Disco,Variant 123,123,2012-01-04T21:57:00.000,2012-01-04T21:26:00.000
Packing,Case254,ID4820,Packing,ID4820,Fluxicon Disco,Variant 123,123,2012-01-06T07:00:00.000,2012-01-06T06:00:00.000
Final Inspection Q.C.,Case254,ID4618,Final Inspection Q.C.,ID4618,Fluxicon Disco,Variant 123,123,2012-01-06T16:25:00.000,2012-01-06T16:24:00.000
End,Case254,End,End,End,Fluxicon Disco,Variant 123,123,2012-01-06T16:25:00.000,2012-01-06T16:25:00.000
Start,Case255,Start,Start,Start,Fluxicon Disco,Variant 124,124,2012-01-02T13:00:00.000,2012-01-02T13:00:00.000
Turning,Case255,ID0997,Turning,ID0997,Fluxicon Disco,Variant 124,124,2012-01-03T00:00:00.000,2012-01-02T13:00:00.000
Turning Q.C.,Case255,ID4618,Turning Q.C.,ID4618,Fluxicon Disco,Variant 124,124,2012-01-05T21:13:00.000,2012-01-05T19:58:00.000
Laser Marking,Case255,ID0998,Laser Marking,ID0998,Fluxicon Disco,Variant 124,124,2012-01-10T16:07:00.000,2012-01-10T15:22:00.000
Final Inspection Q.C.,Case255,ID4618,Final Inspection Q.C.,ID4618,Fluxicon Disco,Variant 124,124,2012-01-11T17:22:00.000,2012-01-11T16:22:00.000
Packing,Case255,ID4820,Packing,ID4820,Fluxicon Disco,Variant 124,124,2012-01-16T07:00:00.000,2012-01-16T06:00:00.000
End,Case255,End,End,End,Fluxicon Disco,Variant 124,124,2012-01-16T07:00:00.000,2012-01-16T07:00:00.000
Start,Case256,Start,Start,Start,Fluxicon Disco,Variant 125,125,2012-01-16T22:21:00.000,2012-01-16T22:21:00.000
Turning,Case256,ID0997,Turning,ID0997,Fluxicon Disco,Variant 125,125,2012-01-16T23:51:00.000,2012-01-16T22:21:00.000
Turning,Case256,ID4932,Turning,ID4932,Fluxicon Disco,Variant 125,125,2012-01-17T08:04:00.000,2012-01-17T02:11:00.000
Turning,Case256,ID4794,Turning,ID4794,Fluxicon Disco,Variant 125,125,2012-01-17T12:21:00.000,2012-01-17T08:04:00.000
Turning Q.C.,Case256,ID4287,Turning Q.C.,ID4287,Fluxicon Disco,Variant 125,125,2012-01-17T18:50:00.000,2012-01-17T16:30:00.000
Turning,Case256,ID0997,Turning,ID0997,Fluxicon Disco,Variant 125,125,2012-01-17T21:00:00.000,2012-01-17T19:00:00.000
Turning,Case256,ID4219,Turning,ID4219,Fluxicon Disco,Variant 125,125,2012-01-18T00:08:00.000,2012-01-17T22:48:00.000
Turning,Case256,ID4219,Turning,ID4219,Fluxicon Disco,Variant 125,125,2012-01-18T00:40:00.000,2012-01-18T00:09:00.000
Turning,Case256,ID4219,Turning,ID4219,Fluxicon Disco,Variant 125,125,2012-01-18T00:45:00.000,2012-01-18T00:41:00.000
Turning,Case256,ID4794,Turning,ID4794,Fluxicon Disco,Variant 125,125,2012-01-18T12:31:00.000,2012-01-18T02:10:00.000
Turning,Case256,ID0997,Turning,ID0997,Fluxicon Disco,Variant 125,125,2012-01-18T20:59:00.000,2012-01-18T13:10:00.000
Turning Q.C.,Case256,ID4287,Turning Q.C.,ID4287,Fluxicon Disco,Variant 125,125,2012-01-18T21:50:00.000,2012-01-18T20:00:00.000
Turning & Milling,Case256,ID4132,Turning & Milling,ID4132,Fluxicon Disco,Variant 125,125,2012-01-30T21:21:00.000,2012-01-30T14:06:00.000
Turning & Milling Q.C.,Case256,ID4287,Turning & Milling Q.C.,ID4287,Fluxicon Disco,Variant 125,125,2012-01-30T23:54:00.000,2012-01-30T21:30:00.000
Turning & Milling,Case256,ID4132,Turning & Milling,ID4132,Fluxicon Disco,Variant 125,125,2012-01-31T17:39:00.000,2012-01-31T13:47:00.000
Turning & Milling Q.C.,Case256,ID4287,Turning & Milling Q.C.,ID4287,Fluxicon Disco,Variant 125,125,2012-01-31T18:00:00.000,2012-01-31T15:00:00.000
Turning & Milling,Case256,ID4132,Turning & Milling,ID4132,Fluxicon Disco,Variant 125,125,2012-01-31T21:51:00.000,2012-01-31T17:40:00.000
Turning & Milling,Case256,ID3846,Turning & Milling,ID3846,Fluxicon Disco,Variant 125,125,2012-02-01T05:37:00.000,2012-01-31T22:48:00.000
Turning & Milling,Case256,ID4641,Turning & Milling,ID4641,Fluxicon Disco,Variant 125,125,2012-02-01T16:46:00.000,2012-02-01T13:02:00.000
Turning & Milling,Case256,ID3846,Turning & Milling,ID3846,Fluxicon Disco,Variant 125,125,2012-02-02T05:41:00.000,2012-02-01T22:07:00.000
Turning & Milling,Case256,ID4132,Turning & Milling,ID4132,Fluxicon Disco,Variant 125,125,2012-02-02T19:27:00.000,2012-02-02T13:10:00.000
Turning & Milling Q.C.,Case256,ID4287,Turning & Milling Q.C.,ID4287,Fluxicon Disco,Variant 125,125,2012-02-02T21:04:00.000,2012-02-02T17:37:00.000
Turning & Milling,Case256,ID4132,Turning & Milling,ID4132,Fluxicon Disco,Variant 125,125,2012-02-02T23:39:00.000,2012-02-02T19:27:00.000
Turning & Milling,Case256,ID4132,Turning & Milling,ID4132,Fluxicon Disco,Variant 125,125,2012-02-03T18:14:00.000,2012-02-03T13:03:00.000
Turning & Milling Q.C.,Case256,ID4287,Turning & Milling Q.C.,ID4287,Fluxicon Disco,Variant 125,125,2012-02-03T18:50:00.000,2012-02-03T18:00:00.000
Turning & Milling,Case256,ID4641,Turning & Milling,ID4641,Fluxicon Disco,Variant 125,125,2012-02-05T12:54:00.000,2012-02-05T06:42:00.000
Turning & Milling Q.C.,Case256,ID4287,Turning & Milling Q.C.,ID4287,Fluxicon Disco,Variant 125,125,2012-02-05T14:40:00.000,2012-02-05T13:00:00.000
Turning & Milling,Case256,ID4132,Turning & Milling,ID4132,Fluxicon Disco,Variant 125,125,2012-02-05T23:47:00.000,2012-02-05T13:09:00.000
Lapping,Case256,ID0998,Lapping,ID0998,Fluxicon Disco,Variant 125,125,2012-02-05T18:43:00.000,2012-02-05T17:18:00.000
Turning & Milling Q.C.,Case256,ID4287,Turning & Milling Q.C.,ID4287,Fluxicon Disco,Variant 125,125,2012-02-05T21:56:00.000,2012-02-05T21:00:00.000
Turning & Milling,Case256,ID4641,Turning & Milling,ID4641,Fluxicon Disco,Variant 125,125,2012-02-06T12:39:00.000,2012-02-06T02:35:00.000
Round Grinding,Case256,ID4385,Round Grinding,ID4385,Fluxicon Disco,Variant 125,125,2012-02-06T14:08:00.000,2012-02-06T13:08:00.000
Turning & Milling,Case256,ID4132,Turning & Milling,ID4132,Fluxicon Disco,Variant 125,125,2012-02-06T20:40:00.000,2012-02-06T13:29:00.000
Turning & Milling Q.C.,Case256,ID4287,Turning & Milling Q.C.,ID4287,Fluxicon Disco,Variant 125,125,2012-02-06T15:07:00.000,2012-02-06T14:00:00.000
Round Grinding,Case256,ID4385,Round Grinding,ID4385,Fluxicon Disco,Variant 125,125,2012-02-06T18:10:00.000,2012-02-06T14:08:00.000
Round Grinding,Case256,ID0420,Round Grinding,ID0420,Fluxicon Disco,Variant 125,125,2012-02-06T18:12:00.000,2012-02-06T14:10:00.000
Round Grinding,Case256,ID4385,Round Grinding,ID4385,Fluxicon Disco,Variant 125,125,2012-02-06T22:02:00.000,2012-02-06T18:10:00.000
Round Grinding,Case256,ID0420,Round Grinding,ID0420,Fluxicon Disco,Variant 125,125,2012-02-06T23:53:00.000,2012-02-06T18:12:00.000
Lapping,Case256,ID0998,Lapping,ID0998,Fluxicon Disco,Variant 125,125,2012-02-06T21:20:00.000,2012-02-06T19:47:00.000
Turning & Milling Q.C.,Case256,ID4287,Turning & Milling Q.C.,ID4287,Fluxicon Disco,Variant 125,125,2012-02-06T22:00:00.000,2012-02-06T21:00:00.000
Round Grinding,Case256,ID4287,Round Grinding,ID4287,Fluxicon Disco,Variant 125,125,2012-02-07T00:00:00.000,2012-02-06T22:00:00.000
Round Grinding,Case256,ID4355,Round Grinding,ID4355,Fluxicon Disco,Variant 125,125,2012-02-07T05:30:00.000,2012-02-06T22:06:00.000
Lapping,Case256,ID0998,Lapping,ID0998,Fluxicon Disco,Variant 125,125,2012-02-06T23:08:00.000,2012-02-06T22:34:00.000
Round Grinding,Case256,ID4445,Round Grinding,ID4445,Fluxicon Disco,Variant 125,125,2012-02-07T09:44:00.000,2012-02-07T02:21:00.000
Round Grinding,Case256,ID4445,Round Grinding,ID4445,Fluxicon Disco,Variant 125,125,2012-02-07T12:54:00.000,2012-02-07T09:44:00.000
Round Grinding,Case256,ID4385,Round Grinding,ID4385,Fluxicon Disco,Variant 125,125,2012-02-07T13:51:00.000,2012-02-07T13:00:00.000
Round Grinding,Case256,ID0420,Round Grinding,ID0420,Fluxicon Disco,Variant 125,125,2012-02-07T21:46:00.000,2012-02-07T13:02:00.000
Round Grinding,Case256,ID4287,Round Grinding,ID4287,Fluxicon Disco,Variant 125,125,2012-02-07T22:00:00.000,2012-02-07T13:05:00.000
Round Grinding,Case256,ID4355,Round Grinding,ID4355,Fluxicon Disco,Variant 125,125,2012-02-08T01:00:00.000,2012-02-07T22:11:00.000
Round Grinding,Case256,ID4355,Round Grinding,ID4355,Fluxicon Disco,Variant 125,125,2012-02-08T05:44:00.000,2012-02-08T01:01:00.000
Round Grinding,Case256,ID4445,Round Grinding,ID4445,Fluxicon Disco,Variant 125,125,2012-02-08T09:48:00.000,2012-02-08T06:01:00.000
Round Grinding,Case256,ID4287,Round Grinding,ID4287,Fluxicon Disco,Variant 125,125,2012-02-08T22:02:00.000,2012-02-08T15:07:00.000
Round Grinding,Case256,ID4287,Round Grinding,ID4287,Fluxicon Disco,Variant 125,125,2012-02-09T22:02:00.000,2012-02-09T15:00:00.000
Round Grinding,Case256,ID4287,Round Grinding,ID4287,Fluxicon Disco,Variant 125,125,2012-02-10T18:52:00.000,2012-02-10T16:41:00.000
Round Grinding,Case256,ID4287,Round Grinding,ID4287,Fluxicon Disco,Variant 125,125,2012-02-12T22:09:00.000,2012-02-12T13:05:00.000
Laser Marking,Case256,ID0998,Laser Marking,ID0998,Fluxicon Disco,Variant 125,125,2012-02-13T18:09:00.000,2012-02-13T16:38:00.000
Round Grinding,Case256,ID4287,Round Grinding,ID4287,Fluxicon Disco,Variant 125,125,2012-02-13T21:00:00.000,2012-02-13T18:00:00.000
Round Grinding,Case256,ID4287,Round Grinding,ID4287,Fluxicon Disco,Variant 125,125,2012-02-14T14:40:00.000,2012-02-14T13:30:00.000
Laser Marking,Case256,ID0998,Laser Marking,ID0998,Fluxicon Disco,Variant 125,125,2012-02-14T21:11:00.000,2012-02-14T19:41:00.000
Final Inspection Q.C.,Case256,ID4287,Final Inspection Q.C.,ID4287,Fluxicon Disco,Variant 125,125,2012-02-17T18:44:00.000,2012-02-17T17:50:00.000
Final Inspection Q.C.,Case256,ID4493,Final Inspection Q.C.,ID4493,Fluxicon Disco,Variant 125,125,2012-02-20T23:54:00.000,2012-02-20T21:53:00.000
Packing,Case256,ID4820,Packing,ID4820,Fluxicon Disco,Variant 125,125,2012-02-21T07:00:00.000,2012-02-21T06:00:00.000
Final Inspection Q.C.,Case256,ID4493,Final Inspection Q.C.,ID4493,Fluxicon Disco,Variant 125,125,2012-02-21T15:00:00.000,2012-02-21T13:00:00.000
End,Case256,End,End,End,Fluxicon Disco,Variant 125,125,2012-02-21T15:00:00.000,2012-02-21T15:00:00.000
Start,Case257,Start,Start,Start,Fluxicon Disco,Variant 126,126,2012-01-11T13:35:00.000,2012-01-11T13:35:00.000
Turning & Milling,Case257,ID4794,Turning & Milling,ID4794,Fluxicon Disco,Variant 126,126,2012-01-11T15:42:00.000,2012-01-11T13:35:00.000
Turning & Milling,Case257,ID4932,Turning & Milling,ID4932,Fluxicon Disco,Variant 126,126,2012-01-11T21:48:00.000,2012-01-11T18:45:00.000
Turning & Milling,Case257,ID4429,Turning & Milling,ID4429,Fluxicon Disco,Variant 126,126,2012-01-11T23:24:00.000,2012-01-11T21:49:00.000
Turning & Milling,Case257,ID4718,Turning & Milling,ID4718,Fluxicon Disco,Variant 126,126,2012-01-12T03:04:00.000,2012-01-12T00:09:00.000
Turning & Milling,Case257,ID4529,Turning & Milling,ID4529,Fluxicon Disco,Variant 126,126,2012-01-12T13:00:00.000,2012-01-12T03:04:00.000
Turning & Milling,Case257,ID4429,Turning & Milling,ID4429,Fluxicon Disco,Variant 126,126,2012-01-12T17:07:00.000,2012-01-12T13:08:00.000
Turning & Milling,Case257,ID4529,Turning & Milling,ID4529,Fluxicon Disco,Variant 126,126,2012-01-13T12:27:00.000,2012-01-13T05:38:00.000
Turning & Milling,Case257,ID4429,Turning & Milling,ID4429,Fluxicon Disco,Variant 126,126,2012-01-13T18:38:00.000,2012-01-13T13:09:00.000
Turning & Milling,Case257,ID4794,Turning & Milling,ID4794,Fluxicon Disco,Variant 126,126,2012-01-15T04:00:00.000,2012-01-14T19:00:00.000
Turning & Milling,Case257,ID4529,Turning & Milling,ID4529,Fluxicon Disco,Variant 126,126,2012-01-15T07:15:00.000,2012-01-14T19:00:00.000
Turning & Milling,Case257,ID4794,Turning & Milling,ID4794,Fluxicon Disco,Variant 126,126,2012-01-15T11:59:00.000,2012-01-15T04:55:00.000
Turning & Milling,Case257,ID4932,Turning & Milling,ID4932,Fluxicon Disco,Variant 126,126,2012-01-15T15:55:00.000,2012-01-15T06:00:00.000
Turning & Milling,Case257,ID4429,Turning & Milling,ID4429,Fluxicon Disco,Variant 126,126,2012-01-15T20:43:00.000,2012-01-15T14:40:00.000
Turning & Milling Q.C.,Case257,ID4163,Turning & Milling Q.C.,ID4163,Fluxicon Disco,Variant 126,126,2012-01-16T18:42:00.000,2012-01-16T15:30:00.000
Turning & Milling Q.C.,Case257,ID4163,Turning & Milling Q.C.,ID4163,Fluxicon Disco,Variant 126,126,2012-01-16T18:50:00.000,2012-01-16T18:43:00.000
Laser Marking,Case257,ID4882,Laser Marking,ID4882,Fluxicon Disco,Variant 126,126,2012-01-16T23:03:00.000,2012-01-16T21:08:00.000
Lapping,Case257,ID4882,Lapping,ID4882,Fluxicon Disco,Variant 126,126,2012-02-13T23:15:00.000,2012-02-13T18:38:00.000
Lapping,Case257,ID0998,Lapping,ID0998,Fluxicon Disco,Variant 126,126,2012-02-13T23:28:00.000,2012-02-13T19:47:00.000
Round Grinding,Case257,ID0420,Round Grinding,ID0420,Fluxicon Disco,Variant 126,126,2012-02-14T05:05:00.000,2012-02-14T02:09:00.000
Round Grinding,Case257,ID0420,Round Grinding,ID0420,Fluxicon Disco,Variant 126,126,2012-02-14T12:49:00.000,2012-02-14T05:06:00.000
Round Grinding,Case257,ID4872,Round Grinding,ID4872,Fluxicon Disco,Variant 126,126,2012-02-14T22:08:00.000,2012-02-14T13:00:00.000
Lapping,Case257,ID4882,Lapping,ID4882,Fluxicon Disco,Variant 126,126,2012-02-14T18:37:00.000,2012-02-14T14:27:00.000
Lapping,Case257,ID0998,Lapping,ID0998,Fluxicon Disco,Variant 126,126,2012-02-14T18:41:00.000,2012-02-14T16:48:00.000
Round Grinding,Case257,ID0420,Round Grinding,ID0420,Fluxicon Disco,Variant 126,126,2012-02-15T12:57:00.000,2012-02-15T02:07:00.000
Round Grinding,Case257,ID4445,Round Grinding,ID4445,Fluxicon Disco,Variant 126,126,2012-02-15T13:28:00.000,2012-02-15T12:58:00.000
Round Grinding,Case257,ID4872,Round Grinding,ID4872,Fluxicon Disco,Variant 126,126,2012-02-15T16:02:00.000,2012-02-15T13:00:00.000
Round Grinding,Case257,ID4872,Round Grinding,ID4872,Fluxicon Disco,Variant 126,126,2012-02-15T22:10:00.000,2012-02-15T17:26:00.000
Round Grinding,Case257,ID4385,Round Grinding,ID4385,Fluxicon Disco,Variant 126,126,2012-02-15T23:19:00.000,2012-02-15T22:55:00.000
Round Grinding,Case257,ID4385,Round Grinding,ID4385,Fluxicon Disco,Variant 126,126,2012-02-16T05:57:00.000,2012-02-16T00:19:00.000
Round Grinding,Case257,ID0420,Round Grinding,ID0420,Fluxicon Disco,Variant 126,126,2012-02-16T12:48:00.000,2012-02-16T06:10:00.000
Round Grinding,Case257,ID4355,Round Grinding,ID4355,Fluxicon Disco,Variant 126,126,2012-02-16T13:29:00.000,2012-02-16T12:51:00.000
Round Grinding,Case257,ID4355,Round Grinding,ID4355,Fluxicon Disco,Variant 126,126,2012-02-16T13:58:00.000,2012-02-16T13:30:00.000
Final Inspection Q.C.,Case257,ID4163,Final Inspection Q.C.,ID4163,Fluxicon Disco,Variant 126,126,2012-02-16T18:50:00.000,2012-02-16T17:44:00.000
Final Inspection Q.C.,Case257,ID4163,Final Inspection Q.C.,ID4163,Fluxicon Disco,Variant 126,126,2012-02-16T22:13:00.000,2012-02-16T19:20:00.000
Final Inspection Q.C.,Case257,ID4163,Final Inspection Q.C.,ID4163,Fluxicon Disco,Variant 126,126,2012-02-19T14:40:00.000,2012-02-19T13:00:00.000
Final Inspection Q.C.,Case257,ID4163,Final Inspection Q.C.,ID4163,Fluxicon Disco,Variant 126,126,2012-02-19T16:40:00.000,2012-02-19T15:00:00.000
Final Inspection Q.C.,Case257,ID4163,Final Inspection Q.C.,ID4163,Fluxicon Disco,Variant 126,126,2012-02-19T18:50:00.000,2012-02-19T16:40:00.000
Final Inspection Q.C.,Case257,ID4163,Final Inspection Q.C.,ID4163,Fluxicon Disco,Variant 126,126,2012-02-20T00:02:00.000,2012-02-19T20:07:00.000
Packing,Case257,ID4820,Packing,ID4820,Fluxicon Disco,Variant 126,126,2012-02-20T07:00:00.000,2012-02-20T06:00:00.000
Final Inspection Q.C.,Case257,ID4163,Final Inspection Q.C.,ID4163,Fluxicon Disco,Variant 126,126,2012-02-20T14:40:00.000,2012-02-20T13:00:00.000
Packing,Case257,ID4820,Packing,ID4820,Fluxicon Disco,Variant 126,126,2012-02-21T07:00:00.000,2012-02-21T06:00:00.000
Final Inspection Q.C.,Case257,ID4163,Final Inspection Q.C.,ID4163,Fluxicon Disco,Variant 126,126,2012-02-21T16:45:00.000,2012-02-21T15:00:00.000
Final Inspection Q.C.,Case257,ID4163,Final Inspection Q.C.,ID4163,Fluxicon Disco,Variant 126,126,2012-02-23T00:02:00.000,2012-02-22T23:00:00.000
Final Inspection Q.C.,Case257,ID4163,Final Inspection Q.C.,ID4163,Fluxicon Disco,Variant 126,126,2012-02-23T18:50:00.000,2012-02-23T16:30:00.000
Final Inspection Q.C.,Case257,ID4163,Final Inspection Q.C.,ID4163,Fluxicon Disco,Variant 126,126,2012-02-23T20:30:00.000,2012-02-23T19:35:00.000
Final Inspection Q.C.,Case257,ID4163,Final Inspection Q.C.,ID4163,Fluxicon Disco,Variant 126,126,2012-02-23T21:20:00.000,2012-02-23T20:30:00.000
Packing,Case257,ID4820,Packing,ID4820,Fluxicon Disco,Variant 126,126,2012-02-29T07:00:00.000,2012-02-29T06:00:00.000
Final Inspection Q.C.,Case257,ID4163,Final Inspection Q.C.,ID4163,Fluxicon Disco,Variant 126,126,2012-02-29T14:40:00.000,2012-02-29T14:30:00.000
Grinding Rework,Case257,ID4528,Grinding Rework,ID4528,Fluxicon Disco,Variant 126,126,2012-03-04T20:17:00.000,2012-03-04T16:44:00.000
Grinding Rework,Case257,ID4528,Grinding Rework,ID4528,Fluxicon Disco,Variant 126,126,2012-03-04T22:26:00.000,2012-03-04T21:21:00.000
Lapping,Case257,ID0998,Lapping,ID0998,Fluxicon Disco,Variant 126,126,2012-03-05T23:25:00.000,2012-03-05T17:40:00.000
Round Grinding,Case257,ID4445,Round Grinding,ID4445,Fluxicon Disco,Variant 126,126,2012-03-08T08:06:00.000,2012-03-08T05:26:00.000
Round Grinding,Case257,ID4355,Round Grinding,ID4355,Fluxicon Disco,Variant 126,126,2012-03-08T12:49:00.000,2012-03-08T08:07:00.000
Round Grinding,Case257,ID0420,Round Grinding,ID0420,Fluxicon Disco,Variant 126,126,2012-03-08T13:27:00.000,2012-03-08T13:06:00.000
Packing,Case257,ID4820,Packing,ID4820,Fluxicon Disco,Variant 126,126,2012-03-18T07:00:00.000,2012-03-18T06:00:00.000
Final Inspection Q.C.,Case257,ID4163,Final Inspection Q.C.,ID4163,Fluxicon Disco,Variant 126,126,2012-03-18T14:00:00.000,2012-03-18T13:00:00.000
Grinding Rework,Case257,ID4528,Grinding Rework,ID4528,Fluxicon Disco,Variant 126,126,2012-03-18T21:31:00.000,2012-03-18T17:56:00.000
Final Inspection Q.C.,Case257,ID4163,Final Inspection Q.C.,ID4163,Fluxicon Disco,Variant 126,126,2012-03-19T18:50:00.000,2012-03-19T15:00:00.000
Final Inspection Q.C.,Case257,ID4163,Final Inspection Q.C.,ID4163,Fluxicon Disco,Variant 126,126,2012-03-20T15:30:00.000,2012-03-20T15:00:00.000
Final Inspection Q.C.,Case257,ID4163,Final Inspection Q.C.,ID4163,Fluxicon Disco,Variant 126,126,2012-03-20T15:45:00.000,2012-03-20T15:30:00.000
Final Inspection Q.C.,Case257,ID4163,Final Inspection Q.C.,ID4163,Fluxicon Disco,Variant 126,126,2012-03-20T16:00:00.000,2012-03-20T15:45:00.000
Final Inspection Q.C.,Case257,ID4163,Final Inspection Q.C.,ID4163,Fluxicon Disco,Variant 126,126,2012-03-20T16:15:00.000,2012-03-20T16:00:00.000
Packing,Case257,ID4820,Packing,ID4820,Fluxicon Disco,Variant 126,126,2012-03-21T07:00:00.000,2012-03-21T06:00:00.000
Final Inspection Q.C.,Case257,ID4163,Final Inspection Q.C.,ID4163,Fluxicon Disco,Variant 126,126,2012-03-21T18:50:00.000,2012-03-21T18:00:00.000
Grinding Rework,Case257,ID4528,Grinding Rework,ID4528,Fluxicon Disco,Variant 126,126,2012-03-28T06:28:00.000,2012-03-28T03:48:00.000
Grinding Rework,Case257,ID4872,Grinding Rework,ID4872,Fluxicon Disco,Variant 126,126,2012-03-28T14:21:00.000,2012-03-28T14:04:00.000
Lapping,Case257,ID4872,Lapping,ID4872,Fluxicon Disco,Variant 126,126,2012-03-28T20:56:00.000,2012-03-28T18:28:00.000
Final Inspection Q.C.,Case257,ID0937,Final Inspection Q.C.,ID0937,Fluxicon Disco,Variant 126,126,2012-03-30T08:15:00.000,2012-03-30T07:00:00.000
Packing,Case257,ID4820,Packing,ID4820,Fluxicon Disco,Variant 126,126,2012-03-30T08:00:00.000,2012-03-30T07:00:00.000
Final Inspection Q.C.,Case257,ID4163,Final Inspection Q.C.,ID4163,Fluxicon Disco,Variant 126,126,2012-03-30T14:40:00.000,2012-03-30T14:20:00.000
Final Inspection Q.C.,Case257,ID4163,Final Inspection Q.C.,ID4163,Fluxicon Disco,Variant 126,126,2012-03-30T15:40:00.000,2012-03-30T15:12:00.000
End,Case257,End,End,End,Fluxicon Disco,Variant 126,126,2012-03-30T15:40:00.000,2012-03-30T15:40:00.000
Start,Case258,Start,Start,Start,Fluxicon Disco,Variant 127,127,2012-01-17T02:16:00.000,2012-01-17T02:16:00.000
Turning & Milling,Case258,ID4794,Turning & Milling,ID4794,Fluxicon Disco,Variant 127,127,2012-01-17T06:00:00.000,2012-01-17T02:16:00.000
Turning & Milling,Case258,ID4794,Turning & Milling,ID4794,Fluxicon Disco,Variant 127,127,2012-01-17T07:50:00.000,2012-01-17T06:01:00.000
Turning & Milling,Case258,ID4529,Turning & Milling,ID4529,Fluxicon Disco,Variant 127,127,2012-01-17T19:13:00.000,2012-01-17T17:26:00.000
Turning & Milling,Case258,ID4529,Turning & Milling,ID4529,Fluxicon Disco,Variant 127,127,2012-01-18T13:41:00.000,2012-01-18T13:15:00.000
Turning & Milling,Case258,ID4529,Turning & Milling,ID4529,Fluxicon Disco,Variant 127,127,2012-01-18T21:11:00.000,2012-01-18T16:41:00.000
Turning & Milling,Case258,ID4529,Turning & Milling,ID4529,Fluxicon Disco,Variant 127,127,2012-01-18T21:59:00.000,2012-01-18T21:12:00.000
Turning & Milling,Case258,ID4794,Turning & Milling,ID4794,Fluxicon Disco,Variant 127,127,2012-01-19T12:29:00.000,2012-01-19T02:10:00.000
Turning & Milling Q.C.,Case258,ID4618,Turning & Milling Q.C.,ID4618,Fluxicon Disco,Variant 127,127,2012-01-19T15:35:00.000,2012-01-19T12:53:00.000
Turning & Milling Q.C.,Case258,ID4618,Turning & Milling Q.C.,ID4618,Fluxicon Disco,Variant 127,127,2012-01-20T13:31:00.000,2012-01-20T12:57:00.000
Laser Marking,Case258,ID0998,Laser Marking,ID0998,Fluxicon Disco,Variant 127,127,2012-01-30T16:29:00.000,2012-01-30T15:48:00.000
Lapping,Case258,ID0998,Lapping,ID0998,Fluxicon Disco,Variant 127,127,2012-01-30T21:19:00.000,2012-01-30T16:29:00.000
Turning & Milling Q.C.,Case258,ID4618,Turning & Milling Q.C.,ID4618,Fluxicon Disco,Variant 127,127,2012-01-30T17:00:00.000,2012-01-30T16:45:00.000
Final Inspection Q.C.,Case258,ID4618,Final Inspection Q.C.,ID4618,Fluxicon Disco,Variant 127,127,2012-02-01T22:08:00.000,2012-02-01T16:59:00.000
Final Inspection Q.C.,Case258,ID4618,Final Inspection Q.C.,ID4618,Fluxicon Disco,Variant 127,127,2012-02-02T16:44:00.000,2012-02-02T15:29:00.000
Final Inspection Q.C.,Case258,ID4618,Final Inspection Q.C.,ID4618,Fluxicon Disco,Variant 127,127,2012-02-02T16:51:00.000,2012-02-02T15:36:00.000
Packing,Case258,ID4820,Packing,ID4820,Fluxicon Disco,Variant 127,127,2012-02-05T07:00:00.000,2012-02-05T06:00:00.000
End,Case258,End,End,End,Fluxicon Disco,Variant 127,127,2012-02-05T07:00:00.000,2012-02-05T07:00:00.000
Start,Case259,Start,Start,Start,Fluxicon Disco,Variant 128,128,2012-01-17T17:00:00.000,2012-01-17T17:00:00.000
Turning & Milling,Case259,ID4641,Turning & Milling,ID4641,Fluxicon Disco,Variant 128,128,2012-01-17T21:00:00.000,2012-01-17T17:00:00.000
Turning & Milling,Case259,ID4641,Turning & Milling,ID4641,Fluxicon Disco,Variant 128,128,2012-01-17T21:55:00.000,2012-01-17T21:00:00.000
Turning & Milling,Case259,ID4132,Turning & Milling,ID4132,Fluxicon Disco,Variant 128,128,2012-01-18T05:42:00.000,2012-01-17T22:32:00.000
Turning & Milling,Case259,ID4794,Turning & Milling,ID4794,Fluxicon Disco,Variant 128,128,2012-01-18T12:37:00.000,2012-01-18T05:50:00.000
Turning & Milling,Case259,ID4641,Turning & Milling,ID4641,Fluxicon Disco,Variant 128,128,2012-01-18T14:30:00.000,2012-01-18T13:10:00.000
Turning & Milling,Case259,ID4132,Turning & Milling,ID4132,Fluxicon Disco,Variant 128,128,2012-01-19T01:48:00.000,2012-01-19T00:06:00.000
Turning & Milling,Case259,ID4132,Turning & Milling,ID4132,Fluxicon Disco,Variant 128,128,2012-01-19T02:05:00.000,2012-01-19T01:49:00.000
Turning & Milling,Case259,ID4794,Turning & Milling,ID4794,Fluxicon Disco,Variant 128,128,2012-01-19T12:30:00.000,2012-01-19T02:09:00.000
Turning & Milling,Case259,ID4132,Turning & Milling,ID4132,Fluxicon Disco,Variant 128,128,2012-01-20T03:25:00.000,2012-01-20T01:23:00.000
Turning & Milling,Case259,ID4794,Turning & Milling,ID4794,Fluxicon Disco,Variant 128,128,2012-01-20T12:48:00.000,2012-01-20T03:26:00.000
Turning & Milling,Case259,ID3846,Turning & Milling,ID3846,Fluxicon Disco,Variant 128,128,2012-01-20T15:21:00.000,2012-01-20T12:58:00.000
Turning & Milling,Case259,ID4641,Turning & Milling,ID4641,Fluxicon Disco,Variant 128,128,2012-01-22T12:33:00.000,2012-01-22T07:46:00.000
Turning & Milling,Case259,ID4132,Turning & Milling,ID4132,Fluxicon Disco,Variant 128,128,2012-01-22T15:01:00.000,2012-01-22T14:30:00.000
Turning & Milling,Case259,ID3846,Turning & Milling,ID3846,Fluxicon Disco,Variant 128,128,2012-01-22T23:47:00.000,2012-01-22T15:03:00.000
Turning & Milling,Case259,ID4641,Turning & Milling,ID4641,Fluxicon Disco,Variant 128,128,2012-01-23T12:44:00.000,2012-01-23T02:19:00.000
Turning & Milling Q.C.,Case259,ID4618,Turning & Milling Q.C.,ID4618,Fluxicon Disco,Variant 128,128,2012-01-23T13:54:00.000,2012-01-23T12:54:00.000
Turning & Milling,Case259,ID4641,Turning & Milling,ID4641,Fluxicon Disco,Variant 128,128,2012-01-24T03:48:00.000,2012-01-24T02:16:00.000
Turning & Milling,Case259,ID4641,Turning & Milling,ID4641,Fluxicon Disco,Variant 128,128,2012-01-24T13:08:00.000,2012-01-24T03:49:00.000
Turning & Milling Q.C.,Case259,ID4618,Turning & Milling Q.C.,ID4618,Fluxicon Disco,Variant 128,128,2012-01-24T16:32:00.000,2012-01-24T16:31:00.000
Turning & Milling Q.C.,Case259,ID4618,Turning & Milling Q.C.,ID4618,Fluxicon Disco,Variant 128,128,2012-01-24T17:50:00.000,2012-01-24T16:35:00.000
Turning & Milling,Case259,ID4641,Turning & Milling,ID4641,Fluxicon Disco,Variant 128,128,2012-01-25T08:11:00.000,2012-01-25T05:27:00.000
Turning & Milling,Case259,ID4641,Turning & Milling,ID4641,Fluxicon Disco,Variant 128,128,2012-01-25T12:28:00.000,2012-01-25T08:11:00.000
Turning & Milling,Case259,ID4132,Turning & Milling,ID4132,Fluxicon Disco,Variant 128,128,2012-01-25T15:06:00.000,2012-01-25T13:11:00.000
Turning & Milling,Case259,ID4132,Turning & Milling,ID4132,Fluxicon Disco,Variant 128,128,2012-01-30T23:29:00.000,2012-01-30T21:31:00.000
Turning & Milling,Case259,ID3846,Turning & Milling,ID3846,Fluxicon Disco,Variant 128,128,2012-01-31T04:45:00.000,2012-01-30T23:37:00.000
Turning & Milling,Case259,ID3846,Turning & Milling,ID3846,Fluxicon Disco,Variant 128,128,2012-01-31T04:47:00.000,2012-01-31T04:46:00.000
Turning & Milling,Case259,ID4932,Turning & Milling,ID4932,Fluxicon Disco,Variant 128,128,2012-01-31T12:40:00.000,2012-01-31T05:43:00.000
Turning & Milling,Case259,ID4132,Turning & Milling,ID4132,Fluxicon Disco,Variant 128,128,2012-01-31T13:47:00.000,2012-01-31T13:15:00.000
Turning & Milling,Case259,ID4641,Turning & Milling,ID4641,Fluxicon Disco,Variant 128,128,2012-02-15T15:47:00.000,2012-02-15T14:13:00.000
Turning & Milling,Case259,ID4132,Turning & Milling,ID4132,Fluxicon Disco,Variant 128,128,2012-02-16T03:41:00.000,2012-02-15T23:55:00.000
Turning & Milling,Case259,ID4132,Turning & Milling,ID4132,Fluxicon Disco,Variant 128,128,2012-02-16T05:30:00.000,2012-02-16T03:42:00.000
Turning & Milling,Case259,ID4932,Turning & Milling,ID4932,Fluxicon Disco,Variant 128,128,2012-02-16T12:44:00.000,2012-02-16T05:34:00.000
Turning & Milling,Case259,ID4641,Turning & Milling,ID4641,Fluxicon Disco,Variant 128,128,2012-02-16T17:39:00.000,2012-02-16T13:16:00.000
Laser Marking,Case259,ID4882,Laser Marking,ID4882,Fluxicon Disco,Variant 128,128,2012-02-16T23:23:00.000,2012-02-16T21:47:00.000
Lapping,Case259,ID4882,Lapping,ID4882,Fluxicon Disco,Variant 128,128,2012-02-17T07:15:00.000,2012-02-17T06:00:00.000
Lapping,Case259,ID4882,Lapping,ID4882,Fluxicon Disco,Variant 128,128,2012-02-17T07:15:00.000,2012-02-17T06:00:00.000
Lapping,Case259,ID4882,Lapping,ID4882,Fluxicon Disco,Variant 128,128,2012-02-19T18:55:00.000,2012-02-19T15:05:00.000
Final Inspection Q.C.,Case259,ID4618,Final Inspection Q.C.,ID4618,Fluxicon Disco,Variant 128,128,2012-02-19T21:51:00.000,2012-02-19T19:20:00.000
Packing,Case259,ID4820,Packing,ID4820,Fluxicon Disco,Variant 128,128,2012-02-21T07:00:00.000,2012-02-21T06:00:00.000
Turning & Milling,Case259,ID4132,Turning & Milling,ID4132,Fluxicon Disco,Variant 128,128,2012-03-15T05:17:00.000,2012-03-14T23:52:00.000
Turning & Milling,Case259,ID4794,Turning & Milling,ID4794,Fluxicon Disco,Variant 128,128,2012-03-15T09:34:00.000,2012-03-15T05:29:00.000
Lapping,Case259,ID4882,Lapping,ID4882,Fluxicon Disco,Variant 128,128,2012-03-26T08:15:00.000,2012-03-26T07:00:00.000
Turning & Milling Q.C.,Case259,ID4618,Turning & Milling Q.C.,ID4618,Fluxicon Disco,Variant 128,128,2012-03-26T20:29:00.000,2012-03-26T19:14:00.000
Laser Marking,Case259,ID0998,Laser Marking,ID0998,Fluxicon Disco,Variant 128,128,2012-03-26T19:22:00.000,2012-03-26T19:21:00.000
Laser Marking,Case259,ID0998,Laser Marking,ID0998,Fluxicon Disco,Variant 128,128,2012-03-26T20:54:00.000,2012-03-26T19:22:00.000
Lapping,Case259,ID0998,Lapping,ID0998,Fluxicon Disco,Variant 128,128,2012-03-26T22:17:00.000,2012-03-26T20:55:00.000
Laser Marking,Case259,ID0998,Laser Marking,ID0998,Fluxicon Disco,Variant 128,128,2012-03-26T23:34:00.000,2012-03-26T22:19:00.000
Lapping,Case259,ID0998,Lapping,ID0998,Fluxicon Disco,Variant 128,128,2012-03-26T22:19:00.000,2012-03-26T22:19:00.000
Final Inspection Q.C.,Case259,ID4618,Final Inspection Q.C.,ID4618,Fluxicon Disco,Variant 128,128,2012-03-28T17:25:00.000,2012-03-28T16:10:00.000
Packing,Case259,ID4820,Packing,ID4820,Fluxicon Disco,Variant 128,128,2012-03-29T08:00:00.000,2012-03-29T07:00:00.000
End,Case259,End,End,End,Fluxicon Disco,Variant 128,128,2012-03-29T08:00:00.000,2012-03-29T08:00:00.000
Start,Case26,Start,Start,Start,Fluxicon Disco,Variant 129,129,2012-01-17T23:17:00.000,2012-01-17T23:17:00.000
Turning & Milling,Case26,ID4167,Turning & Milling,ID4167,Fluxicon Disco,Variant 129,129,2012-01-17T23:57:00.000,2012-01-17T23:17:00.000
Turning & Milling,Case26,ID4794,Turning & Milling,ID4794,Fluxicon Disco,Variant 129,129,2012-01-18T04:36:00.000,2012-01-18T02:09:00.000
Turning & Milling,Case26,ID4794,Turning & Milling,ID4794,Fluxicon Disco,Variant 129,129,2012-01-18T12:32:00.000,2012-01-18T04:37:00.000
Turning & Milling,Case26,ID4932,Turning & Milling,ID4932,Fluxicon Disco,Variant 129,129,2012-01-19T03:34:00.000,2012-01-19T02:13:00.000
Turning & Milling,Case26,ID4932,Turning & Milling,ID4932,Fluxicon Disco,Variant 129,129,2012-01-19T08:30:00.000,2012-01-19T03:34:00.000
Turning & Milling Q.C.,Case26,ID4493,Turning & Milling Q.C.,ID4493,Fluxicon Disco,Variant 129,129,2012-01-19T16:08:00.000,2012-01-19T13:08:00.000
Laser Marking,Case26,ID4872,Laser Marking,ID4872,Fluxicon Disco,Variant 129,129,2012-01-19T19:07:00.000,2012-01-19T17:52:00.000
Lapping,Case26,ID0998,Lapping,ID0998,Fluxicon Disco,Variant 129,129,2012-01-22T17:45:00.000,2012-01-22T14:22:00.000
Round Grinding,Case26,ID4528,Round Grinding,ID4528,Fluxicon Disco,Variant 129,129,2012-01-23T21:30:00.000,2012-01-23T20:09:00.000
Round Grinding,Case26,ID4528,Round Grinding,ID4528,Fluxicon Disco,Variant 129,129,2012-01-24T00:03:00.000,2012-01-23T21:31:00.000
Round Grinding,Case26,ID4528,Round Grinding,ID4528,Fluxicon Disco,Variant 129,129,2012-01-24T23:36:00.000,2012-01-24T12:54:00.000
Round Grinding,Case26,ID4528,Round Grinding,ID4528,Fluxicon Disco,Variant 129,129,2012-01-25T18:05:00.000,2012-01-25T13:07:00.000
Round Grinding,Case26,ID4493,Round Grinding,ID4493,Fluxicon Disco,Variant 129,129,2012-01-26T17:53:00.000,2012-01-26T17:49:00.000
Lapping,Case26,ID0998,Lapping,ID0998,Fluxicon Disco,Variant 129,129,2012-02-23T23:44:00.000,2012-02-23T21:46:00.000
Round Grinding,Case26,ID4355,Round Grinding,ID4355,Fluxicon Disco,Variant 129,129,2012-02-24T01:07:00.000,2012-02-23T23:45:00.000
Round Grinding,Case26,ID4355,Round Grinding,ID4355,Fluxicon Disco,Variant 129,129,2012-02-24T01:57:00.000,2012-02-24T01:07:00.000
Round Grinding,Case26,ID4445,Round Grinding,ID4445,Fluxicon Disco,Variant 129,129,2012-02-24T04:15:00.000,2012-02-24T01:56:00.000
Final Inspection Q.C.,Case26,ID4493,Final Inspection Q.C.,ID4493,Fluxicon Disco,Variant 129,129,2012-02-27T18:53:00.000,2012-02-27T16:53:00.000
Final Inspection Q.C.,Case26,ID4493,Final Inspection Q.C.,ID4493,Fluxicon Disco,Variant 129,129,2012-02-28T19:40:00.000,2012-02-28T15:21:00.000
Final Inspection Q.C.,Case26,ID4493,Final Inspection Q.C.,ID4493,Fluxicon Disco,Variant 129,129,2012-02-28T22:07:00.000,2012-02-28T22:06:00.000
Packing,Case26,ID4820,Packing,ID4820,Fluxicon Disco,Variant 129,129,2012-02-29T07:00:00.000,2012-02-29T06:00:00.000
End,Case26,End,End,End,Fluxicon Disco,Variant 129,129,2012-02-29T07:00:00.000,2012-02-29T07:00:00.000
Start,Case260,Start,Start,Start,Fluxicon Disco,Variant 130,130,2012-01-09T10:00:00.000,2012-01-09T10:00:00.000
Turning & Milling,Case260,ID4529,Turning & Milling,ID4529,Fluxicon Disco,Variant 130,130,2012-01-09T12:30:00.000,2012-01-09T10:00:00.000
Turning & Milling,Case260,ID4529,Turning & Milling,ID4529,Fluxicon Disco,Variant 130,130,2012-01-19T21:14:00.000,2012-01-19T13:07:00.000
Turning & Milling,Case260,ID4529,Turning & Milling,ID4529,Fluxicon Disco,Variant 130,130,2012-01-19T21:56:00.000,2012-01-19T21:15:00.000
Turning & Milling,Case260,ID4794,Turning & Milling,ID4794,Fluxicon Disco,Variant 130,130,2012-01-20T03:15:00.000,2012-01-20T02:10:00.000
Turning & Milling,Case260,ID4529,Turning & Milling,ID4529,Fluxicon Disco,Variant 130,130,2012-01-22T03:03:00.000,2012-01-21T19:03:00.000
Turning & Milling,Case260,ID4641,Turning & Milling,ID4641,Fluxicon Disco,Variant 130,130,2012-01-22T12:31:00.000,2012-01-22T05:28:00.000
Turning & Milling Q.C.,Case260,ID4618,Turning & Milling Q.C.,ID4618,Fluxicon Disco,Variant 130,130,2012-01-22T18:13:00.000,2012-01-22T13:00:00.000
Turning & Milling,Case260,ID4794,Turning & Milling,ID4794,Fluxicon Disco,Variant 130,130,2012-01-22T21:48:00.000,2012-01-22T17:06:00.000
Turning & Milling,Case260,ID4167,Turning & Milling,ID4167,Fluxicon Disco,Variant 130,130,2012-01-22T23:30:00.000,2012-01-22T22:00:00.000
Turning & Milling Q.C.,Case260,ID4618,Turning & Milling Q.C.,ID4618,Fluxicon Disco,Variant 130,130,2012-01-23T22:03:00.000,2012-01-23T21:06:00.000
Turning & Milling Q.C.,Case260,ID4618,Turning & Milling Q.C.,ID4618,Fluxicon Disco,Variant 130,130,2012-01-24T13:20:00.000,2012-01-24T12:50:00.000
Turning & Milling,Case260,ID4794,Turning & Milling,ID4794,Fluxicon Disco,Variant 130,130,2012-01-26T22:03:00.000,2012-01-26T19:55:00.000
Turning & Milling,Case260,ID4529,Turning & Milling,ID4529,Fluxicon Disco,Variant 130,130,2012-01-27T07:44:00.000,2012-01-27T02:20:00.000
Turning & Milling,Case260,ID4529,Turning & Milling,ID4529,Fluxicon Disco,Variant 130,130,2012-01-27T12:21:00.000,2012-01-27T07:43:00.000
Turning & Milling Q.C.,Case260,ID4618,Turning & Milling Q.C.,ID4618,Fluxicon Disco,Variant 130,130,2012-01-27T13:21:00.000,2012-01-27T12:50:00.000
Turning & Milling Q.C.,Case260,ID4618,Turning & Milling Q.C.,ID4618,Fluxicon Disco,Variant 130,130,2012-01-27T13:37:00.000,2012-01-27T13:22:00.000
Turning & Milling,Case260,ID4794,Turning & Milling,ID4794,Fluxicon Disco,Variant 130,130,2012-01-29T00:00:00.000,2012-01-28T18:00:00.000
Turning & Milling,Case260,ID4794,Turning & Milling,ID4794,Fluxicon Disco,Variant 130,130,2012-01-29T12:52:00.000,2012-01-28T19:00:00.000
Turning & Milling,Case260,ID4932,Turning & Milling,ID4932,Fluxicon Disco,Variant 130,130,2012-01-29T17:22:00.000,2012-01-29T04:17:00.000
Turning & Milling,Case260,ID4529,Turning & Milling,ID4529,Fluxicon Disco,Variant 130,130,2012-01-29T21:45:00.000,2012-01-29T17:44:00.000
Turning & Milling,Case260,ID4429,Turning & Milling,ID4429,Fluxicon Disco,Variant 130,130,2012-01-30T01:57:00.000,2012-01-29T22:19:00.000
Turning & Milling,Case260,ID4794,Turning & Milling,ID4794,Fluxicon Disco,Variant 130,130,2012-01-30T12:39:00.000,2012-01-30T01:59:00.000
Turning & Milling Q.C.,Case260,ID4618,Turning & Milling Q.C.,ID4618,Fluxicon Disco,Variant 130,130,2012-01-30T16:29:00.000,2012-01-30T12:58:00.000
Turning & Milling,Case260,ID4529,Turning & Milling,ID4529,Fluxicon Disco,Variant 130,130,2012-01-30T21:49:00.000,2012-01-30T13:04:00.000
Turning & Milling,Case260,ID4429,Turning & Milling,ID4429,Fluxicon Disco,Variant 130,130,2012-01-31T05:28:00.000,2012-01-30T22:03:00.000
Turning & Milling,Case260,ID4794,Turning & Milling,ID4794,Fluxicon Disco,Variant 130,130,2012-01-31T12:44:00.000,2012-01-31T05:34:00.000
Turning & Milling,Case260,ID4529,Turning & Milling,ID4529,Fluxicon Disco,Variant 130,130,2012-01-31T15:29:00.000,2012-01-31T13:08:00.000
Turning & Milling Q.C.,Case260,ID4618,Turning & Milling Q.C.,ID4618,Fluxicon Disco,Variant 130,130,2012-01-31T17:43:00.000,2012-01-31T13:48:00.000
Turning & Milling Q.C.,Case260,ID4618,Turning & Milling Q.C.,ID4618,Fluxicon Disco,Variant 130,130,2012-02-02T12:52:00.000,2012-02-02T12:51:00.000
Laser Marking,Case260,ID0998,Laser Marking,ID0998,Fluxicon Disco,Variant 130,130,2012-02-06T16:20:00.000,2012-02-06T15:39:00.000
Turning & Milling Q.C.,Case260,ID4618,Turning & Milling Q.C.,ID4618,Fluxicon Disco,Variant 130,130,2012-02-13T15:55:00.000,2012-02-13T14:09:00.000
Laser Marking,Case260,ID4882,Laser Marking,ID4882,Fluxicon Disco,Variant 130,130,2012-02-13T23:43:00.000,2012-02-13T23:30:00.000
Flat Grinding,Case260,ID4882,Flat Grinding,ID4882,Fluxicon Disco,Variant 130,130,2012-02-15T07:15:00.000,2012-02-15T06:00:00.000
Lapping,Case260,ID4882,Lapping,ID4882,Fluxicon Disco,Variant 130,130,2012-02-15T07:15:00.000,2012-02-15T06:00:00.000
Lapping,Case260,ID4882,Lapping,ID4882,Fluxicon Disco,Variant 130,130,2012-02-15T07:15:00.000,2012-02-15T06:00:00.000
Laser Marking,Case260,ID4445,Laser Marking,ID4445,Fluxicon Disco,Variant 130,130,2012-02-15T15:13:00.000,2012-02-15T13:38:00.000
Flat Grinding,Case260,ID0998,Flat Grinding,ID0998,Fluxicon Disco,Variant 130,130,2012-02-15T15:08:00.000,2012-02-15T14:40:00.000
Flat Grinding,Case260,ID0998,Flat Grinding,ID0998,Fluxicon Disco,Variant 130,130,2012-02-15T22:01:00.000,2012-02-15T15:09:00.000
Round Grinding,Case260,ID4445,Round Grinding,ID4445,Fluxicon Disco,Variant 130,130,2012-02-15T17:37:00.000,2012-02-15T16:50:00.000
Lapping,Case260,ID4882,Lapping,ID4882,Fluxicon Disco,Variant 130,130,2012-02-15T18:56:00.000,2012-02-15T17:41:00.000
Round Grinding,Case260,ID4445,Round Grinding,ID4445,Fluxicon Disco,Variant 130,130,2012-02-15T23:47:00.000,2012-02-15T17:43:00.000
Lapping,Case260,ID4882,Lapping,ID4882,Fluxicon Disco,Variant 130,130,2012-02-15T22:08:00.000,2012-02-15T19:16:00.000
Round Grinding,Case260,ID0420,Round Grinding,ID0420,Fluxicon Disco,Variant 130,130,2012-02-16T06:08:00.000,2012-02-16T02:18:00.000
Round Grinding,Case260,ID4445,Round Grinding,ID4445,Fluxicon Disco,Variant 130,130,2012-02-17T00:01:00.000,2012-02-16T12:57:00.000
Flat Grinding,Case260,ID0998,Flat Grinding,ID0998,Fluxicon Disco,Variant 130,130,2012-02-16T16:40:00.000,2012-02-16T14:12:00.000
Lapping,Case260,ID4882,Lapping,ID4882,Fluxicon Disco,Variant 130,130,2012-02-16T18:14:00.000,2012-02-16T15:15:00.000
Round Grinding,Case260,ID0420,Round Grinding,ID0420,Fluxicon Disco,Variant 130,130,2012-02-17T12:42:00.000,2012-02-17T02:15:00.000
Round Grinding,Case260,ID4445,Round Grinding,ID4445,Fluxicon Disco,Variant 130,130,2012-02-19T04:16:00.000,2012-02-19T04:10:00.000
Final Inspection Q.C.,Case260,ID4618,Final Inspection Q.C.,ID4618,Fluxicon Disco,Variant 130,130,2012-02-21T22:34:00.000,2012-02-21T22:13:00.000
Final Inspection Q.C.,Case260,ID4618,Final Inspection Q.C.,ID4618,Fluxicon Disco,Variant 130,130,2012-02-21T23:59:00.000,2012-02-21T22:32:00.000
Final Inspection Q.C.,Case260,ID4618,Final Inspection Q.C.,ID4618,Fluxicon Disco,Variant 130,130,2012-02-22T21:41:00.000,2012-02-22T13:46:00.000
Packing,Case260,ID4820,Packing,ID4820,Fluxicon Disco,Variant 130,130,2012-02-23T07:00:00.000,2012-02-23T06:00:00.000
Fix,Case260,ID4219,Fix,ID4219,Fluxicon Disco,Variant 130,130,2012-03-13T23:11:00.000,2012-03-13T22:08:00.000
Fix,Case260,ID4219,Fix,ID4219,Fluxicon Disco,Variant 130,130,2012-03-14T00:47:00.000,2012-03-13T23:11:00.000
Packing,Case260,ID4820,Packing,ID4820,Fluxicon Disco,Variant 130,130,2012-03-14T07:00:00.000,2012-03-14T06:00:00.000
Turning & Milling Q.C.,Case260,ID4618,Turning & Milling Q.C.,ID4618,Fluxicon Disco,Variant 130,130,2012-03-14T17:08:00.000,2012-03-14T16:36:00.000
Final Inspection Q.C.,Case260,ID4618,Final Inspection Q.C.,ID4618,Fluxicon Disco,Variant 130,130,2012-03-14T19:18:00.000,2012-03-14T18:03:00.000
End,Case260,End,End,End,Fluxicon Disco,Variant 130,130,2012-03-14T19:18:00.000,2012-03-14T19:18:00.000
Start,Case261,Start,Start,Start,Fluxicon Disco,Variant 131,131,2012-02-07T02:38:00.000,2012-02-07T02:38:00.000
Turning & Milling,Case261,ID0997,Turning & Milling,ID0997,Fluxicon Disco,Variant 131,131,2012-02-07T08:05:00.000,2012-02-07T02:38:00.000
Turning & Milling,Case261,ID0997,Turning & Milling,ID0997,Fluxicon Disco,Variant 131,131,2012-02-07T12:43:00.000,2012-02-07T08:05:00.000
Turning & Milling Q.C.,Case261,ID4618,Turning & Milling Q.C.,ID4618,Fluxicon Disco,Variant 131,131,2012-02-07T13:14:00.000,2012-02-07T12:50:00.000
Turning & Milling,Case261,ID4219,Turning & Milling,ID4219,Fluxicon Disco,Variant 131,131,2012-02-07T18:39:00.000,2012-02-07T14:16:00.000
Turning & Milling Q.C.,Case261,ID4618,Turning & Milling Q.C.,ID4618,Fluxicon Disco,Variant 131,131,2012-02-07T19:41:00.000,2012-02-07T19:20:00.000
Flat Grinding,Case261,ID4882,Flat Grinding,ID4882,Fluxicon Disco,Variant 131,131,2012-02-08T07:15:00.000,2012-02-08T06:00:00.000
Laser Marking,Case261,ID0998,Laser Marking,ID0998,Fluxicon Disco,Variant 131,131,2012-02-08T16:59:00.000,2012-02-08T16:21:00.000
Flat Grinding,Case261,ID4882,Flat Grinding,ID4882,Fluxicon Disco,Variant 131,131,2012-02-08T19:58:00.000,2012-02-08T19:21:00.000
Packing,Case261,ID4820,Packing,ID4820,Fluxicon Disco,Variant 131,131,2012-02-14T07:00:00.000,2012-02-14T06:00:00.000
Final Inspection Q.C.,Case261,ID4618,Final Inspection Q.C.,ID4618,Fluxicon Disco,Variant 131,131,2012-02-14T14:11:00.000,2012-02-14T14:10:00.000
End,Case261,End,End,End,Fluxicon Disco,Variant 131,131,2012-02-14T14:11:00.000,2012-02-14T14:11:00.000
Start,Case262,Start,Start,Start,Fluxicon Disco,Variant 132,132,2012-02-07T00:27:00.000,2012-02-07T00:27:00.000
Turning & Milling,Case262,ID4167,Turning & Milling,ID4167,Fluxicon Disco,Variant 132,132,2012-02-07T05:37:00.000,2012-02-07T00:27:00.000
Turning & Milling,Case262,ID4529,Turning & Milling,ID4529,Fluxicon Disco,Variant 132,132,2012-02-07T07:00:00.000,2012-02-07T05:54:00.000
Turning & Milling,Case262,ID4529,Turning & Milling,ID4529,Fluxicon Disco,Variant 132,132,2012-02-07T12:30:00.000,2012-02-07T07:00:00.000
Turning & Milling Q.C.,Case262,ID4618,Turning & Milling Q.C.,ID4618,Fluxicon Disco,Variant 132,132,2012-02-07T14:18:00.000,2012-02-07T13:04:00.000
Turning & Milling Q.C.,Case262,ID4618,Turning & Milling Q.C.,ID4618,Fluxicon Disco,Variant 132,132,2012-02-07T16:08:00.000,2012-02-07T16:05:00.000
Laser Marking,Case262,ID0998,Laser Marking,ID0998,Fluxicon Disco,Variant 132,132,2012-02-07T17:03:00.000,2012-02-07T16:13:00.000
Flat Grinding,Case262,ID0998,Flat Grinding,ID0998,Fluxicon Disco,Variant 132,132,2012-02-07T17:25:00.000,2012-02-07T17:04:00.000
Flat Grinding,Case262,ID4882,Flat Grinding,ID4882,Fluxicon Disco,Variant 132,132,2012-02-07T18:18:00.000,2012-02-07T17:25:00.000
Flat Grinding,Case262,ID4882,Flat Grinding,ID4882,Fluxicon Disco,Variant 132,132,2012-02-07T18:33:00.000,2012-02-07T18:19:00.000
Lapping,Case262,ID0998,Lapping,ID0998,Fluxicon Disco,Variant 132,132,2012-02-07T19:39:00.000,2012-02-07T18:23:00.000
Lapping,Case262,ID0998,Lapping,ID0998,Fluxicon Disco,Variant 132,132,2012-02-07T21:18:00.000,2012-02-07T19:40:00.000
Round Grinding,Case262,ID4528,Round Grinding,ID4528,Fluxicon Disco,Variant 132,132,2012-02-07T22:09:00.000,2012-02-07T19:41:00.000
Round Grinding,Case262,ID4872,Round Grinding,ID4872,Fluxicon Disco,Variant 132,132,2012-02-08T04:23:00.000,2012-02-07T22:09:00.000
Final Inspection Q.C.,Case262,ID4618,Final Inspection Q.C.,ID4618,Fluxicon Disco,Variant 132,132,2012-02-08T20:46:00.000,2012-02-08T18:44:00.000
Packing,Case262,ID4491,Packing,ID4491,Fluxicon Disco,Variant 132,132,2012-02-09T07:00:00.000,2012-02-09T06:00:00.000
Final Inspection Q.C.,Case262,ID4618,Final Inspection Q.C.,ID4618,Fluxicon Disco,Variant 132,132,2012-02-09T20:09:00.000,2012-02-09T20:08:00.000
End,Case262,End,End,End,Fluxicon Disco,Variant 132,132,2012-02-09T20:09:00.000,2012-02-09T20:09:00.000
Start,Case263,Start,Start,Start,Fluxicon Disco,Variant 133,133,2012-01-02T15:00:00.000,2012-01-02T15:00:00.000
Turning & Milling,Case263,ID4219,Turning & Milling,ID4219,Fluxicon Disco,Variant 133,133,2012-01-02T17:00:00.000,2012-01-02T15:00:00.000
Turning & Milling,Case263,ID4219,Turning & Milling,ID4219,Fluxicon Disco,Variant 133,133,2012-01-03T23:58:00.000,2012-01-03T17:52:00.000
Turning & Milling,Case263,ID4219,Turning & Milling,ID4219,Fluxicon Disco,Variant 133,133,2012-01-04T15:18:00.000,2012-01-04T12:59:00.000
Turning & Milling Q.C.,Case263,ID4287,Turning & Milling Q.C.,ID4287,Fluxicon Disco,Variant 133,133,2012-01-04T16:00:00.000,2012-01-04T15:00:00.000
Turning & Milling,Case263,ID4219,Turning & Milling,ID4219,Fluxicon Disco,Variant 133,133,2012-01-04T17:00:00.000,2012-01-04T15:21:00.000
Turning & Milling,Case263,ID4219,Turning & Milling,ID4219,Fluxicon Disco,Variant 133,133,2012-01-04T22:21:00.000,2012-01-04T17:00:00.000
Turning & Milling,Case263,ID4219,Turning & Milling,ID4219,Fluxicon Disco,Variant 133,133,2012-01-05T13:06:00.000,2012-01-05T12:48:00.000
Turning & Milling,Case263,ID0997,Turning & Milling,ID0997,Fluxicon Disco,Variant 133,133,2012-01-05T16:45:00.000,2012-01-05T14:30:00.000
Turning & Milling Q.C.,Case263,ID4287,Turning & Milling Q.C.,ID4287,Fluxicon Disco,Variant 133,133,2012-01-05T17:30:00.000,2012-01-05T16:30:00.000
Flat Grinding,Case263,ID0998,Flat Grinding,ID0998,Fluxicon Disco,Variant 133,133,2012-01-05T18:27:00.000,2012-01-05T17:46:00.000
Nitration Q.C.,Case263,ID4287,Nitration Q.C.,ID4287,Fluxicon Disco,Variant 133,133,2012-01-16T21:00:00.000,2012-01-16T19:20:00.000
Laser Marking,Case263,ID0998,Laser Marking,ID0998,Fluxicon Disco,Variant 133,133,2012-01-17T18:11:00.000,2012-01-17T17:58:00.000
Lapping,Case263,ID0998,Lapping,ID0998,Fluxicon Disco,Variant 133,133,2012-01-17T19:27:00.000,2012-01-17T18:47:00.000
Round Grinding,Case263,ID4872,Round Grinding,ID4872,Fluxicon Disco,Variant 133,133,2012-01-18T15:11:00.000,2012-01-18T14:09:00.000
Round Grinding,Case263,ID4287,Round Grinding,ID4287,Fluxicon Disco,Variant 133,133,2012-01-18T16:15:00.000,2012-01-18T15:00:00.000
Final Inspection Q.C.,Case263,ID4287,Final Inspection Q.C.,ID4287,Fluxicon Disco,Variant 133,133,2012-01-18T15:00:00.000,2012-01-18T15:00:00.000
Final Inspection Q.C.,Case263,ID4287,Final Inspection Q.C.,ID4287,Fluxicon Disco,Variant 133,133,2012-01-18T18:50:00.000,2012-01-18T15:00:00.000
Round Grinding,Case263,ID4872,Round Grinding,ID4872,Fluxicon Disco,Variant 133,133,2012-01-18T21:45:00.000,2012-01-18T15:12:00.000
Final Inspection Q.C.,Case263,ID4287,Final Inspection Q.C.,ID4287,Fluxicon Disco,Variant 133,133,2012-01-19T21:36:00.000,2012-01-19T16:57:00.000
Final Inspection Q.C.,Case263,ID4287,Final Inspection Q.C.,ID4287,Fluxicon Disco,Variant 133,133,2012-01-22T13:57:00.000,2012-01-22T13:26:00.000
Packing,Case263,ID4291,Packing,ID4291,Fluxicon Disco,Variant 133,133,2012-01-23T07:00:00.000,2012-01-23T06:00:00.000
Packing,Case263,ID4291,Packing,ID4291,Fluxicon Disco,Variant 133,133,2012-01-23T07:00:00.000,2012-01-23T06:00:00.000
End,Case263,End,End,End,Fluxicon Disco,Variant 133,133,2012-01-23T07:00:00.000,2012-01-23T07:00:00.000
Start,Case264,Start,Start,Start,Fluxicon Disco,Variant 134,134,2012-03-26T15:38:00.000,2012-03-26T15:38:00.000
Turning & Milling,Case264,ID4718,Turning & Milling,ID4718,Fluxicon Disco,Variant 134,134,2012-03-26T22:28:00.000,2012-03-26T15:38:00.000
Turning & Milling,Case264,ID4718,Turning & Milling,ID4718,Fluxicon Disco,Variant 134,134,2012-03-26T23:01:00.000,2012-03-26T22:28:00.000
Turning & Milling,Case264,ID4529,Turning & Milling,ID4529,Fluxicon Disco,Variant 134,134,2012-03-27T00:52:00.000,2012-03-26T22:42:00.000
Turning & Milling,Case264,ID4794,Turning & Milling,ID4794,Fluxicon Disco,Variant 134,134,2012-03-27T13:34:00.000,2012-03-27T03:21:00.000
Turning & Milling Q.C.,Case264,ID4618,Turning & Milling Q.C.,ID4618,Fluxicon Disco,Variant 134,134,2012-03-27T14:26:00.000,2012-03-27T14:09:00.000
Turning & Milling,Case264,ID4167,Turning & Milling,ID4167,Fluxicon Disco,Variant 134,134,2012-03-27T22:56:00.000,2012-03-27T15:04:00.000
Turning & Milling,Case264,ID4429,Turning & Milling,ID4429,Fluxicon Disco,Variant 134,134,2012-03-28T01:30:00.000,2012-03-28T00:36:00.000
Turning & Milling,Case264,ID4794,Turning & Milling,ID4794,Fluxicon Disco,Variant 134,134,2012-03-28T13:42:00.000,2012-03-28T03:09:00.000
Turning & Milling,Case264,ID4718,Turning & Milling,ID4718,Fluxicon Disco,Variant 134,134,2012-03-28T14:27:00.000,2012-03-28T14:00:00.000
Turning & Milling Q.C.,Case264,ID4618,Turning & Milling Q.C.,ID4618,Fluxicon Disco,Variant 134,134,2012-03-28T14:31:00.000,2012-03-28T14:05:00.000
Turning & Milling Q.C.,Case264,ID4618,Turning & Milling Q.C.,ID4618,Fluxicon Disco,Variant 134,134,2012-03-28T14:48:00.000,2012-03-28T14:41:00.000
Turning & Milling,Case264,ID4167,Turning & Milling,ID4167,Fluxicon Disco,Variant 134,134,2012-03-28T19:05:00.000,2012-03-28T14:50:00.000
Laser Marking,Case264,ID0998,Laser Marking,ID0998,Fluxicon Disco,Variant 134,134,2012-03-28T17:39:00.000,2012-03-28T15:20:00.000
Turning & Milling Q.C.,Case264,ID4618,Turning & Milling Q.C.,ID4618,Fluxicon Disco,Variant 134,134,2012-03-29T19:43:00.000,2012-03-29T19:24:00.000
End,Case264,End,End,End,Fluxicon Disco,Variant 134,134,2012-03-29T19:43:00.000,2012-03-29T19:43:00.000
Start,Case265,Start,Start,Start,Fluxicon Disco,Variant 135,135,2012-01-04T16:52:00.000,2012-01-04T16:52:00.000
Turning,Case265,ID0997,Turning,ID0997,Fluxicon Disco,Variant 135,135,2012-01-04T21:59:00.000,2012-01-04T16:52:00.000
Turning,Case265,ID0997,Turning,ID0997,Fluxicon Disco,Variant 135,135,2012-01-05T14:26:00.000,2012-01-05T13:34:00.000
Turning & Milling,Case265,ID0997,Turning & Milling,ID0997,Fluxicon Disco,Variant 135,135,2012-01-09T16:29:00.000,2012-01-09T13:04:00.000
Turning & Milling,Case265,ID0997,Turning & Milling,ID0997,Fluxicon Disco,Variant 135,135,2012-01-09T16:49:00.000,2012-01-09T15:49:00.000
Turning & Milling,Case265,ID0997,Turning & Milling,ID0997,Fluxicon Disco,Variant 135,135,2012-01-09T17:21:00.000,2012-01-09T16:27:00.000
Turning & Milling Q.C.,Case265,ID4618,Turning & Milling Q.C.,ID4618,Fluxicon Disco,Variant 135,135,2012-01-09T18:50:00.000,2012-01-09T17:35:00.000
Laser Marking,Case265,ID0998,Laser Marking,ID0998,Fluxicon Disco,Variant 135,135,2012-01-16T14:28:00.000,2012-01-16T14:12:00.000
Lapping,Case265,ID0998,Lapping,ID0998,Fluxicon Disco,Variant 135,135,2012-01-16T15:37:00.000,2012-01-16T14:28:00.000
Round Grinding,Case265,ID4872,Round Grinding,ID4872,Fluxicon Disco,Variant 135,135,2012-01-16T20:54:00.000,2012-01-16T19:37:00.000
Round Grinding,Case265,ID4872,Round Grinding,ID4872,Fluxicon Disco,Variant 135,135,2012-01-16T21:53:00.000,2012-01-16T20:54:00.000
Round Grinding,Case265,ID4872,Round Grinding,ID4872,Fluxicon Disco,Variant 135,135,2012-01-17T13:18:00.000,2012-01-17T12:50:00.000
Round Grinding,Case265,ID4872,Round Grinding,ID4872,Fluxicon Disco,Variant 135,135,2012-01-17T17:10:00.000,2012-01-17T13:22:00.000
Final Inspection Q.C.,Case265,ID4618,Final Inspection Q.C.,ID4618,Fluxicon Disco,Variant 135,135,2012-01-18T00:03:00.000,2012-01-17T19:00:00.000
Final Inspection Q.C.,Case265,ID4618,Final Inspection Q.C.,ID4618,Fluxicon Disco,Variant 135,135,2012-01-18T22:07:00.000,2012-01-18T16:20:00.000
Packing,Case265,ID4291,Packing,ID4291,Fluxicon Disco,Variant 135,135,2012-01-19T07:00:00.000,2012-01-19T06:00:00.000
Final Inspection Q.C.,Case265,ID4618,Final Inspection Q.C.,ID4618,Fluxicon Disco,Variant 135,135,2012-01-19T18:01:00.000,2012-01-19T16:46:00.000
End,Case265,End,End,End,Fluxicon Disco,Variant 135,135,2012-01-19T18:01:00.000,2012-01-19T18:01:00.000
Start,Case266,Start,Start,Start,Fluxicon Disco,Variant 136,136,2012-01-04T13:00:00.000,2012-01-04T13:00:00.000
Turning & Milling Q.C.,Case266,ID4163,Turning & Milling Q.C.,ID4163,Fluxicon Disco,Variant 136,136,2012-01-04T14:40:00.000,2012-01-04T13:00:00.000
Turning & Milling,Case266,ID4429,Turning & Milling,ID4429,Fluxicon Disco,Variant 136,136,2012-01-04T22:09:00.000,2012-01-04T20:15:00.000
Turning & Milling,Case266,ID4932,Turning & Milling,ID4932,Fluxicon Disco,Variant 136,136,2012-01-05T12:45:00.000,2012-01-05T01:54:00.000
Turning & Milling,Case266,ID4429,Turning & Milling,ID4429,Fluxicon Disco,Variant 136,136,2012-01-05T20:17:00.000,2012-01-05T13:06:00.000
Turning & Milling Q.C.,Case266,ID4163,Turning & Milling Q.C.,ID4163,Fluxicon Disco,Variant 136,136,2012-01-05T22:10:00.000,2012-01-05T20:00:00.000
Turning & Milling,Case266,ID4429,Turning & Milling,ID4429,Fluxicon Disco,Variant 136,136,2012-01-05T23:37:00.000,2012-01-05T20:22:00.000
Turning & Milling Q.C.,Case266,ID4287,Turning & Milling Q.C.,ID4287,Fluxicon Disco,Variant 136,136,2012-01-05T23:35:00.000,2012-01-05T23:00:00.000
Turning & Milling,Case266,ID4932,Turning & Milling,ID4932,Fluxicon Disco,Variant 136,136,2012-01-06T02:50:00.000,2012-01-06T01:51:00.000
Turning & Milling,Case266,ID4932,Turning & Milling,ID4932,Fluxicon Disco,Variant 136,136,2012-01-06T12:41:00.000,2012-01-06T02:51:00.000
Turning & Milling,Case266,ID4429,Turning & Milling,ID4429,Fluxicon Disco,Variant 136,136,2012-01-06T18:39:00.000,2012-01-06T13:21:00.000
Turning & Milling,Case266,ID4529,Turning & Milling,ID4529,Fluxicon Disco,Variant 136,136,2012-01-07T13:00:00.000,2012-01-06T19:00:00.000
Turning & Milling,Case266,ID4529,Turning & Milling,ID4529,Fluxicon Disco,Variant 136,136,2012-01-08T05:30:00.000,2012-01-07T13:00:00.000
Turning & Milling,Case266,ID4641,Turning & Milling,ID4641,Fluxicon Disco,Variant 136,136,2012-01-08T12:35:00.000,2012-01-08T05:36:00.000
Turning & Milling,Case266,ID4932,Turning & Milling,ID4932,Fluxicon Disco,Variant 136,136,2012-01-08T14:39:00.000,2012-01-08T13:06:00.000
Turning & Milling Q.C.,Case266,ID4163,Turning & Milling Q.C.,ID4163,Fluxicon Disco,Variant 136,136,2012-01-08T18:50:00.000,2012-01-08T15:00:00.000
Turning & Milling Q.C.,Case266,ID4163,Turning & Milling Q.C.,ID4163,Fluxicon Disco,Variant 136,136,2012-01-08T19:40:00.000,2012-01-08T19:20:00.000
Turning & Milling Q.C.,Case266,ID4163,Turning & Milling Q.C.,ID4163,Fluxicon Disco,Variant 136,136,2012-01-08T20:00:00.000,2012-01-08T19:40:00.000
Turning & Milling Q.C.,Case266,ID4163,Turning & Milling Q.C.,ID4163,Fluxicon Disco,Variant 136,136,2012-01-08T20:20:00.000,2012-01-08T20:00:00.000
Turning & Milling Q.C.,Case266,ID4163,Turning & Milling Q.C.,ID4163,Fluxicon Disco,Variant 136,136,2012-01-08T20:40:00.000,2012-01-08T20:20:00.000
Turning & Milling Q.C.,Case266,ID4163,Turning & Milling Q.C.,ID4163,Fluxicon Disco,Variant 136,136,2012-01-08T21:00:00.000,2012-01-08T20:40:00.000
Turning & Milling,Case266,ID4429,Turning & Milling,ID4429,Fluxicon Disco,Variant 136,136,2012-01-09T17:35:00.000,2012-01-09T01:42:00.000
Laser Marking,Case266,ID4445,Laser Marking,ID4445,Fluxicon Disco,Variant 136,136,2012-01-09T05:17:00.000,2012-01-09T03:14:00.000
Lapping,Case266,ID0998,Lapping,ID0998,Fluxicon Disco,Variant 136,136,2012-01-31T23:02:00.000,2012-01-31T18:08:00.000
Lapping,Case266,ID0998,Lapping,ID0998,Fluxicon Disco,Variant 136,136,2012-02-01T23:07:00.000,2012-02-01T19:52:00.000
Lapping,Case266,ID4882,Lapping,ID4882,Fluxicon Disco,Variant 136,136,2012-02-01T23:19:00.000,2012-02-01T22:04:00.000
Round Grinding,Case266,ID4385,Round Grinding,ID4385,Fluxicon Disco,Variant 136,136,2012-02-03T05:35:00.000,2012-02-03T03:09:00.000
Round Grinding,Case266,ID4385,Round Grinding,ID4385,Fluxicon Disco,Variant 136,136,2012-02-03T12:56:00.000,2012-02-03T05:36:00.000
Round Grinding,Case266,ID4355,Round Grinding,ID4355,Fluxicon Disco,Variant 136,136,2012-02-03T15:51:00.000,2012-02-03T13:04:00.000
Lapping,Case266,ID0998,Lapping,ID0998,Fluxicon Disco,Variant 136,136,2012-02-03T19:00:00.000,2012-02-03T15:36:00.000
Lapping,Case266,ID4882,Lapping,ID4882,Fluxicon Disco,Variant 136,136,2012-02-05T07:15:00.000,2012-02-05T06:00:00.000
Final Inspection Q.C.,Case266,ID4163,Final Inspection Q.C.,ID4163,Fluxicon Disco,Variant 136,136,2012-02-05T22:10:00.000,2012-02-05T20:00:00.000
Final Inspection Q.C.,Case266,ID4163,Final Inspection Q.C.,ID4163,Fluxicon Disco,Variant 136,136,2012-02-06T14:40:00.000,2012-02-06T13:00:00.000
Final Inspection Q.C.,Case266,ID4163,Final Inspection Q.C.,ID4163,Fluxicon Disco,Variant 136,136,2012-02-06T17:00:00.000,2012-02-06T15:00:00.000
Lapping,Case266,ID0998,Lapping,ID0998,Fluxicon Disco,Variant 136,136,2012-02-08T15:57:00.000,2012-02-08T15:28:00.000
Round Grinding,Case266,ID4445,Round Grinding,ID4445,Fluxicon Disco,Variant 136,136,2012-02-10T04:29:00.000,2012-02-10T02:01:00.000
Round Grinding,Case266,ID4445,Round Grinding,ID4445,Fluxicon Disco,Variant 136,136,2012-02-10T12:52:00.000,2012-02-10T04:29:00.000
Round Grinding,Case266,ID0420,Round Grinding,ID0420,Fluxicon Disco,Variant 136,136,2012-02-10T18:45:00.000,2012-02-10T12:50:00.000
Lapping,Case266,ID4882,Lapping,ID4882,Fluxicon Disco,Variant 136,136,2012-02-10T18:30:00.000,2012-02-10T15:43:00.000
Turning & Milling Q.C.,Case266,ID4163,Turning & Milling Q.C.,ID4163,Fluxicon Disco,Variant 136,136,2012-02-10T18:45:00.000,2012-02-10T18:00:00.000
Round Grinding,Case266,ID4385,Round Grinding,ID4385,Fluxicon Disco,Variant 136,136,2012-02-13T01:48:00.000,2012-02-12T23:22:00.000
Lapping,Case266,ID4882,Lapping,ID4882,Fluxicon Disco,Variant 136,136,2012-02-13T00:57:00.000,2012-02-12T23:42:00.000
Round Grinding,Case266,ID0420,Round Grinding,ID0420,Fluxicon Disco,Variant 136,136,2012-02-13T12:50:00.000,2012-02-13T02:00:00.000
Turning & Milling Q.C.,Case266,ID0420,Turning & Milling Q.C.,ID0420,Fluxicon Disco,Variant 136,136,2012-02-13T02:08:00.000,2012-02-13T02:03:00.000
Round Grinding,Case266,ID4445,Round Grinding,ID4445,Fluxicon Disco,Variant 136,136,2012-02-13T21:47:00.000,2012-02-13T12:54:00.000
Final Inspection Q.C.,Case266,ID4163,Final Inspection Q.C.,ID4163,Fluxicon Disco,Variant 136,136,2012-02-13T18:50:00.000,2012-02-13T18:20:00.000
Final Inspection Q.C.,Case266,ID4163,Final Inspection Q.C.,ID4163,Fluxicon Disco,Variant 136,136,2012-02-14T14:40:00.000,2012-02-14T13:00:00.000
Final Inspection Q.C.,Case266,ID4163,Final Inspection Q.C.,ID4163,Fluxicon Disco,Variant 136,136,2012-02-14T18:50:00.000,2012-02-14T15:00:00.000
Packing,Case266,ID4820,Packing,ID4820,Fluxicon Disco,Variant 136,136,2012-02-15T07:00:00.000,2012-02-15T06:00:00.000
Final Inspection Q.C.,Case266,ID4163,Final Inspection Q.C.,ID4163,Fluxicon Disco,Variant 136,136,2012-02-16T00:03:00.000,2012-02-15T20:20:00.000
Packing,Case266,ID4820,Packing,ID4820,Fluxicon Disco,Variant 136,136,2012-02-16T07:00:00.000,2012-02-16T06:00:00.000
Packing,Case266,ID4820,Packing,ID4820,Fluxicon Disco,Variant 136,136,2012-02-16T07:00:00.000,2012-02-16T06:00:00.000
Final Inspection Q.C.,Case266,ID4163,Final Inspection Q.C.,ID4163,Fluxicon Disco,Variant 136,136,2012-02-16T14:40:00.000,2012-02-16T13:15:00.000
Final Inspection Q.C.,Case266,ID4163,Final Inspection Q.C.,ID4163,Fluxicon Disco,Variant 136,136,2012-02-16T17:45:00.000,2012-02-16T15:00:00.000
Final Inspection Q.C.,Case266,ID4163,Final Inspection Q.C.,ID4163,Fluxicon Disco,Variant 136,136,2012-02-16T18:59:00.000,2012-02-16T17:44:00.000
Final Inspection Q.C.,Case266,ID4163,Final Inspection Q.C.,ID4163,Fluxicon Disco,Variant 136,136,2012-02-19T20:07:00.000,2012-02-19T19:20:00.000
Packing,Case266,ID4820,Packing,ID4820,Fluxicon Disco,Variant 136,136,2012-02-20T07:00:00.000,2012-02-20T06:00:00.000
Final Inspection Q.C.,Case266,ID4163,Final Inspection Q.C.,ID4163,Fluxicon Disco,Variant 136,136,2012-02-22T20:20:00.000,2012-02-22T19:20:00.000
Final Inspection Q.C.,Case266,ID4163,Final Inspection Q.C.,ID4163,Fluxicon Disco,Variant 136,136,2012-02-22T20:50:00.000,2012-02-22T20:20:00.000
Final Inspection Q.C.,Case266,ID4163,Final Inspection Q.C.,ID4163,Fluxicon Disco,Variant 136,136,2012-02-22T21:10:00.000,2012-02-22T20:50:00.000
Final Inspection Q.C.,Case266,ID4163,Final Inspection Q.C.,ID4163,Fluxicon Disco,Variant 136,136,2012-02-22T21:30:00.000,2012-02-22T21:10:00.000
Final Inspection Q.C.,Case266,ID4163,Final Inspection Q.C.,ID4163,Fluxicon Disco,Variant 136,136,2012-02-22T21:50:00.000,2012-02-22T21:30:00.000
Final Inspection Q.C.,Case266,ID4163,Final Inspection Q.C.,ID4163,Fluxicon Disco,Variant 136,136,2012-02-22T22:10:00.000,2012-02-22T21:50:00.000
Grinding Rework,Case266,ID4872,Grinding Rework,ID4872,Fluxicon Disco,Variant 136,136,2012-03-06T05:47:00.000,2012-03-06T02:24:00.000
Grinding Rework,Case266,ID4528,Grinding Rework,ID4528,Fluxicon Disco,Variant 136,136,2012-03-06T15:23:00.000,2012-03-06T13:06:00.000
Final Inspection Q.C.,Case266,ID4163,Final Inspection Q.C.,ID4163,Fluxicon Disco,Variant 136,136,2012-03-18T14:40:00.000,2012-03-18T14:00:00.000
Final Inspection Q.C.,Case266,ID4163,Final Inspection Q.C.,ID4163,Fluxicon Disco,Variant 136,136,2012-03-18T17:00:00.000,2012-03-18T15:00:00.000
Grinding Rework,Case266,ID4528,Grinding Rework,ID4528,Fluxicon Disco,Variant 136,136,2012-03-18T17:56:00.000,2012-03-18T17:24:00.000
Packing,Case266,ID4820,Packing,ID4820,Fluxicon Disco,Variant 136,136,2012-03-19T07:00:00.000,2012-03-19T06:00:00.000
Final Inspection Q.C.,Case266,ID4163,Final Inspection Q.C.,ID4163,Fluxicon Disco,Variant 136,136,2012-03-19T14:40:00.000,2012-03-19T14:00:00.000
Packing,Case266,ID4820,Packing,ID4820,Fluxicon Disco,Variant 136,136,2012-03-21T07:00:00.000,2012-03-21T06:00:00.000
Turning & Milling Q.C.,Case266,ID4163,Turning & Milling Q.C.,ID4163,Fluxicon Disco,Variant 136,136,2012-03-30T08:15:00.000,2012-03-30T07:00:00.000
End,Case266,End,End,End,Fluxicon Disco,Variant 136,136,2012-03-30T08:15:00.000,2012-03-30T08:15:00.000
Start,Case267,Start,Start,Start,Fluxicon Disco,Variant 137,137,2012-01-05T18:14:00.000,2012-01-05T18:14:00.000
Turning & Milling,Case267,ID4167,Turning & Milling,ID4167,Fluxicon Disco,Variant 137,137,2012-01-05T23:58:00.000,2012-01-05T18:14:00.000
Turning & Milling,Case267,ID4794,Turning & Milling,ID4794,Fluxicon Disco,Variant 137,137,2012-01-06T07:14:00.000,2012-01-06T02:21:00.000
Turning & Milling,Case267,ID4794,Turning & Milling,ID4794,Fluxicon Disco,Variant 137,137,2012-01-06T12:39:00.000,2012-01-06T07:15:00.000
Turning & Milling,Case267,ID4167,Turning & Milling,ID4167,Fluxicon Disco,Variant 137,137,2012-01-06T18:52:00.000,2012-01-06T13:34:00.000
Turning & Milling Q.C.,Case267,ID4618,Turning & Milling Q.C.,ID4618,Fluxicon Disco,Variant 137,137,2012-01-06T15:44:00.000,2012-01-06T13:39:00.000
Turning & Milling,Case267,ID4529,Turning & Milling,ID4529,Fluxicon Disco,Variant 137,137,2012-01-07T13:00:00.000,2012-01-06T19:00:00.000
Turning & Milling,Case267,ID4529,Turning & Milling,ID4529,Fluxicon Disco,Variant 137,137,2012-01-08T05:30:00.000,2012-01-07T13:00:00.000
Turning & Milling,Case267,ID4641,Turning & Milling,ID4641,Fluxicon Disco,Variant 137,137,2012-01-08T12:43:00.000,2012-01-08T05:37:00.000
Turning & Milling,Case267,ID4932,Turning & Milling,ID4932,Fluxicon Disco,Variant 137,137,2012-01-08T22:05:00.000,2012-01-08T13:00:00.000
Turning & Milling Q.C.,Case267,ID4618,Turning & Milling Q.C.,ID4618,Fluxicon Disco,Variant 137,137,2012-01-08T16:00:00.000,2012-01-08T13:50:00.000
Turning & Milling,Case267,ID4794,Turning & Milling,ID4794,Fluxicon Disco,Variant 137,137,2012-01-08T23:50:00.000,2012-01-08T22:00:00.000
Turning & Milling,Case267,ID4529,Turning & Milling,ID4529,Fluxicon Disco,Variant 137,137,2012-01-09T13:00:00.000,2012-01-09T02:00:00.000
Turning & Milling,Case267,ID4932,Turning & Milling,ID4932,Fluxicon Disco,Variant 137,137,2012-01-09T23:52:00.000,2012-01-09T12:49:00.000
Turning & Milling Q.C.,Case267,ID4618,Turning & Milling Q.C.,ID4618,Fluxicon Disco,Variant 137,137,2012-01-09T14:30:00.000,2012-01-09T14:04:00.000
Turning & Milling,Case267,ID4529,Turning & Milling,ID4529,Fluxicon Disco,Variant 137,137,2012-01-10T12:30:00.000,2012-01-10T02:30:00.000
Turning & Milling,Case267,ID4718,Turning & Milling,ID4718,Fluxicon Disco,Variant 137,137,2012-01-10T12:55:00.000,2012-01-10T07:00:00.000
Turning & Milling,Case267,ID4932,Turning & Milling,ID4932,Fluxicon Disco,Variant 137,137,2012-01-10T18:07:00.000,2012-01-10T13:02:00.000
Turning & Milling Q.C.,Case267,ID4618,Turning & Milling Q.C.,ID4618,Fluxicon Disco,Variant 137,137,2012-01-10T14:24:00.000,2012-01-10T13:09:00.000
Turning & Milling,Case267,ID4932,Turning & Milling,ID4932,Fluxicon Disco,Variant 137,137,2012-01-10T19:23:00.000,2012-01-10T18:08:00.000
Turning & Milling,Case267,ID4932,Turning & Milling,ID4932,Fluxicon Disco,Variant 137,137,2012-01-10T21:58:00.000,2012-01-10T18:45:00.000
Turning & Milling,Case267,ID4718,Turning & Milling,ID4718,Fluxicon Disco,Variant 137,137,2012-01-11T05:38:00.000,2012-01-10T23:55:00.000
Turning & Milling Q.C.,Case267,ID4618,Turning & Milling Q.C.,ID4618,Fluxicon Disco,Variant 137,137,2012-01-11T14:09:00.000,2012-01-11T12:50:00.000
Turning & Milling,Case267,ID4167,Turning & Milling,ID4167,Fluxicon Disco,Variant 137,137,2012-01-11T22:07:00.000,2012-01-11T13:42:00.000
Turning & Milling,Case267,ID4718,Turning & Milling,ID4718,Fluxicon Disco,Variant 137,137,2012-01-12T05:42:00.000,2012-01-11T22:10:00.000
Turning & Milling Q.C.,Case267,ID4618,Turning & Milling Q.C.,ID4618,Fluxicon Disco,Variant 137,137,2012-01-17T17:12:00.000,2012-01-17T15:57:00.000
Turning & Milling Q.C.,Case267,ID4618,Turning & Milling Q.C.,ID4618,Fluxicon Disco,Variant 137,137,2012-01-17T17:35:00.000,2012-01-17T16:20:00.000
Turning & Milling Q.C.,Case267,ID4618,Turning & Milling Q.C.,ID4618,Fluxicon Disco,Variant 137,137,2012-01-19T23:00:00.000,2012-01-19T14:00:00.000
Laser Marking,Case267,ID4882,Laser Marking,ID4882,Fluxicon Disco,Variant 137,137,2012-02-01T18:51:00.000,2012-02-01T17:02:00.000
Laser Marking,Case267,ID4882,Laser Marking,ID4882,Fluxicon Disco,Variant 137,137,2012-02-01T20:02:00.000,2012-02-01T19:23:00.000
Laser Marking,Case267,ID4882,Laser Marking,ID4882,Fluxicon Disco,Variant 137,137,2012-02-01T23:59:00.000,2012-02-01T23:26:00.000
Lapping,Case267,ID4882,Lapping,ID4882,Fluxicon Disco,Variant 137,137,2012-02-02T07:15:00.000,2012-02-02T06:00:00.000
Lapping,Case267,ID0998,Lapping,ID0998,Fluxicon Disco,Variant 137,137,2012-02-02T23:02:00.000,2012-02-02T14:23:00.000
Laser Marking,Case267,ID4882,Laser Marking,ID4882,Fluxicon Disco,Variant 137,137,2012-02-02T21:53:00.000,2012-02-02T21:22:00.000
Lapping,Case267,ID4882,Lapping,ID4882,Fluxicon Disco,Variant 137,137,2012-02-03T07:15:00.000,2012-02-03T06:00:00.000
Laser Marking,Case267,ID4882,Laser Marking,ID4882,Fluxicon Disco,Variant 137,137,2012-02-03T13:40:00.000,2012-02-03T13:01:00.000
Lapping,Case267,ID4882,Lapping,ID4882,Fluxicon Disco,Variant 137,137,2012-02-03T17:53:00.000,2012-02-03T15:48:00.000
Round Grinding,Case267,ID0420,Round Grinding,ID0420,Fluxicon Disco,Variant 137,137,2012-02-05T16:02:00.000,2012-02-05T15:13:00.000
Round Grinding,Case267,ID4618,Round Grinding,ID4618,Fluxicon Disco,Variant 137,137,2012-02-06T00:04:00.000,2012-02-05T17:32:00.000
Round Grinding,Case267,ID4355,Round Grinding,ID4355,Fluxicon Disco,Variant 137,137,2012-02-06T02:03:00.000,2012-02-05T22:17:00.000
Round Grinding,Case267,ID4445,Round Grinding,ID4445,Fluxicon Disco,Variant 137,137,2012-02-06T12:53:00.000,2012-02-06T02:06:00.000
Round Grinding,Case267,ID0420,Round Grinding,ID0420,Fluxicon Disco,Variant 137,137,2012-02-06T14:09:00.000,2012-02-06T12:56:00.000
Round Grinding,Case267,ID4445,Round Grinding,ID4445,Fluxicon Disco,Variant 137,137,2012-02-19T06:10:00.000,2012-02-19T04:17:00.000
Round Grinding,Case267,ID4445,Round Grinding,ID4445,Fluxicon Disco,Variant 137,137,2012-02-19T12:55:00.000,2012-02-19T06:10:00.000
Round Grinding,Case267,ID0420,Round Grinding,ID0420,Fluxicon Disco,Variant 137,137,2012-02-19T13:20:00.000,2012-02-19T12:59:00.000
Round Grinding,Case267,ID0420,Round Grinding,ID0420,Fluxicon Disco,Variant 137,137,2012-02-19T19:40:00.000,2012-02-19T15:04:00.000
Round Grinding,Case267,ID4445,Round Grinding,ID4445,Fluxicon Disco,Variant 137,137,2012-02-20T03:22:00.000,2012-02-19T20:10:00.000
Round Grinding,Case267,ID4445,Round Grinding,ID4445,Fluxicon Disco,Variant 137,137,2012-02-20T12:52:00.000,2012-02-20T01:59:00.000
Round Grinding,Case267,ID0420,Round Grinding,ID0420,Fluxicon Disco,Variant 137,137,2012-02-20T13:00:00.000,2012-02-20T03:23:00.000
Round Grinding,Case267,ID0420,Round Grinding,ID0420,Fluxicon Disco,Variant 137,137,2012-02-20T21:27:00.000,2012-02-20T13:02:00.000
Round Grinding,Case267,ID4445,Round Grinding,ID4445,Fluxicon Disco,Variant 137,137,2012-02-21T03:26:00.000,2012-02-21T02:11:00.000
Round Grinding,Case267,ID4445,Round Grinding,ID4445,Fluxicon Disco,Variant 137,137,2012-02-21T03:53:00.000,2012-02-21T02:12:00.000
Round Grinding,Case267,ID4445,Round Grinding,ID4445,Fluxicon Disco,Variant 137,137,2012-02-21T12:48:00.000,2012-02-21T03:53:00.000
Round Grinding,Case267,ID0420,Round Grinding,ID0420,Fluxicon Disco,Variant 137,137,2012-02-21T13:17:00.000,2012-02-21T12:50:00.000
Round Grinding,Case267,ID4385,Round Grinding,ID4385,Fluxicon Disco,Variant 137,137,2012-02-21T14:25:00.000,2012-02-21T13:19:00.000
Round Grinding,Case267,ID4385,Round Grinding,ID4385,Fluxicon Disco,Variant 137,137,2012-02-21T17:22:00.000,2012-02-21T14:25:00.000
Round Grinding,Case267,ID4618,Round Grinding,ID4618,Fluxicon Disco,Variant 137,137,2012-02-23T22:04:00.000,2012-02-23T18:54:00.000
Round Grinding,Case267,ID4618,Round Grinding,ID4618,Fluxicon Disco,Variant 137,137,2012-02-24T18:53:00.000,2012-02-24T13:47:00.000
Round Grinding,Case267,ID4618,Round Grinding,ID4618,Fluxicon Disco,Variant 137,137,2012-02-26T20:47:00.000,2012-02-26T18:46:00.000
Final Inspection Q.C.,Case267,ID4618,Final Inspection Q.C.,ID4618,Fluxicon Disco,Variant 137,137,2012-02-26T20:48:00.000,2012-02-26T20:47:00.000
Packing,Case267,ID4820,Packing,ID4820,Fluxicon Disco,Variant 137,137,2012-02-27T07:00:00.000,2012-02-27T06:00:00.000
Round Grinding,Case267,ID4618,Round Grinding,ID4618,Fluxicon Disco,Variant 137,137,2012-02-27T21:16:00.000,2012-02-27T17:17:00.000
Final Inspection Q.C.,Case267,ID4618,Final Inspection Q.C.,ID4618,Fluxicon Disco,Variant 137,137,2012-02-27T22:09:00.000,2012-02-27T21:55:00.000
Packing,Case267,ID4820,Packing,ID4820,Fluxicon Disco,Variant 137,137,2012-02-28T07:00:00.000,2012-02-28T06:00:00.000
Final Inspection Q.C.,Case267,ID4618,Final Inspection Q.C.,ID4618,Fluxicon Disco,Variant 137,137,2012-02-28T15:40:00.000,2012-02-28T14:18:00.000
Round Grinding,Case267,ID4618,Round Grinding,ID4618,Fluxicon Disco,Variant 137,137,2012-02-28T15:43:00.000,2012-02-28T15:41:00.000
Final Inspection Q.C.,Case267,ID4618,Final Inspection Q.C.,ID4618,Fluxicon Disco,Variant 137,137,2012-02-28T15:42:00.000,2012-02-28T15:41:00.000
Final Inspection Q.C.,Case267,ID4618,Final Inspection Q.C.,ID4618,Fluxicon Disco,Variant 137,137,2012-02-28T17:43:00.000,2012-02-28T15:43:00.000
Round Grinding,Case267,ID4618,Round Grinding,ID4618,Fluxicon Disco,Variant 137,137,2012-02-28T18:08:00.000,2012-02-28T17:44:00.000
Round Grinding,Case267,ID4618,Round Grinding,ID4618,Fluxicon Disco,Variant 137,137,2012-02-28T18:11:00.000,2012-02-28T18:06:00.000
Round Grinding,Case267,ID0420,Round Grinding,ID0420,Fluxicon Disco,Variant 137,137,2012-03-28T10:53:00.000,2012-03-28T10:00:00.000
Final Inspection Q.C.,Case267,ID4618,Final Inspection Q.C.,ID4618,Fluxicon Disco,Variant 137,137,2012-03-28T21:05:00.000,2012-03-28T19:39:00.000
Round Grinding,Case267,ID4618,Round Grinding,ID4618,Fluxicon Disco,Variant 137,137,2012-03-28T19:47:00.000,2012-03-28T19:46:00.000
Round Grinding,Case267,ID4618,Round Grinding,ID4618,Fluxicon Disco,Variant 137,137,2012-03-28T21:13:00.000,2012-03-28T21:12:00.000
Final Inspection Q.C.,Case267,ID4618,Final Inspection Q.C.,ID4618,Fluxicon Disco,Variant 137,137,2012-03-28T22:28:00.000,2012-03-28T21:13:00.000
Packing,Case267,ID4291,Packing,ID4291,Fluxicon Disco,Variant 137,137,2012-03-30T08:00:00.000,2012-03-30T07:00:00.000
End,Case267,End,End,End,Fluxicon Disco,Variant 137,137,2012-03-30T08:00:00.000,2012-03-30T08:00:00.000
Start,Case268,Start,Start,Start,Fluxicon Disco,Variant 138,138,2012-01-25T13:58:00.000,2012-01-25T13:58:00.000
Turning & Milling,Case268,ID0997,Turning & Milling,ID0997,Fluxicon Disco,Variant 138,138,2012-01-25T22:48:00.000,2012-01-25T13:58:00.000
Turning & Milling,Case268,ID0997,Turning & Milling,ID0997,Fluxicon Disco,Variant 138,138,2012-01-26T00:00:00.000,2012-01-25T22:48:00.000
Turning & Milling Q.C.,Case268,ID4618,Turning & Milling Q.C.,ID4618,Fluxicon Disco,Variant 138,138,2012-01-26T00:02:00.000,2012-01-25T23:02:00.000
Turning & Milling,Case268,ID0997,Turning & Milling,ID0997,Fluxicon Disco,Variant 138,138,2012-01-26T17:34:00.000,2012-01-26T13:26:00.000
Turning & Milling Q.C.,Case268,ID4618,Turning & Milling Q.C.,ID4618,Fluxicon Disco,Variant 138,138,2012-01-26T15:20:00.000,2012-01-26T14:15:00.000
Turning & Milling,Case268,ID0997,Turning & Milling,ID0997,Fluxicon Disco,Variant 138,138,2012-01-26T22:01:00.000,2012-01-26T17:35:00.000
Turning & Milling,Case268,ID4872,Turning & Milling,ID4872,Fluxicon Disco,Variant 138,138,2012-01-27T05:35:00.000,2012-01-27T00:18:00.000
Turning & Milling Q.C.,Case268,ID4287,Turning & Milling Q.C.,ID4287,Fluxicon Disco,Variant 138,138,2012-01-29T07:15:00.000,2012-01-29T06:00:00.000
Turning & Milling,Case268,ID0997,Turning & Milling,ID0997,Fluxicon Disco,Variant 138,138,2012-01-29T19:40:00.000,2012-01-29T17:31:00.000
Turning & Milling Q.C.,Case268,ID4287,Turning & Milling Q.C.,ID4287,Fluxicon Disco,Variant 138,138,2012-01-29T19:43:00.000,2012-01-29T18:00:00.000
Turning & Milling,Case268,ID0997,Turning & Milling,ID0997,Fluxicon Disco,Variant 138,138,2012-01-29T21:56:00.000,2012-01-29T19:46:00.000
Turning & Milling,Case268,ID4794,Turning & Milling,ID4794,Fluxicon Disco,Variant 138,138,2012-01-30T05:46:00.000,2012-01-30T02:09:00.000
Turning & Milling Q.C.,Case268,ID4618,Turning & Milling Q.C.,ID4618,Fluxicon Disco,Variant 138,138,2012-01-30T13:29:00.000,2012-01-30T12:59:00.000
Turning & Milling Q.C.,Case268,ID4618,Turning & Milling Q.C.,ID4618,Fluxicon Disco,Variant 138,138,2012-01-30T15:25:00.000,2012-01-30T14:10:00.000
Turning & Milling Q.C.,Case268,ID4618,Turning & Milling Q.C.,ID4618,Fluxicon Disco,Variant 138,138,2012-02-06T16:21:00.000,2012-02-06T15:00:00.000
Flat Grinding,Case268,ID4882,Flat Grinding,ID4882,Fluxicon Disco,Variant 138,138,2012-02-08T16:52:00.000,2012-02-08T15:51:00.000
Lapping,Case268,ID0998,Lapping,ID0998,Fluxicon Disco,Variant 138,138,2012-02-12T22:07:00.000,2012-02-12T21:27:00.000
Round Grinding,Case268,ID4385,Round Grinding,ID4385,Fluxicon Disco,Variant 138,138,2012-02-14T05:30:00.000,2012-02-14T01:40:00.000
Round Grinding,Case268,ID0420,Round Grinding,ID0420,Fluxicon Disco,Variant 138,138,2012-02-14T12:50:00.000,2012-02-14T05:30:00.000
Round Grinding,Case268,ID4445,Round Grinding,ID4445,Fluxicon Disco,Variant 138,138,2012-02-14T15:10:00.000,2012-02-14T12:54:00.000
Laser Marking,Case268,ID0998,Laser Marking,ID0998,Fluxicon Disco,Variant 138,138,2012-02-15T21:26:00.000,2012-02-15T20:41:00.000
Packing,Case268,ID4291,Packing,ID4291,Fluxicon Disco,Variant 138,138,2012-02-16T07:00:00.000,2012-02-16T06:00:00.000
Final Inspection Q.C.,Case268,ID4493,Final Inspection Q.C.,ID4493,Fluxicon Disco,Variant 138,138,2012-02-16T13:19:00.000,2012-02-16T12:50:00.000
End,Case268,End,End,End,Fluxicon Disco,Variant 138,138,2012-02-16T13:19:00.000,2012-02-16T13:19:00.000
Start,Case269,Start,Start,Start,Fluxicon Disco,Variant 139,139,2012-01-09T18:30:00.000,2012-01-09T18:30:00.000
Turning & Milling,Case269,ID0997,Turning & Milling,ID0997,Fluxicon Disco,Variant 139,139,2012-01-09T23:30:00.000,2012-01-09T18:30:00.000
Turning & Milling,Case269,ID0997,Turning & Milling,ID0997,Fluxicon Disco,Variant 139,139,2012-01-10T20:47:00.000,2012-01-10T14:19:00.000
Turning & Milling Q.C.,Case269,ID4287,Turning & Milling Q.C.,ID4287,Fluxicon Disco,Variant 139,139,2012-01-10T21:56:00.000,2012-01-10T19:20:00.000
Turning & Milling,Case269,ID0997,Turning & Milling,ID0997,Fluxicon Disco,Variant 139,139,2012-01-10T22:04:00.000,2012-01-10T19:32:00.000
Turning & Milling,Case269,ID0997,Turning & Milling,ID0997,Fluxicon Disco,Variant 139,139,2012-01-11T17:43:00.000,2012-01-11T13:48:00.000
Turning & Milling Q.C.,Case269,ID4287,Turning & Milling Q.C.,ID4287,Fluxicon Disco,Variant 139,139,2012-01-11T19:53:00.000,2012-01-11T18:40:00.000
Turning & Milling,Case269,ID0997,Turning & Milling,ID0997,Fluxicon Disco,Variant 139,139,2012-01-11T21:04:00.000,2012-01-11T19:04:00.000
Turning & Milling,Case269,ID0997,Turning & Milling,ID0997,Fluxicon Disco,Variant 139,139,2012-01-11T23:54:00.000,2012-01-11T19:05:00.000
Turning & Milling Q.C.,Case269,ID4287,Turning & Milling Q.C.,ID4287,Fluxicon Disco,Variant 139,139,2012-01-11T22:20:00.000,2012-01-11T21:10:00.000
Turning & Milling Q.C.,Case269,ID4287,Turning & Milling Q.C.,ID4287,Fluxicon Disco,Variant 139,139,2012-01-12T14:40:00.000,2012-01-12T13:00:00.000
Laser Marking,Case269,ID0998,Laser Marking,ID0998,Fluxicon Disco,Variant 139,139,2012-01-24T18:39:00.000,2012-01-24T17:24:00.000
Lapping,Case269,ID0998,Lapping,ID0998,Fluxicon Disco,Variant 139,139,2012-01-24T17:24:00.000,2012-01-24T17:24:00.000
Round Grinding,Case269,ID4385,Round Grinding,ID4385,Fluxicon Disco,Variant 139,139,2012-01-26T00:00:00.000,2012-01-25T21:30:00.000
Round Grinding,Case269,ID4355,Round Grinding,ID4355,Fluxicon Disco,Variant 139,139,2012-01-26T05:48:00.000,2012-01-25T23:50:00.000
Round Grinding,Case269,ID4528,Round Grinding,ID4528,Fluxicon Disco,Variant 139,139,2012-01-26T15:31:00.000,2012-01-26T14:35:00.000
Round Grinding,Case269,ID4528,Round Grinding,ID4528,Fluxicon Disco,Variant 139,139,2012-01-26T16:51:00.000,2012-01-26T15:32:00.000
Final Inspection Q.C.,Case269,ID4287,Final Inspection Q.C.,ID4287,Fluxicon Disco,Variant 139,139,2012-01-29T14:40:00.000,2012-01-29T13:00:00.000
Final Inspection Q.C.,Case269,ID4287,Final Inspection Q.C.,ID4287,Fluxicon Disco,Variant 139,139,2012-01-29T18:00:00.000,2012-01-29T16:06:00.000
Final Inspection Q.C.,Case269,ID4287,Final Inspection Q.C.,ID4287,Fluxicon Disco,Variant 139,139,2012-01-29T21:55:00.000,2012-01-29T19:20:00.000
Packing,Case269,ID4820,Packing,ID4820,Fluxicon Disco,Variant 139,139,2012-01-30T07:00:00.000,2012-01-30T06:00:00.000
Final Inspection Q.C.,Case269,ID4287,Final Inspection Q.C.,ID4287,Fluxicon Disco,Variant 139,139,2012-01-30T16:31:00.000,2012-01-30T16:00:00.000
End,Case269,End,End,End,Fluxicon Disco,Variant 139,139,2012-01-30T16:31:00.000,2012-01-30T16:31:00.000
Start,Case27,Start,Start,Start,Fluxicon Disco,Variant 140,140,2012-01-18T21:57:00.000,2012-01-18T21:57:00.000
Turning & Milling,Case27,ID0997,Turning & Milling,ID0997,Fluxicon Disco,Variant 140,140,2012-01-18T23:51:00.000,2012-01-18T21:57:00.000
Turning & Milling,Case27,ID0997,Turning & Milling,ID0997,Fluxicon Disco,Variant 140,140,2012-01-19T17:00:00.000,2012-01-19T14:00:00.000
Turning & Milling,Case27,ID0997,Turning & Milling,ID0997,Fluxicon Disco,Variant 140,140,2012-01-19T18:09:00.000,2012-01-19T17:04:00.000
Turning & Milling,Case27,ID0997,Turning & Milling,ID0997,Fluxicon Disco,Variant 140,140,2012-01-19T21:24:00.000,2012-01-19T18:09:00.000
Turning & Milling,Case27,ID0997,Turning & Milling,ID0997,Fluxicon Disco,Variant 140,140,2012-01-20T18:39:00.000,2012-01-20T14:09:00.000
Turning & Milling,Case27,ID0997,Turning & Milling,ID0997,Fluxicon Disco,Variant 140,140,2012-01-22T13:02:00.000,2012-01-22T12:58:00.000
Turning & Milling,Case27,ID0997,Turning & Milling,ID0997,Fluxicon Disco,Variant 140,140,2012-01-22T17:02:00.000,2012-01-22T15:37:00.000
Turning & Milling Q.C.,Case27,ID4618,Turning & Milling Q.C.,ID4618,Fluxicon Disco,Variant 140,140,2012-01-22T19:51:00.000,2012-01-22T19:50:00.000
Lapping,Case27,ID4872,Lapping,ID4872,Fluxicon Disco,Variant 140,140,2012-01-22T23:26:00.000,2012-01-22T22:19:00.000
Round Grinding,Case27,ID4872,Round Grinding,ID4872,Fluxicon Disco,Variant 140,140,2012-01-23T00:27:00.000,2012-01-22T23:27:00.000
Round Grinding,Case27,ID4872,Round Grinding,ID4872,Fluxicon Disco,Variant 140,140,2012-01-23T04:11:00.000,2012-01-23T00:27:00.000
Laser Marking,Case27,ID0998,Laser Marking,ID0998,Fluxicon Disco,Variant 140,140,2012-01-23T23:13:00.000,2012-01-23T22:57:00.000
Final Inspection Q.C.,Case27,ID4618,Final Inspection Q.C.,ID4618,Fluxicon Disco,Variant 140,140,2012-01-24T19:00:00.000,2012-01-24T15:48:00.000
Packing,Case27,ID4820,Packing,ID4820,Fluxicon Disco,Variant 140,140,2012-01-25T07:00:00.000,2012-01-25T06:00:00.000
Final Inspection Q.C.,Case27,ID4618,Final Inspection Q.C.,ID4618,Fluxicon Disco,Variant 140,140,2012-01-25T16:55:00.000,2012-01-25T14:17:00.000
End,Case27,End,End,End,Fluxicon Disco,Variant 140,140,2012-01-25T16:55:00.000,2012-01-25T16:55:00.000
Start,Case271,Start,Start,Start,Fluxicon Disco,Variant 141,141,2012-01-03T02:00:00.000,2012-01-03T02:00:00.000
Turning & Milling,Case271,ID4932,Turning & Milling,ID4932,Fluxicon Disco,Variant 141,141,2012-01-03T02:53:00.000,2012-01-03T02:00:00.000
Turning & Milling,Case271,ID4932,Turning & Milling,ID4932,Fluxicon Disco,Variant 141,141,2012-01-03T05:00:00.000,2012-01-03T02:19:00.000
Turning & Milling,Case271,ID4932,Turning & Milling,ID4932,Fluxicon Disco,Variant 141,141,2012-01-03T13:00:00.000,2012-01-03T05:00:00.000
Turning & Milling,Case271,ID4429,Turning & Milling,ID4429,Fluxicon Disco,Variant 141,141,2012-01-03T14:43:00.000,2012-01-03T13:05:00.000
Turning & Milling Q.C.,Case271,ID4493,Turning & Milling Q.C.,ID4493,Fluxicon Disco,Variant 141,141,2012-01-03T21:36:00.000,2012-01-03T13:24:00.000
Turning & Milling,Case271,ID4932,Turning & Milling,ID4932,Fluxicon Disco,Variant 141,141,2012-01-04T12:55:00.000,2012-01-04T02:01:00.000
Turning & Milling Q.C.,Case271,ID4493,Turning & Milling Q.C.,ID4493,Fluxicon Disco,Variant 141,141,2012-01-04T07:15:00.000,2012-01-04T06:00:00.000
Turning & Milling Q.C.,Case271,ID4493,Turning & Milling Q.C.,ID4493,Fluxicon Disco,Variant 141,141,2012-01-04T21:41:00.000,2012-01-04T13:00:00.000
Turning & Milling,Case271,ID4429,Turning & Milling,ID4429,Fluxicon Disco,Variant 141,141,2012-01-04T20:14:00.000,2012-01-04T13:15:00.000
Laser Marking,Case271,ID4882,Laser Marking,ID4882,Fluxicon Disco,Variant 141,141,2012-01-04T21:57:00.000,2012-01-04T21:27:00.000
Turning & Milling Q.C.,Case271,ID4493,Turning & Milling Q.C.,ID4493,Fluxicon Disco,Variant 141,141,2012-01-04T21:48:00.000,2012-01-04T21:41:00.000
Turning & Milling,Case271,ID4429,Turning & Milling,ID4429,Fluxicon Disco,Variant 141,141,2012-01-04T22:59:00.000,2012-01-04T21:44:00.000
Laser Marking,Case271,ID4385,Laser Marking,ID4385,Fluxicon Disco,Variant 141,141,2012-01-05T06:58:00.000,2012-01-05T03:25:00.000
Lapping,Case271,ID4882,Lapping,ID4882,Fluxicon Disco,Variant 141,141,2012-01-16T07:15:00.000,2012-01-16T06:00:00.000
Lapping,Case271,ID4882,Lapping,ID4882,Fluxicon Disco,Variant 141,141,2012-01-16T07:15:00.000,2012-01-16T06:00:00.000
Grinding Rework,Case271,ID4882,Grinding Rework,ID4882,Fluxicon Disco,Variant 141,141,2012-01-16T16:37:00.000,2012-01-16T16:10:00.000
Lapping,Case271,ID4882,Lapping,ID4882,Fluxicon Disco,Variant 141,141,2012-01-16T18:45:00.000,2012-01-16T18:13:00.000
Lapping,Case271,ID4882,Lapping,ID4882,Fluxicon Disco,Variant 141,141,2012-01-16T21:07:00.000,2012-01-16T20:50:00.000
Lapping,Case271,ID0998,Lapping,ID0998,Fluxicon Disco,Variant 141,141,2012-01-17T19:27:00.000,2012-01-17T15:07:00.000
Grinding Rework,Case271,ID4882,Grinding Rework,ID4882,Fluxicon Disco,Variant 141,141,2012-01-17T20:16:00.000,2012-01-17T17:45:00.000
Lapping,Case271,ID4882,Lapping,ID4882,Fluxicon Disco,Variant 141,141,2012-01-18T07:15:00.000,2012-01-18T06:00:00.000
Lapping,Case271,ID4882,Lapping,ID4882,Fluxicon Disco,Variant 141,141,2012-01-18T14:44:00.000,2012-01-18T13:40:00.000
Grinding Rework,Case271,ID4882,Grinding Rework,ID4882,Fluxicon Disco,Variant 141,141,2012-01-18T18:12:00.000,2012-01-18T17:02:00.000
Lapping,Case271,ID4882,Lapping,ID4882,Fluxicon Disco,Variant 141,141,2012-01-18T18:12:00.000,2012-01-18T17:17:00.000
Round Grinding,Case271,ID4355,Round Grinding,ID4355,Fluxicon Disco,Variant 141,141,2012-01-19T22:10:00.000,2012-01-19T21:04:00.000
Round Grinding,Case271,ID4385,Round Grinding,ID4385,Fluxicon Disco,Variant 141,141,2012-01-20T03:11:00.000,2012-01-19T22:13:00.000
Round Grinding,Case271,ID4385,Round Grinding,ID4385,Fluxicon Disco,Variant 141,141,2012-01-20T05:40:00.000,2012-01-20T03:11:00.000
Lapping,Case271,ID0998,Lapping,ID0998,Fluxicon Disco,Variant 141,141,2012-02-21T22:26:00.000,2012-02-21T17:45:00.000
Lapping,Case271,ID4882,Lapping,ID4882,Fluxicon Disco,Variant 141,141,2012-02-22T07:15:00.000,2012-02-22T06:00:00.000
Round Grinding,Case271,ID4445,Round Grinding,ID4445,Fluxicon Disco,Variant 141,141,2012-02-22T11:12:00.000,2012-02-22T09:42:00.000
Round Grinding,Case271,ID4445,Round Grinding,ID4445,Fluxicon Disco,Variant 141,141,2012-02-22T12:56:00.000,2012-02-22T11:12:00.000
Round Grinding,Case271,ID0420,Round Grinding,ID0420,Fluxicon Disco,Variant 141,141,2012-02-22T21:53:00.000,2012-02-22T15:48:00.000
Round Grinding,Case271,ID4445,Round Grinding,ID4445,Fluxicon Disco,Variant 141,141,2012-02-23T10:46:00.000,2012-02-23T02:03:00.000
Round Grinding,Case271,ID0420,Round Grinding,ID0420,Fluxicon Disco,Variant 141,141,2012-02-23T17:11:00.000,2012-02-23T12:57:00.000
Round Grinding,Case271,ID0420,Round Grinding,ID0420,Fluxicon Disco,Variant 141,141,2012-02-23T18:15:00.000,2012-02-23T17:11:00.000
Round Grinding,Case271,ID4355,Round Grinding,ID4355,Fluxicon Disco,Variant 141,141,2012-02-23T18:23:00.000,2012-02-23T18:16:00.000
Round Grinding,Case271,ID4445,Round Grinding,ID4445,Fluxicon Disco,Variant 141,141,2012-02-24T06:32:00.000,2012-02-24T04:16:00.000
Round Grinding,Case271,ID4445,Round Grinding,ID4445,Fluxicon Disco,Variant 141,141,2012-02-24T12:35:00.000,2012-02-24T06:32:00.000
Round Grinding,Case271,ID0420,Round Grinding,ID0420,Fluxicon Disco,Variant 141,141,2012-02-24T12:58:00.000,2012-02-24T12:57:00.000
Round Grinding,Case271,ID0420,Round Grinding,ID0420,Fluxicon Disco,Variant 141,141,2012-02-24T17:52:00.000,2012-02-24T12:58:00.000
Round Grinding,Case271,ID4528,Round Grinding,ID4528,Fluxicon Disco,Variant 141,141,2012-02-26T12:37:00.000,2012-02-26T04:05:00.000
Round Grinding,Case271,ID4445,Round Grinding,ID4445,Fluxicon Disco,Variant 141,141,2012-02-26T20:41:00.000,2012-02-26T13:01:00.000
Lapping,Case271,ID4882,Lapping,ID4882,Fluxicon Disco,Variant 141,141,2012-02-26T15:16:00.000,2012-02-26T13:58:00.000
Round Grinding,Case271,ID4445,Round Grinding,ID4445,Fluxicon Disco,Variant 141,141,2012-02-26T21:37:00.000,2012-02-26T20:42:00.000
Final Inspection Q.C.,Case271,ID4493,Final Inspection Q.C.,ID4493,Fluxicon Disco,Variant 141,141,2012-02-27T23:55:00.000,2012-02-27T19:20:00.000
Packing,Case271,ID4820,Packing,ID4820,Fluxicon Disco,Variant 141,141,2012-02-28T07:00:00.000,2012-02-28T06:00:00.000
Final Inspection Q.C.,Case271,ID4493,Final Inspection Q.C.,ID4493,Fluxicon Disco,Variant 141,141,2012-02-28T19:41:00.000,2012-02-28T15:00:00.000
Packing,Case271,ID4820,Packing,ID4820,Fluxicon Disco,Variant 141,141,2012-03-05T07:00:00.000,2012-03-05T06:00:00.000
Final Inspection Q.C.,Case271,ID4493,Final Inspection Q.C.,ID4493,Fluxicon Disco,Variant 141,141,2012-03-05T17:01:00.000,2012-03-05T12:59:00.000
Grinding Rework,Case271,ID4528,Grinding Rework,ID4528,Fluxicon Disco,Variant 141,141,2012-03-05T23:45:00.000,2012-03-05T23:10:00.000
Grinding Rework,Case271,ID4872,Grinding Rework,ID4872,Fluxicon Disco,Variant 141,141,2012-03-06T02:20:00.000,2012-03-06T00:00:00.000
Grinding Rework,Case271,ID4528,Grinding Rework,ID4528,Fluxicon Disco,Variant 141,141,2012-03-06T22:04:00.000,2012-03-06T18:14:00.000
Final Inspection Q.C.,Case271,ID4493,Final Inspection Q.C.,ID4493,Fluxicon Disco,Variant 141,141,2012-03-08T18:05:00.000,2012-03-08T18:03:00.000
Final Inspection Q.C.,Case271,ID4493,Final Inspection Q.C.,ID4493,Fluxicon Disco,Variant 141,141,2012-03-08T21:16:00.000,2012-03-08T20:01:00.000
Packing,Case271,ID4820,Packing,ID4820,Fluxicon Disco,Variant 141,141,2012-03-09T07:00:00.000,2012-03-09T06:00:00.000
Final Inspection Q.C.,Case271,ID4493,Final Inspection Q.C.,ID4493,Fluxicon Disco,Variant 141,141,2012-03-12T19:14:00.000,2012-03-12T17:59:00.000
Packing,Case271,ID4493,Packing,ID4493,Fluxicon Disco,Variant 141,141,2012-03-12T19:00:00.000,2012-03-12T18:00:00.000
Packing,Case271,ID4820,Packing,ID4820,Fluxicon Disco,Variant 141,141,2012-03-13T07:00:00.000,2012-03-13T06:00:00.000
Packing,Case271,ID4820,Packing,ID4820,Fluxicon Disco,Variant 141,141,2012-03-20T07:00:00.000,2012-03-20T06:00:00.000
End,Case271,End,End,End,Fluxicon Disco,Variant 141,141,2012-03-20T07:00:00.000,2012-03-20T07:00:00.000
Start,Case272,Start,Start,Start,Fluxicon Disco,Variant 142,142,2012-01-24T13:28:00.000,2012-01-24T13:28:00.000
Turning & Milling,Case272,ID3846,Turning & Milling,ID3846,Fluxicon Disco,Variant 142,142,2012-01-24T18:30:00.000,2012-01-24T13:28:00.000
Turning & Milling,Case272,ID4641,Turning & Milling,ID4641,Fluxicon Disco,Variant 142,142,2012-01-25T05:26:00.000,2012-01-25T02:58:00.000
Turning & Milling,Case272,ID4641,Turning & Milling,ID4641,Fluxicon Disco,Variant 142,142,2012-01-25T12:27:00.000,2012-01-25T05:27:00.000
Turning & Milling,Case272,ID3846,Turning & Milling,ID3846,Fluxicon Disco,Variant 142,142,2012-01-25T13:29:00.000,2012-01-25T13:09:00.000
Turning & Milling Q.C.,Case272,ID4618,Turning & Milling Q.C.,ID4618,Fluxicon Disco,Variant 142,142,2012-01-25T14:05:00.000,2012-01-25T13:17:00.000
Flat Grinding,Case272,ID0998,Flat Grinding,ID0998,Fluxicon Disco,Variant 142,142,2012-01-26T22:30:00.000,2012-01-26T20:50:00.000
Turning & Milling Q.C.,Case272,ID4618,Turning & Milling Q.C.,ID4618,Fluxicon Disco,Variant 142,142,2012-02-06T19:16:00.000,2012-02-06T16:21:00.000
Laser Marking,Case272,ID0998,Laser Marking,ID0998,Fluxicon Disco,Variant 142,142,2012-02-06T17:24:00.000,2012-02-06T16:57:00.000
Lapping,Case272,ID0998,Lapping,ID0998,Fluxicon Disco,Variant 142,142,2012-02-07T19:30:00.000,2012-02-07T19:00:00.000
Round Grinding,Case272,ID4385,Round Grinding,ID4385,Fluxicon Disco,Variant 142,142,2012-02-08T20:18:00.000,2012-02-08T19:18:00.000
Round Grinding,Case272,ID4385,Round Grinding,ID4385,Fluxicon Disco,Variant 142,142,2012-02-08T21:59:00.000,2012-02-08T20:19:00.000
Round Grinding,Case272,ID4355,Round Grinding,ID4355,Fluxicon Disco,Variant 142,142,2012-02-08T23:42:00.000,2012-02-08T22:12:00.000
Final Inspection Q.C.,Case272,ID4618,Final Inspection Q.C.,ID4618,Fluxicon Disco,Variant 142,142,2012-02-09T22:07:00.000,2012-02-09T18:00:00.000
Packing,Case272,ID4820,Packing,ID4820,Fluxicon Disco,Variant 142,142,2012-02-10T07:00:00.000,2012-02-10T06:00:00.000
Final Inspection Q.C.,Case272,ID4618,Final Inspection Q.C.,ID4618,Fluxicon Disco,Variant 142,142,2012-02-10T14:36:00.000,2012-02-10T14:34:00.000
Final Inspection Q.C.,Case272,ID4618,Final Inspection Q.C.,ID4618,Fluxicon Disco,Variant 142,142,2012-02-10T16:24:00.000,2012-02-10T15:09:00.000
End,Case272,End,End,End,Fluxicon Disco,Variant 142,142,2012-02-10T16:24:00.000,2012-02-10T16:24:00.000
Start,Case273,Start,Start,Start,Fluxicon Disco,Variant 143,143,2012-01-18T13:25:00.000,2012-01-18T13:25:00.000
Turning & Milling,Case273,ID3846,Turning & Milling,ID3846,Fluxicon Disco,Variant 143,143,2012-01-18T20:15:00.000,2012-01-18T13:25:00.000
Turning & Milling,Case273,ID4132,Turning & Milling,ID4132,Fluxicon Disco,Variant 143,143,2012-01-18T22:08:00.000,2012-01-18T20:16:00.000
Turning & Milling,Case273,ID3846,Turning & Milling,ID3846,Fluxicon Disco,Variant 143,143,2012-01-19T13:07:00.000,2012-01-18T22:04:00.000
Turning & Milling Q.C.,Case273,ID4618,Turning & Milling Q.C.,ID4618,Fluxicon Disco,Variant 143,143,2012-01-19T14:04:00.000,2012-01-19T12:53:00.000
Flat Grinding,Case273,ID0998,Flat Grinding,ID0998,Fluxicon Disco,Variant 143,143,2012-01-23T19:52:00.000,2012-01-23T17:23:00.000
Laser Marking,Case273,ID0998,Laser Marking,ID0998,Fluxicon Disco,Variant 143,143,2012-02-06T16:50:00.000,2012-02-06T16:42:00.000
Lapping,Case273,ID0998,Lapping,ID0998,Fluxicon Disco,Variant 143,143,2012-02-07T20:00:00.000,2012-02-07T18:00:00.000
Round Grinding,Case273,ID4528,Round Grinding,ID4528,Fluxicon Disco,Variant 143,143,2012-02-07T23:45:00.000,2012-02-07T22:30:00.000
Round Grinding,Case273,ID4872,Round Grinding,ID4872,Fluxicon Disco,Variant 143,143,2012-02-08T05:03:00.000,2012-02-08T04:24:00.000
Round Grinding,Case273,ID4872,Round Grinding,ID4872,Fluxicon Disco,Variant 143,143,2012-02-08T05:46:00.000,2012-02-08T05:04:00.000
Round Grinding,Case273,ID4528,Round Grinding,ID4528,Fluxicon Disco,Variant 143,143,2012-02-08T17:30:00.000,2012-02-08T13:11:00.000
Packing,Case273,ID4491,Packing,ID4491,Fluxicon Disco,Variant 143,143,2012-02-09T07:00:00.000,2012-02-09T06:00:00.000
Final Inspection Q.C.,Case273,ID4618,Final Inspection Q.C.,ID4618,Fluxicon Disco,Variant 143,143,2012-02-09T17:59:00.000,2012-02-09T12:54:00.000
Final Inspection Q.C.,Case273,ID4618,Final Inspection Q.C.,ID4618,Fluxicon Disco,Variant 143,143,2012-02-09T19:32:00.000,2012-02-09T19:31:00.000
Final Inspection Q.C.,Case273,ID4618,Final Inspection Q.C.,ID4618,Fluxicon Disco,Variant 143,143,2012-02-10T00:00:00.000,2012-02-09T20:51:00.000
End,Case273,End,End,End,Fluxicon Disco,Variant 143,143,2012-02-10T00:00:00.000,2012-02-10T00:00:00.000
Start,Case274,Start,Start,Start,Fluxicon Disco,Variant 144,144,2012-01-02T17:01:00.000,2012-01-02T17:01:00.000
Turning & Milling,Case274,ID4219,Turning & Milling,ID4219,Fluxicon Disco,Variant 144,144,2012-01-02T22:43:00.000,2012-01-02T17:01:00.000
Turning & Milling,Case274,ID4219,Turning & Milling,ID4219,Fluxicon Disco,Variant 144,144,2012-01-03T16:12:00.000,2012-01-03T12:59:00.000
Turning & Milling Q.C.,Case274,ID4287,Turning & Milling Q.C.,ID4287,Fluxicon Disco,Variant 144,144,2012-01-03T14:40:00.000,2012-01-03T13:05:00.000
Turning & Milling,Case274,ID4219,Turning & Milling,ID4219,Fluxicon Disco,Variant 144,144,2012-01-03T17:51:00.000,2012-01-03T16:13:00.000
Turning & Milling Q.C.,Case274,ID4287,Turning & Milling Q.C.,ID4287,Fluxicon Disco,Variant 144,144,2012-01-03T18:14:00.000,2012-01-03T17:30:00.000
Flat Grinding,Case274,ID4872,Flat Grinding,ID4872,Fluxicon Disco,Variant 144,144,2012-01-03T18:30:00.000,2012-01-03T17:50:00.000
Lapping,Case274,ID4872,Lapping,ID4872,Fluxicon Disco,Variant 144,144,2012-01-03T19:30:00.000,2012-01-03T18:30:00.000
Round Grinding,Case274,ID4872,Round Grinding,ID4872,Fluxicon Disco,Variant 144,144,2012-01-03T22:00:00.000,2012-01-03T19:30:00.000
Round Grinding,Case274,ID4287,Round Grinding,ID4287,Fluxicon Disco,Variant 144,144,2012-01-04T17:02:00.000,2012-01-04T16:00:00.000
Laser Marking,Case274,ID0998,Laser Marking,ID0998,Fluxicon Disco,Variant 144,144,2012-01-04T18:20:00.000,2012-01-04T17:05:00.000
Final Inspection Q.C.,Case274,ID4287,Final Inspection Q.C.,ID4287,Fluxicon Disco,Variant 144,144,2012-01-04T18:49:00.000,2012-01-04T17:12:00.000
Final Inspection Q.C.,Case274,ID4287,Final Inspection Q.C.,ID4287,Fluxicon Disco,Variant 144,144,2012-01-04T19:30:00.000,2012-01-04T19:20:00.000
Packing,Case274,ID4820,Packing,ID4820,Fluxicon Disco,Variant 144,144,2012-01-05T07:00:00.000,2012-01-05T06:00:00.000
End,Case274,End,End,End,Fluxicon Disco,Variant 144,144,2012-01-05T07:00:00.000,2012-01-05T07:00:00.000
Start,Case277,Start,Start,Start,Fluxicon Disco,Variant 145,145,2012-01-02T13:30:00.000,2012-01-02T13:30:00.000
Milling,Case277,ID4326,Milling,ID4326,Fluxicon Disco,Variant 145,145,2012-01-02T22:00:00.000,2012-01-02T13:30:00.000
Turning & Milling Q.C.,Case277,ID4493,Turning & Milling Q.C.,ID4493,Fluxicon Disco,Variant 145,145,2012-01-03T07:15:00.000,2012-01-03T06:00:00.000
Lapping,Case277,ID4528,Lapping,ID4528,Fluxicon Disco,Variant 145,145,2012-01-05T22:54:00.000,2012-01-05T22:00:00.000
Round Grinding,Case277,ID4528,Round Grinding,ID4528,Fluxicon Disco,Variant 145,145,2012-01-06T00:30:00.000,2012-01-05T23:00:00.000
Round Grinding,Case277,ID4528,Round Grinding,ID4528,Fluxicon Disco,Variant 145,145,2012-01-06T05:45:00.000,2012-01-06T00:30:00.000
Round Grinding,Case277,ID4528,Round Grinding,ID4528,Fluxicon Disco,Variant 145,145,2012-01-08T14:30:00.000,2012-01-08T12:50:00.000
Lapping,Case277,ID4528,Lapping,ID4528,Fluxicon Disco,Variant 145,145,2012-01-08T14:40:00.000,2012-01-08T14:30:00.000
Round Grinding,Case277,ID4528,Round Grinding,ID4528,Fluxicon Disco,Variant 145,145,2012-01-08T16:00:00.000,2012-01-08T15:03:00.000
Round Grinding,Case277,ID4528,Round Grinding,ID4528,Fluxicon Disco,Variant 145,145,2012-01-08T23:43:00.000,2012-01-08T16:00:00.000
Packing,Case277,ID4491,Packing,ID4491,Fluxicon Disco,Variant 145,145,2012-01-09T07:00:00.000,2012-01-09T06:00:00.000
Round Grinding,Case277,ID4528,Round Grinding,ID4528,Fluxicon Disco,Variant 145,145,2012-01-09T15:06:00.000,2012-01-09T12:54:00.000
Final Inspection Q.C.,Case277,ID4493,Final Inspection Q.C.,ID4493,Fluxicon Disco,Variant 145,145,2012-01-09T19:29:00.000,2012-01-09T13:00:00.000
Round Grinding,Case277,ID4528,Round Grinding,ID4528,Fluxicon Disco,Variant 145,145,2012-01-09T16:51:00.000,2012-01-09T15:06:00.000
Round Grinding,Case277,ID4528,Round Grinding,ID4528,Fluxicon Disco,Variant 145,145,2012-01-09T18:34:00.000,2012-01-09T18:03:00.000
End,Case277,End,End,End,Fluxicon Disco,Variant 145,145,2012-01-09T18:34:00.000,2012-01-09T18:34:00.000
Start,Case28,Start,Start,Start,Fluxicon Disco,Variant 146,146,2012-02-02T02:50:00.000,2012-02-02T02:50:00.000
Turning & Milling,Case28,ID4794,Turning & Milling,ID4794,Fluxicon Disco,Variant 146,146,2012-02-02T05:39:00.000,2012-02-02T02:50:00.000
Turning & Milling,Case28,ID4794,Turning & Milling,ID4794,Fluxicon Disco,Variant 146,146,2012-02-03T12:45:00.000,2012-02-03T02:16:00.000
Turning & Milling,Case28,ID4167,Turning & Milling,ID4167,Fluxicon Disco,Variant 146,146,2012-02-03T18:50:00.000,2012-02-03T13:23:00.000
Turning & Milling Q.C.,Case28,ID4618,Turning & Milling Q.C.,ID4618,Fluxicon Disco,Variant 146,146,2012-02-03T15:06:00.000,2012-02-03T13:29:00.000
Turning & Milling Q.C.,Case28,ID4618,Turning & Milling Q.C.,ID4618,Fluxicon Disco,Variant 146,146,2012-02-05T13:16:00.000,2012-02-05T13:03:00.000
Turning & Milling,Case28,ID4167,Turning & Milling,ID4167,Fluxicon Disco,Variant 146,146,2012-02-10T06:13:00.000,2012-02-09T23:16:00.000
Turning & Milling,Case28,ID0997,Turning & Milling,ID0997,Fluxicon Disco,Variant 146,146,2012-02-10T12:34:00.000,2012-02-10T06:36:00.000
Turning & Milling Q.C.,Case28,ID4618,Turning & Milling Q.C.,ID4618,Fluxicon Disco,Variant 146,146,2012-02-10T13:47:00.000,2012-02-10T12:50:00.000
Turning & Milling,Case28,ID4429,Turning & Milling,ID4429,Fluxicon Disco,Variant 146,146,2012-02-10T18:29:00.000,2012-02-10T13:27:00.000
Turning & Milling,Case28,ID4932,Turning & Milling,ID4932,Fluxicon Disco,Variant 146,146,2012-02-11T17:31:00.000,2012-02-11T16:47:00.000
Turning & Milling,Case28,ID4794,Turning & Milling,ID4794,Fluxicon Disco,Variant 146,146,2012-02-12T03:59:00.000,2012-02-11T18:00:00.000
Turning & Milling,Case28,ID4794,Turning & Milling,ID4794,Fluxicon Disco,Variant 146,146,2012-02-12T06:11:00.000,2012-02-12T04:09:00.000
Turning & Milling,Case28,ID4794,Turning & Milling,ID4794,Fluxicon Disco,Variant 146,146,2012-02-12T12:37:00.000,2012-02-12T06:11:00.000
Turning & Milling Q.C.,Case28,ID4618,Turning & Milling Q.C.,ID4618,Fluxicon Disco,Variant 146,146,2012-02-12T15:49:00.000,2012-02-12T12:50:00.000
Turning & Milling,Case28,ID4167,Turning & Milling,ID4167,Fluxicon Disco,Variant 146,146,2012-02-12T14:00:00.000,2012-02-12T13:09:00.000
Turning & Milling Q.C.,Case28,ID4618,Turning & Milling Q.C.,ID4618,Fluxicon Disco,Variant 146,146,2012-02-14T13:22:00.000,2012-02-14T13:02:00.000
Turning & Milling Q.C.,Case28,ID4618,Turning & Milling Q.C.,ID4618,Fluxicon Disco,Variant 146,146,2012-02-14T13:26:00.000,2012-02-14T13:23:00.000
Turning & Milling,Case28,ID4529,Turning & Milling,ID4529,Fluxicon Disco,Variant 146,146,2012-02-15T21:52:00.000,2012-02-15T17:45:00.000
Turning & Milling,Case28,ID4429,Turning & Milling,ID4429,Fluxicon Disco,Variant 146,146,2012-02-16T01:52:00.000,2012-02-15T21:56:00.000
Turning & Milling,Case28,ID4794,Turning & Milling,ID4794,Fluxicon Disco,Variant 146,146,2012-02-16T11:19:00.000,2012-02-16T02:18:00.000
Turning & Milling Q.C.,Case28,ID4618,Turning & Milling Q.C.,ID4618,Fluxicon Disco,Variant 146,146,2012-02-16T14:37:00.000,2012-02-16T13:36:00.000
Turning & Milling,Case28,ID4794,Turning & Milling,ID4794,Fluxicon Disco,Variant 146,146,2012-02-17T12:54:00.000,2012-02-17T02:17:00.000
Turning & Milling Q.C.,Case28,ID4618,Turning & Milling Q.C.,ID4618,Fluxicon Disco,Variant 146,146,2012-02-17T14:29:00.000,2012-02-17T12:57:00.000
Turning & Milling,Case28,ID4167,Turning & Milling,ID4167,Fluxicon Disco,Variant 146,146,2012-02-17T18:49:00.000,2012-02-17T15:49:00.000
Turning & Milling Q.C.,Case28,ID4618,Turning & Milling Q.C.,ID4618,Fluxicon Disco,Variant 146,146,2012-02-17T16:52:00.000,2012-02-17T16:50:00.000
Turning & Milling,Case28,ID4529,Turning & Milling,ID4529,Fluxicon Disco,Variant 146,146,2012-02-18T20:30:00.000,2012-02-18T19:11:00.000
Turning & Milling,Case28,ID4641,Turning & Milling,ID4641,Fluxicon Disco,Variant 146,146,2012-02-19T11:14:00.000,2012-02-18T21:00:00.000
Turning & Milling,Case28,ID4529,Turning & Milling,ID4529,Fluxicon Disco,Variant 146,146,2012-02-19T15:00:00.000,2012-02-19T04:46:00.000
Turning & Milling,Case28,ID4794,Turning & Milling,ID4794,Fluxicon Disco,Variant 146,146,2012-02-19T21:53:00.000,2012-02-19T15:41:00.000
Turning & Milling,Case28,ID4167,Turning & Milling,ID4167,Fluxicon Disco,Variant 146,146,2012-02-20T02:15:00.000,2012-02-19T22:25:00.000
Turning & Milling,Case28,ID4529,Turning & Milling,ID4529,Fluxicon Disco,Variant 146,146,2012-02-20T12:15:00.000,2012-02-20T02:15:00.000
Turning & Milling,Case28,ID4794,Turning & Milling,ID4794,Fluxicon Disco,Variant 146,146,2012-02-20T13:49:00.000,2012-02-20T13:48:00.000
Turning & Milling Q.C.,Case28,ID4618,Turning & Milling Q.C.,ID4618,Fluxicon Disco,Variant 146,146,2012-02-20T13:50:00.000,2012-02-20T13:49:00.000
Nitration Q.C.,Case28,ID4618,Nitration Q.C.,ID4618,Fluxicon Disco,Variant 146,146,2012-03-05T18:14:00.000,2012-03-05T18:13:00.000
Lapping,Case28,ID4882,Lapping,ID4882,Fluxicon Disco,Variant 146,146,2012-03-06T07:15:00.000,2012-03-06T06:00:00.000
Lapping,Case28,ID4882,Lapping,ID4882,Fluxicon Disco,Variant 146,146,2012-03-06T07:15:00.000,2012-03-06T06:00:00.000
Laser Marking,Case28,ID4882,Laser Marking,ID4882,Fluxicon Disco,Variant 146,146,2012-03-06T15:11:00.000,2012-03-06T13:56:00.000
Lapping,Case28,ID4882,Lapping,ID4882,Fluxicon Disco,Variant 146,146,2012-03-06T15:32:00.000,2012-03-06T14:12:00.000
Lapping,Case28,ID0998,Lapping,ID0998,Fluxicon Disco,Variant 146,146,2012-03-06T18:06:00.000,2012-03-06T15:06:00.000
Lapping,Case28,ID4882,Lapping,ID4882,Fluxicon Disco,Variant 146,146,2012-03-06T18:54:00.000,2012-03-06T16:23:00.000
Lapping,Case28,ID0998,Lapping,ID0998,Fluxicon Disco,Variant 146,146,2012-03-06T23:40:00.000,2012-03-06T22:35:00.000
Round Grinding,Case28,ID4445,Round Grinding,ID4445,Fluxicon Disco,Variant 146,146,2012-03-08T10:11:00.000,2012-03-08T08:22:00.000
Round Grinding,Case28,ID4445,Round Grinding,ID4445,Fluxicon Disco,Variant 146,146,2012-03-08T12:48:00.000,2012-03-08T10:12:00.000
Round Grinding,Case28,ID0420,Round Grinding,ID0420,Fluxicon Disco,Variant 146,146,2012-03-08T22:14:00.000,2012-03-08T13:00:00.000
Round Grinding,Case28,ID4355,Round Grinding,ID4355,Fluxicon Disco,Variant 146,146,2012-03-09T04:00:00.000,2012-03-09T02:27:00.000
Round Grinding,Case28,ID4355,Round Grinding,ID4355,Fluxicon Disco,Variant 146,146,2012-03-09T05:41:00.000,2012-03-09T04:23:00.000
Round Grinding,Case28,ID4445,Round Grinding,ID4445,Fluxicon Disco,Variant 146,146,2012-03-09T12:46:00.000,2012-03-09T06:06:00.000
Round Grinding,Case28,ID4385,Round Grinding,ID4385,Fluxicon Disco,Variant 146,146,2012-03-09T17:49:00.000,2012-03-09T13:17:00.000
Round Grinding,Case28,ID4528,Round Grinding,ID4528,Fluxicon Disco,Variant 146,146,2012-03-11T12:34:00.000,2012-03-11T04:08:00.000
Round Grinding,Case28,ID4445,Round Grinding,ID4445,Fluxicon Disco,Variant 146,146,2012-03-11T17:36:00.000,2012-03-11T13:56:00.000
Final Inspection Q.C.,Case28,ID4618,Final Inspection Q.C.,ID4618,Fluxicon Disco,Variant 146,146,2012-03-11T19:34:00.000,2012-03-11T14:18:00.000
Round Grinding,Case28,ID4355,Round Grinding,ID4355,Fluxicon Disco,Variant 146,146,2012-03-11T21:57:00.000,2012-03-11T17:43:00.000
Round Grinding,Case28,ID4385,Round Grinding,ID4385,Fluxicon Disco,Variant 146,146,2012-03-12T00:25:00.000,2012-03-11T22:23:00.000
Round Grinding,Case28,ID0420,Round Grinding,ID0420,Fluxicon Disco,Variant 146,146,2012-03-12T08:08:00.000,2012-03-12T02:12:00.000
Packing,Case28,ID4820,Packing,ID4820,Fluxicon Disco,Variant 146,146,2012-03-12T07:00:00.000,2012-03-12T06:00:00.000
Packing,Case28,ID4820,Packing,ID4820,Fluxicon Disco,Variant 146,146,2012-03-12T07:00:00.000,2012-03-12T06:00:00.000
Final Inspection Q.C.,Case28,ID4618,Final Inspection Q.C.,ID4618,Fluxicon Disco,Variant 146,146,2012-03-12T21:52:00.000,2012-03-12T18:27:00.000
Packing,Case28,ID4820,Packing,ID4820,Fluxicon Disco,Variant 146,146,2012-03-13T07:00:00.000,2012-03-13T06:00:00.000
Final Inspection Q.C.,Case28,ID4618,Final Inspection Q.C.,ID4618,Fluxicon Disco,Variant 146,146,2012-03-13T20:01:00.000,2012-03-13T15:21:00.000
Packing,Case28,ID4820,Packing,ID4820,Fluxicon Disco,Variant 146,146,2012-03-14T07:00:00.000,2012-03-14T06:00:00.000
Packing,Case28,ID4820,Packing,ID4820,Fluxicon Disco,Variant 146,146,2012-03-15T07:00:00.000,2012-03-15T06:00:00.000
End,Case28,End,End,End,Fluxicon Disco,Variant 146,146,2012-03-15T07:00:00.000,2012-03-15T07:00:00.000
Start,Case29,Start,Start,Start,Fluxicon Disco,Variant 147,147,2012-02-15T03:24:00.000,2012-02-15T03:24:00.000
Turning & Milling,Case29,ID4132,Turning & Milling,ID4132,Fluxicon Disco,Variant 147,147,2012-02-15T05:31:00.000,2012-02-15T03:24:00.000
Turning & Milling,Case29,ID4641,Turning & Milling,ID4641,Fluxicon Disco,Variant 147,147,2012-02-16T21:56:00.000,2012-02-16T17:40:00.000
Turning & Milling,Case29,ID3846,Turning & Milling,ID3846,Fluxicon Disco,Variant 147,147,2012-02-17T18:50:00.000,2012-02-17T16:32:00.000
Turning & Milling,Case29,ID4641,Turning & Milling,ID4641,Fluxicon Disco,Variant 147,147,2012-02-18T13:00:00.000,2012-02-17T18:50:00.000
Turning & Milling,Case29,ID4641,Turning & Milling,ID4641,Fluxicon Disco,Variant 147,147,2012-02-19T04:00:00.000,2012-02-18T13:00:00.000
Turning & Milling,Case29,ID4641,Turning & Milling,ID4641,Fluxicon Disco,Variant 147,147,2012-02-19T12:47:00.000,2012-02-19T07:23:00.000
Turning & Milling Q.C.,Case29,ID4493,Turning & Milling Q.C.,ID4493,Fluxicon Disco,Variant 147,147,2012-02-24T16:06:00.000,2012-02-24T13:05:00.000
Laser Marking,Case29,ID4882,Laser Marking,ID4882,Fluxicon Disco,Variant 147,147,2012-02-26T15:47:00.000,2012-02-26T15:17:00.000
Turning & Milling,Case29,ID4142,Turning & Milling,ID4142,Fluxicon Disco,Variant 147,147,2012-02-27T07:15:00.000,2012-02-27T06:00:00.000
Turning & Milling,Case29,ID4641,Turning & Milling,ID4641,Fluxicon Disco,Variant 147,147,2012-02-27T07:15:00.000,2012-02-27T06:00:00.000
Lapping,Case29,ID0998,Lapping,ID0998,Fluxicon Disco,Variant 147,147,2012-03-20T20:51:00.000,2012-03-20T20:50:00.000
Lapping,Case29,ID4882,Lapping,ID4882,Fluxicon Disco,Variant 147,147,2012-03-21T18:14:00.000,2012-03-21T16:10:00.000
Lapping,Case29,ID0998,Lapping,ID0998,Fluxicon Disco,Variant 147,147,2012-03-21T22:00:00.000,2012-03-21T16:16:00.000
Round Grinding,Case29,ID4385,Round Grinding,ID4385,Fluxicon Disco,Variant 147,147,2012-03-22T20:10:00.000,2012-03-22T17:51:00.000
Round Grinding,Case29,ID0420,Round Grinding,ID0420,Fluxicon Disco,Variant 147,147,2012-03-22T22:00:00.000,2012-03-22T20:30:00.000
Round Grinding,Case29,ID4355,Round Grinding,ID4355,Fluxicon Disco,Variant 147,147,2012-03-23T02:38:00.000,2012-03-22T22:20:00.000
Round Grinding,Case29,ID4445,Round Grinding,ID4445,Fluxicon Disco,Variant 147,147,2012-03-23T06:37:00.000,2012-03-23T03:37:00.000
Round Grinding,Case29,ID4385,Round Grinding,ID4385,Fluxicon Disco,Variant 147,147,2012-03-23T17:54:00.000,2012-03-23T13:16:00.000
Round Grinding,Case29,ID4355,Round Grinding,ID4355,Fluxicon Disco,Variant 147,147,2012-03-25T18:23:00.000,2012-03-25T15:20:00.000
Round Grinding,Case29,ID4355,Round Grinding,ID4355,Fluxicon Disco,Variant 147,147,2012-03-25T18:47:00.000,2012-03-25T18:23:00.000
Final Inspection Q.C.,Case29,ID4493,Final Inspection Q.C.,ID4493,Fluxicon Disco,Variant 147,147,2012-03-28T19:40:00.000,2012-03-28T17:21:00.000
Packing,Case29,ID4820,Packing,ID4820,Fluxicon Disco,Variant 147,147,2012-03-29T08:00:00.000,2012-03-29T07:00:00.000
Final Inspection Q.C.,Case29,ID4493,Final Inspection Q.C.,ID4493,Fluxicon Disco,Variant 147,147,2012-03-29T19:39:00.000,2012-03-29T18:24:00.000
End,Case29,End,End,End,Fluxicon Disco,Variant 147,147,2012-03-29T19:39:00.000,2012-03-29T19:39:00.000
Start,Case3,Start,Start,Start,Fluxicon Disco,Variant 148,148,2012-01-29T13:24:00.000,2012-01-29T13:24:00.000
Turning & Milling,Case3,ID4167,Turning & Milling,ID4167,Fluxicon Disco,Variant 148,148,2012-01-29T23:59:00.000,2012-01-29T13:24:00.000
Turning & Milling Q.C.,Case3,ID4163,Turning & Milling Q.C.,ID4163,Fluxicon Disco,Variant 148,148,2012-01-30T00:01:00.000,2012-01-29T22:52:00.000
Turning & Milling,Case3,ID4932,Turning & Milling,ID4932,Fluxicon Disco,Variant 148,148,2012-01-30T05:23:00.000,2012-01-30T02:09:00.000
Turning & Milling Q.C.,Case3,ID4163,Turning & Milling Q.C.,ID4163,Fluxicon Disco,Variant 148,148,2012-01-30T13:40:00.000,2012-01-30T13:00:00.000
Laser Marking,Case3,ID0998,Laser Marking,ID0998,Fluxicon Disco,Variant 148,148,2012-01-30T14:28:00.000,2012-01-30T14:08:00.000
Lapping,Case3,ID0998,Lapping,ID0998,Fluxicon Disco,Variant 148,148,2012-02-14T19:40:00.000,2012-02-14T18:42:00.000
Round Grinding,Case3,ID4445,Round Grinding,ID4445,Fluxicon Disco,Variant 148,148,2012-02-14T22:08:00.000,2012-02-14T21:27:00.000
Round Grinding,Case3,ID4385,Round Grinding,ID4385,Fluxicon Disco,Variant 148,148,2012-02-14T23:30:00.000,2012-02-14T22:00:00.000
Round Grinding,Case3,ID4385,Round Grinding,ID4385,Fluxicon Disco,Variant 148,148,2012-02-15T03:34:00.000,2012-02-14T23:45:00.000
Round Grinding,Case3,ID4385,Round Grinding,ID4385,Fluxicon Disco,Variant 148,148,2012-02-15T04:58:00.000,2012-02-15T03:34:00.000
Round Grinding,Case3,ID4385,Round Grinding,ID4385,Fluxicon Disco,Variant 148,148,2012-02-15T05:46:00.000,2012-02-15T04:58:00.000
Round Grinding,Case3,ID0420,Round Grinding,ID0420,Fluxicon Disco,Variant 148,148,2012-02-15T11:41:00.000,2012-02-15T05:47:00.000
Final Inspection Q.C.,Case3,ID4493,Final Inspection Q.C.,ID4493,Fluxicon Disco,Variant 148,148,2012-02-16T17:22:00.000,2012-02-16T14:22:00.000
Final Inspection Q.C.,Case3,ID4493,Final Inspection Q.C.,ID4493,Fluxicon Disco,Variant 148,148,2012-02-16T18:15:00.000,2012-02-16T17:15:00.000
Packing,Case3,ID4820,Packing,ID4820,Fluxicon Disco,Variant 148,148,2012-02-17T07:00:00.000,2012-02-17T06:00:00.000
End,Case3,End,End,End,Fluxicon Disco,Variant 148,148,2012-02-17T07:00:00.000,2012-02-17T07:00:00.000
Start,Case30,Start,Start,Start,Fluxicon Disco,Variant 149,149,2012-02-29T13:00:00.000,2012-02-29T13:00:00.000
Turning & Milling,Case30,ID4529,Turning & Milling,ID4529,Fluxicon Disco,Variant 149,149,2012-02-29T18:38:00.000,2012-02-29T13:00:00.000
Turning & Milling Q.C.,Case30,ID4163,Turning & Milling Q.C.,ID4163,Fluxicon Disco,Variant 149,149,2012-02-29T16:00:00.000,2012-02-29T15:30:00.000
Turning & Milling,Case30,ID4718,Turning & Milling,ID4718,Fluxicon Disco,Variant 149,149,2012-02-29T22:00:00.000,2012-02-29T18:42:00.000
Turning & Milling,Case30,ID4429,Turning & Milling,ID4429,Fluxicon Disco,Variant 149,149,2012-03-01T00:30:00.000,2012-02-29T22:31:00.000
Turning & Milling,Case30,ID4167,Turning & Milling,ID4167,Fluxicon Disco,Variant 149,149,2012-03-01T20:45:00.000,2012-03-01T13:00:00.000
Turning & Milling Q.C.,Case30,ID4163,Turning & Milling Q.C.,ID4163,Fluxicon Disco,Variant 149,149,2012-03-01T21:05:00.000,2012-03-01T20:25:00.000
End,Case30,End,End,End,Fluxicon Disco,Variant 149,149,2012-03-01T21:05:00.000,2012-03-01T21:05:00.000
Start,Case31,Start,Start,Start,Fluxicon Disco,Variant 150,150,2012-02-07T12:50:00.000,2012-02-07T12:50:00.000
Turning & Milling,Case31,ID4932,Turning & Milling,ID4932,Fluxicon Disco,Variant 150,150,2012-02-07T16:03:00.000,2012-02-07T12:50:00.000
Turning & Milling,Case31,ID4932,Turning & Milling,ID4932,Fluxicon Disco,Variant 150,150,2012-02-07T20:15:00.000,2012-02-07T17:15:00.000
Turning & Milling,Case31,ID4932,Turning & Milling,ID4932,Fluxicon Disco,Variant 150,150,2012-02-07T21:48:00.000,2012-02-07T20:18:00.000
Turning & Milling,Case31,ID4529,Turning & Milling,ID4529,Fluxicon Disco,Variant 150,150,2012-02-08T11:12:00.000,2012-02-08T02:07:00.000
Turning & Milling Q.C.,Case31,ID4163,Turning & Milling Q.C.,ID4163,Fluxicon Disco,Variant 150,150,2012-02-13T14:40:00.000,2012-02-13T13:00:00.000
Turning & Milling Q.C.,Case31,ID4163,Turning & Milling Q.C.,ID4163,Fluxicon Disco,Variant 150,150,2012-02-13T15:15:00.000,2012-02-13T15:00:00.000
Laser Marking,Case31,ID0998,Laser Marking,ID0998,Fluxicon Disco,Variant 150,150,2012-02-13T18:37:00.000,2012-02-13T18:10:00.000
Flat Grinding,Case31,ID4528,Flat Grinding,ID4528,Fluxicon Disco,Variant 150,150,2012-02-29T07:15:00.000,2012-02-29T06:00:00.000
Flat Grinding,Case31,ID0420,Flat Grinding,ID0420,Fluxicon Disco,Variant 150,150,2012-03-01T05:56:00.000,2012-03-01T05:07:00.000
Flat Grinding,Case31,ID4882,Flat Grinding,ID4882,Fluxicon Disco,Variant 150,150,2012-03-01T07:15:00.000,2012-03-01T06:00:00.000
Flat Grinding,Case31,ID4882,Flat Grinding,ID4882,Fluxicon Disco,Variant 150,150,2012-03-04T07:15:00.000,2012-03-04T06:00:00.000
Flat Grinding,Case31,ID4882,Flat Grinding,ID4882,Fluxicon Disco,Variant 150,150,2012-03-04T07:15:00.000,2012-03-04T06:00:00.000
Flat Grinding,Case31,ID4882,Flat Grinding,ID4882,Fluxicon Disco,Variant 150,150,2012-03-04T16:52:00.000,2012-03-04T16:27:00.000
Round Grinding,Case31,ID4385,Round Grinding,ID4385,Fluxicon Disco,Variant 150,150,2012-03-04T22:23:00.000,2012-03-04T21:56:00.000
Round Grinding,Case31,ID4445,Round Grinding,ID4445,Fluxicon Disco,Variant 150,150,2012-03-06T04:48:00.000,2012-03-06T02:03:00.000
Round Grinding,Case31,ID4445,Round Grinding,ID4445,Fluxicon Disco,Variant 150,150,2012-03-06T12:46:00.000,2012-03-06T04:48:00.000
Round Grinding,Case31,ID0420,Round Grinding,ID0420,Fluxicon Disco,Variant 150,150,2012-03-06T21:51:00.000,2012-03-06T13:45:00.000
Round Grinding,Case31,ID4385,Round Grinding,ID4385,Fluxicon Disco,Variant 150,150,2012-03-06T23:42:00.000,2012-03-06T21:50:00.000
Lapping,Case31,ID0998,Lapping,ID0998,Fluxicon Disco,Variant 150,150,2012-03-06T23:00:00.000,2012-03-06T22:00:00.000
Round Grinding,Case31,ID4445,Round Grinding,ID4445,Fluxicon Disco,Variant 150,150,2012-03-07T04:24:00.000,2012-03-07T02:02:00.000
Lapping,Case31,ID4872,Lapping,ID4872,Fluxicon Disco,Variant 150,150,2012-03-07T04:25:00.000,2012-03-07T03:40:00.000
Round Grinding,Case31,ID4355,Round Grinding,ID4355,Fluxicon Disco,Variant 150,150,2012-03-07T11:00:00.000,2012-03-07T04:30:00.000
Round Grinding,Case31,ID4445,Round Grinding,ID4445,Fluxicon Disco,Variant 150,150,2012-03-07T12:50:00.000,2012-03-07T11:00:00.000
Round Grinding,Case31,ID4385,Round Grinding,ID4385,Fluxicon Disco,Variant 150,150,2012-03-07T14:30:00.000,2012-03-07T13:00:00.000
Final Inspection Q.C.,Case31,ID4287,Final Inspection Q.C.,ID4287,Fluxicon Disco,Variant 150,150,2012-03-13T21:59:00.000,2012-03-13T20:56:00.000
Laser Marking,Case31,ID4355,Laser Marking,ID4355,Fluxicon Disco,Variant 150,150,2012-03-13T21:55:00.000,2012-03-13T21:34:00.000
Final Inspection Q.C.,Case31,ID4287,Final Inspection Q.C.,ID4287,Fluxicon Disco,Variant 150,150,2012-03-14T20:30:00.000,2012-03-14T15:00:00.000
Final Inspection Q.C.,Case31,ID4287,Final Inspection Q.C.,ID4287,Fluxicon Disco,Variant 150,150,2012-03-15T20:43:00.000,2012-03-15T20:00:00.000
End,Case31,End,End,End,Fluxicon Disco,Variant 150,150,2012-03-15T20:43:00.000,2012-03-15T20:43:00.000
Start,Case32,Start,Start,Start,Fluxicon Disco,Variant 151,151,2012-01-24T17:52:00.000,2012-01-24T17:52:00.000
Turning & Milling,Case32,ID4794,Turning & Milling,ID4794,Fluxicon Disco,Variant 151,151,2012-01-24T21:45:00.000,2012-01-24T17:52:00.000
Turning & Milling,Case32,ID4429,Turning & Milling,ID4429,Fluxicon Disco,Variant 151,151,2012-01-26T00:00:00.000,2012-01-25T15:21:00.000
Turning & Milling,Case32,ID4529,Turning & Milling,ID4529,Fluxicon Disco,Variant 151,151,2012-01-26T12:44:00.000,2012-01-26T01:58:00.000
Turning & Milling,Case32,ID4429,Turning & Milling,ID4429,Fluxicon Disco,Variant 151,151,2012-01-26T22:16:00.000,2012-01-26T13:24:00.000
Turning & Milling,Case32,ID4167,Turning & Milling,ID4167,Fluxicon Disco,Variant 151,151,2012-01-27T05:45:00.000,2012-01-26T22:40:00.000
Turning & Milling,Case32,ID4429,Turning & Milling,ID4429,Fluxicon Disco,Variant 151,151,2012-01-27T18:55:00.000,2012-01-27T12:49:00.000
Turning & Milling Q.C.,Case32,ID4493,Turning & Milling Q.C.,ID4493,Fluxicon Disco,Variant 151,151,2012-01-27T16:02:00.000,2012-01-27T14:01:00.000
Turning & Milling Q.C.,Case32,ID4493,Turning & Milling Q.C.,ID4493,Fluxicon Disco,Variant 151,151,2012-01-28T00:00:00.000,2012-01-27T18:13:00.000
Turning & Milling,Case32,ID4794,Turning & Milling,ID4794,Fluxicon Disco,Variant 151,151,2012-01-29T04:11:00.000,2012-01-28T18:10:00.000
Turning & Milling,Case32,ID4794,Turning & Milling,ID4794,Fluxicon Disco,Variant 151,151,2012-01-29T12:52:00.000,2012-01-28T19:00:00.000
Turning & Milling,Case32,ID4932,Turning & Milling,ID4932,Fluxicon Disco,Variant 151,151,2012-01-29T17:23:00.000,2012-01-29T04:18:00.000
Turning & Milling,Case32,ID4529,Turning & Milling,ID4529,Fluxicon Disco,Variant 151,151,2012-01-29T21:45:00.000,2012-01-29T15:35:00.000
Turning & Milling Q.C.,Case32,ID4493,Turning & Milling Q.C.,ID4493,Fluxicon Disco,Variant 151,151,2012-01-29T16:37:00.000,2012-01-29T15:36:00.000
Turning & Milling Q.C.,Case32,ID4493,Turning & Milling Q.C.,ID4493,Fluxicon Disco,Variant 151,151,2012-01-29T16:40:00.000,2012-01-29T15:40:00.000
Turning & Milling,Case32,ID4429,Turning & Milling,ID4429,Fluxicon Disco,Variant 151,151,2012-01-30T05:44:00.000,2012-01-29T22:02:00.000
Turning & Milling,Case32,ID4794,Turning & Milling,ID4794,Fluxicon Disco,Variant 151,151,2012-01-30T12:39:00.000,2012-01-30T05:47:00.000
Turning & Milling,Case32,ID4529,Turning & Milling,ID4529,Fluxicon Disco,Variant 151,151,2012-01-30T21:49:00.000,2012-01-30T13:00:00.000
Turning & Milling,Case32,ID4429,Turning & Milling,ID4429,Fluxicon Disco,Variant 151,151,2012-01-31T05:29:00.000,2012-01-30T21:58:00.000
Turning & Milling,Case32,ID4794,Turning & Milling,ID4794,Fluxicon Disco,Variant 151,151,2012-01-31T12:45:00.000,2012-01-31T05:33:00.000
Turning & Milling,Case32,ID4529,Turning & Milling,ID4529,Fluxicon Disco,Variant 151,151,2012-01-31T21:56:00.000,2012-01-31T13:09:00.000
Turning & Milling,Case32,ID4429,Turning & Milling,ID4429,Fluxicon Disco,Variant 151,151,2012-02-01T05:37:00.000,2012-01-31T22:15:00.000
Turning & Milling,Case32,ID4794,Turning & Milling,ID4794,Fluxicon Disco,Variant 151,151,2012-02-01T12:55:00.000,2012-02-01T05:50:00.000
Turning & Milling,Case32,ID4529,Turning & Milling,ID4529,Fluxicon Disco,Variant 151,151,2012-02-01T21:48:00.000,2012-02-01T13:00:00.000
Turning & Milling,Case32,ID4429,Turning & Milling,ID4429,Fluxicon Disco,Variant 151,151,2012-02-02T05:37:00.000,2012-02-01T22:00:00.000
Turning & Milling,Case32,ID4794,Turning & Milling,ID4794,Fluxicon Disco,Variant 151,151,2012-02-02T12:46:00.000,2012-02-02T05:39:00.000
Turning & Milling,Case32,ID4529,Turning & Milling,ID4529,Fluxicon Disco,Variant 151,151,2012-02-02T21:45:00.000,2012-02-02T12:59:00.000
Turning & Milling Q.C.,Case32,ID4493,Turning & Milling Q.C.,ID4493,Fluxicon Disco,Variant 151,151,2012-02-05T15:27:00.000,2012-02-05T13:00:00.000
Turning & Milling,Case32,ID4429,Turning & Milling,ID4429,Fluxicon Disco,Variant 151,151,2012-02-05T18:31:00.000,2012-02-05T15:30:00.000
Turning & Milling,Case32,ID4429,Turning & Milling,ID4429,Fluxicon Disco,Variant 151,151,2012-02-05T23:43:00.000,2012-02-05T15:35:00.000
Turning & Milling,Case32,ID4167,Turning & Milling,ID4167,Fluxicon Disco,Variant 151,151,2012-02-06T02:05:00.000,2012-02-06T01:02:00.000
Turning & Milling,Case32,ID4529,Turning & Milling,ID4529,Fluxicon Disco,Variant 151,151,2012-02-06T09:41:00.000,2012-02-06T02:08:00.000
Turning & Milling Q.C.,Case32,ID4493,Turning & Milling Q.C.,ID4493,Fluxicon Disco,Variant 151,151,2012-02-06T14:20:00.000,2012-02-06T13:00:00.000
Nitration Q.C.,Case32,ID4493,Nitration Q.C.,ID4493,Fluxicon Disco,Variant 151,151,2012-02-16T16:27:00.000,2012-02-16T16:26:00.000
Laser Marking,Case32,ID0998,Laser Marking,ID0998,Fluxicon Disco,Variant 151,151,2012-02-16T20:51:00.000,2012-02-16T16:41:00.000
Laser Marking,Case32,ID0998,Laser Marking,ID0998,Fluxicon Disco,Variant 151,151,2012-02-16T22:07:00.000,2012-02-16T20:52:00.000
Lapping,Case32,ID0998,Lapping,ID0998,Fluxicon Disco,Variant 151,151,2012-02-16T23:44:00.000,2012-02-16T20:53:00.000
Round Grinding,Case32,ID4355,Round Grinding,ID4355,Fluxicon Disco,Variant 151,151,2012-02-17T14:30:00.000,2012-02-17T12:55:00.000
Round Grinding,Case32,ID4355,Round Grinding,ID4355,Fluxicon Disco,Variant 151,151,2012-02-17T18:05:00.000,2012-02-17T14:31:00.000
Lapping,Case32,ID0998,Lapping,ID0998,Fluxicon Disco,Variant 151,151,2012-02-17T18:45:00.000,2012-02-17T15:19:00.000
Laser Marking,Case32,ID0998,Laser Marking,ID0998,Fluxicon Disco,Variant 151,151,2012-02-17T18:02:00.000,2012-02-17T17:39:00.000
Laser Marking,Case32,ID4882,Laser Marking,ID4882,Fluxicon Disco,Variant 151,151,2012-02-19T14:39:00.000,2012-02-19T13:41:00.000
Round Grinding,Case32,ID4385,Round Grinding,ID4385,Fluxicon Disco,Variant 151,151,2012-02-19T19:23:00.000,2012-02-19T15:07:00.000
Laser Marking,Case32,ID0998,Laser Marking,ID0998,Fluxicon Disco,Variant 151,151,2012-02-19T17:38:00.000,2012-02-19T16:58:00.000
Lapping,Case32,ID4882,Lapping,ID4882,Fluxicon Disco,Variant 151,151,2012-02-19T21:55:00.000,2012-02-19T20:23:00.000
Lapping,Case32,ID0998,Lapping,ID0998,Fluxicon Disco,Variant 151,151,2012-02-19T23:10:00.000,2012-02-19T20:29:00.000
Round Grinding,Case32,ID4385,Round Grinding,ID4385,Fluxicon Disco,Variant 151,151,2012-02-19T23:59:00.000,2012-02-19T20:49:00.000
Round Grinding,Case32,ID4872,Round Grinding,ID4872,Fluxicon Disco,Variant 151,151,2012-02-20T05:44:00.000,2012-02-20T00:13:00.000
Round Grinding,Case32,ID4445,Round Grinding,ID4445,Fluxicon Disco,Variant 151,151,2012-02-20T12:52:00.000,2012-02-20T05:57:00.000
Final Inspection Q.C.,Case32,ID4493,Final Inspection Q.C.,ID4493,Fluxicon Disco,Variant 151,151,2012-02-20T20:15:00.000,2012-02-20T13:02:00.000
Round Grinding,Case32,ID4385,Round Grinding,ID4385,Fluxicon Disco,Variant 151,151,2012-02-20T20:05:00.000,2012-02-20T13:08:00.000
Round Grinding,Case32,ID4385,Round Grinding,ID4385,Fluxicon Disco,Variant 151,151,2012-02-20T21:50:00.000,2012-02-20T20:06:00.000
Round Grinding,Case32,ID0420,Round Grinding,ID0420,Fluxicon Disco,Variant 151,151,2012-02-20T23:50:00.000,2012-02-20T22:05:00.000
Round Grinding,Case32,ID4872,Round Grinding,ID4872,Fluxicon Disco,Variant 151,151,2012-02-21T03:53:00.000,2012-02-21T00:43:00.000
Round Grinding,Case32,ID4445,Round Grinding,ID4445,Fluxicon Disco,Variant 151,151,2012-02-21T12:47:00.000,2012-02-21T03:54:00.000
Packing,Case32,ID4820,Packing,ID4820,Fluxicon Disco,Variant 151,151,2012-02-21T07:00:00.000,2012-02-21T06:00:00.000
Lapping,Case32,ID4882,Lapping,ID4882,Fluxicon Disco,Variant 151,151,2012-02-21T07:15:00.000,2012-02-21T06:00:00.000
Round Grinding,Case32,ID0420,Round Grinding,ID0420,Fluxicon Disco,Variant 151,151,2012-02-22T00:08:00.000,2012-02-21T13:18:00.000
Lapping,Case32,ID0998,Lapping,ID0998,Fluxicon Disco,Variant 151,151,2012-02-21T17:44:00.000,2012-02-21T15:14:00.000
Final Inspection Q.C.,Case32,ID4493,Final Inspection Q.C.,ID4493,Fluxicon Disco,Variant 151,151,2012-02-21T17:14:00.000,2012-02-21T16:00:00.000
Round Grinding,Case32,ID4445,Round Grinding,ID4445,Fluxicon Disco,Variant 151,151,2012-02-22T12:56:00.000,2012-02-22T02:04:00.000
Final Inspection Q.C.,Case32,ID4493,Final Inspection Q.C.,ID4493,Fluxicon Disco,Variant 151,151,2012-02-22T16:45:00.000,2012-02-22T12:45:00.000
Round Grinding,Case32,ID0420,Round Grinding,ID0420,Fluxicon Disco,Variant 151,151,2012-02-22T13:13:00.000,2012-02-22T13:03:00.000
Round Grinding,Case32,ID4385,Round Grinding,ID4385,Fluxicon Disco,Variant 151,151,2012-02-22T21:24:00.000,2012-02-22T14:29:00.000
Round Grinding,Case32,ID4385,Round Grinding,ID4385,Fluxicon Disco,Variant 151,151,2012-02-22T22:01:00.000,2012-02-22T21:26:00.000
Round Grinding,Case32,ID4355,Round Grinding,ID4355,Fluxicon Disco,Variant 151,151,2012-02-22T22:47:00.000,2012-02-22T22:08:00.000
Final Inspection Q.C.,Case32,ID4493,Final Inspection Q.C.,ID4493,Fluxicon Disco,Variant 151,151,2012-02-23T14:27:00.000,2012-02-23T13:00:00.000
Packing,Case32,ID4820,Packing,ID4820,Fluxicon Disco,Variant 151,151,2012-02-24T07:00:00.000,2012-02-24T06:00:00.000
Packing,Case32,ID4820,Packing,ID4820,Fluxicon Disco,Variant 151,151,2012-02-24T07:00:00.000,2012-02-24T06:00:00.000
End,Case32,End,End,End,Fluxicon Disco,Variant 151,151,2012-02-24T07:00:00.000,2012-02-24T07:00:00.000
Start,Case33,Start,Start,Start,Fluxicon Disco,Variant 152,152,2012-02-22T13:23:00.000,2012-02-22T13:23:00.000
Turning & Milling,Case33,ID4794,Turning & Milling,ID4794,Fluxicon Disco,Variant 152,152,2012-02-22T18:11:00.000,2012-02-22T13:23:00.000
Turning & Milling Q.C.,Case33,ID4618,Turning & Milling Q.C.,ID4618,Fluxicon Disco,Variant 152,152,2012-02-22T18:41:00.000,2012-02-22T18:12:00.000
Turning & Milling,Case33,ID4794,Turning & Milling,ID4794,Fluxicon Disco,Variant 152,152,2012-02-22T20:07:00.000,2012-02-22T18:12:00.000
Turning & Milling,Case33,ID4794,Turning & Milling,ID4794,Fluxicon Disco,Variant 152,152,2012-02-22T21:58:00.000,2012-02-22T20:07:00.000
Turning & Milling,Case33,ID4167,Turning & Milling,ID4167,Fluxicon Disco,Variant 152,152,2012-02-23T05:44:00.000,2012-02-23T00:13:00.000
Turning & Milling,Case33,ID4529,Turning & Milling,ID4529,Fluxicon Disco,Variant 152,152,2012-02-23T07:21:00.000,2012-02-23T05:49:00.000
Turning & Milling Q.C.,Case33,ID4618,Turning & Milling Q.C.,ID4618,Fluxicon Disco,Variant 152,152,2012-02-23T13:38:00.000,2012-02-23T13:37:00.000
Turning & Milling Q.C.,Case33,ID4618,Turning & Milling Q.C.,ID4618,Fluxicon Disco,Variant 152,152,2012-02-26T17:11:00.000,2012-02-26T17:10:00.000
Flat Grinding,Case33,ID0998,Flat Grinding,ID0998,Fluxicon Disco,Variant 152,152,2012-02-29T16:14:00.000,2012-02-29T15:36:00.000
Turning & Milling Q.C.,Case33,ID4618,Turning & Milling Q.C.,ID4618,Fluxicon Disco,Variant 152,152,2012-03-08T16:29:00.000,2012-03-08T15:13:00.000
Laser Marking,Case33,ID0998,Laser Marking,ID0998,Fluxicon Disco,Variant 152,152,2012-03-08T17:24:00.000,2012-03-08T16:57:00.000
Lapping,Case33,ID0998,Lapping,ID0998,Fluxicon Disco,Variant 152,152,2012-03-08T19:30:00.000,2012-03-08T17:33:00.000
Round Grinding,Case33,ID4445,Round Grinding,ID4445,Fluxicon Disco,Variant 152,152,2012-03-12T19:32:00.000,2012-03-12T16:58:00.000
Round Grinding,Case33,ID4445,Round Grinding,ID4445,Fluxicon Disco,Variant 152,152,2012-03-12T23:38:00.000,2012-03-12T19:33:00.000
Round Grinding,Case33,ID4385,Round Grinding,ID4385,Fluxicon Disco,Variant 152,152,2012-03-13T01:13:00.000,2012-03-13T00:17:00.000
Packing,Case33,ID4820,Packing,ID4820,Fluxicon Disco,Variant 152,152,2012-03-16T07:00:00.000,2012-03-16T06:00:00.000
Packing,Case33,ID4820,Packing,ID4820,Fluxicon Disco,Variant 152,152,2012-03-16T07:00:00.000,2012-03-16T06:00:00.000
Final Inspection Q.C.,Case33,ID4618,Final Inspection Q.C.,ID4618,Fluxicon Disco,Variant 152,152,2012-03-16T15:04:00.000,2012-03-16T13:49:00.000
End,Case33,End,End,End,Fluxicon Disco,Variant 152,152,2012-03-16T15:04:00.000,2012-03-16T15:04:00.000
Start,Case34,Start,Start,Start,Fluxicon Disco,Variant 153,153,2012-01-29T15:02:00.000,2012-01-29T15:02:00.000
Turning & Milling,Case34,ID4132,Turning & Milling,ID4132,Fluxicon Disco,Variant 153,153,2012-01-29T23:43:00.000,2012-01-29T15:02:00.000
Turning & Milling,Case34,ID3846,Turning & Milling,ID3846,Fluxicon Disco,Variant 153,153,2012-01-30T01:54:00.000,2012-01-29T23:59:00.000
Turning & Milling,Case34,ID3846,Turning & Milling,ID3846,Fluxicon Disco,Variant 153,153,2012-01-30T05:45:00.000,2012-01-30T01:54:00.000
Turning & Milling,Case34,ID4932,Turning & Milling,ID4932,Fluxicon Disco,Variant 153,153,2012-01-30T12:44:00.000,2012-01-30T05:46:00.000
Turning & Milling,Case34,ID4132,Turning & Milling,ID4132,Fluxicon Disco,Variant 153,153,2012-01-30T14:06:00.000,2012-01-30T13:02:00.000
Turning & Milling Q.C.,Case34,ID4287,Turning & Milling Q.C.,ID4287,Fluxicon Disco,Variant 153,153,2012-01-30T16:00:00.000,2012-01-30T13:04:00.000
Laser Marking,Case34,ID0998,Laser Marking,ID0998,Fluxicon Disco,Variant 153,153,2012-02-01T15:54:00.000,2012-02-01T15:20:00.000
Lapping,Case34,ID0998,Lapping,ID0998,Fluxicon Disco,Variant 153,153,2012-02-01T17:20:00.000,2012-02-01T17:18:00.000
Lapping,Case34,ID0998,Lapping,ID0998,Fluxicon Disco,Variant 153,153,2012-02-01T19:52:00.000,2012-02-01T17:21:00.000
Round Grinding,Case34,ID4872,Round Grinding,ID4872,Fluxicon Disco,Variant 153,153,2012-02-01T17:41:00.000,2012-02-01T17:30:00.000
Round Grinding,Case34,ID4872,Round Grinding,ID4872,Fluxicon Disco,Variant 153,153,2012-02-01T20:46:00.000,2012-02-01T20:12:00.000
Round Grinding,Case34,ID4528,Round Grinding,ID4528,Fluxicon Disco,Variant 153,153,2012-02-01T23:26:00.000,2012-02-01T22:10:00.000
Round Grinding,Case34,ID4528,Round Grinding,ID4528,Fluxicon Disco,Variant 153,153,2012-02-02T00:18:00.000,2012-02-01T23:27:00.000
Final Inspection Q.C.,Case34,ID4287,Final Inspection Q.C.,ID4287,Fluxicon Disco,Variant 153,153,2012-02-02T22:04:00.000,2012-02-02T21:30:00.000
Packing,Case34,ID4820,Packing,ID4820,Fluxicon Disco,Variant 153,153,2012-02-05T07:00:00.000,2012-02-05T06:00:00.000
Final Inspection Q.C.,Case34,ID4287,Final Inspection Q.C.,ID4287,Fluxicon Disco,Variant 153,153,2012-02-05T21:00:00.000,2012-02-05T15:00:00.000
Round Grinding,Case34,ID4528,Round Grinding,ID4528,Fluxicon Disco,Variant 153,153,2012-02-19T21:59:00.000,2012-02-19T20:38:00.000
Round Grinding,Case34,ID4528,Round Grinding,ID4528,Fluxicon Disco,Variant 153,153,2012-02-19T23:51:00.000,2012-02-19T22:00:00.000
Round Grinding,Case34,ID4528,Round Grinding,ID4528,Fluxicon Disco,Variant 153,153,2012-02-20T16:42:00.000,2012-02-20T13:11:00.000
Final Inspection Q.C.,Case34,ID4493,Final Inspection Q.C.,ID4493,Fluxicon Disco,Variant 153,153,2012-02-21T21:07:00.000,2012-02-21T17:07:00.000
Packing,Case34,ID4820,Packing,ID4820,Fluxicon Disco,Variant 153,153,2012-02-22T07:00:00.000,2012-02-22T06:00:00.000
End,Case34,End,End,End,Fluxicon Disco,Variant 153,153,2012-02-22T07:00:00.000,2012-02-22T07:00:00.000
Start,Case35,Start,Start,Start,Fluxicon Disco,Variant 154,154,2012-02-27T22:27:00.000,2012-02-27T22:27:00.000
Turning & Milling,Case35,ID4429,Turning & Milling,ID4429,Fluxicon Disco,Variant 154,154,2012-02-28T05:43:00.000,2012-02-27T22:27:00.000
Turning & Milling,Case35,ID4794,Turning & Milling,ID4794,Fluxicon Disco,Variant 154,154,2012-02-28T12:56:00.000,2012-02-28T09:57:00.000
Turning & Milling,Case35,ID4529,Turning & Milling,ID4529,Fluxicon Disco,Variant 154,154,2012-02-28T22:10:00.000,2012-02-28T13:01:00.000
Turning & Milling,Case35,ID4429,Turning & Milling,ID4429,Fluxicon Disco,Variant 154,154,2012-02-29T05:40:00.000,2012-02-28T21:48:00.000
Turning & Milling Q.C.,Case35,ID4163,Turning & Milling Q.C.,ID4163,Fluxicon Disco,Variant 154,154,2012-02-29T18:50:00.000,2012-02-29T17:30:00.000
Turning & Milling Q.C.,Case35,ID4163,Turning & Milling Q.C.,ID4163,Fluxicon Disco,Variant 154,154,2012-02-29T18:50:00.000,2012-02-29T17:50:00.000
Laser Marking,Case35,ID4445,Laser Marking,ID4445,Fluxicon Disco,Variant 154,154,2012-02-29T21:19:00.000,2012-02-29T21:11:00.000
Lapping,Case35,ID0998,Lapping,ID0998,Fluxicon Disco,Variant 154,154,2012-03-12T22:21:00.000,2012-03-12T14:16:00.000
Lapping,Case35,ID0420,Lapping,ID0420,Fluxicon Disco,Variant 154,154,2012-03-21T22:40:00.000,2012-03-21T22:05:00.000
Round Grinding,Case35,ID4355,Round Grinding,ID4355,Fluxicon Disco,Variant 154,154,2012-03-22T07:05:00.000,2012-03-22T03:55:00.000
Round Grinding,Case35,ID4445,Round Grinding,ID4445,Fluxicon Disco,Variant 154,154,2012-03-22T12:49:00.000,2012-03-22T07:10:00.000
Round Grinding,Case35,ID4385,Round Grinding,ID4385,Fluxicon Disco,Variant 154,154,2012-03-22T16:43:00.000,2012-03-22T13:02:00.000
Final Inspection Q.C.,Case35,ID4163,Final Inspection Q.C.,ID4163,Fluxicon Disco,Variant 154,154,2012-03-26T18:20:00.000,2012-03-26T16:00:00.000
Final Inspection Q.C.,Case35,ID4163,Final Inspection Q.C.,ID4163,Fluxicon Disco,Variant 154,154,2012-03-27T01:00:00.000,2012-03-26T22:30:00.000
Packing,Case35,ID4820,Packing,ID4820,Fluxicon Disco,Variant 154,154,2012-03-27T08:00:00.000,2012-03-27T07:00:00.000
Final Inspection Q.C.,Case35,ID4163,Final Inspection Q.C.,ID4163,Fluxicon Disco,Variant 154,154,2012-03-27T17:30:00.000,2012-03-27T16:30:00.000
End,Case35,End,End,End,Fluxicon Disco,Variant 154,154,2012-03-27T17:30:00.000,2012-03-27T17:30:00.000
Start,Case36,Start,Start,Start,Fluxicon Disco,Variant 155,155,2012-03-12T14:14:00.000,2012-03-12T14:14:00.000
Turning & Milling,Case36,ID4529,Turning & Milling,ID4529,Fluxicon Disco,Variant 155,155,2012-03-12T19:22:00.000,2012-03-12T14:14:00.000
Turning & Milling,Case36,ID4429,Turning & Milling,ID4429,Fluxicon Disco,Variant 155,155,2012-03-13T05:36:00.000,2012-03-13T01:46:00.000
Turning & Milling,Case36,ID4932,Turning & Milling,ID4932,Fluxicon Disco,Variant 155,155,2012-03-13T07:30:00.000,2012-03-13T06:15:00.000
Turning & Milling,Case36,ID4932,Turning & Milling,ID4932,Fluxicon Disco,Variant 155,155,2012-03-13T07:38:00.000,2012-03-13T06:16:00.000
Turning & Milling Q.C.,Case36,ID4493,Turning & Milling Q.C.,ID4493,Fluxicon Disco,Variant 155,155,2012-03-13T14:08:00.000,2012-03-13T12:50:00.000
Turning & Milling,Case36,ID4529,Turning & Milling,ID4529,Fluxicon Disco,Variant 155,155,2012-03-13T15:13:00.000,2012-03-13T13:25:00.000
Turning & Milling,Case36,ID4529,Turning & Milling,ID4529,Fluxicon Disco,Variant 155,155,2012-03-13T22:07:00.000,2012-03-13T20:56:00.000
Turning & Milling,Case36,ID4429,Turning & Milling,ID4429,Fluxicon Disco,Variant 155,155,2012-03-14T02:14:00.000,2012-03-13T23:55:00.000
Turning & Milling,Case36,ID4932,Turning & Milling,ID4932,Fluxicon Disco,Variant 155,155,2012-03-14T07:57:00.000,2012-03-14T02:16:00.000
Turning & Milling Q.C.,Case36,ID4493,Turning & Milling Q.C.,ID4493,Fluxicon Disco,Variant 155,155,2012-03-14T15:27:00.000,2012-03-14T14:12:00.000
Laser Marking,Case36,ID0998,Laser Marking,ID0998,Fluxicon Disco,Variant 155,155,2012-03-14T16:58:00.000,2012-03-14T15:43:00.000
Lapping,Case36,ID4882,Lapping,ID4882,Fluxicon Disco,Variant 155,155,2012-03-27T08:15:00.000,2012-03-27T07:00:00.000
Lapping,Case36,ID0998,Lapping,ID0998,Fluxicon Disco,Variant 155,155,2012-03-28T01:19:00.000,2012-03-27T23:05:00.000
Round Grinding,Case36,ID4385,Round Grinding,ID4385,Fluxicon Disco,Variant 155,155,2012-03-28T06:41:00.000,2012-03-28T03:22:00.000
Round Grinding,Case36,ID4385,Round Grinding,ID4385,Fluxicon Disco,Variant 155,155,2012-03-28T14:07:00.000,2012-03-28T06:41:00.000
Round Grinding,Case36,ID4445,Round Grinding,ID4445,Fluxicon Disco,Variant 155,155,2012-03-28T17:52:00.000,2012-03-28T14:08:00.000
Round Grinding,Case36,ID4445,Round Grinding,ID4445,Fluxicon Disco,Variant 155,155,2012-03-28T20:55:00.000,2012-03-28T20:03:00.000
Round Grinding,Case36,ID4445,Round Grinding,ID4445,Fluxicon Disco,Variant 155,155,2012-03-29T00:46:00.000,2012-03-28T20:55:00.000
Round Grinding,Case36,ID4385,Round Grinding,ID4385,Fluxicon Disco,Variant 155,155,2012-03-29T05:23:00.000,2012-03-29T03:18:00.000
Round Grinding,Case36,ID4385,Round Grinding,ID4385,Fluxicon Disco,Variant 155,155,2012-03-29T06:07:00.000,2012-03-29T05:24:00.000
Turning & Milling,Case39,ID4641,Turning & Milling,ID4641,Fluxicon Disco,Variant 158,158,2012-02-14T21:53:00.000,2012-02-14T20:10:00.000
Turning & Milling,Case39,ID4132,Turning & Milling,ID4132,Fluxicon Disco,Variant 158,158,2012-02-15T03:23:00.000,2012-02-14T22:23:00.000
Turning & Milling,Case39,ID4641,Turning & Milling,ID4641,Fluxicon Disco,Variant 158,158,2012-02-15T14:12:00.000,2012-02-15T13:49:00.000
Turning & Milling,Case39,ID4641,Turning & Milling,ID4641,Fluxicon Disco,Variant 158,158,2012-02-15T21:23:00.000,2012-02-15T15:47:00.000
Turning & Milling Q.C.,Case39,ID4287,Turning & Milling Q.C.,ID4287,Fluxicon Disco,Variant 158,158,2012-02-15T18:50:00.000,2012-02-15T17:16:00.000
Turning & Milling Q.C.,Case39,ID4287,Turning & Milling Q.C.,ID4287,Fluxicon Disco,Variant 158,158,2012-02-16T16:29:00.000,2012-02-16T15:00:00.000
Laser Marking,Case39,ID0998,Laser Marking,ID0998,Fluxicon Disco,Variant 158,158,2012-02-16T17:26:00.000,2012-02-16T17:04:00.000
Round Grinding,Case39,ID4287,Round Grinding,ID4287,Fluxicon Disco,Variant 158,158,2012-02-19T22:07:00.000,2012-02-19T21:00:00.000
End,Case39,End,End,End,Fluxicon Disco,Variant 158,158,2012-02-19T22:07:00.000,2012-02-19T22:07:00.000
Start,Case4,Start,Start,Start,Fluxicon Disco,Variant 159,159,2012-03-14T07:58:00.000,2012-03-14T07:58:00.000
SETUP     Turning & Milling,Case4,ID4932,SETUP     Turning & Milling,ID4932,Fluxicon Disco,Variant 159,159,2012-03-14T11:59:00.000,2012-03-14T07:58:00.000
Turning & Milling,Case4,ID4529,Turning & Milling,ID4529,Fluxicon Disco,Variant 159,159,2012-03-14T21:17:00.000,2012-03-14T15:25:00.000
Turning & Milling Q.C.,Case4,ID4493,Turning & Milling Q.C.,ID4493,Fluxicon Disco,Variant 159,159,2012-03-14T21:22:00.000,2012-03-14T19:22:00.000
Turning & Milling,Case4,ID4529,Turning & Milling,ID4529,Fluxicon Disco,Variant 159,159,2012-03-14T21:43:00.000,2012-03-14T21:19:00.000
Turning & Milling,Case4,ID4429,Turning & Milling,ID4429,Fluxicon Disco,Variant 159,159,2012-03-15T05:37:00.000,2012-03-14T21:54:00.000
Turning & Milling,Case4,ID4932,Turning & Milling,ID4932,Fluxicon Disco,Variant 159,159,2012-03-15T09:08:00.000,2012-03-15T05:38:00.000
Turning & Milling Q.C.,Case4,ID4493,Turning & Milling Q.C.,ID4493,Fluxicon Disco,Variant 159,159,2012-03-15T15:16:00.000,2012-03-15T14:15:00.000
Laser Marking,Case4,ID0998,Laser Marking,ID0998,Fluxicon Disco,Variant 159,159,2012-03-15T16:56:00.000,2012-03-15T16:55:00.000
Turning & Milling Q.C.,Case4,ID4493,Turning & Milling Q.C.,ID4493,Fluxicon Disco,Variant 159,159,2012-03-15T18:17:00.000,2012-03-15T17:02:00.000
Laser Marking,Case4,ID0998,Laser Marking,ID0998,Fluxicon Disco,Variant 159,159,2012-03-15T18:18:00.000,2012-03-15T17:03:00.000
End,Case4,End,End,End,Fluxicon Disco,Variant 159,159,2012-03-15T18:18:00.000,2012-03-15T18:18:00.000
Start,Case40,Start,Start,Start,Fluxicon Disco,Variant 160,160,2012-01-31T03:05:00.000,2012-01-31T03:05:00.000
Turning,Case40,ID3846,Turning,ID3846,Fluxicon Disco,Variant 160,160,2012-01-31T05:41:00.000,2012-01-31T03:05:00.000
Turning,Case40,ID4641,Turning,ID4641,Fluxicon Disco,Variant 160,160,2012-01-31T15:34:00.000,2012-01-31T13:17:00.000
Turning,Case40,ID3846,Turning,ID3846,Fluxicon Disco,Variant 160,160,2012-01-31T22:39:00.000,2012-01-31T22:13:00.000
Turning,Case40,ID3846,Turning,ID3846,Fluxicon Disco,Variant 160,160,2012-01-31T23:28:00.000,2012-01-31T22:40:00.000
Turning,Case40,ID3846,Turning,ID3846,Fluxicon Disco,Variant 160,160,2012-02-01T05:37:00.000,2012-01-31T23:29:00.000
Turning,Case40,ID4932,Turning,ID4932,Fluxicon Disco,Variant 160,160,2012-02-01T12:43:00.000,2012-02-01T05:47:00.000
Turning Q.C.,Case40,ID4618,Turning Q.C.,ID4618,Fluxicon Disco,Variant 160,160,2012-02-01T13:23:00.000,2012-02-01T12:55:00.000
Flat Grinding,Case40,ID4882,Flat Grinding,ID4882,Fluxicon Disco,Variant 160,160,2012-02-07T23:45:00.000,2012-02-07T22:50:00.000
Laser Marking,Case40,ID0998,Laser Marking,ID0998,Fluxicon Disco,Variant 160,160,2012-02-08T16:21:00.000,2012-02-08T15:57:00.000
Packing,Case40,ID4820,Packing,ID4820,Fluxicon Disco,Variant 160,160,2012-02-14T07:00:00.000,2012-02-14T06:00:00.000
Final Inspection Q.C.,Case40,ID4618,Final Inspection Q.C.,ID4618,Fluxicon Disco,Variant 160,160,2012-02-14T17:53:00.000,2012-02-14T17:52:00.000
End,Case40,End,End,End,Fluxicon Disco,Variant 160,160,2012-02-14T17:53:00.000,2012-02-14T17:53:00.000
Start,Case41,Start,Start,Start,Fluxicon Disco,Variant 161,161,2012-01-25T13:30:00.000,2012-01-25T13:30:00.000
Turning & Milling,Case41,ID3846,Turning & Milling,ID3846,Fluxicon Disco,Variant 161,161,2012-01-25T17:15:00.000,2012-01-25T13:30:00.000
Turning & Milling,Case41,ID3846,Turning & Milling,ID3846,Fluxicon Disco,Variant 161,161,2012-01-25T18:20:00.000,2012-01-25T17:16:00.000
Turning & Milling Q.C.,Case41,ID4618,Turning & Milling Q.C.,ID4618,Fluxicon Disco,Variant 161,161,2012-01-25T20:20:00.000,2012-01-25T17:17:00.000
Turning & Milling,Case41,ID3846,Turning & Milling,ID3846,Fluxicon Disco,Variant 161,161,2012-01-25T21:55:00.000,2012-01-25T18:21:00.000
Turning & Milling,Case41,ID4641,Turning & Milling,ID4641,Fluxicon Disco,Variant 161,161,2012-01-26T06:04:00.000,2012-01-26T01:50:00.000
Grinding Rework,Case41,ID0998,Grinding Rework,ID0998,Fluxicon Disco,Variant 161,161,2012-01-27T16:30:00.000,2012-01-27T16:00:00.000
Turning & Milling Q.C.,Case41,ID4493,Turning & Milling Q.C.,ID4493,Fluxicon Disco,Variant 161,161,2012-01-29T14:35:00.000,2012-01-29T13:20:00.000
Laser Marking,Case41,ID0998,Laser Marking,ID0998,Fluxicon Disco,Variant 161,161,2012-02-06T16:41:00.000,2012-02-06T16:21:00.000
Lapping,Case41,ID0998,Lapping,ID0998,Fluxicon Disco,Variant 161,161,2012-02-07T19:00:00.000,2012-02-07T18:30:00.000
Round Grinding,Case41,ID4385,Round Grinding,ID4385,Fluxicon Disco,Variant 161,161,2012-02-08T16:07:00.000,2012-02-08T13:00:00.000
Round Grinding,Case41,ID4385,Round Grinding,ID4385,Fluxicon Disco,Variant 161,161,2012-02-08T19:17:00.000,2012-02-08T16:07:00.000
Packing,Case41,ID4820,Packing,ID4820,Fluxicon Disco,Variant 161,161,2012-02-13T07:00:00.000,2012-02-13T06:00:00.000
Final Inspection Q.C.,Case41,ID4618,Final Inspection Q.C.,ID4618,Fluxicon Disco,Variant 161,161,2012-02-13T20:18:00.000,2012-02-13T15:55:00.000
End,Case41,End,End,End,Fluxicon Disco,Variant 161,161,2012-02-13T20:18:00.000,2012-02-13T20:18:00.000
Start,Case42,Start,Start,Start,Fluxicon Disco,Variant 162,162,2012-03-12T02:25:00.000,2012-03-12T02:25:00.000
Turning & Milling,Case42,ID4794,Turning & Milling,ID4794,Fluxicon Disco,Variant 162,162,2012-03-12T05:29:00.000,2012-03-12T02:25:00.000
Turning & Milling,Case42,ID4794,Turning & Milling,ID4794,Fluxicon Disco,Variant 162,162,2012-03-12T13:00:00.000,2012-03-12T05:29:00.000
Turning & Milling Q.C.,Case42,ID4618,Turning & Milling Q.C.,ID4618,Fluxicon Disco,Variant 162,162,2012-03-12T13:57:00.000,2012-03-12T13:14:00.000
Turning & Milling,Case42,ID4167,Turning & Milling,ID4167,Fluxicon Disco,Variant 162,162,2012-03-12T22:01:00.000,2012-03-12T14:17:00.000
Turning & Milling,Case42,ID4219,Turning & Milling,ID4219,Fluxicon Disco,Variant 162,162,2012-03-13T01:23:00.000,2012-03-13T00:04:00.000
Turning & Milling,Case42,ID4794,Turning & Milling,ID4794,Fluxicon Disco,Variant 162,162,2012-03-13T13:01:00.000,2012-03-13T03:15:00.000
Turning & Milling Q.C.,Case42,ID4618,Turning & Milling Q.C.,ID4618,Fluxicon Disco,Variant 162,162,2012-03-13T14:29:00.000,2012-03-13T12:53:00.000
Turning & Milling,Case42,ID4167,Turning & Milling,ID4167,Fluxicon Disco,Variant 162,162,2012-03-13T21:03:00.000,2012-03-13T13:23:00.000
Turning & Milling Q.C.,Case42,ID4618,Turning & Milling Q.C.,ID4618,Fluxicon Disco,Variant 162,162,2012-03-13T14:29:00.000,2012-03-13T14:28:00.000
Laser Marking,Case42,ID0998,Laser Marking,ID0998,Fluxicon Disco,Variant 162,162,2012-03-13T14:30:00.000,2012-03-13T14:29:00.000
Flat Grinding,Case42,ID0998,Flat Grinding,ID0998,Fluxicon Disco,Variant 162,162,2012-03-13T15:45:00.000,2012-03-13T14:30:00.000
Lapping,Case42,ID0998,Lapping,ID0998,Fluxicon Disco,Variant 162,162,2012-03-13T15:46:00.000,2012-03-13T14:31:00.000
Round Grinding,Case42,ID4872,Round Grinding,ID4872,Fluxicon Disco,Variant 162,162,2012-03-13T21:51:00.000,2012-03-13T14:32:00.000
Flat Grinding,Case42,ID0998,Flat Grinding,ID0998,Fluxicon Disco,Variant 162,162,2012-03-13T16:16:00.000,2012-03-13T14:32:00.000
Laser Marking,Case42,ID4355,Laser Marking,ID4355,Fluxicon Disco,Variant 162,162,2012-03-13T15:42:00.000,2012-03-13T15:13:00.000
Round Grinding,Case42,ID4872,Round Grinding,ID4872,Fluxicon Disco,Variant 162,162,2012-03-13T21:53:00.000,2012-03-13T16:16:00.000
Lapping,Case42,ID0998,Lapping,ID0998,Fluxicon Disco,Variant 162,162,2012-03-13T21:52:00.000,2012-03-13T21:51:00.000
Final Inspection Q.C.,Case42,ID4618,Final Inspection Q.C.,ID4618,Fluxicon Disco,Variant 162,162,2012-03-14T22:56:00.000,2012-03-14T17:13:00.000
Round Grinding,Case42,ID4872,Round Grinding,ID4872,Fluxicon Disco,Variant 162,162,2012-03-14T21:49:00.000,2012-03-14T18:23:00.000
Laser Marking,Case42,ID4872,Laser Marking,ID4872,Fluxicon Disco,Variant 162,162,2012-03-14T19:40:00.000,2012-03-14T18:42:00.000
Turning & Milling Q.C.,Case42,ID4618,Turning & Milling Q.C.,ID4618,Fluxicon Disco,Variant 162,162,2012-03-14T20:00:00.000,2012-03-14T18:45:00.000
Packing,Case42,ID4820,Packing,ID4820,Fluxicon Disco,Variant 162,162,2012-03-15T07:00:00.000,2012-03-15T06:00:00.000
Lapping,Case42,ID4882,Lapping,ID4882,Fluxicon Disco,Variant 162,162,2012-03-15T07:15:00.000,2012-03-15T06:00:00.000
Round Grinding,Case42,ID4872,Round Grinding,ID4872,Fluxicon Disco,Variant 162,162,2012-03-15T21:42:00.000,2012-03-15T13:06:00.000
Flat Grinding,Case42,ID0998,Flat Grinding,ID0998,Fluxicon Disco,Variant 162,162,2012-03-15T15:54:00.000,2012-03-15T14:26:00.000
Lapping,Case42,ID0998,Lapping,ID0998,Fluxicon Disco,Variant 162,162,2012-03-15T15:55:00.000,2012-03-15T15:54:00.000
Round Grinding,Case42,ID4872,Round Grinding,ID4872,Fluxicon Disco,Variant 162,162,2012-03-16T15:19:00.000,2012-03-16T12:55:00.000
Final Inspection Q.C.,Case42,ID4618,Final Inspection Q.C.,ID4618,Fluxicon Disco,Variant 162,162,2012-03-16T17:52:00.000,2012-03-16T16:14:00.000
Round Grinding,Case42,ID4618,Round Grinding,ID4618,Fluxicon Disco,Variant 162,162,2012-03-16T17:55:00.000,2012-03-16T17:53:00.000
Packing,Case42,ID4820,Packing,ID4820,Fluxicon Disco,Variant 162,162,2012-03-18T07:00:00.000,2012-03-18T06:00:00.000
End,Case42,End,End,End,Fluxicon Disco,Variant 162,162,2012-03-18T07:00:00.000,2012-03-18T07:00:00.000
Start,Case43,Start,Start,Start,Fluxicon Disco,Variant 163,163,2012-02-16T05:20:00.000,2012-02-16T05:20:00.000
Turning & Milling,Case43,ID4219,Turning & Milling,ID4219,Fluxicon Disco,Variant 163,163,2012-02-16T06:29:00.000,2012-02-16T05:20:00.000
Turning & Milling,Case43,ID0997,Turning & Milling,ID0997,Fluxicon Disco,Variant 163,163,2012-02-16T19:46:00.000,2012-02-16T15:11:00.000
Turning & Milling Q.C.,Case43,ID4618,Turning & Milling Q.C.,ID4618,Fluxicon Disco,Variant 163,163,2012-02-16T19:55:00.000,2012-02-16T19:20:00.000
Turning & Milling,Case43,ID0997,Turning & Milling,ID0997,Fluxicon Disco,Variant 163,163,2012-02-16T21:57:00.000,2012-02-16T20:21:00.000
Turning & Milling,Case43,ID4219,Turning & Milling,ID4219,Fluxicon Disco,Variant 163,163,2012-02-17T03:03:00.000,2012-02-16T22:27:00.000
Turning & Milling Q.C.,Case43,ID4618,Turning & Milling Q.C.,ID4618,Fluxicon Disco,Variant 163,163,2012-02-17T14:22:00.000,2012-02-17T14:11:00.000
Laser Marking,Case43,ID0998,Laser Marking,ID0998,Fluxicon Disco,Variant 163,163,2012-02-19T20:43:00.000,2012-02-19T20:28:00.000
Lapping,Case43,ID0998,Lapping,ID0998,Fluxicon Disco,Variant 163,163,2012-02-20T16:24:00.000,2012-02-20T15:48:00.000
Final Inspection Q.C.,Case43,ID4618,Final Inspection Q.C.,ID4618,Fluxicon Disco,Variant 163,163,2012-02-20T18:11:00.000,2012-02-20T17:11:00.000
Packing,Case43,ID4820,Packing,ID4820,Fluxicon Disco,Variant 163,163,2012-02-21T07:00:00.000,2012-02-21T06:00:00.000
Packing,Case43,ID4820,Packing,ID4820,Fluxicon Disco,Variant 163,163,2012-02-21T07:00:00.000,2012-02-21T06:00:00.000
End,Case43,End,End,End,Fluxicon Disco,Variant 163,163,2012-02-21T07:00:00.000,2012-02-21T07:00:00.000
Start,Case44,Start,Start,Start,Fluxicon Disco,Variant 164,164,2012-02-19T22:29:00.000,2012-02-19T22:29:00.000
Turn & Mill. & Screw Assem,Case44,ID4132,Turn & Mill. & Screw Assem,ID4132,Fluxicon Disco,Variant 164,164,2012-02-19T23:52:00.000,2012-02-19T22:29:00.000
Turn & Mill. & Screw Assem,Case44,ID4641,Turn & Mill. & Screw Assem,ID4641,Fluxicon Disco,Variant 164,164,2012-02-20T09:15:00.000,2012-02-20T02:07:00.000
Turn & Mill. & Screw Assem,Case44,ID4641,Turn & Mill. & Screw Assem,ID4641,Fluxicon Disco,Variant 164,164,2012-02-20T12:50:00.000,2012-02-20T09:15:00.000
Turn & Mill. & Screw Assem,Case44,ID4132,Turn & Mill. & Screw Assem,ID4132,Fluxicon Disco,Variant 164,164,2012-02-20T17:36:00.000,2012-02-20T13:07:00.000
Turn & Mill. & Screw Assem,Case44,ID4132,Turn & Mill. & Screw Assem,ID4132,Fluxicon Disco,Variant 164,164,2012-02-21T00:00:00.000,2012-02-20T19:32:00.000
Turn & Mill. & Screw Assem,Case44,ID4641,Turn & Mill. & Screw Assem,ID4641,Fluxicon Disco,Variant 164,164,2012-02-21T12:34:00.000,2012-02-21T02:39:00.000
Turn & Mill. & Screw Assem,Case44,ID4932,Turn & Mill. & Screw Assem,ID4932,Fluxicon Disco,Variant 164,164,2012-02-21T23:52:00.000,2012-02-21T12:46:00.000
Turn & Mill. & Screw Assem,Case44,ID4641,Turn & Mill. & Screw Assem,ID4641,Fluxicon Disco,Variant 164,164,2012-02-22T12:34:00.000,2012-02-22T03:32:00.000
Turn & Mill. & Screw Assem,Case44,ID4932,Turn & Mill. & Screw Assem,ID4932,Fluxicon Disco,Variant 164,164,2012-02-22T21:57:00.000,2012-02-22T12:54:00.000
Turning & Milling Q.C.,Case44,ID4618,Turning & Milling Q.C.,ID4618,Fluxicon Disco,Variant 164,164,2012-02-22T13:26:00.000,2012-02-22T13:17:00.000
Turn & Mill. & Screw Assem,Case44,ID4641,Turn & Mill. & Screw Assem,ID4641,Fluxicon Disco,Variant 164,164,2012-02-23T12:41:00.000,2012-02-23T02:21:00.000
Turn & Mill. & Screw Assem,Case44,ID4132,Turn & Mill. & Screw Assem,ID4132,Fluxicon Disco,Variant 164,164,2012-02-26T21:57:00.000,2012-02-26T19:26:00.000
Turning & Milling Q.C.,Case44,ID4287,Turning & Milling Q.C.,ID4287,Fluxicon Disco,Variant 164,164,2012-02-26T21:31:00.000,2012-02-26T20:00:00.000
Turn & Mill. & Screw Assem,Case44,ID3846,Turn & Mill. & Screw Assem,ID3846,Fluxicon Disco,Variant 164,164,2012-02-26T23:21:00.000,2012-02-26T21:59:00.000
Turn & Mill. & Screw Assem,Case44,ID3846,Turn & Mill. & Screw Assem,ID3846,Fluxicon Disco,Variant 164,164,2012-02-27T05:47:00.000,2012-02-26T23:22:00.000
Turn & Mill. & Screw Assem,Case44,ID4932,Turn & Mill. & Screw Assem,ID4932,Fluxicon Disco,Variant 164,164,2012-02-27T12:49:00.000,2012-02-27T05:48:00.000
Turn & Mill. & Screw Assem,Case44,ID4132,Turn & Mill. & Screw Assem,ID4132,Fluxicon Disco,Variant 164,164,2012-02-27T22:00:00.000,2012-02-27T13:03:00.000
Turning & Milling Q.C.,Case44,ID4287,Turning & Milling Q.C.,ID4287,Fluxicon Disco,Variant 164,164,2012-02-27T16:30:00.000,2012-02-27T15:00:00.000
Lapping,Case44,ID4882,Lapping,ID4882,Fluxicon Disco,Variant 164,164,2012-02-28T07:15:00.000,2012-02-28T06:00:00.000
Turn & Mill. & Screw Assem,Case44,ID4287,Turn & Mill. & Screw Assem,ID4287,Fluxicon Disco,Variant 164,164,2012-02-28T21:46:00.000,2012-02-28T13:10:00.000
Laser Marking,Case44,ID4882,Laser Marking,ID4882,Fluxicon Disco,Variant 164,164,2012-02-28T21:23:00.000,2012-02-28T20:08:00.000
Turn & Mill. & Screw Assem,Case44,ID4132,Turn & Mill. & Screw Assem,ID4132,Fluxicon Disco,Variant 164,164,2012-02-28T23:40:00.000,2012-02-28T20:31:00.000
Turn & Mill. & Screw Assem,Case44,ID4932,Turn & Mill. & Screw Assem,ID4932,Fluxicon Disco,Variant 164,164,2012-02-29T12:53:00.000,2012-02-29T01:56:00.000
Packing,Case44,ID4820,Packing,ID4820,Fluxicon Disco,Variant 164,164,2012-02-29T07:00:00.000,2012-02-29T06:00:00.000
Lapping,Case44,ID0420,Lapping,ID0420,Fluxicon Disco,Variant 164,164,2012-02-29T11:16:00.000,2012-02-29T07:10:00.000
Final Inspection Q.C.,Case44,ID4287,Final Inspection Q.C.,ID4287,Fluxicon Disco,Variant 164,164,2012-02-29T18:50:00.000,2012-02-29T17:26:00.000
Laser Marking,Case44,ID4882,Laser Marking,ID4882,Fluxicon Disco,Variant 164,164,2012-02-29T18:45:00.000,2012-02-29T17:30:00.000
Laser Marking,Case44,ID4882,Laser Marking,ID4882,Fluxicon Disco,Variant 164,164,2012-02-29T18:46:00.000,2012-02-29T17:31:00.000
Turn & Mill. & Screw Assem,Case44,ID4641,Turn & Mill. & Screw Assem,ID4641,Fluxicon Disco,Variant 164,164,2012-02-29T21:28:00.000,2012-02-29T20:02:00.000
Turning & Milling Q.C.,Case44,ID4287,Turning & Milling Q.C.,ID4287,Fluxicon Disco,Variant 164,164,2012-03-01T14:40:00.000,2012-03-01T13:03:00.000
Laser Marking,Case44,ID4882,Laser Marking,ID4882,Fluxicon Disco,Variant 164,164,2012-03-04T18:50:00.000,2012-03-04T17:44:00.000
Lapping,Case44,ID4882,Lapping,ID4882,Fluxicon Disco,Variant 164,164,2012-03-06T07:15:00.000,2012-03-06T06:00:00.000
Lapping,Case44,ID4882,Lapping,ID4882,Fluxicon Disco,Variant 164,164,2012-03-07T07:15:00.000,2012-03-07T06:00:00.000
Lapping,Case44,ID4882,Lapping,ID4882,Fluxicon Disco,Variant 164,164,2012-03-07T07:15:00.000,2012-03-07T06:00:00.000
Lapping,Case44,ID4882,Lapping,ID4882,Fluxicon Disco,Variant 164,164,2012-03-07T07:15:00.000,2012-03-07T06:00:00.000
Final Inspection Q.C.,Case44,ID4287,Final Inspection Q.C.,ID4287,Fluxicon Disco,Variant 164,164,2012-03-11T21:55:00.000,2012-03-11T21:00:00.000
Lapping,Case44,ID0998,Lapping,ID0998,Fluxicon Disco,Variant 164,164,2012-03-11T23:38:00.000,2012-03-11T21:08:00.000
Final Inspection Q.C.,Case44,ID4287,Final Inspection Q.C.,ID4287,Fluxicon Disco,Variant 164,164,2012-03-12T20:00:00.000,2012-03-12T17:20:00.000
Packing,Case44,ID4820,Packing,ID4820,Fluxicon Disco,Variant 164,164,2012-03-15T07:00:00.000,2012-03-15T06:00:00.000
Packing,Case44,ID4820,Packing,ID4820,Fluxicon Disco,Variant 164,164,2012-03-16T07:00:00.000,2012-03-16T06:00:00.000
End,Case44,End,End,End,Fluxicon Disco,Variant 164,164,2012-03-16T07:00:00.000,2012-03-16T07:00:00.000
Start,Case45,Start,Start,Start,Fluxicon Disco,Variant 165,165,2012-03-20T20:22:00.000,2012-03-20T20:22:00.000
Turning & Milling,Case45,ID4794,Turning & Milling,ID4794,Fluxicon Disco,Variant 165,165,2012-03-21T02:05:00.000,2012-03-20T20:22:00.000
Turning & Milling,Case45,ID4529,Turning & Milling,ID4529,Fluxicon Disco,Variant 165,165,2012-03-21T05:19:00.000,2012-03-21T02:07:00.000
Turning & Milling,Case45,ID4529,Turning & Milling,ID4529,Fluxicon Disco,Variant 165,165,2012-03-21T09:23:00.000,2012-03-21T05:21:00.000
Turning & Milling Q.C.,Case45,ID4618,Turning & Milling Q.C.,ID4618,Fluxicon Disco,Variant 165,165,2012-03-21T16:03:00.000,2012-03-21T13:09:00.000
Fix,Case45,ID0997,Fix,ID0997,Fluxicon Disco,Variant 165,165,2012-03-26T22:57:00.000,2012-03-26T21:21:00.000
Turning & Milling Q.C.,Case45,ID4618,Turning & Milling Q.C.,ID4618,Fluxicon Disco,Variant 165,165,2012-03-28T14:31:00.000,2012-03-28T13:53:00.000
Turning & Milling Q.C.,Case45,ID4618,Turning & Milling Q.C.,ID4618,Fluxicon Disco,Variant 165,165,2012-03-28T15:08:00.000,2012-03-28T13:54:00.000
End,Case45,End,End,End,Fluxicon Disco,Variant 165,165,2012-03-28T14:31:00.000,2012-03-28T14:31:00.000
Start,Case46,Start,Start,Start,Fluxicon Disco,Variant 166,166,2012-01-29T06:00:00.000,2012-01-29T06:00:00.000
Turning & Milling,Case46,ID4429,Turning & Milling,ID4429,Fluxicon Disco,Variant 166,166,2012-01-29T07:15:00.000,2012-01-29T06:00:00.000
Turning & Milling,Case46,ID4529,Turning & Milling,ID4529,Fluxicon Disco,Variant 166,166,2012-01-31T21:57:00.000,2012-01-31T15:30:00.000
Turning & Milling,Case46,ID4429,Turning & Milling,ID4429,Fluxicon Disco,Variant 166,166,2012-02-01T02:06:00.000,2012-01-31T23:01:00.000
Turning & Milling,Case46,ID4794,Turning & Milling,ID4794,Fluxicon Disco,Variant 166,166,2012-02-01T04:40:00.000,2012-02-01T02:04:00.000
Turning & Milling,Case46,ID4794,Turning & Milling,ID4794,Fluxicon Disco,Variant 166,166,2012-02-01T09:21:00.000,2012-02-01T04:41:00.000
Turning & Milling Q.C.,Case46,ID4287,Turning & Milling Q.C.,ID4287,Fluxicon Disco,Variant 166,166,2012-02-01T17:11:00.000,2012-02-01T15:16:00.000
Laser Marking,Case46,ID0998,Laser Marking,ID0998,Fluxicon Disco,Variant 166,166,2012-02-01T22:05:00.000,2012-02-01T20:50:00.000
Lapping,Case46,ID0998,Lapping,ID0998,Fluxicon Disco,Variant 166,166,2012-02-01T20:50:00.000,2012-02-01T20:50:00.000
Final Inspection Q.C.,Case46,ID4287,Final Inspection Q.C.,ID4287,Fluxicon Disco,Variant 166,166,2012-02-01T21:56:00.000,2012-02-01T21:03:00.000
Final Inspection Q.C.,Case46,ID4287,Final Inspection Q.C.,ID4287,Fluxicon Disco,Variant 166,166,2012-02-02T13:01:00.000,2012-02-02T12:49:00.000
Packing,Case46,ID4820,Packing,ID4820,Fluxicon Disco,Variant 166,166,2012-02-03T07:00:00.000,2012-02-03T06:00:00.000
End,Case46,End,End,End,Fluxicon Disco,Variant 166,166,2012-02-03T07:00:00.000,2012-02-03T07:00:00.000
Start,Case47,Start,Start,Start,Fluxicon Disco,Variant 167,167,2012-03-05T13:54:00.000,2012-03-05T13:54:00.000
Turning & Milling,Case47,ID4219,Turning & Milling,ID4219,Fluxicon Disco,Variant 167,167,2012-03-05T19:29:00.000,2012-03-05T13:54:00.000
Turning & Milling,Case47,ID4219,Turning & Milling,ID4219,Fluxicon Disco,Variant 167,167,2012-03-05T20:42:00.000,2012-03-05T19:30:00.000
Turning & Milling Q.C.,Case47,ID4618,Turning & Milling Q.C.,ID4618,Fluxicon Disco,Variant 167,167,2012-03-05T20:50:00.000,2012-03-05T20:30:00.000
Turning & Milling,Case47,ID4219,Turning & Milling,ID4219,Fluxicon Disco,Variant 167,167,2012-03-05T22:44:00.000,2012-03-05T20:42:00.000
Turning & Milling,Case47,ID4219,Turning & Milling,ID4219,Fluxicon Disco,Variant 167,167,2012-03-06T05:59:00.000,2012-03-06T05:00:00.000
Turning & Milling,Case47,ID4219,Turning & Milling,ID4219,Fluxicon Disco,Variant 167,167,2012-03-06T07:00:00.000,2012-03-06T05:59:00.000
Turning & Milling Q.C.,Case47,ID4618,Turning & Milling Q.C.,ID4618,Fluxicon Disco,Variant 167,167,2012-03-07T13:12:00.000,2012-03-07T12:54:00.000
Laser Marking,Case47,ID4882,Laser Marking,ID4882,Fluxicon Disco,Variant 167,167,2012-03-15T20:03:00.000,2012-03-15T20:00:00.000
Flat Grinding,Case47,ID0998,Flat Grinding,ID0998,Fluxicon Disco,Variant 167,167,2012-03-16T18:26:00.000,2012-03-16T17:40:00.000
Lapping,Case47,ID0998,Lapping,ID0998,Fluxicon Disco,Variant 167,167,2012-03-16T19:41:00.000,2012-03-16T18:26:00.000
Round Grinding,Case47,ID4355,Round Grinding,ID4355,Fluxicon Disco,Variant 167,167,2012-03-21T11:00:00.000,2012-03-21T09:00:00.000
Final Inspection Q.C.,Case47,ID4618,Final Inspection Q.C.,ID4618,Fluxicon Disco,Variant 167,167,2012-03-21T22:26:00.000,2012-03-21T16:16:00.000
Packing,Case47,ID4820,Packing,ID4820,Fluxicon Disco,Variant 167,167,2012-03-22T07:00:00.000,2012-03-22T06:00:00.000
End,Case47,End,End,End,Fluxicon Disco,Variant 167,167,2012-03-22T07:00:00.000,2012-03-22T07:00:00.000
Start,Case48,Start,Start,Start,Fluxicon Disco,Variant 168,168,2012-01-31T14:27:00.000,2012-01-31T14:27:00.000
Turning & Milling,Case48,ID4167,Turning & Milling,ID4167,Fluxicon Disco,Variant 168,168,2012-01-31T22:08:00.000,2012-01-31T14:27:00.000
Turning & Milling,Case48,ID4932,Turning & Milling,ID4932,Fluxicon Disco,Variant 168,168,2012-02-01T05:55:00.000,2012-02-01T01:48:00.000
Turning & Milling,Case48,ID4932,Turning & Milling,ID4932,Fluxicon Disco,Variant 168,168,2012-02-01T12:43:00.000,2012-02-01T05:56:00.000
Turning & Milling Q.C.,Case48,ID4287,Turning & Milling Q.C.,ID4287,Fluxicon Disco,Variant 168,168,2012-02-01T14:40:00.000,2012-02-01T13:00:00.000
Turning & Milling,Case48,ID4167,Turning & Milling,ID4167,Fluxicon Disco,Variant 168,168,2012-02-01T17:28:00.000,2012-02-01T15:00:00.000
Turning & Milling Q.C.,Case48,ID4287,Turning & Milling Q.C.,ID4287,Fluxicon Disco,Variant 168,168,2012-02-01T20:33:00.000,2012-02-01T19:50:00.000
Laser Marking,Case48,ID0998,Laser Marking,ID0998,Fluxicon Disco,Variant 168,168,2012-02-01T21:24:00.000,2012-02-01T20:56:00.000
Lapping,Case48,ID0998,Lapping,ID0998,Fluxicon Disco,Variant 168,168,2012-02-01T23:07:00.000,2012-02-01T21:24:00.000
Round Grinding,Case48,ID4528,Round Grinding,ID4528,Fluxicon Disco,Variant 168,168,2012-02-02T05:34:00.000,2012-02-02T00:18:00.000
Round Grinding,Case48,ID4872,Round Grinding,ID4872,Fluxicon Disco,Variant 168,168,2012-02-02T20:33:00.000,2012-02-02T13:24:00.000
Round Grinding,Case48,ID4528,Round Grinding,ID4528,Fluxicon Disco,Variant 168,168,2012-02-03T05:53:00.000,2012-02-03T01:02:00.000
Round Grinding,Case48,ID4872,Round Grinding,ID4872,Fluxicon Disco,Variant 168,168,2012-02-03T17:54:00.000,2012-02-03T12:47:00.000
Round Grinding,Case48,ID4355,Round Grinding,ID4355,Fluxicon Disco,Variant 168,168,2012-02-03T18:55:00.000,2012-02-03T15:51:00.000
Round Grinding,Case48,ID4385,Round Grinding,ID4385,Fluxicon Disco,Variant 168,168,2012-02-05T16:15:00.000,2012-02-05T15:09:00.000
Round Grinding,Case48,ID4385,Round Grinding,ID4385,Fluxicon Disco,Variant 168,168,2012-02-05T18:15:00.000,2012-02-05T15:11:00.000
Round Grinding,Case48,ID4872,Round Grinding,ID4872,Fluxicon Disco,Variant 168,168,2012-02-05T23:12:00.000,2012-02-05T16:17:00.000
Round Grinding,Case48,ID4872,Round Grinding,ID4872,Fluxicon Disco,Variant 168,168,2012-02-05T23:48:00.000,2012-02-05T20:04:00.000
Round Grinding,Case48,ID4528,Round Grinding,ID4528,Fluxicon Disco,Variant 168,168,2012-02-05T23:48:00.000,2012-02-05T22:00:00.000
Round Grinding,Case48,ID4385,Round Grinding,ID4385,Fluxicon Disco,Variant 168,168,2012-02-05T23:55:00.000,2012-02-05T23:13:00.000
Round Grinding,Case48,ID4355,Round Grinding,ID4355,Fluxicon Disco,Variant 168,168,2012-02-06T05:42:00.000,2012-02-05T23:48:00.000
Round Grinding,Case48,ID4872,Round Grinding,ID4872,Fluxicon Disco,Variant 168,168,2012-02-06T05:44:00.000,2012-02-06T02:04:00.000
Round Grinding,Case48,ID4528,Round Grinding,ID4528,Fluxicon Disco,Variant 168,168,2012-02-06T21:47:00.000,2012-02-06T12:59:00.000
Round Grinding,Case48,ID4872,Round Grinding,ID4872,Fluxicon Disco,Variant 168,168,2012-02-06T22:46:00.000,2012-02-06T16:06:00.000
Packing,Case48,ID4491,Packing,ID4491,Fluxicon Disco,Variant 168,168,2012-02-07T07:00:00.000,2012-02-07T06:00:00.000
Final Inspection Q.C.,Case48,ID4493,Final Inspection Q.C.,ID4493,Fluxicon Disco,Variant 168,168,2012-02-07T17:47:00.000,2012-02-07T12:47:00.000
Round Grinding,Case48,ID4528,Round Grinding,ID4528,Fluxicon Disco,Variant 168,168,2012-02-07T19:37:00.000,2012-02-07T13:08:00.000
Packing,Case48,ID4820,Packing,ID4820,Fluxicon Disco,Variant 168,168,2012-02-13T07:00:00.000,2012-02-13T06:00:00.000
Final Inspection Q.C.,Case48,ID4493,Final Inspection Q.C.,ID4493,Fluxicon Disco,Variant 168,168,2012-02-13T15:27:00.000,2012-02-13T12:53:00.000
Grinding Rework,Case48,ID4528,Grinding Rework,ID4528,Fluxicon Disco,Variant 168,168,2012-03-07T16:30:00.000,2012-03-07T13:15:00.000
Packing,Case48,ID4820,Packing,ID4820,Fluxicon Disco,Variant 168,168,2012-03-08T07:00:00.000,2012-03-08T06:00:00.000
Final Inspection Q.C.,Case48,ID4493,Final Inspection Q.C.,ID4493,Fluxicon Disco,Variant 168,168,2012-03-08T19:42:00.000,2012-03-08T18:27:00.000
End,Case48,End,End,End,Fluxicon Disco,Variant 168,168,2012-03-08T19:42:00.000,2012-03-08T19:42:00.000
Start,Case49,Start,Start,Start,Fluxicon Disco,Variant 169,169,2012-03-01T13:19:00.000,2012-03-01T13:19:00.000
Turning & Milling,Case49,ID0997,Turning & Milling,ID0997,Fluxicon Disco,Variant 169,169,2012-03-01T22:00:00.000,2012-03-01T13:19:00.000
Turning & Milling Q.C.,Case49,ID4163,Turning & Milling Q.C.,ID4163,Fluxicon Disco,Variant 169,169,2012-03-01T22:10:00.000,2012-03-01T21:05:00.000
Turning & Milling,Case49,ID0997,Turning & Milling,ID0997,Fluxicon Disco,Variant 169,169,2012-03-02T17:35:00.000,2012-03-02T14:32:00.000
Turning & Milling,Case49,ID0937,Turning & Milling,ID0937,Fluxicon Disco,Variant 169,169,2012-03-04T07:15:00.000,2012-03-04T06:00:00.000
Turning & Milling Q.C.,Case49,ID4618,Turning & Milling Q.C.,ID4618,Fluxicon Disco,Variant 169,169,2012-03-04T17:37:00.000,2012-03-04T15:46:00.000
Flat Grinding,Case49,ID4872,Flat Grinding,ID4872,Fluxicon Disco,Variant 169,169,2012-03-09T05:35:00.000,2012-03-09T04:55:00.000
Turning & Milling Q.C.,Case49,ID4618,Turning & Milling Q.C.,ID4618,Fluxicon Disco,Variant 169,169,2012-03-09T18:57:00.000,2012-03-09T17:00:00.000
Laser Marking,Case49,ID0998,Laser Marking,ID0998,Fluxicon Disco,Variant 169,169,2012-03-15T18:23:00.000,2012-03-15T17:58:00.000
Lapping,Case49,ID0998,Lapping,ID0998,Fluxicon Disco,Variant 169,169,2012-03-15T21:46:00.000,2012-03-15T20:31:00.000
Packing,Case49,ID4820,Packing,ID4820,Fluxicon Disco,Variant 169,169,2012-03-16T07:00:00.000,2012-03-16T06:00:00.000
Final Inspection Q.C.,Case49,ID4618,Final Inspection Q.C.,ID4618,Fluxicon Disco,Variant 169,169,2012-03-16T14:33:00.000,2012-03-16T14:00:00.000
End,Case49,End,End,End,Fluxicon Disco,Variant 169,169,2012-03-16T14:33:00.000,2012-03-16T14:33:00.000
Start,Case5,Start,Start,Start,Fluxicon Disco,Variant 5,5,2012-03-30T13:17:00.000,2012-03-30T13:17:00.000
Turning & Milling,Case5,ID0997,Turning & Milling,ID0997,Fluxicon Disco,Variant 5,5,2012-03-30T18:14:00.000,2012-03-30T13:17:00.000
Turning & Milling,Case5,ID0997,Turning & Milling,ID0997,Fluxicon Disco,Variant 5,5,2012-03-30T18:43:00.000,2012-03-30T18:14:00.000
End,Case5,End,End,End,Fluxicon Disco,Variant 5,5,2012-03-30T18:43:00.000,2012-03-30T18:43:00.000
Start,Case50,Start,Start,Start,Fluxicon Disco,Variant 170,170,2012-03-02T17:35:00.000,2012-03-02T17:35:00.000
Turning & Milling,Case50,ID0997,Turning & Milling,ID0997,Fluxicon Disco,Variant 170,170,2012-03-02T17:36:00.000,2012-03-02T17:35:00.000
Turning & Milling,Case50,ID0997,Turning & Milling,ID0997,Fluxicon Disco,Variant 170,170,2012-03-02T18:29:00.000,2012-03-02T17:36:00.000
Turning & Milling,Case50,ID0997,Turning & Milling,ID0997,Fluxicon Disco,Variant 170,170,2012-03-05T08:08:00.000,2012-03-05T02:20:00.000
Turning & Milling,Case50,ID0997,Turning & Milling,ID0997,Fluxicon Disco,Variant 170,170,2012-03-05T10:35:00.000,2012-03-05T08:09:00.000
Turning & Milling Q.C.,Case50,ID4618,Turning & Milling Q.C.,ID4618,Fluxicon Disco,Variant 170,170,2012-03-05T17:09:00.000,2012-03-05T14:21:00.000
Laser Marking,Case50,ID0998,Laser Marking,ID0998,Fluxicon Disco,Variant 170,170,2012-03-16T16:39:00.000,2012-03-16T15:24:00.000
Lapping,Case50,ID0998,Lapping,ID0998,Fluxicon Disco,Variant 170,170,2012-03-16T15:24:00.000,2012-03-16T15:24:00.000
Packing,Case50,ID4820,Packing,ID4820,Fluxicon Disco,Variant 170,170,2012-03-19T07:00:00.000,2012-03-19T06:00:00.000
Final Inspection Q.C.,Case50,ID4618,Final Inspection Q.C.,ID4618,Fluxicon Disco,Variant 170,170,2012-03-19T15:56:00.000,2012-03-19T13:34:00.000
End,Case50,End,End,End,Fluxicon Disco,Variant 170,170,2012-03-19T15:56:00.000,2012-03-19T15:56:00.000
Start,Case52,Start,Start,Start,Fluxicon Disco,Variant 171,171,2012-02-09T11:09:00.000,2012-02-09T11:09:00.000
Turning & Milling,Case52,ID0997,Turning & Milling,ID0997,Fluxicon Disco,Variant 171,171,2012-02-09T12:36:00.000,2012-02-09T11:09:00.000
Turning & Milling,Case52,ID4219,Turning & Milling,ID4219,Fluxicon Disco,Variant 171,171,2012-02-21T21:38:00.000,2012-02-21T19:28:00.000
Turning & Milling,Case52,ID4219,Turning & Milling,ID4219,Fluxicon Disco,Variant 171,171,2012-02-21T23:11:00.000,2012-02-21T21:39:00.000
Turning & Milling,Case52,ID4219,Turning & Milling,ID4219,Fluxicon Disco,Variant 171,171,2012-02-21T23:58:00.000,2012-02-21T23:11:00.000
Turning & Milling,Case52,ID4219,Turning & Milling,ID4219,Fluxicon Disco,Variant 171,171,2012-02-22T15:19:00.000,2012-02-22T12:52:00.000
Turning & Milling,Case52,ID4219,Turning & Milling,ID4219,Fluxicon Disco,Variant 171,171,2012-02-22T15:42:00.000,2012-02-22T15:20:00.000
Turning & Milling,Case52,ID4219,Turning & Milling,ID4219,Fluxicon Disco,Variant 171,171,2012-02-23T00:02:00.000,2012-02-22T15:42:00.000
Turning & Milling,Case52,ID4219,Turning & Milling,ID4219,Fluxicon Disco,Variant 171,171,2012-02-23T16:43:00.000,2012-02-23T12:49:00.000
Turning & Milling Q.C.,Case52,ID4618,Turning & Milling Q.C.,ID4618,Fluxicon Disco,Variant 171,171,2012-02-24T17:46:00.000,2012-02-24T16:31:00.000
Flat Grinding,Case52,ID4882,Flat Grinding,ID4882,Fluxicon Disco,Variant 171,171,2012-02-24T18:08:00.000,2012-02-24T16:33:00.000
Laser Marking,Case52,ID4882,Laser Marking,ID4882,Fluxicon Disco,Variant 171,171,2012-02-26T12:52:00.000,2012-02-26T12:51:00.000
Laser Marking,Case52,ID4882,Laser Marking,ID4882,Fluxicon Disco,Variant 171,171,2012-02-26T17:21:00.000,2012-02-26T16:41:00.000
Final Inspection Q.C.,Case52,ID4618,Final Inspection Q.C.,ID4618,Fluxicon Disco,Variant 171,171,2012-02-27T00:01:00.000,2012-02-26T21:53:00.000
Final Inspection Q.C.,Case52,ID4618,Final Inspection Q.C.,ID4618,Fluxicon Disco,Variant 171,171,2012-02-27T20:15:00.000,2012-02-27T20:14:00.000
Packing,Case52,ID4820,Packing,ID4820,Fluxicon Disco,Variant 171,171,2012-02-28T07:00:00.000,2012-02-28T06:00:00.000
Packing,Case52,ID4820,Packing,ID4820,Fluxicon Disco,Variant 171,171,2012-02-29T07:00:00.000,2012-02-29T06:00:00.000
End,Case52,End,End,End,Fluxicon Disco,Variant 171,171,2012-02-29T07:00:00.000,2012-02-29T07:00:00.000
Start,Case53,Start,Start,Start,Fluxicon Disco,Variant 172,172,2012-03-14T19:50:00.000,2012-03-14T19:50:00.000
Turning & Milling,Case53,ID0997,Turning & Milling,ID0997,Fluxicon Disco,Variant 172,172,2012-03-14T21:56:00.000,2012-03-14T19:50:00.000
Turning & Milling,Case53,ID4219,Turning & Milling,ID4219,Fluxicon Disco,Variant 172,172,2012-03-14T23:32:00.000,2012-03-14T22:24:00.000
Turning & Milling,Case53,ID4219,Turning & Milling,ID4219,Fluxicon Disco,Variant 172,172,2012-03-15T00:52:00.000,2012-03-14T23:33:00.000
Turning & Milling,Case53,ID4219,Turning & Milling,ID4219,Fluxicon Disco,Variant 172,172,2012-03-15T02:53:00.000,2012-03-15T00:53:00.000
Turning & Milling,Case53,ID4219,Turning & Milling,ID4219,Fluxicon Disco,Variant 172,172,2012-03-15T04:39:00.000,2012-03-15T02:54:00.000
Turning & Milling,Case53,ID4219,Turning & Milling,ID4219,Fluxicon Disco,Variant 172,172,2012-03-15T08:26:00.000,2012-03-15T04:39:00.000
Turning & Milling,Case53,ID0997,Turning & Milling,ID0997,Fluxicon Disco,Variant 172,172,2012-03-15T14:00:00.000,2012-03-15T13:00:00.000
Turning & Milling Q.C.,Case53,ID4287,Turning & Milling Q.C.,ID4287,Fluxicon Disco,Variant 172,172,2012-03-15T14:00:00.000,2012-03-15T13:00:00.000
Turning & Milling,Case53,ID0997,Turning & Milling,ID0997,Fluxicon Disco,Variant 172,172,2012-03-15T17:30:00.000,2012-03-15T14:00:00.000
Turning & Milling Q.C.,Case53,ID4287,Turning & Milling Q.C.,ID4287,Fluxicon Disco,Variant 172,172,2012-03-15T19:31:00.000,2012-03-15T19:20:00.000
Turning & Milling Q.C.,Case53,ID4287,Turning & Milling Q.C.,ID4287,Fluxicon Disco,Variant 172,172,2012-03-16T15:08:00.000,2012-03-16T14:00:00.000
Laser Marking,Case53,ID0998,Laser Marking,ID0998,Fluxicon Disco,Variant 172,172,2012-03-19T17:21:00.000,2012-03-19T15:39:00.000
Flat Grinding,Case53,ID0998,Flat Grinding,ID0998,Fluxicon Disco,Variant 172,172,2012-03-20T23:21:00.000,2012-03-20T23:20:00.000
Round Grinding,Case53,ID0998,Round Grinding,ID0998,Fluxicon Disco,Variant 172,172,2012-03-21T23:45:00.000,2012-03-21T22:35:00.000
Round Grinding,Case53,ID4872,Round Grinding,ID4872,Fluxicon Disco,Variant 172,172,2012-03-22T02:21:00.000,2012-03-22T00:30:00.000
Final Inspection Q.C.,Case53,ID4287,Final Inspection Q.C.,ID4287,Fluxicon Disco,Variant 172,172,2012-03-22T19:30:00.000,2012-03-22T16:30:00.000
Final Inspection Q.C.,Case53,ID4287,Final Inspection Q.C.,ID4287,Fluxicon Disco,Variant 172,172,2012-03-23T16:44:00.000,2012-03-23T16:30:00.000
Packing,Case53,ID4491,Packing,ID4491,Fluxicon Disco,Variant 172,172,2012-03-25T08:00:00.000,2012-03-25T07:00:00.000
End,Case53,End,End,End,Fluxicon Disco,Variant 172,172,2012-03-25T08:00:00.000,2012-03-25T08:00:00.000
Start,Case54,Start,Start,Start,Fluxicon Disco,Variant 173,173,2012-03-18T15:24:00.000,2012-03-18T15:24:00.000
Turning & Milling,Case54,ID4429,Turning & Milling,ID4429,Fluxicon Disco,Variant 173,173,2012-03-18T22:10:00.000,2012-03-18T15:24:00.000
Turning & Milling,Case54,ID4167,Turning & Milling,ID4167,Fluxicon Disco,Variant 173,173,2012-03-19T05:46:00.000,2012-03-19T02:08:00.000
Turning & Milling,Case54,ID4932,Turning & Milling,ID4932,Fluxicon Disco,Variant 173,173,2012-03-19T14:17:00.000,2012-03-19T13:32:00.000
Turning & Milling,Case54,ID4932,Turning & Milling,ID4932,Fluxicon Disco,Variant 173,173,2012-03-19T22:04:00.000,2012-03-19T15:37:00.000
Turning & Milling Q.C.,Case54,ID4287,Turning & Milling Q.C.,ID4287,Fluxicon Disco,Variant 173,173,2012-03-19T19:38:00.000,2012-03-19T18:39:00.000
Turning & Milling,Case54,ID4167,Turning & Milling,ID4167,Fluxicon Disco,Variant 173,173,2012-03-20T04:59:00.000,2012-03-19T22:05:00.000
Turning & Milling Q.C.,Case54,ID4287,Turning & Milling Q.C.,ID4287,Fluxicon Disco,Variant 173,173,2012-03-20T13:15:00.000,2012-03-20T13:00:00.000
Flat Grinding,Case54,ID0998,Flat Grinding,ID0998,Fluxicon Disco,Variant 173,173,2012-03-20T20:50:00.000,2012-03-20T19:50:00.000
Flat Grinding,Case54,ID0998,Flat Grinding,ID0998,Fluxicon Disco,Variant 173,173,2012-03-20T22:06:00.000,2012-03-20T20:51:00.000
Turning & Milling Q.C.,Case54,ID4287,Turning & Milling Q.C.,ID4287,Fluxicon Disco,Variant 173,173,2012-03-20T23:19:00.000,2012-03-20T22:30:00.000
Final Inspection Q.C.,Case54,ID4287,Final Inspection Q.C.,ID4287,Fluxicon Disco,Variant 173,173,2012-03-21T00:00:00.000,2012-03-20T23:20:00.000
Flat Grinding,Case54,ID0998,Flat Grinding,ID0998,Fluxicon Disco,Variant 173,173,2012-03-20T23:23:00.000,2012-03-20T23:22:00.000
Lapping,Case54,ID0998,Lapping,ID0998,Fluxicon Disco,Variant 173,173,2012-03-21T00:38:00.000,2012-03-20T23:23:00.000
Laser Marking,Case54,ID0998,Laser Marking,ID0998,Fluxicon Disco,Variant 173,173,2012-03-21T00:03:00.000,2012-03-21T00:02:00.000
Packing,Case54,ID4820,Packing,ID4820,Fluxicon Disco,Variant 173,173,2012-03-22T07:00:00.000,2012-03-22T06:00:00.000
Final Inspection Q.C.,Case54,ID4287,Final Inspection Q.C.,ID4287,Fluxicon Disco,Variant 173,173,2012-03-22T15:30:00.000,2012-03-22T15:07:00.000
End,Case54,End,End,End,Fluxicon Disco,Variant 173,173,2012-03-22T15:30:00.000,2012-03-22T15:30:00.000
Start,Case55,Start,Start,Start,Fluxicon Disco,Variant 174,174,2012-02-09T20:27:00.000,2012-02-09T20:27:00.000
Turn & Mill. & Screw Assem,Case55,ID4132,Turn & Mill. & Screw Assem,ID4132,Fluxicon Disco,Variant 174,174,2012-02-09T23:48:00.000,2012-02-09T20:27:00.000
Turn & Mill. & Screw Assem,Case55,ID4641,Turn & Mill. & Screw Assem,ID4641,Fluxicon Disco,Variant 174,174,2012-02-10T03:22:00.000,2012-02-10T02:13:00.000
Turn & Mill. & Screw Assem,Case55,ID4641,Turn & Mill. & Screw Assem,ID4641,Fluxicon Disco,Variant 174,174,2012-02-10T12:44:00.000,2012-02-10T03:22:00.000
Turning & Milling Q.C.,Case55,ID4287,Turning & Milling Q.C.,ID4287,Fluxicon Disco,Variant 174,174,2012-02-10T13:30:00.000,2012-02-10T12:59:00.000
Turn & Mill. & Screw Assem,Case55,ID3846,Turn & Mill. & Screw Assem,ID3846,Fluxicon Disco,Variant 174,174,2012-02-10T18:53:00.000,2012-02-10T13:12:00.000
Turn & Mill. & Screw Assem,Case55,ID4132,Turn & Mill. & Screw Assem,ID4132,Fluxicon Disco,Variant 174,174,2012-02-12T12:37:00.000,2012-02-12T04:05:00.000
Turn & Mill. & Screw Assem,Case55,ID4641,Turn & Mill. & Screw Assem,ID4641,Fluxicon Disco,Variant 174,174,2012-02-12T13:27:00.000,2012-02-12T12:58:00.000
Turn & Mill. & Screw Assem,Case55,ID3846,Turn & Mill. & Screw Assem,ID3846,Fluxicon Disco,Variant 174,174,2012-02-12T21:59:00.000,2012-02-12T15:04:00.000
Turn & Mill. & Screw Assem,Case55,ID4132,Turn & Mill. & Screw Assem,ID4132,Fluxicon Disco,Variant 174,174,2012-02-13T04:44:00.000,2012-02-12T22:06:00.000
Turning & Milling Q.C.,Case55,ID4287,Turning & Milling Q.C.,ID4287,Fluxicon Disco,Variant 174,174,2012-02-19T16:30:00.000,2012-02-19T15:00:00.000
Laser Marking,Case55,ID4882,Laser Marking,ID4882,Fluxicon Disco,Variant 174,174,2012-02-20T16:38:00.000,2012-02-20T15:49:00.000
Flat Grinding,Case55,ID4882,Flat Grinding,ID4882,Fluxicon Disco,Variant 174,174,2012-02-21T07:15:00.000,2012-02-21T06:00:00.000
Flat Grinding,Case55,ID4882,Flat Grinding,ID4882,Fluxicon Disco,Variant 174,174,2012-02-21T18:13:00.000,2012-02-21T15:03:00.000
Lapping,Case55,ID4882,Lapping,ID4882,Fluxicon Disco,Variant 174,174,2012-02-22T07:15:00.000,2012-02-22T06:00:00.000
Lapping,Case55,ID4882,Lapping,ID4882,Fluxicon Disco,Variant 174,174,2012-02-22T16:37:00.000,2012-02-22T15:07:00.000
Final Inspection Q.C.,Case55,ID4493,Final Inspection Q.C.,ID4493,Fluxicon Disco,Variant 174,174,2012-02-23T17:21:00.000,2012-02-23T16:21:00.000
Packing,Case55,ID4820,Packing,ID4820,Fluxicon Disco,Variant 174,174,2012-02-24T07:00:00.000,2012-02-24T06:00:00.000
Turn & Mill. & Screw Assem,Case55,ID0937,Turn & Mill. & Screw Assem,ID0937,Fluxicon Disco,Variant 174,174,2012-03-19T07:15:00.000,2012-03-19T06:00:00.000
End,Case55,End,End,End,Fluxicon Disco,Variant 174,174,2012-03-19T07:15:00.000,2012-03-19T07:15:00.000
Start,Case56,Start,Start,Start,Fluxicon Disco,Variant 175,175,2012-03-06T13:40:00.000,2012-03-06T13:40:00.000
Turning,Case56,ID4219,Turning,ID4219,Fluxicon Disco,Variant 175,175,2012-03-06T15:09:00.000,2012-03-06T13:40:00.000
Turning,Case56,ID0997,Turning,ID0997,Fluxicon Disco,Variant 175,175,2012-03-08T08:08:00.000,2012-03-08T04:06:00.000
Packing,Case56,ID4820,Packing,ID4820,Fluxicon Disco,Variant 175,175,2012-03-08T07:00:00.000,2012-03-08T06:00:00.000
Turning,Case56,ID0997,Turning,ID0997,Fluxicon Disco,Variant 175,175,2012-03-08T10:18:00.000,2012-03-08T08:08:00.000
Turning Q.C.,Case56,ID4618,Turning Q.C.,ID4618,Fluxicon Disco,Variant 175,175,2012-03-08T13:46:00.000,2012-03-08T13:12:00.000
Lapping,Case56,ID0998,Lapping,ID0998,Fluxicon Disco,Variant 175,175,2012-03-08T17:25:00.000,2012-03-08T16:12:00.000
Laser Marking,Case56,ID0998,Laser Marking,ID0998,Fluxicon Disco,Variant 175,175,2012-03-08T17:44:00.000,2012-03-08T17:26:00.000
Final Inspection Q.C.,Case56,ID4618,Final Inspection Q.C.,ID4618,Fluxicon Disco,Variant 175,175,2012-03-08T18:19:00.000,2012-03-08T17:30:00.000
End,Case56,End,End,End,Fluxicon Disco,Variant 175,175,2012-03-08T18:19:00.000,2012-03-08T18:19:00.000
Start,Case58,Start,Start,Start,Fluxicon Disco,Variant 176,176,2012-02-09T16:49:00.000,2012-02-09T16:49:00.000
Round Grinding,Case58,ID4528,Round Grinding,ID4528,Fluxicon Disco,Variant 176,176,2012-02-09T17:16:00.000,2012-02-09T16:49:00.000
Round Grinding,Case58,ID4528,Round Grinding,ID4528,Fluxicon Disco,Variant 176,176,2012-02-09T19:37:00.000,2012-02-09T18:28:00.000
Round Grinding,Case58,ID4872,Round Grinding,ID4872,Fluxicon Disco,Variant 176,176,2012-02-10T00:14:00.000,2012-02-09T22:02:00.000
Round Grinding,Case58,ID4528,Round Grinding,ID4528,Fluxicon Disco,Variant 176,176,2012-02-12T12:12:00.000,2012-02-12T05:14:00.000
Final Inspection Q.C.,Case58,ID4618,Final Inspection Q.C.,ID4618,Fluxicon Disco,Variant 176,176,2012-02-19T21:11:00.000,2012-02-19T12:50:00.000
Laser Marking,Case58,ID0998,Laser Marking,ID0998,Fluxicon Disco,Variant 176,176,2012-02-19T22:24:00.000,2012-02-19T21:09:00.000
Packing,Case58,ID4820,Packing,ID4820,Fluxicon Disco,Variant 176,176,2012-02-20T07:00:00.000,2012-02-20T06:00:00.000
End,Case58,End,End,End,Fluxicon Disco,Variant 176,176,2012-02-20T07:00:00.000,2012-02-20T07:00:00.000
Start,Case59,Start,Start,Start,Fluxicon Disco,Variant 177,177,2012-03-18T15:47:00.000,2012-03-18T15:47:00.000
Turning & Milling,Case59,ID4794,Turning & Milling,ID4794,Fluxicon Disco,Variant 177,177,2012-03-18T21:54:00.000,2012-03-18T15:47:00.000
Turning & Milling,Case59,ID4429,Turning & Milling,ID4429,Fluxicon Disco,Variant 177,177,2012-03-18T23:59:00.000,2012-03-18T22:11:00.000
Turning & Milling,Case59,ID4529,Turning & Milling,ID4529,Fluxicon Disco,Variant 177,177,2012-03-19T03:18:00.000,2012-03-19T02:21:00.000
Turning & Milling Q.C.,Case59,ID4618,Turning & Milling Q.C.,ID4618,Fluxicon Disco,Variant 177,177,2012-03-21T16:10:00.000,2012-03-21T15:20:00.000
Laser Marking,Case59,ID4718,Laser Marking,ID4718,Fluxicon Disco,Variant 177,177,2012-03-21T20:56:00.000,2012-03-21T20:51:00.000
Lapping,Case59,ID0420,Lapping,ID0420,Fluxicon Disco,Variant 177,177,2012-03-21T23:35:00.000,2012-03-21T22:57:00.000
Packing,Case59,ID4820,Packing,ID4820,Fluxicon Disco,Variant 177,177,2012-03-22T07:00:00.000,2012-03-22T06:00:00.000
Final Inspection Q.C.,Case59,ID4618,Final Inspection Q.C.,ID4618,Fluxicon Disco,Variant 177,177,2012-03-22T17:08:00.000,2012-03-22T15:27:00.000
Turning & Milling Q.C.,Case59,ID4618,Turning & Milling Q.C.,ID4618,Fluxicon Disco,Variant 177,177,2012-03-23T19:33:00.000,2012-03-23T18:18:00.000
End,Case59,End,End,End,Fluxicon Disco,Variant 177,177,2012-03-23T19:33:00.000,2012-03-23T19:33:00.000
Start,Case6,Start,Start,Start,Fluxicon Disco,Variant 178,178,2012-02-06T11:00:00.000,2012-02-06T11:00:00.000
Turning & Milling,Case6,ID0997,Turning & Milling,ID0997,Fluxicon Disco,Variant 178,178,2012-02-06T12:30:00.000,2012-02-06T11:00:00.000
Turning & Milling,Case6,ID0997,Turning & Milling,ID0997,Fluxicon Disco,Variant 178,178,2012-02-06T12:36:00.000,2012-02-06T12:12:00.000
Turning & Milling,Case6,ID4219,Turning & Milling,ID4219,Fluxicon Disco,Variant 178,178,2012-02-07T21:43:00.000,2012-02-07T18:40:00.000
Turning & Milling,Case6,ID4219,Turning & Milling,ID4219,Fluxicon Disco,Variant 178,178,2012-02-08T00:52:00.000,2012-02-07T22:00:00.000
Turning & Milling,Case6,ID0997,Turning & Milling,ID0997,Fluxicon Disco,Variant 178,178,2012-02-08T09:38:00.000,2012-02-08T02:27:00.000
Turning & Milling,Case6,ID0997,Turning & Milling,ID0997,Fluxicon Disco,Variant 178,178,2012-02-08T12:44:00.000,2012-02-08T09:39:00.000
Turning & Milling Q.C.,Case6,ID4618,Turning & Milling Q.C.,ID4618,Fluxicon Disco,Variant 178,178,2012-02-08T13:06:00.000,2012-02-08T12:50:00.000
Turning & Milling Q.C.,Case6,ID4618,Turning & Milling Q.C.,ID4618,Fluxicon Disco,Variant 178,178,2012-02-08T20:44:00.000,2012-02-08T12:50:00.000
Turning & Milling,Case6,ID4219,Turning & Milling,ID4219,Fluxicon Disco,Variant 178,178,2012-02-09T00:03:00.000,2012-02-08T13:00:00.000
Turning & Milling,Case6,ID0997,Turning & Milling,ID0997,Fluxicon Disco,Variant 178,178,2012-02-09T06:37:00.000,2012-02-09T02:39:00.000
Flat Grinding,Case6,ID4882,Flat Grinding,ID4882,Fluxicon Disco,Variant 178,178,2012-02-09T07:15:00.000,2012-02-09T06:00:00.000
Turning & Milling Q.C.,Case6,ID4618,Turning & Milling Q.C.,ID4618,Fluxicon Disco,Variant 178,178,2012-02-09T13:23:00.000,2012-02-09T13:14:00.000
Flat Grinding,Case6,ID4882,Flat Grinding,ID4882,Fluxicon Disco,Variant 178,178,2012-02-10T15:16:00.000,2012-02-10T14:31:00.000
Laser Marking,Case6,ID0998,Laser Marking,ID0998,Fluxicon Disco,Variant 178,178,2012-02-12T16:26:00.000,2012-02-12T15:39:00.000
Final Inspection Q.C.,Case6,ID4618,Final Inspection Q.C.,ID4618,Fluxicon Disco,Variant 178,178,2012-02-13T22:41:00.000,2012-02-13T22:40:00.000
Packing,Case6,ID4820,Packing,ID4820,Fluxicon Disco,Variant 178,178,2012-02-14T07:00:00.000,2012-02-14T06:00:00.000
Packing,Case6,ID4820,Packing,ID4820,Fluxicon Disco,Variant 178,178,2012-02-14T07:00:00.000,2012-02-14T06:00:00.000
Laser Marking,Case6,ID0998,Laser Marking,ID0998,Fluxicon Disco,Variant 178,178,2012-02-27T07:15:00.000,2012-02-27T06:00:00.000
End,Case6,End,End,End,Fluxicon Disco,Variant 178,178,2012-02-27T07:15:00.000,2012-02-27T07:15:00.000
Start,Case60,Start,Start,Start,Fluxicon Disco,Variant 179,179,2012-03-16T04:23:00.000,2012-03-16T04:23:00.000
Turning,Case60,ID4219,Turning,ID4219,Fluxicon Disco,Variant 179,179,2012-03-16T06:10:00.000,2012-03-16T04:23:00.000
Lapping,Case60,ID0998,Lapping,ID0998,Fluxicon Disco,Variant 179,179,2012-03-16T13:20:00.000,2012-03-16T13:00:00.000
Turning,Case60,ID0997,Turning,ID0997,Fluxicon Disco,Variant 179,179,2012-03-16T18:30:00.000,2012-03-16T15:53:00.000
Turning Q.C.,Case60,ID4287,Turning Q.C.,ID4287,Fluxicon Disco,Variant 179,179,2012-03-18T14:00:00.000,2012-03-18T13:00:00.000
Turning,Case60,ID4219,Turning,ID4219,Fluxicon Disco,Variant 179,179,2012-03-18T14:39:00.000,2012-03-18T13:01:00.000
Turning,Case60,ID0997,Turning,ID0997,Fluxicon Disco,Variant 179,179,2012-03-19T05:30:00.000,2012-03-18T22:51:00.000
Turning Q.C.,Case60,ID4287,Turning Q.C.,ID4287,Fluxicon Disco,Variant 179,179,2012-03-19T23:58:00.000,2012-03-19T23:00:00.000
Turning Q.C.,Case60,ID4287,Turning Q.C.,ID4287,Fluxicon Disco,Variant 179,179,2012-03-20T14:00:00.000,2012-03-20T13:14:00.000
Lapping,Case60,ID0998,Lapping,ID0998,Fluxicon Disco,Variant 179,179,2012-03-20T18:35:00.000,2012-03-20T17:59:00.000
Laser Marking,Case60,ID4882,Laser Marking,ID4882,Fluxicon Disco,Variant 179,179,2012-03-20T18:47:00.000,2012-03-20T18:36:00.000
Final Inspection Q.C.,Case60,ID4287,Final Inspection Q.C.,ID4287,Fluxicon Disco,Variant 179,179,2012-03-20T20:30:00.000,2012-03-20T19:30:00.000
Final Inspection Q.C.,Case60,ID4287,Final Inspection Q.C.,ID4287,Fluxicon Disco,Variant 179,179,2012-03-20T23:05:00.000,2012-03-20T23:04:00.000
Packing,Case60,ID4820,Packing,ID4820,Fluxicon Disco,Variant 179,179,2012-03-21T07:00:00.000,2012-03-21T06:00:00.000
End,Case60,End,End,End,Fluxicon Disco,Variant 179,179,2012-03-21T07:00:00.000,2012-03-21T07:00:00.000
Start,Case61,Start,Start,Start,Fluxicon Disco,Variant 180,180,2012-02-16T17:47:00.000,2012-02-16T17:47:00.000
Turning & Milling,Case61,ID3846,Turning & Milling,ID3846,Fluxicon Disco,Variant 180,180,2012-02-16T22:05:00.000,2012-02-16T17:47:00.000
Turning & Milling,Case61,ID3846,Turning & Milling,ID3846,Fluxicon Disco,Variant 180,180,2012-02-16T22:27:00.000,2012-02-16T21:27:00.000
Turning & Milling,Case61,ID3846,Turning & Milling,ID3846,Fluxicon Disco,Variant 180,180,2012-02-16T23:30:00.000,2012-02-16T22:28:00.000
Turning & Milling,Case61,ID4932,Turning & Milling,ID4932,Fluxicon Disco,Variant 180,180,2012-02-17T12:46:00.000,2012-02-17T03:15:00.000
Turning & Milling,Case61,ID3846,Turning & Milling,ID3846,Fluxicon Disco,Variant 180,180,2012-02-17T16:31:00.000,2012-02-17T13:05:00.000
Turning & Milling Q.C.,Case61,ID4287,Turning & Milling Q.C.,ID4287,Fluxicon Disco,Variant 180,180,2012-02-17T17:49:00.000,2012-02-17T16:00:00.000
Turning & Milling,Case61,ID4641,Turning & Milling,ID4641,Fluxicon Disco,Variant 180,180,2012-02-19T12:50:00.000,2012-02-19T08:45:00.000
Turning & Milling,Case61,ID3846,Turning & Milling,ID3846,Fluxicon Disco,Variant 180,180,2012-02-19T16:53:00.000,2012-02-19T15:03:00.000
Turning & Milling Q.C.,Case61,ID4287,Turning & Milling Q.C.,ID4287,Fluxicon Disco,Variant 180,180,2012-02-19T17:30:00.000,2012-02-19T16:30:00.000
Turning & Milling,Case61,ID3846,Turning & Milling,ID3846,Fluxicon Disco,Variant 180,180,2012-02-19T18:24:00.000,2012-02-19T16:54:00.000
Turning & Milling,Case61,ID3846,Turning & Milling,ID3846,Fluxicon Disco,Variant 180,180,2012-02-19T21:14:00.000,2012-02-19T18:46:00.000
Turning & Milling,Case61,ID4641,Turning & Milling,ID4641,Fluxicon Disco,Variant 180,180,2012-02-20T06:34:00.000,2012-02-20T02:05:00.000
Turning & Milling,Case61,ID3846,Turning & Milling,ID3846,Fluxicon Disco,Variant 180,180,2012-02-20T21:27:00.000,2012-02-20T13:00:00.000
Turning & Milling Q.C.,Case61,ID4493,Turning & Milling Q.C.,ID4493,Fluxicon Disco,Variant 180,180,2012-02-20T22:49:00.000,2012-02-20T19:48:00.000
Turning & Milling Q.C.,Case61,ID4493,Turning & Milling Q.C.,ID4493,Fluxicon Disco,Variant 180,180,2012-02-20T22:55:00.000,2012-02-20T22:52:00.000
Turning & Milling Q.C.,Case61,ID4493,Turning & Milling Q.C.,ID4493,Fluxicon Disco,Variant 180,180,2012-02-21T00:09:00.000,2012-02-20T22:54:00.000
Stress Relief,Case61,ID3998,Stress Relief,ID3998,Fluxicon Disco,Variant 180,180,2012-02-20T22:54:00.000,2012-02-20T22:54:00.000
Turning,Case61,ID3846,Turning,ID3846,Fluxicon Disco,Variant 180,180,2012-03-15T13:17:00.000,2012-03-14T19:36:00.000
Turning,Case61,ID3846,Turning,ID3846,Fluxicon Disco,Variant 180,180,2012-03-15T14:21:00.000,2012-03-15T13:18:00.000
Turning,Case61,ID3846,Turning,ID3846,Fluxicon Disco,Variant 180,180,2012-03-18T21:05:00.000,2012-03-18T15:15:00.000
Turning Q.C.,Case61,ID4287,Turning Q.C.,ID4287,Fluxicon Disco,Variant 180,180,2012-03-18T22:07:00.000,2012-03-18T21:00:00.000
Turning,Case61,ID3846,Turning,ID3846,Fluxicon Disco,Variant 180,180,2012-03-19T00:00:00.000,2012-03-18T21:06:00.000
Turning,Case61,ID4641,Turning,ID4641,Fluxicon Disco,Variant 180,180,2012-03-19T12:57:00.000,2012-03-19T06:19:00.000
Turning,Case61,ID3846,Turning,ID3846,Fluxicon Disco,Variant 180,180,2012-03-19T20:57:00.000,2012-03-19T13:12:00.000
Turning Q.C.,Case61,ID4287,Turning Q.C.,ID4287,Fluxicon Disco,Variant 180,180,2012-03-20T16:00:00.000,2012-03-20T14:00:00.000
Laser Marking,Case61,ID4882,Laser Marking,ID4882,Fluxicon Disco,Variant 180,180,2012-03-29T08:15:00.000,2012-03-29T07:00:00.000
Laser Marking,Case61,ID0998,Laser Marking,ID0998,Fluxicon Disco,Variant 180,180,2012-03-29T21:51:00.000,2012-03-29T20:50:00.000
End,Case61,End,End,End,Fluxicon Disco,Variant 180,180,2012-03-29T21:51:00.000,2012-03-29T21:51:00.000
Start,Case62,Start,Start,Start,Fluxicon Disco,Variant 181,181,2012-02-19T19:27:00.000,2012-02-19T19:27:00.000
Turning & Milling,Case62,ID4219,Turning & Milling,ID4219,Fluxicon Disco,Variant 181,181,2012-02-19T22:03:00.000,2012-02-19T19:27:00.000
Turning & Milling,Case62,ID4219,Turning & Milling,ID4219,Fluxicon Disco,Variant 181,181,2012-02-20T12:41:00.000,2012-02-19T22:04:00.000
Turning & Milling,Case62,ID4219,Turning & Milling,ID4219,Fluxicon Disco,Variant 181,181,2012-02-20T18:59:00.000,2012-02-20T12:42:00.000
Turning & Milling,Case62,ID4219,Turning & Milling,ID4219,Fluxicon Disco,Variant 181,181,2012-02-20T21:35:00.000,2012-02-20T19:00:00.000
Turning & Milling,Case62,ID4219,Turning & Milling,ID4219,Fluxicon Disco,Variant 181,181,2012-02-20T23:07:00.000,2012-02-20T21:36:00.000
Turning & Milling,Case62,ID4219,Turning & Milling,ID4219,Fluxicon Disco,Variant 181,181,2012-02-21T18:51:00.000,2012-02-21T18:09:00.000
Turning & Milling Q.C.,Case62,ID4618,Turning & Milling Q.C.,ID4618,Fluxicon Disco,Variant 181,181,2012-02-22T21:47:00.000,2012-02-22T21:11:00.000
Turning & Milling Q.C.,Case62,ID4618,Turning & Milling Q.C.,ID4618,Fluxicon Disco,Variant 181,181,2012-03-07T21:09:00.000,2012-03-07T17:28:00.000
Laser Marking,Case62,ID0998,Laser Marking,ID0998,Fluxicon Disco,Variant 181,181,2012-03-11T18:19:00.000,2012-03-11T17:04:00.000
Flat Grinding,Case62,ID0998,Flat Grinding,ID0998,Fluxicon Disco,Variant 181,181,2012-03-11T18:20:00.000,2012-03-11T17:33:00.000
Lapping,Case62,ID4882,Lapping,ID4882,Fluxicon Disco,Variant 181,181,2012-03-11T19:36:00.000,2012-03-11T18:21:00.000
Round Grinding,Case62,ID4445,Round Grinding,ID4445,Fluxicon Disco,Variant 181,181,2012-03-13T15:11:00.000,2012-03-13T13:01:00.000
Round Grinding,Case62,ID4445,Round Grinding,ID4445,Fluxicon Disco,Variant 181,181,2012-03-13T16:33:00.000,2012-03-13T15:12:00.000
Grinding Rework,Case62,ID4872,Grinding Rework,ID4872,Fluxicon Disco,Variant 181,181,2012-03-16T17:45:00.000,2012-03-16T15:20:00.000
Packing,Case62,ID4820,Packing,ID4820,Fluxicon Disco,Variant 181,181,2012-03-19T07:00:00.000,2012-03-19T06:00:00.000
Final Inspection Q.C.,Case62,ID4618,Final Inspection Q.C.,ID4618,Fluxicon Disco,Variant 181,181,2012-03-19T17:03:00.000,2012-03-19T15:57:00.000
End,Case62,End,End,End,Fluxicon Disco,Variant 181,181,2012-03-19T17:03:00.000,2012-03-19T17:03:00.000
Start,Case63,Start,Start,Start,Fluxicon Disco,Variant 182,182,2012-02-08T11:34:00.000,2012-02-08T11:34:00.000
Turning & Milling,Case63,ID4529,Turning & Milling,ID4529,Fluxicon Disco,Variant 182,182,2012-02-08T12:32:00.000,2012-02-08T11:34:00.000
Turning & Milling,Case63,ID4529,Turning & Milling,ID4529,Fluxicon Disco,Variant 182,182,2012-02-09T11:08:00.000,2012-02-09T08:49:00.000
Turning & Milling,Case63,ID4429,Turning & Milling,ID4429,Fluxicon Disco,Variant 182,182,2012-02-10T18:33:00.000,2012-02-10T15:33:00.000
Turning & Milling Q.C.,Case63,ID4163,Turning & Milling Q.C.,ID4163,Fluxicon Disco,Variant 182,182,2012-02-10T17:00:00.000,2012-02-10T15:56:00.000
Turning & Milling,Case63,ID4794,Turning & Milling,ID4794,Fluxicon Disco,Variant 182,182,2012-02-12T01:00:00.000,2012-02-11T18:00:00.000
Turning & Milling,Case63,ID4794,Turning & Milling,ID4794,Fluxicon Disco,Variant 182,182,2012-02-12T12:38:00.000,2012-02-11T19:08:00.000
Turning & Milling,Case63,ID4167,Turning & Milling,ID4167,Fluxicon Disco,Variant 182,182,2012-02-12T16:00:00.000,2012-02-12T04:36:00.000
Turning & Milling,Case63,ID4932,Turning & Milling,ID4932,Fluxicon Disco,Variant 182,182,2012-02-12T16:45:00.000,2012-02-12T13:07:00.000
Turning & Milling Q.C.,Case63,ID4163,Turning & Milling Q.C.,ID4163,Fluxicon Disco,Variant 182,182,2012-02-13T22:06:00.000,2012-02-13T19:20:00.000
Laser Marking,Case63,ID4872,Laser Marking,ID4872,Fluxicon Disco,Variant 182,182,2012-02-15T17:26:00.000,2012-02-15T16:19:00.000
Laser Marking,Case63,ID0998,Laser Marking,ID0998,Fluxicon Disco,Variant 182,182,2012-02-16T18:25:00.000,2012-02-16T17:54:00.000
Lapping,Case63,ID4882,Lapping,ID4882,Fluxicon Disco,Variant 182,182,2012-03-07T07:15:00.000,2012-03-07T06:00:00.000
Lapping,Case63,ID4882,Lapping,ID4882,Fluxicon Disco,Variant 182,182,2012-03-08T07:15:00.000,2012-03-08T06:00:00.000
Grinding Rework,Case63,ID4882,Grinding Rework,ID4882,Fluxicon Disco,Variant 182,182,2012-03-08T18:55:00.000,2012-03-08T15:06:00.000
Lapping,Case63,ID4882,Lapping,ID4882,Fluxicon Disco,Variant 182,182,2012-03-11T21:41:00.000,2012-03-11T20:50:00.000
Lapping,Case63,ID0998,Lapping,ID0998,Fluxicon Disco,Variant 182,182,2012-03-11T22:05:00.000,2012-03-11T21:40:00.000
Lapping,Case63,ID4882,Lapping,ID4882,Fluxicon Disco,Variant 182,182,2012-03-12T07:15:00.000,2012-03-12T06:00:00.000
Lapping,Case63,ID4882,Lapping,ID4882,Fluxicon Disco,Variant 182,182,2012-03-12T16:56:00.000,2012-03-12T15:25:00.000
Round Grinding,Case63,ID4385,Round Grinding,ID4385,Fluxicon Disco,Variant 182,182,2012-03-13T05:09:00.000,2012-03-13T02:06:00.000
Round Grinding,Case63,ID4385,Round Grinding,ID4385,Fluxicon Disco,Variant 182,182,2012-03-13T05:49:00.000,2012-03-13T05:10:00.000
Round Grinding,Case63,ID0420,Round Grinding,ID0420,Fluxicon Disco,Variant 182,182,2012-03-13T12:44:00.000,2012-03-13T05:51:00.000
Round Grinding,Case63,ID4355,Round Grinding,ID4355,Fluxicon Disco,Variant 182,182,2012-03-13T15:11:00.000,2012-03-13T13:00:00.000
Round Grinding,Case63,ID4445,Round Grinding,ID4445,Fluxicon Disco,Variant 182,182,2012-03-13T23:40:00.000,2012-03-13T15:11:00.000
Round Grinding,Case63,ID4385,Round Grinding,ID4385,Fluxicon Disco,Variant 182,182,2012-03-14T02:11:00.000,2012-03-13T23:41:00.000
Round Grinding,Case63,ID0420,Round Grinding,ID0420,Fluxicon Disco,Variant 182,182,2012-03-14T12:49:00.000,2012-03-14T02:12:00.000
Round Grinding,Case63,ID4355,Round Grinding,ID4355,Fluxicon Disco,Variant 182,182,2012-03-14T22:02:00.000,2012-03-14T12:50:00.000
Round Grinding,Case63,ID4385,Round Grinding,ID4385,Fluxicon Disco,Variant 182,182,2012-03-15T02:07:00.000,2012-03-14T22:45:00.000
Turning & Milling Q.C.,Case63,ID0420,Turning & Milling Q.C.,ID0420,Fluxicon Disco,Variant 182,182,2012-03-15T12:45:00.000,2012-03-15T02:08:00.000
Round Grinding,Case63,ID4355,Round Grinding,ID4355,Fluxicon Disco,Variant 182,182,2012-03-15T22:18:00.000,2012-03-15T12:53:00.000
Round Grinding,Case63,ID4385,Round Grinding,ID4385,Fluxicon Disco,Variant 182,182,2012-03-16T05:44:00.000,2012-03-15T22:17:00.000
Turning & Milling Q.C.,Case63,ID0420,Turning & Milling Q.C.,ID0420,Fluxicon Disco,Variant 182,182,2012-03-16T09:03:00.000,2012-03-16T05:45:00.000
Round Grinding,Case63,ID4355,Round Grinding,ID4355,Fluxicon Disco,Variant 182,182,2012-03-16T15:52:00.000,2012-03-16T13:04:00.000
Lapping,Case63,ID0998,Lapping,ID0998,Fluxicon Disco,Variant 182,182,2012-03-16T17:39:00.000,2012-03-16T14:14:00.000
Round Grinding,Case63,ID4355,Round Grinding,ID4355,Fluxicon Disco,Variant 182,182,2012-03-16T18:17:00.000,2012-03-16T15:53:00.000
Round Grinding,Case63,ID4445,Round Grinding,ID4445,Fluxicon Disco,Variant 182,182,2012-03-18T12:52:00.000,2012-03-18T04:14:00.000
Round Grinding,Case63,ID4385,Round Grinding,ID4385,Fluxicon Disco,Variant 182,182,2012-03-18T21:53:00.000,2012-03-18T16:21:00.000
Round Grinding,Case63,ID0420,Round Grinding,ID0420,Fluxicon Disco,Variant 182,182,2012-03-18T23:52:00.000,2012-03-18T21:56:00.000
Round Grinding,Case63,ID4445,Round Grinding,ID4445,Fluxicon Disco,Variant 182,182,2012-03-19T12:49:00.000,2012-03-19T03:00:00.000
Round Grinding,Case63,ID4385,Round Grinding,ID4385,Fluxicon Disco,Variant 182,182,2012-03-19T14:02:00.000,2012-03-19T13:06:00.000
Round Grinding,Case63,ID0420,Round Grinding,ID0420,Fluxicon Disco,Variant 182,182,2012-03-19T23:53:00.000,2012-03-19T14:01:00.000
Round Grinding,Case63,ID4445,Round Grinding,ID4445,Fluxicon Disco,Variant 182,182,2012-03-20T06:44:00.000,2012-03-20T02:16:00.000
Final Inspection Q.C.,Case63,ID4163,Final Inspection Q.C.,ID4163,Fluxicon Disco,Variant 182,182,2012-03-26T19:50:00.000,2012-03-26T18:20:00.000
Final Inspection Q.C.,Case63,ID4163,Final Inspection Q.C.,ID4163,Fluxicon Disco,Variant 182,182,2012-03-26T23:11:00.000,2012-03-26T20:20:00.000
Final Inspection Q.C.,Case63,ID4163,Final Inspection Q.C.,ID4163,Fluxicon Disco,Variant 182,182,2012-03-27T15:40:00.000,2012-03-27T14:00:00.000
Final Inspection Q.C.,Case63,ID4163,Final Inspection Q.C.,ID4163,Fluxicon Disco,Variant 182,182,2012-03-27T19:50:00.000,2012-03-27T18:00:00.000
Final Inspection Q.C.,Case63,ID4163,Final Inspection Q.C.,ID4163,Fluxicon Disco,Variant 182,182,2012-03-28T01:01:00.000,2012-03-27T20:20:00.000
Grinding Rework,Case63,ID4528,Grinding Rework,ID4528,Fluxicon Disco,Variant 182,182,2012-03-28T02:30:00.000,2012-03-27T23:00:00.000
Final Inspection Q.C.,Case63,ID4163,Final Inspection Q.C.,ID4163,Fluxicon Disco,Variant 182,182,2012-03-28T15:40:00.000,2012-03-28T14:00:00.000
Final Inspection Q.C.,Case63,ID4163,Final Inspection Q.C.,ID4163,Fluxicon Disco,Variant 182,182,2012-03-28T16:20:00.000,2012-03-28T16:00:00.000
Final Inspection Q.C.,Case63,ID4163,Final Inspection Q.C.,ID4163,Fluxicon Disco,Variant 182,182,2012-03-28T16:40:00.000,2012-03-28T16:20:00.000
Final Inspection Q.C.,Case63,ID4163,Final Inspection Q.C.,ID4163,Fluxicon Disco,Variant 182,182,2012-03-28T17:00:00.000,2012-03-28T16:40:00.000
Packing,Case63,ID4291,Packing,ID4291,Fluxicon Disco,Variant 182,182,2012-03-29T08:00:00.000,2012-03-29T07:00:00.000
Final Inspection Q.C.,Case63,ID4163,Final Inspection Q.C.,ID4163,Fluxicon Disco,Variant 182,182,2012-03-29T15:40:00.000,2012-03-29T14:00:00.000
End,Case63,End,End,End,Fluxicon Disco,Variant 182,182,2012-03-29T15:40:00.000,2012-03-29T15:40:00.000
Start,Case64,Start,Start,Start,Fluxicon Disco,Variant 183,183,2012-03-15T22:29:00.000,2012-03-15T22:29:00.000
Turning & Milling,Case64,ID4429,Turning & Milling,ID4429,Fluxicon Disco,Variant 183,183,2012-03-16T05:59:00.000,2012-03-15T22:29:00.000
Turning & Milling,Case64,ID4932,Turning & Milling,ID4932,Fluxicon Disco,Variant 183,183,2012-03-16T13:00:00.000,2012-03-16T06:20:00.000
Turning & Milling,Case64,ID4529,Turning & Milling,ID4529,Fluxicon Disco,Variant 183,183,2012-03-16T18:49:00.000,2012-03-16T13:10:00.000
Turning & Milling,Case64,ID4932,Turning & Milling,ID4932,Fluxicon Disco,Variant 183,183,2012-03-17T21:00:00.000,2012-03-17T14:23:00.000
Turning & Milling,Case64,ID4932,Turning & Milling,ID4932,Fluxicon Disco,Variant 183,183,2012-03-18T22:04:00.000,2012-03-18T19:22:00.000
Turning & Milling,Case64,ID4429,Turning & Milling,ID4429,Fluxicon Disco,Variant 183,183,2012-03-18T23:59:00.000,2012-03-18T22:40:00.000
Turning & Milling,Case64,ID4529,Turning & Milling,ID4529,Fluxicon Disco,Variant 183,183,2012-03-19T02:08:00.000,2012-03-19T02:07:00.000
Turning & Milling,Case64,ID4529,Turning & Milling,ID4529,Fluxicon Disco,Variant 183,183,2012-03-19T12:10:00.000,2012-03-19T02:08:00.000
End,Case64,End,End,End,Fluxicon Disco,Variant 183,183,2012-03-19T12:10:00.000,2012-03-19T12:10:00.000
Start,Case65,Start,Start,Start,Fluxicon Disco,Variant 184,184,2012-03-22T13:00:00.000,2012-03-22T13:00:00.000
Turning & Milling,Case65,ID3846,Turning & Milling,ID3846,Fluxicon Disco,Variant 184,184,2012-03-22T14:00:00.000,2012-03-22T13:00:00.000
Turning & Milling Q.C.,Case65,ID4618,Turning & Milling Q.C.,ID4618,Fluxicon Disco,Variant 184,184,2012-03-22T17:59:00.000,2012-03-22T17:08:00.000
Turning & Milling,Case65,ID4641,Turning & Milling,ID4641,Fluxicon Disco,Variant 184,184,2012-03-29T23:02:00.000,2012-03-29T17:58:00.000
Turning & Milling,Case65,ID3846,Turning & Milling,ID3846,Fluxicon Disco,Variant 184,184,2012-03-30T06:41:00.000,2012-03-29T23:43:00.000
Turning & Milling,Case65,ID4794,Turning & Milling,ID4794,Fluxicon Disco,Variant 184,184,2012-03-30T12:54:00.000,2012-03-30T06:55:00.000
Turning & Milling,Case65,ID0937,Turning & Milling,ID0937,Fluxicon Disco,Variant 184,184,2012-03-30T19:00:00.000,2012-03-30T16:00:00.000
End,Case65,End,End,End,Fluxicon Disco,Variant 184,184,2012-03-30T19:00:00.000,2012-03-30T19:00:00.000
Start,Case66,Start,Start,Start,Fluxicon Disco,Variant 185,185,2012-02-19T16:18:00.000,2012-02-19T16:18:00.000
Turning,Case66,ID4219,Turning,ID4219,Fluxicon Disco,Variant 185,185,2012-02-19T16:58:00.000,2012-02-19T16:18:00.000
Turning,Case66,ID4219,Turning,ID4219,Fluxicon Disco,Variant 185,185,2012-02-19T19:26:00.000,2012-02-19T16:59:00.000
Turning Q.C.,Case66,ID4618,Turning Q.C.,ID4618,Fluxicon Disco,Variant 185,185,2012-02-19T21:53:00.000,2012-02-19T21:52:00.000
Flat Grinding,Case66,ID0998,Flat Grinding,ID0998,Fluxicon Disco,Variant 185,185,2012-02-20T17:21:00.000,2012-02-20T16:24:00.000
Lapping,Case66,ID0998,Lapping,ID0998,Fluxicon Disco,Variant 185,185,2012-03-01T19:58:00.000,2012-03-01T17:51:00.000
Turning Q.C.,Case66,ID4618,Turning Q.C.,ID4618,Fluxicon Disco,Variant 185,185,2012-03-08T21:53:00.000,2012-03-08T18:28:00.000
Lapping,Case66,ID0998,Lapping,ID0998,Fluxicon Disco,Variant 185,185,2012-03-09T20:10:00.000,2012-03-09T18:55:00.000
Laser Marking,Case66,ID0998,Laser Marking,ID0998,Fluxicon Disco,Variant 185,185,2012-03-09T20:10:00.000,2012-03-09T18:55:00.000
Packing,Case66,ID4820,Packing,ID4820,Fluxicon Disco,Variant 185,185,2012-03-11T07:00:00.000,2012-03-11T06:00:00.000
Final Inspection Q.C.,Case66,ID4618,Final Inspection Q.C.,ID4618,Fluxicon Disco,Variant 185,185,2012-03-11T15:26:00.000,2012-03-11T14:11:00.000
End,Case66,End,End,End,Fluxicon Disco,Variant 185,185,2012-03-11T15:26:00.000,2012-03-11T15:26:00.000
Start,Case67,Start,Start,Start,Fluxicon Disco,Variant 186,186,2012-02-03T01:46:00.000,2012-02-03T01:46:00.000
Turning & Milling,Case67,ID4429,Turning & Milling,ID4429,Fluxicon Disco,Variant 186,186,2012-02-03T04:53:00.000,2012-02-03T01:46:00.000
Turning & Milling,Case67,ID4429,Turning & Milling,ID4429,Fluxicon Disco,Variant 186,186,2012-02-03T05:39:00.000,2012-02-03T03:55:00.000
Turning & Milling,Case67,ID4932,Turning & Milling,ID4932,Fluxicon Disco,Variant 186,186,2012-02-03T13:00:00.000,2012-02-03T05:46:00.000
Turning & Milling,Case67,ID4932,Turning & Milling,ID4932,Fluxicon Disco,Variant 186,186,2012-02-03T13:02:00.000,2012-02-03T07:00:00.000
Turning & Milling,Case67,ID4167,Turning & Milling,ID4167,Fluxicon Disco,Variant 186,186,2012-02-03T18:50:00.000,2012-02-03T13:16:00.000
Turning & Milling,Case67,ID4932,Turning & Milling,ID4932,Fluxicon Disco,Variant 186,186,2012-02-04T02:30:00.000,2012-02-03T18:50:00.000
Turning & Milling,Case67,ID4641,Turning & Milling,ID4641,Fluxicon Disco,Variant 186,186,2012-02-05T12:38:00.000,2012-02-05T05:24:00.000
Turning & Milling,Case67,ID4932,Turning & Milling,ID4932,Fluxicon Disco,Variant 186,186,2012-02-05T21:52:00.000,2012-02-05T12:51:00.000
Turning & Milling Q.C.,Case67,ID4163,Turning & Milling Q.C.,ID4163,Fluxicon Disco,Variant 186,186,2012-02-05T14:40:00.000,2012-02-05T13:00:00.000
Turning & Milling,Case67,ID4167,Turning & Milling,ID4167,Fluxicon Disco,Variant 186,186,2012-02-06T05:53:00.000,2012-02-05T21:56:00.000
Turning & Milling,Case67,ID4529,Turning & Milling,ID4529,Fluxicon Disco,Variant 186,186,2012-02-06T09:41:00.000,2012-02-06T05:57:00.000
Turning & Milling,Case67,ID0997,Turning & Milling,ID0997,Fluxicon Disco,Variant 186,186,2012-02-06T12:36:00.000,2012-02-06T09:36:00.000
Turning & Milling,Case67,ID4932,Turning & Milling,ID4932,Fluxicon Disco,Variant 186,186,2012-02-06T17:49:00.000,2012-02-06T13:01:00.000
Turning & Milling,Case67,ID4932,Turning & Milling,ID4932,Fluxicon Disco,Variant 186,186,2012-02-06T21:59:00.000,2012-02-06T18:10:00.000
Turning & Milling,Case67,ID4167,Turning & Milling,ID4167,Fluxicon Disco,Variant 186,186,2012-02-07T02:16:00.000,2012-02-06T23:12:00.000
Turning & Milling,Case67,ID4529,Turning & Milling,ID4529,Fluxicon Disco,Variant 186,186,2012-02-07T08:27:00.000,2012-02-07T02:16:00.000
Turning & Milling Q.C.,Case67,ID4163,Turning & Milling Q.C.,ID4163,Fluxicon Disco,Variant 186,186,2012-02-07T18:10:00.000,2012-02-07T15:00:00.000
Laser Marking,Case67,ID3846,Laser Marking,ID3846,Fluxicon Disco,Variant 186,186,2012-02-08T15:33:00.000,2012-02-08T15:05:00.000
Laser Marking,Case67,ID0998,Laser Marking,ID0998,Fluxicon Disco,Variant 186,186,2012-02-08T19:39:00.000,2012-02-08T17:00:00.000
Lapping,Case67,ID4882,Lapping,ID4882,Fluxicon Disco,Variant 186,186,2012-03-27T08:15:00.000,2012-03-27T07:00:00.000
Grinding Rework,Case67,ID4882,Grinding Rework,ID4882,Fluxicon Disco,Variant 186,186,2012-03-27T20:25:00.000,2012-03-27T18:49:00.000
Grinding Rework,Case67,ID4882,Grinding Rework,ID4882,Fluxicon Disco,Variant 186,186,2012-03-27T20:26:00.000,2012-03-27T20:25:00.000
Lapping,Case67,ID0998,Lapping,ID0998,Fluxicon Disco,Variant 186,186,2012-03-27T23:05:00.000,2012-03-27T20:27:00.000
End,Case67,End,End,End,Fluxicon Disco,Variant 186,186,2012-03-27T23:05:00.000,2012-03-27T23:05:00.000
Start,Case68,Start,Start,Start,Fluxicon Disco,Variant 187,187,2012-02-27T16:30:00.000,2012-02-27T16:30:00.000
Turning,Case68,ID4442,Turning,ID4442,Fluxicon Disco,Variant 187,187,2012-02-27T21:00:00.000,2012-02-27T16:30:00.000
Turning,Case68,ID3718,Turning,ID3718,Fluxicon Disco,Variant 187,187,2012-02-27T23:00:00.000,2012-02-27T22:00:00.000
Final Inspection Q.C.,Case68,ID4287,Final Inspection Q.C.,ID4287,Fluxicon Disco,Variant 187,187,2012-02-28T14:40:00.000,2012-02-28T13:09:00.000
Packing,Case68,ID4820,Packing,ID4820,Fluxicon Disco,Variant 187,187,2012-02-29T07:00:00.000,2012-02-29T06:00:00.000
Final Inspection Q.C.,Case68,ID4287,Final Inspection Q.C.,ID4287,Fluxicon Disco,Variant 187,187,2012-02-29T20:30:00.000,2012-02-29T20:00:00.000
End,Case68,End,End,End,Fluxicon Disco,Variant 187,187,2012-02-29T20:30:00.000,2012-02-29T20:30:00.000
Start,Case69,Start,Start,Start,Fluxicon Disco,Variant 188,188,2012-03-13T13:58:00.000,2012-03-13T13:58:00.000
Milling,Case69,ID0997,Milling,ID0997,Fluxicon Disco,Variant 188,188,2012-03-13T21:57:00.000,2012-03-13T13:58:00.000
Packing,Case69,ID4820,Packing,ID4820,Fluxicon Disco,Variant 188,188,2012-03-20T07:00:00.000,2012-03-20T06:00:00.000
Final Inspection Q.C.,Case69,ID4618,Final Inspection Q.C.,ID4618,Fluxicon Disco,Variant 188,188,2012-03-20T16:58:00.000,2012-03-20T15:43:00.000
End,Case69,End,End,End,Fluxicon Disco,Variant 188,188,2012-03-20T16:58:00.000,2012-03-20T16:58:00.000
Start,Case7,Start,Start,Start,Fluxicon Disco,Variant 189,189,2012-03-11T17:48:00.000,2012-03-11T17:48:00.000
Turning & Milling,Case7,ID4167,Turning & Milling,ID4167,Fluxicon Disco,Variant 189,189,2012-03-12T01:35:00.000,2012-03-11T17:48:00.000
Setup,Case7,ID4932,Setup,ID4932,Fluxicon Disco,Variant 189,189,2012-03-12T03:30:00.000,2012-03-12T01:37:00.000
Turning & Milling,Case7,ID4167,Turning & Milling,ID4167,Fluxicon Disco,Variant 189,189,2012-03-12T22:02:00.000,2012-03-12T13:53:00.000
Turning & Milling,Case7,ID4429,Turning & Milling,ID4429,Fluxicon Disco,Variant 189,189,2012-03-13T01:44:00.000,2012-03-12T23:17:00.000
Turning & Milling,Case7,ID4932,Turning & Milling,ID4932,Fluxicon Disco,Variant 189,189,2012-03-13T02:24:00.000,2012-03-13T01:48:00.000
Turning & Milling,Case7,ID4932,Turning & Milling,ID4932,Fluxicon Disco,Variant 189,189,2012-03-13T03:10:00.000,2012-03-13T02:25:00.000
Turning & Milling Q.C.,Case7,ID4618,Turning & Milling Q.C.,ID4618,Fluxicon Disco,Variant 189,189,2012-03-13T15:20:00.000,2012-03-13T15:19:00.000
Flat Grinding,Case7,ID0998,Flat Grinding,ID0998,Fluxicon Disco,Variant 189,189,2012-03-14T23:13:00.000,2012-03-14T21:58:00.000
Lapping,Case7,ID0998,Lapping,ID0998,Fluxicon Disco,Variant 189,189,2012-03-14T23:13:00.000,2012-03-14T21:58:00.000
Laser Marking,Case7,ID0998,Laser Marking,ID0998,Fluxicon Disco,Variant 189,189,2012-03-14T23:14:00.000,2012-03-14T21:59:00.000
Final Inspection Q.C.,Case7,ID4618,Final Inspection Q.C.,ID4618,Fluxicon Disco,Variant 189,189,2012-03-14T23:58:00.000,2012-03-14T23:02:00.000
Final Inspection Q.C.,Case7,ID4618,Final Inspection Q.C.,ID4618,Fluxicon Disco,Variant 189,189,2012-03-15T15:46:00.000,2012-03-15T12:58:00.000
Packing,Case7,ID4820,Packing,ID4820,Fluxicon Disco,Variant 189,189,2012-03-16T07:00:00.000,2012-03-16T06:00:00.000
End,Case7,End,End,End,Fluxicon Disco,Variant 189,189,2012-03-16T07:00:00.000,2012-03-16T07:00:00.000
Start,Case70,Start,Start,Start,Fluxicon Disco,Variant 190,190,2012-02-21T13:05:00.000,2012-02-21T13:05:00.000
Turning & Milling,Case70,ID3846,Turning & Milling,ID3846,Fluxicon Disco,Variant 190,190,2012-02-22T00:05:00.000,2012-02-21T13:05:00.000
Turning & Milling,Case70,ID3846,Turning & Milling,ID3846,Fluxicon Disco,Variant 190,190,2012-02-22T00:06:00.000,2012-02-21T15:22:00.000
Turning & Milling,Case70,ID3846,Turning & Milling,ID3846,Fluxicon Disco,Variant 190,190,2012-02-22T19:29:00.000,2012-02-22T14:04:00.000
Turning & Milling,Case70,ID3846,Turning & Milling,ID3846,Fluxicon Disco,Variant 190,190,2012-02-22T22:08:00.000,2012-02-22T19:31:00.000
Turning & Milling,Case70,ID3846,Turning & Milling,ID3846,Fluxicon Disco,Variant 190,190,2012-02-23T17:14:00.000,2012-02-23T13:11:00.000
Turning & Milling,Case70,ID3846,Turning & Milling,ID3846,Fluxicon Disco,Variant 190,190,2012-02-23T21:38:00.000,2012-02-23T17:13:00.000
Turning & Milling,Case70,ID4641,Turning & Milling,ID4641,Fluxicon Disco,Variant 190,190,2012-02-24T12:34:00.000,2012-02-24T02:51:00.000
Turning & Milling,Case70,ID3846,Turning & Milling,ID3846,Fluxicon Disco,Variant 190,190,2012-02-26T09:21:00.000,2012-02-26T04:02:00.000
Turning & Milling,Case70,ID3846,Turning & Milling,ID3846,Fluxicon Disco,Variant 190,190,2012-02-26T13:00:00.000,2012-02-26T09:57:00.000
Turning & Milling,Case70,ID4641,Turning & Milling,ID4641,Fluxicon Disco,Variant 190,190,2012-02-26T21:57:00.000,2012-02-26T15:46:00.000
Turning & Milling Q.C.,Case70,ID4287,Turning & Milling Q.C.,ID4287,Fluxicon Disco,Variant 190,190,2012-02-26T23:00:00.000,2012-02-26T22:44:00.000
Turning & Milling Q.C.,Case70,ID4287,Turning & Milling Q.C.,ID4287,Fluxicon Disco,Variant 190,190,2012-02-27T00:00:00.000,2012-02-26T23:01:00.000
Turning & Milling,Case70,ID3846,Turning & Milling,ID3846,Fluxicon Disco,Variant 190,190,2012-02-27T02:35:00.000,2012-02-27T00:31:00.000
Turning & Milling Q.C.,Case70,ID4287,Turning & Milling Q.C.,ID4287,Fluxicon Disco,Variant 190,190,2012-02-27T21:50:00.000,2012-02-27T16:30:00.000
Turning & Milling,Case70,ID3846,Turning & Milling,ID3846,Fluxicon Disco,Variant 190,190,2012-02-28T05:45:00.000,2012-02-27T23:13:00.000
Turning & Milling Q.C.,Case70,ID4287,Turning & Milling Q.C.,ID4287,Fluxicon Disco,Variant 190,190,2012-02-28T19:20:00.000,2012-02-28T15:00:00.000
Turning & Milling,Case70,ID3846,Turning & Milling,ID3846,Fluxicon Disco,Variant 190,190,2012-02-29T05:39:00.000,2012-02-28T22:13:00.000
Turning & Milling,Case70,ID4641,Turning & Milling,ID4641,Fluxicon Disco,Variant 190,190,2012-02-29T21:27:00.000,2012-02-29T13:56:00.000
Turning & Milling Q.C.,Case70,ID4287,Turning & Milling Q.C.,ID4287,Fluxicon Disco,Variant 190,190,2012-02-29T17:26:00.000,2012-02-29T15:00:00.000
Turning & Milling,Case70,ID4641,Turning & Milling,ID4641,Fluxicon Disco,Variant 190,190,2012-02-29T22:01:00.000,2012-02-29T21:27:00.000
Turning & Milling,Case70,ID3846,Turning & Milling,ID3846,Fluxicon Disco,Variant 190,190,2012-02-29T23:20:00.000,2012-02-29T22:05:00.000
Turning & Milling,Case70,ID4641,Turning & Milling,ID4641,Fluxicon Disco,Variant 190,190,2012-03-01T16:47:00.000,2012-03-01T13:00:00.000
Turning & Milling,Case70,ID4641,Turning & Milling,ID4641,Fluxicon Disco,Variant 190,190,2012-03-01T21:44:00.000,2012-03-01T13:01:00.000
Turning & Milling Q.C.,Case70,ID4287,Turning & Milling Q.C.,ID4287,Fluxicon Disco,Variant 190,190,2012-03-04T21:50:00.000,2012-03-04T15:00:00.000
Turning & Milling,Case70,ID4641,Turning & Milling,ID4641,Fluxicon Disco,Variant 190,190,2012-03-05T05:37:00.000,2012-03-05T02:49:00.000
Turning & Milling,Case70,ID4641,Turning & Milling,ID4641,Fluxicon Disco,Variant 190,190,2012-03-05T12:55:00.000,2012-03-05T05:38:00.000
Turning & Milling Q.C.,Case70,ID4287,Turning & Milling Q.C.,ID4287,Fluxicon Disco,Variant 190,190,2012-03-05T22:05:00.000,2012-03-05T13:06:00.000
Turning & Milling,Case70,ID4132,Turning & Milling,ID4132,Fluxicon Disco,Variant 190,190,2012-03-05T21:55:00.000,2012-03-05T13:49:00.000
Turning & Milling,Case70,ID4641,Turning & Milling,ID4641,Fluxicon Disco,Variant 190,190,2012-03-06T08:39:00.000,2012-03-06T02:34:00.000
Turning & Milling Q.C.,Case70,ID0937,Turning & Milling Q.C.,ID0937,Fluxicon Disco,Variant 190,190,2012-03-06T07:15:00.000,2012-03-06T06:00:00.000
Turning & Milling,Case70,ID4641,Turning & Milling,ID4641,Fluxicon Disco,Variant 190,190,2012-03-06T12:00:00.000,2012-03-06T10:00:00.000
Turning & Milling Q.C.,Case70,ID4287,Turning & Milling Q.C.,ID4287,Fluxicon Disco,Variant 190,190,2012-03-06T20:00:00.000,2012-03-06T13:00:00.000
Turning & Milling,Case70,ID4132,Turning & Milling,ID4132,Fluxicon Disco,Variant 190,190,2012-03-06T14:40:00.000,2012-03-06T13:00:00.000
Turning & Milling Q.C.,Case70,ID4287,Turning & Milling Q.C.,ID4287,Fluxicon Disco,Variant 190,190,2012-03-06T21:04:00.000,2012-03-06T19:20:00.000
Turning & Milling,Case70,ID4641,Turning & Milling,ID4641,Fluxicon Disco,Variant 190,190,2012-03-07T09:37:00.000,2012-03-07T03:01:00.000
Turning & Milling Q.C.,Case70,ID4287,Turning & Milling Q.C.,ID4287,Fluxicon Disco,Variant 190,190,2012-03-07T13:25:00.000,2012-03-07T12:57:00.000
Turning & Milling,Case70,ID4219,Turning & Milling,ID4219,Fluxicon Disco,Variant 190,190,2012-03-20T02:00:00.000,2012-03-19T13:49:00.000
Turning & Milling,Case70,ID4219,Turning & Milling,ID4219,Fluxicon Disco,Variant 190,190,2012-03-21T00:30:00.000,2012-03-20T13:00:00.000
Turning & Milling Q.C.,Case70,ID4287,Turning & Milling Q.C.,ID4287,Fluxicon Disco,Variant 190,190,2012-03-20T17:35:00.000,2012-03-20T16:02:00.000
Turning & Milling,Case70,ID0997,Turning & Milling,ID0997,Fluxicon Disco,Variant 190,190,2012-03-21T05:50:00.000,2012-03-21T01:28:00.000
Turning & Milling,Case70,ID4219,Turning & Milling,ID4219,Fluxicon Disco,Variant 190,190,2012-03-21T21:37:00.000,2012-03-21T13:16:00.000
Turning & Milling Q.C.,Case70,ID4287,Turning & Milling Q.C.,ID4287,Fluxicon Disco,Variant 190,190,2012-03-21T16:56:00.000,2012-03-21T16:00:00.000
Turning & Milling,Case70,ID0997,Turning & Milling,ID0997,Fluxicon Disco,Variant 190,190,2012-03-22T12:44:00.000,2012-03-22T02:37:00.000
Turning & Milling,Case70,ID4219,Turning & Milling,ID4219,Fluxicon Disco,Variant 190,190,2012-03-22T18:42:00.000,2012-03-22T13:33:00.000
Turning Q.C.,Case70,ID4287,Turning Q.C.,ID4287,Fluxicon Disco,Variant 190,190,2012-03-22T16:30:00.000,2012-03-22T15:30:00.000
Turning & Milling,Case70,ID3846,Turning & Milling,ID3846,Fluxicon Disco,Variant 190,190,2012-03-22T23:47:00.000,2012-03-22T17:44:00.000
Turning & Milling,Case70,ID4219,Turning & Milling,ID4219,Fluxicon Disco,Variant 190,190,2012-03-23T02:06:00.000,2012-03-22T18:42:00.000
Turning & Milling,Case70,ID4219,Turning & Milling,ID4219,Fluxicon Disco,Variant 190,190,2012-03-23T03:26:00.000,2012-03-23T02:07:00.000
Turning & Milling,Case70,ID0997,Turning & Milling,ID0997,Fluxicon Disco,Variant 190,190,2012-03-23T12:47:00.000,2012-03-23T02:11:00.000
Turning & Milling,Case70,ID3846,Turning & Milling,ID3846,Fluxicon Disco,Variant 190,190,2012-03-24T14:06:00.000,2012-03-24T12:45:00.000
Turning & Milling,Case70,ID3846,Turning & Milling,ID3846,Fluxicon Disco,Variant 190,190,2012-03-24T18:05:00.000,2012-03-24T14:07:00.000
Turning & Milling,Case70,ID3846,Turning & Milling,ID3846,Fluxicon Disco,Variant 190,190,2012-03-24T21:51:00.000,2012-03-24T18:05:00.000
Turning Q.C.,Case70,ID4287,Turning Q.C.,ID4287,Fluxicon Disco,Variant 190,190,2012-03-25T16:00:00.000,2012-03-25T14:00:00.000
Turning & Milling,Case70,ID0997,Turning & Milling,ID0997,Fluxicon Disco,Variant 190,190,2012-03-25T22:51:00.000,2012-03-25T16:34:00.000
Turning & Milling,Case70,ID3846,Turning & Milling,ID3846,Fluxicon Disco,Variant 190,190,2012-03-26T06:48:00.000,2012-03-26T00:01:00.000
Turning & Milling Q.C.,Case70,ID4287,Turning & Milling Q.C.,ID4287,Fluxicon Disco,Variant 190,190,2012-03-26T16:53:00.000,2012-03-26T14:00:00.000
Turning Q.C.,Case70,ID4287,Turning Q.C.,ID4287,Fluxicon Disco,Variant 190,190,2012-03-27T01:04:00.000,2012-03-26T18:21:00.000
Turning & Milling,Case70,ID3846,Turning & Milling,ID3846,Fluxicon Disco,Variant 190,190,2012-03-27T06:46:00.000,2012-03-26T23:46:00.000
Grinding Rework,Case70,ID4528,Grinding Rework,ID4528,Fluxicon Disco,Variant 190,190,2012-03-27T06:00:00.000,2012-03-27T04:30:00.000
Turning & Milling,Case70,ID4219,Turning & Milling,ID4219,Fluxicon Disco,Variant 190,190,2012-03-27T09:29:00.000,2012-03-27T07:04:00.000
Turning Q.C.,Case70,ID4287,Turning Q.C.,ID4287,Fluxicon Disco,Variant 190,190,2012-03-27T18:01:00.000,2012-03-27T14:00:00.000
Turning & Milling,Case70,ID0997,Turning & Milling,ID0997,Fluxicon Disco,Variant 190,190,2012-03-27T16:30:00.000,2012-03-27T14:49:00.000
Turning & Milling,Case70,ID4641,Turning & Milling,ID4641,Fluxicon Disco,Variant 190,190,2012-03-27T22:30:00.000,2012-03-27T15:00:00.000
Turning & Milling,Case70,ID4219,Turning & Milling,ID4219,Fluxicon Disco,Variant 190,190,2012-03-28T07:04:00.000,2012-03-27T23:00:00.000
Turning & Milling,Case70,ID4641,Turning & Milling,ID4641,Fluxicon Disco,Variant 190,190,2012-03-28T22:32:00.000,2012-03-28T14:14:00.000
Turning & Milling,Case70,ID3846,Turning & Milling,ID3846,Fluxicon Disco,Variant 190,190,2012-03-29T07:54:00.000,2012-03-28T23:14:00.000
Turning & Milling,Case70,ID4219,Turning & Milling,ID4219,Fluxicon Disco,Variant 190,190,2012-03-29T09:23:00.000,2012-03-29T01:56:00.000
Turning & Milling,Case70,ID4641,Turning & Milling,ID4641,Fluxicon Disco,Variant 190,190,2012-03-29T15:21:00.000,2012-03-29T14:00:00.000
Turning & Milling,Case70,ID0997,Turning & Milling,ID0997,Fluxicon Disco,Variant 190,190,2012-03-29T22:00:00.000,2012-03-29T14:16:00.000
Turning Q.C.,Case70,ID4287,Turning Q.C.,ID4287,Fluxicon Disco,Variant 190,190,2012-03-29T22:32:00.000,2012-03-29T20:25:00.000
Turning & Milling,Case70,ID4219,Turning & Milling,ID4219,Fluxicon Disco,Variant 190,190,2012-03-30T07:47:00.000,2012-03-29T23:30:00.000
Turning Q.C.,Case70,ID4287,Turning Q.C.,ID4287,Fluxicon Disco,Variant 190,190,2012-03-30T14:40:00.000,2012-03-30T13:00:00.000
End,Case70,End,End,End,Fluxicon Disco,Variant 190,190,2012-03-30T14:40:00.000,2012-03-30T14:40:00.000
Start,Case71,Start,Start,Start,Fluxicon Disco,Variant 191,191,2012-03-15T16:03:00.000,2012-03-15T16:03:00.000
Turning & Milling,Case71,ID4641,Turning & Milling,ID4641,Fluxicon Disco,Variant 191,191,2012-03-15T18:26:00.000,2012-03-15T16:03:00.000
Turning & Milling,Case71,ID4641,Turning & Milling,ID4641,Fluxicon Disco,Variant 191,191,2012-03-15T21:43:00.000,2012-03-15T18:26:00.000
Packing,Case71,ID4820,Packing,ID4820,Fluxicon Disco,Variant 191,191,2012-03-22T07:00:00.000,2012-03-22T06:00:00.000
Turning Q.C.,Case71,ID4618,Turning Q.C.,ID4618,Fluxicon Disco,Variant 191,191,2012-03-22T15:47:00.000,2012-03-22T15:43:00.000
Laser Marking,Case71,ID0998,Laser Marking,ID0998,Fluxicon Disco,Variant 191,191,2012-03-22T17:00:00.000,2012-03-22T16:24:00.000
Flat Grinding,Case71,ID0998,Flat Grinding,ID0998,Fluxicon Disco,Variant 191,191,2012-03-22T20:50:00.000,2012-03-22T20:49:00.000
Final Inspection Q.C.,Case71,ID4618,Final Inspection Q.C.,ID4618,Fluxicon Disco,Variant 191,191,2012-03-22T22:06:00.000,2012-03-22T20:51:00.000
End,Case71,End,End,End,Fluxicon Disco,Variant 191,191,2012-03-22T22:06:00.000,2012-03-22T22:06:00.000
Start,Case72,Start,Start,Start,Fluxicon Disco,Variant 192,192,2012-02-06T13:48:00.000,2012-02-06T13:48:00.000
Turning & Milling,Case72,ID4219,Turning & Milling,ID4219,Fluxicon Disco,Variant 192,192,2012-02-06T23:22:00.000,2012-02-06T13:48:00.000
Turning & Milling,Case72,ID4219,Turning & Milling,ID4219,Fluxicon Disco,Variant 192,192,2012-02-07T00:09:00.000,2012-02-06T23:23:00.000
Turning & Milling Q.C.,Case72,ID4618,Turning & Milling Q.C.,ID4618,Fluxicon Disco,Variant 192,192,2012-02-07T15:50:00.000,2012-02-07T14:24:00.000
Flat Grinding,Case72,ID4882,Flat Grinding,ID4882,Fluxicon Disco,Variant 192,192,2012-02-12T07:15:00.000,2012-02-12T06:00:00.000
Flat Grinding,Case72,ID0998,Flat Grinding,ID0998,Fluxicon Disco,Variant 192,192,2012-02-12T16:47:00.000,2012-02-12T16:46:00.000
Laser Marking,Case72,ID0998,Laser Marking,ID0998,Fluxicon Disco,Variant 192,192,2012-02-12T20:13:00.000,2012-02-12T16:47:00.000
Flat Grinding,Case72,ID4882,Flat Grinding,ID4882,Fluxicon Disco,Variant 192,192,2012-02-12T21:27:00.000,2012-02-12T20:12:00.000
Packing,Case72,ID4820,Packing,ID4820,Fluxicon Disco,Variant 192,192,2012-02-14T07:00:00.000,2012-02-14T06:00:00.000
Packing,Case72,ID4820,Packing,ID4820,Fluxicon Disco,Variant 192,192,2012-02-14T07:00:00.000,2012-02-14T06:00:00.000
Final Inspection Q.C.,Case72,ID4618,Final Inspection Q.C.,ID4618,Fluxicon Disco,Variant 192,192,2012-02-14T18:39:00.000,2012-02-14T18:38:00.000
End,Case72,End,End,End,Fluxicon Disco,Variant 192,192,2012-02-14T18:39:00.000,2012-02-14T18:39:00.000
Start,Case73,Start,Start,Start,Fluxicon Disco,Variant 193,193,2012-02-08T12:56:00.000,2012-02-08T12:56:00.000
Turning & Milling,Case73,ID4932,Turning & Milling,ID4932,Fluxicon Disco,Variant 193,193,2012-02-08T13:04:00.000,2012-02-08T12:56:00.000
Turning & Milling,Case73,ID4429,Turning & Milling,ID4429,Fluxicon Disco,Variant 193,193,2012-02-08T22:34:00.000,2012-02-08T13:22:00.000
Turning & Milling,Case73,ID4167,Turning & Milling,ID4167,Fluxicon Disco,Variant 193,193,2012-02-09T05:45:00.000,2012-02-09T02:16:00.000
Turning & Milling,Case73,ID4529,Turning & Milling,ID4529,Fluxicon Disco,Variant 193,193,2012-02-09T08:46:00.000,2012-02-09T05:53:00.000
Turning & Milling,Case73,ID4429,Turning & Milling,ID4429,Fluxicon Disco,Variant 193,193,2012-02-09T15:09:00.000,2012-02-09T12:58:00.000
Turning & Milling,Case73,ID4932,Turning & Milling,ID4932,Fluxicon Disco,Variant 193,193,2012-02-09T16:26:00.000,2012-02-09T15:10:00.000
Turning & Milling,Case73,ID4932,Turning & Milling,ID4932,Fluxicon Disco,Variant 193,193,2012-02-09T22:05:00.000,2012-02-09T16:27:00.000
Turning & Milling Q.C.,Case73,ID4618,Turning & Milling Q.C.,ID4618,Fluxicon Disco,Variant 193,193,2012-02-09T17:55:00.000,2012-02-09T16:53:00.000
Turning & Milling,Case73,ID4167,Turning & Milling,ID4167,Fluxicon Disco,Variant 193,193,2012-02-10T03:36:00.000,2012-02-09T23:14:00.000
Turning & Milling,Case73,ID0997,Turning & Milling,ID0997,Fluxicon Disco,Variant 193,193,2012-02-10T04:43:00.000,2012-02-10T02:15:00.000
Turning & Milling Q.C.,Case73,ID4618,Turning & Milling Q.C.,ID4618,Fluxicon Disco,Variant 193,193,2012-02-10T14:09:00.000,2012-02-10T13:47:00.000
Laser Marking,Case73,ID0998,Laser Marking,ID0998,Fluxicon Disco,Variant 193,193,2012-02-15T20:40:00.000,2012-02-15T20:20:00.000
Round Grinding,Case73,ID4355,Round Grinding,ID4355,Fluxicon Disco,Variant 193,193,2012-02-16T21:28:00.000,2012-02-16T19:39:00.000
Round Grinding,Case73,ID4355,Round Grinding,ID4355,Fluxicon Disco,Variant 193,193,2012-02-16T22:02:00.000,2012-02-16T21:28:00.000
Round Grinding,Case73,ID4385,Round Grinding,ID4385,Fluxicon Disco,Variant 193,193,2012-02-17T02:13:00.000,2012-02-16T22:03:00.000
Round Grinding,Case73,ID4385,Round Grinding,ID4385,Fluxicon Disco,Variant 193,193,2012-02-17T03:07:00.000,2012-02-17T02:13:00.000
Round Grinding,Case73,ID4385,Round Grinding,ID4385,Fluxicon Disco,Variant 193,193,2012-02-17T05:30:00.000,2012-02-17T03:15:00.000
Round Grinding,Case73,ID4618,Round Grinding,ID4618,Fluxicon Disco,Variant 193,193,2012-02-17T18:13:00.000,2012-02-17T17:49:00.000
Packing,Case73,ID4820,Packing,ID4820,Fluxicon Disco,Variant 193,193,2012-02-19T07:00:00.000,2012-02-19T06:00:00.000
Final Inspection Q.C.,Case73,ID4618,Final Inspection Q.C.,ID4618,Fluxicon Disco,Variant 193,193,2012-02-19T19:58:00.000,2012-02-19T15:00:00.000
End,Case73,End,End,End,Fluxicon Disco,Variant 193,193,2012-02-19T19:58:00.000,2012-02-19T19:58:00.000
Start,Case74,Start,Start,Start,Fluxicon Disco,Variant 194,194,2012-01-31T06:00:00.000,2012-01-31T06:00:00.000
Packing,Case74,ID4820,Packing,ID4820,Fluxicon Disco,Variant 194,194,2012-01-31T07:00:00.000,2012-01-31T06:00:00.000
Final Inspection Q.C.,Case74,ID4287,Final Inspection Q.C.,ID4287,Fluxicon Disco,Variant 194,194,2012-01-31T14:40:00.000,2012-01-31T14:04:00.000
Final Inspection Q.C.,Case74,ID4287,Final Inspection Q.C.,ID4287,Fluxicon Disco,Variant 194,194,2012-01-31T22:26:00.000,2012-01-31T21:11:00.000
End,Case74,End,End,End,Fluxicon Disco,Variant 194,194,2012-01-31T22:26:00.000,2012-01-31T22:26:00.000
Start,Case75,Start,Start,Start,Fluxicon Disco,Variant 195,195,2012-02-02T15:16:00.000,2012-02-02T15:16:00.000
Turning & Milling,Case75,ID0997,Turning & Milling,ID0997,Fluxicon Disco,Variant 195,195,2012-02-02T16:20:00.000,2012-02-02T15:16:00.000
Turning & Milling,Case75,ID0997,Turning & Milling,ID0997,Fluxicon Disco,Variant 195,195,2012-02-02T22:00:00.000,2012-02-02T17:41:00.000
Turning & Milling,Case75,ID4219,Turning & Milling,ID4219,Fluxicon Disco,Variant 195,195,2012-02-03T01:38:00.000,2012-02-02T22:13:00.000
Turning & Milling,Case75,ID4219,Turning & Milling,ID4219,Fluxicon Disco,Variant 195,195,2012-02-03T06:00:00.000,2012-02-03T03:00:00.000
Turning & Milling,Case75,ID0997,Turning & Milling,ID0997,Fluxicon Disco,Variant 195,195,2012-02-03T16:30:00.000,2012-02-03T13:00:00.000
Turning & Milling,Case75,ID0997,Turning & Milling,ID0997,Fluxicon Disco,Variant 195,195,2012-02-03T17:30:00.000,2012-02-03T16:30:00.000
Turning & Milling Q.C.,Case75,ID4493,Turning & Milling Q.C.,ID4493,Fluxicon Disco,Variant 195,195,2012-02-05T18:50:00.000,2012-02-05T17:30:00.000
Laser Marking,Case75,ID0998,Laser Marking,ID0998,Fluxicon Disco,Variant 195,195,2012-02-16T17:52:00.000,2012-02-16T17:51:00.000
Lapping,Case75,ID4882,Lapping,ID4882,Fluxicon Disco,Variant 195,195,2012-02-16T20:53:00.000,2012-02-16T20:15:00.000
Round Grinding,Case75,ID4872,Round Grinding,ID4872,Fluxicon Disco,Variant 195,195,2012-02-17T14:30:00.000,2012-02-17T13:00:00.000
Round Grinding,Case75,ID4872,Round Grinding,ID4872,Fluxicon Disco,Variant 195,195,2012-02-17T18:30:00.000,2012-02-17T14:30:00.000
Round Grinding,Case75,ID4528,Round Grinding,ID4528,Fluxicon Disco,Variant 195,195,2012-02-19T18:00:00.000,2012-02-19T15:20:00.000
Packing,Case75,ID4820,Packing,ID4820,Fluxicon Disco,Variant 195,195,2012-02-21T07:00:00.000,2012-02-21T06:00:00.000
Final Inspection Q.C.,Case75,ID4493,Final Inspection Q.C.,ID4493,Fluxicon Disco,Variant 195,195,2012-02-21T16:20:00.000,2012-02-21T15:30:00.000
End,Case75,End,End,End,Fluxicon Disco,Variant 195,195,2012-02-21T16:20:00.000,2012-02-21T16:20:00.000
Start,Case76,Start,Start,Start,Fluxicon Disco,Variant 196,196,2012-02-19T18:00:00.000,2012-02-19T18:00:00.000
Round Grinding,Case76,ID4528,Round Grinding,ID4528,Fluxicon Disco,Variant 196,196,2012-02-19T18:30:00.000,2012-02-19T18:00:00.000
Packing,Case76,ID4820,Packing,ID4820,Fluxicon Disco,Variant 196,196,2012-02-21T07:00:00.000,2012-02-21T06:00:00.000
Final Inspection Q.C.,Case76,ID4493,Final Inspection Q.C.,ID4493,Fluxicon Disco,Variant 196,196,2012-02-21T16:19:00.000,2012-02-21T15:18:00.000
End,Case76,End,End,End,Fluxicon Disco,Variant 196,196,2012-02-21T16:19:00.000,2012-02-21T16:19:00.000
Start,Case77,Start,Start,Start,Fluxicon Disco,Variant 197,197,2012-01-31T15:35:00.000,2012-01-31T15:35:00.000
Turning & Milling,Case77,ID4641,Turning & Milling,ID4641,Fluxicon Disco,Variant 197,197,2012-01-31T22:01:00.000,2012-01-31T15:35:00.000
Turning & Milling,Case77,ID4641,Turning & Milling,ID4641,Fluxicon Disco,Variant 197,197,2012-02-01T22:04:00.000,2012-02-01T16:48:00.000
Turning & Milling,Case77,ID3846,Turning & Milling,ID3846,Fluxicon Disco,Variant 197,197,2012-02-02T05:42:00.000,2012-02-01T22:06:00.000
Turning & Milling,Case77,ID3846,Turning & Milling,ID3846,Fluxicon Disco,Variant 197,197,2012-02-03T05:40:00.000,2012-02-02T22:22:00.000
Turning & Milling,Case77,ID4641,Turning & Milling,ID4641,Fluxicon Disco,Variant 197,197,2012-02-05T12:38:00.000,2012-02-05T08:13:00.000
Turning & Milling,Case77,ID4132,Turning & Milling,ID4132,Fluxicon Disco,Variant 197,197,2012-02-05T23:47:00.000,2012-02-05T13:11:00.000
Turning & Milling Q.C.,Case77,ID4163,Turning & Milling Q.C.,ID4163,Fluxicon Disco,Variant 197,197,2012-02-05T18:00:00.000,2012-02-05T15:00:00.000
Turning & Milling,Case77,ID4641,Turning & Milling,ID4641,Fluxicon Disco,Variant 197,197,2012-02-06T12:39:00.000,2012-02-06T02:34:00.000
Turning & Milling,Case77,ID3846,Turning & Milling,ID3846,Fluxicon Disco,Variant 197,197,2012-02-06T23:49:00.000,2012-02-06T12:58:00.000
Turning & Milling,Case77,ID4641,Turning & Milling,ID4641,Fluxicon Disco,Variant 197,197,2012-02-07T12:31:00.000,2012-02-07T02:16:00.000
Turning & Milling,Case77,ID3846,Turning & Milling,ID3846,Fluxicon Disco,Variant 197,197,2012-02-07T15:21:00.000,2012-02-07T13:11:00.000
Turning & Milling,Case77,ID3846,Turning & Milling,ID3846,Fluxicon Disco,Variant 197,197,2012-02-07T21:43:00.000,2012-02-07T15:21:00.000
Turning & Milling,Case77,ID4641,Turning & Milling,ID4641,Fluxicon Disco,Variant 197,197,2012-02-08T06:00:00.000,2012-02-08T02:17:00.000
Round Grinding,Case77,ID4445,Round Grinding,ID4445,Fluxicon Disco,Variant 197,197,2012-02-08T07:30:00.000,2012-02-08T06:00:00.000
Turning & Milling,Case77,ID4641,Turning & Milling,ID4641,Fluxicon Disco,Variant 197,197,2012-02-08T12:30:00.000,2012-02-08T06:00:00.000
Round Grinding,Case77,ID4445,Round Grinding,ID4445,Fluxicon Disco,Variant 197,197,2012-02-08T12:00:00.000,2012-02-08T07:30:00.000
Turning & Milling,Case77,ID3846,Turning & Milling,ID3846,Fluxicon Disco,Variant 197,197,2012-02-08T23:50:00.000,2012-02-08T17:40:00.000
Turning & Milling Q.C.,Case77,ID4163,Turning & Milling Q.C.,ID4163,Fluxicon Disco,Variant 197,197,2012-02-08T20:11:00.000,2012-02-08T19:20:00.000
Laser Marking,Case77,ID0998,Laser Marking,ID0998,Fluxicon Disco,Variant 197,197,2012-02-08T21:27:00.000,2012-02-08T20:12:00.000
Round Grinding,Case77,ID4528,Round Grinding,ID4528,Fluxicon Disco,Variant 197,197,2012-02-08T23:40:00.000,2012-02-08T22:00:00.000
Flat Grinding,Case77,ID0998,Flat Grinding,ID0998,Fluxicon Disco,Variant 197,197,2012-02-08T22:19:00.000,2012-02-08T22:18:00.000
Lapping,Case77,ID0998,Lapping,ID0998,Fluxicon Disco,Variant 197,197,2012-02-08T23:34:00.000,2012-02-08T22:19:00.000
Flat Grinding,Case77,ID0998,Flat Grinding,ID0998,Fluxicon Disco,Variant 197,197,2012-02-09T01:01:00.000,2012-02-08T22:20:00.000
Round Grinding,Case77,ID4355,Round Grinding,ID4355,Fluxicon Disco,Variant 197,197,2012-02-09T02:52:00.000,2012-02-08T23:43:00.000
Round Grinding,Case77,ID4872,Round Grinding,ID4872,Fluxicon Disco,Variant 197,197,2012-02-09T05:35:00.000,2012-02-08T23:53:00.000
Lapping,Case77,ID0998,Lapping,ID0998,Fluxicon Disco,Variant 197,197,2012-02-09T02:17:00.000,2012-02-09T01:02:00.000
Flat Grinding,Case77,ID4872,Flat Grinding,ID4872,Fluxicon Disco,Variant 197,197,2012-02-09T05:34:00.000,2012-02-09T01:02:00.000
Lapping,Case77,ID4872,Lapping,ID4872,Fluxicon Disco,Variant 197,197,2012-02-09T05:35:00.000,2012-02-09T01:02:00.000
Turning & Milling,Case77,ID4641,Turning & Milling,ID4641,Fluxicon Disco,Variant 197,197,2012-02-09T12:47:00.000,2012-02-09T02:12:00.000
Lapping,Case77,ID4445,Lapping,ID4445,Fluxicon Disco,Variant 197,197,2012-02-09T05:56:00.000,2012-02-09T02:22:00.000
Round Grinding,Case77,ID4355,Round Grinding,ID4355,Fluxicon Disco,Variant 197,197,2012-02-09T05:40:00.000,2012-02-09T02:53:00.000
Turning & Milling,Case77,ID3846,Turning & Milling,ID3846,Fluxicon Disco,Variant 197,197,2012-02-09T13:57:00.000,2012-02-09T12:56:00.000
Round Grinding,Case77,ID4163,Round Grinding,ID4163,Fluxicon Disco,Variant 197,197,2012-02-09T14:40:00.000,2012-02-09T13:00:00.000
Turning & Milling Q.C.,Case77,ID4163,Turning & Milling Q.C.,ID4163,Fluxicon Disco,Variant 197,197,2012-02-09T14:40:00.000,2012-02-09T13:00:00.000
Turning,Case77,ID4219,Turning,ID4219,Fluxicon Disco,Variant 197,197,2012-02-10T01:40:00.000,2012-02-09T13:49:00.000
Turning & Milling,Case77,ID3846,Turning & Milling,ID3846,Fluxicon Disco,Variant 197,197,2012-02-09T16:07:00.000,2012-02-09T13:58:00.000
Flat Grinding,Case77,ID0998,Flat Grinding,ID0998,Fluxicon Disco,Variant 197,197,2012-02-09T20:08:00.000,2012-02-09T14:31:00.000
Round Grinding,Case77,ID4528,Round Grinding,ID4528,Fluxicon Disco,Variant 197,197,2012-02-09T18:27:00.000,2012-02-09T15:00:00.000
Turning & Milling Q.C.,Case77,ID4163,Turning & Milling Q.C.,ID4163,Fluxicon Disco,Variant 197,197,2012-02-09T18:50:00.000,2012-02-09T15:00:00.000
Round Grinding,Case77,ID4163,Round Grinding,ID4163,Fluxicon Disco,Variant 197,197,2012-02-09T18:50:00.000,2012-02-09T16:24:00.000
Round Grinding,Case77,ID4385,Round Grinding,ID4385,Fluxicon Disco,Variant 197,197,2012-02-09T19:28:00.000,2012-02-09T17:17:00.000
Turning & Milling Q.C.,Case77,ID4163,Turning & Milling Q.C.,ID4163,Fluxicon Disco,Variant 197,197,2012-02-10T00:05:00.000,2012-02-09T19:20:00.000
Round Grinding,Case77,ID4528,Round Grinding,ID4528,Fluxicon Disco,Variant 197,197,2012-02-09T21:49:00.000,2012-02-09T19:20:00.000
Round Grinding,Case77,ID4385,Round Grinding,ID4385,Fluxicon Disco,Variant 197,197,2012-02-09T21:50:00.000,2012-02-09T19:29:00.000
Round Grinding,Case77,ID4163,Round Grinding,ID4163,Fluxicon Disco,Variant 197,197,2012-02-10T00:00:00.000,2012-02-09T19:38:00.000
Lapping,Case77,ID4872,Lapping,ID4872,Fluxicon Disco,Variant 197,197,2012-02-10T05:41:00.000,2012-02-09T20:11:00.000
Turning & Milling Q.C.,Case77,ID4163,Turning & Milling Q.C.,ID4163,Fluxicon Disco,Variant 197,197,2012-02-10T01:00:00.000,2012-02-09T20:40:00.000
Lapping,Case77,ID0998,Lapping,ID0998,Fluxicon Disco,Variant 197,197,2012-02-10T18:52:00.000,2012-02-10T00:14:00.000
Round Grinding,Case77,ID4872,Round Grinding,ID4872,Fluxicon Disco,Variant 197,197,2012-02-10T05:41:00.000,2012-02-10T00:15:00.000
Packing,Case77,ID4820,Packing,ID4820,Fluxicon Disco,Variant 197,197,2012-02-10T07:00:00.000,2012-02-10T06:00:00.000
Round Grinding,Case77,ID4163,Round Grinding,ID4163,Fluxicon Disco,Variant 197,197,2012-02-10T14:40:00.000,2012-02-10T13:00:00.000
Turning,Case77,ID4219,Turning,ID4219,Fluxicon Disco,Variant 197,197,2012-02-10T15:50:00.000,2012-02-10T13:26:00.000
Final Inspection Q.C.,Case77,ID4163,Final Inspection Q.C.,ID4163,Fluxicon Disco,Variant 197,197,2012-02-10T15:56:00.000,2012-02-10T15:00:00.000
Turning,Case77,ID4219,Turning,ID4219,Fluxicon Disco,Variant 197,197,2012-02-10T15:53:00.000,2012-02-10T15:52:00.000
Lapping,Case77,ID0998,Lapping,ID0998,Fluxicon Disco,Variant 197,197,2012-02-10T18:52:00.000,2012-02-10T18:50:00.000
Round Grinding,Case77,ID4355,Round Grinding,ID4355,Fluxicon Disco,Variant 197,197,2012-02-12T14:11:00.000,2012-02-12T13:57:00.000
Round Grinding,Case77,ID4355,Round Grinding,ID4355,Fluxicon Disco,Variant 197,197,2012-02-12T16:03:00.000,2012-02-12T14:12:00.000
Round Grinding,Case77,ID4872,Round Grinding,ID4872,Fluxicon Disco,Variant 197,197,2012-02-12T16:53:00.000,2012-02-12T14:19:00.000
Round Grinding,Case77,ID4355,Round Grinding,ID4355,Fluxicon Disco,Variant 197,197,2012-02-12T19:58:00.000,2012-02-12T16:05:00.000
Round Grinding,Case77,ID4355,Round Grinding,ID4355,Fluxicon Disco,Variant 197,197,2012-02-12T21:52:00.000,2012-02-12T19:59:00.000
Round Grinding,Case77,ID4385,Round Grinding,ID4385,Fluxicon Disco,Variant 197,197,2012-02-12T23:22:00.000,2012-02-12T22:18:00.000
Round Grinding,Case77,ID4355,Round Grinding,ID4355,Fluxicon Disco,Variant 197,197,2012-02-13T13:03:00.000,2012-02-13T12:55:00.000
Turning,Case77,ID4219,Turning,ID4219,Fluxicon Disco,Variant 197,197,2012-02-14T02:27:00.000,2012-02-13T14:26:00.000
Round Grinding,Case77,ID4355,Round Grinding,ID4355,Fluxicon Disco,Variant 197,197,2012-02-13T22:49:00.000,2012-02-13T15:09:00.000
Final Inspection Q.C.,Case77,ID4163,Final Inspection Q.C.,ID4163,Fluxicon Disco,Variant 197,197,2012-02-14T00:00:00.000,2012-02-13T19:20:00.000
Round Grinding,Case77,ID4385,Round Grinding,ID4385,Fluxicon Disco,Variant 197,197,2012-02-14T01:33:00.000,2012-02-13T22:13:00.000
Round Grinding,Case77,ID4163,Round Grinding,ID4163,Fluxicon Disco,Variant 197,197,2012-02-15T00:02:00.000,2012-02-14T19:20:00.000
Turning,Case77,ID4219,Turning,ID4219,Fluxicon Disco,Variant 197,197,2012-02-15T02:31:00.000,2012-02-15T02:30:00.000
Round Grinding,Case77,ID4163,Round Grinding,ID4163,Fluxicon Disco,Variant 197,197,2012-02-15T14:40:00.000,2012-02-15T13:00:00.000
Round Grinding,Case77,ID4163,Round Grinding,ID4163,Fluxicon Disco,Variant 197,197,2012-02-15T18:50:00.000,2012-02-15T15:00:00.000
Final Inspection Q.C.,Case77,ID4163,Final Inspection Q.C.,ID4163,Fluxicon Disco,Variant 197,197,2012-02-15T20:20:00.000,2012-02-15T19:20:00.000
Turning,Case77,ID0997,Turning,ID0997,Fluxicon Disco,Variant 197,197,2012-02-15T21:52:00.000,2012-02-15T21:51:00.000
Packing,Case77,ID4820,Packing,ID4820,Fluxicon Disco,Variant 197,197,2012-02-16T07:00:00.000,2012-02-16T06:00:00.000
Final Inspection Q.C.,Case77,ID4163,Final Inspection Q.C.,ID4163,Fluxicon Disco,Variant 197,197,2012-02-22T00:02:00.000,2012-02-21T22:00:00.000
Turning,Case77,ID4219,Turning,ID4219,Fluxicon Disco,Variant 197,197,2012-02-22T07:15:00.000,2012-02-22T06:00:00.000
Final Inspection Q.C.,Case77,ID4163,Final Inspection Q.C.,ID4163,Fluxicon Disco,Variant 197,197,2012-02-22T14:40:00.000,2012-02-22T13:00:00.000
End,Case77,End,End,End,Fluxicon Disco,Variant 197,197,2012-02-22T14:40:00.000,2012-02-22T14:40:00.000
Start,Case78,Start,Start,Start,Fluxicon Disco,Variant 198,198,2012-03-01T00:31:00.000,2012-03-01T00:31:00.000
Turning & Milling,Case78,ID4429,Turning & Milling,ID4429,Fluxicon Disco,Variant 198,198,2012-03-01T03:58:00.000,2012-03-01T00:31:00.000
Turning & Milling,Case78,ID4429,Turning & Milling,ID4429,Fluxicon Disco,Variant 198,198,2012-03-01T05:44:00.000,2012-03-01T03:59:00.000
Turning & Milling,Case78,ID4932,Turning & Milling,ID4932,Fluxicon Disco,Variant 198,198,2012-03-01T12:41:00.000,2012-03-01T06:09:00.000
Turning & Milling,Case78,ID4529,Turning & Milling,ID4529,Fluxicon Disco,Variant 198,198,2012-03-01T21:47:00.000,2012-03-01T12:56:00.000
Turning & Milling,Case78,ID4429,Turning & Milling,ID4429,Fluxicon Disco,Variant 198,198,2012-03-02T01:20:00.000,2012-03-01T22:15:00.000
Turning & Milling,Case78,ID4429,Turning & Milling,ID4429,Fluxicon Disco,Variant 198,198,2012-03-02T05:36:00.000,2012-03-02T02:22:00.000
Turning & Milling,Case78,ID4794,Turning & Milling,ID4794,Fluxicon Disco,Variant 198,198,2012-03-02T09:58:00.000,2012-03-02T06:10:00.000
Turning & Milling,Case78,ID4794,Turning & Milling,ID4794,Fluxicon Disco,Variant 198,198,2012-03-02T12:26:00.000,2012-03-02T09:59:00.000
Turning & Milling,Case78,ID4167,Turning & Milling,ID4167,Fluxicon Disco,Variant 198,198,2012-03-02T18:46:00.000,2012-03-02T18:44:00.000
Turning & Milling,Case78,ID4529,Turning & Milling,ID4529,Fluxicon Disco,Variant 198,198,2012-03-03T20:00:00.000,2012-03-03T19:00:00.000
Turning & Milling,Case78,ID4641,Turning & Milling,ID4641,Fluxicon Disco,Variant 198,198,2012-03-04T06:57:00.000,2012-03-04T06:12:00.000
Turning & Milling Q.C.,Case78,ID4493,Turning & Milling Q.C.,ID4493,Fluxicon Disco,Variant 198,198,2012-03-04T23:11:00.000,2012-03-04T21:56:00.000
Turning & Milling Q.C.,Case78,ID4493,Turning & Milling Q.C.,ID4493,Fluxicon Disco,Variant 198,198,2012-03-05T18:09:00.000,2012-03-05T17:20:00.000
Turning & Milling Q.C.,Case78,ID4493,Turning & Milling Q.C.,ID4493,Fluxicon Disco,Variant 198,198,2012-03-08T13:27:00.000,2012-03-08T13:00:00.000
Turning & Milling,Case78,ID4429,Turning & Milling,ID4429,Fluxicon Disco,Variant 198,198,2012-03-08T21:04:00.000,2012-03-08T13:23:00.000
Laser Marking,Case78,ID4882,Laser Marking,ID4882,Fluxicon Disco,Variant 198,198,2012-03-08T14:50:00.000,2012-03-08T13:35:00.000
Turning & Milling,Case78,ID4167,Turning & Milling,ID4167,Fluxicon Disco,Variant 198,198,2012-03-08T23:56:00.000,2012-03-08T21:56:00.000
Turning & Milling,Case78,ID4167,Turning & Milling,ID4167,Fluxicon Disco,Variant 198,198,2012-03-09T02:37:00.000,2012-03-08T23:55:00.000
Turning & Milling,Case78,ID4529,Turning & Milling,ID4529,Fluxicon Disco,Variant 198,198,2012-03-09T07:47:00.000,2012-03-09T02:11:00.000
Turning & Milling,Case78,ID4529,Turning & Milling,ID4529,Fluxicon Disco,Variant 198,198,2012-03-09T12:52:00.000,2012-03-09T07:48:00.000
Turning & Milling,Case78,ID4429,Turning & Milling,ID4429,Fluxicon Disco,Variant 198,198,2012-03-09T18:27:00.000,2012-03-09T13:28:00.000
Turning & Milling Q.C.,Case78,ID4493,Turning & Milling Q.C.,ID4493,Fluxicon Disco,Variant 198,198,2012-03-09T18:43:00.000,2012-03-09T18:06:00.000
Turning & Milling,Case78,ID4794,Turning & Milling,ID4794,Fluxicon Disco,Variant 198,198,2012-03-10T23:03:00.000,2012-03-10T18:03:00.000
Turning & Milling,Case78,ID4794,Turning & Milling,ID4794,Fluxicon Disco,Variant 198,198,2012-03-11T12:35:00.000,2012-03-10T19:00:00.000
Turning & Milling,Case78,ID4932,Turning & Milling,ID4932,Fluxicon Disco,Variant 198,198,2012-03-11T16:55:00.000,2012-03-11T05:27:00.000
Turning & Milling,Case78,ID4529,Turning & Milling,ID4529,Fluxicon Disco,Variant 198,198,2012-03-11T22:08:00.000,2012-03-11T12:55:00.000
Turning & Milling Q.C.,Case78,ID4493,Turning & Milling Q.C.,ID4493,Fluxicon Disco,Variant 198,198,2012-03-11T15:24:00.000,2012-03-11T14:23:00.000
Turning & Milling,Case78,ID4429,Turning & Milling,ID4429,Fluxicon Disco,Variant 198,198,2012-03-11T23:15:00.000,2012-03-11T22:12:00.000
Turning & Milling,Case78,ID4429,Turning & Milling,ID4429,Fluxicon Disco,Variant 198,198,2012-03-12T05:40:00.000,2012-03-11T23:19:00.000
Laser Marking,Case78,ID4882,Laser Marking,ID4882,Fluxicon Disco,Variant 198,198,2012-03-12T07:15:00.000,2012-03-12T06:00:00.000
Turning & Milling,Case78,ID4794,Turning & Milling,ID4794,Fluxicon Disco,Variant 198,198,2012-03-12T13:00:00.000,2012-03-12T06:02:00.000
Turning & Milling Q.C.,Case78,ID4493,Turning & Milling Q.C.,ID4493,Fluxicon Disco,Variant 198,198,2012-03-12T15:07:00.000,2012-03-12T13:52:00.000
Turning & Milling Q.C.,Case78,ID4493,Turning & Milling Q.C.,ID4493,Fluxicon Disco,Variant 198,198,2012-03-12T15:09:00.000,2012-03-12T13:54:00.000
Turning & Milling Q.C.,Case78,ID4493,Turning & Milling Q.C.,ID4493,Fluxicon Disco,Variant 198,198,2012-03-12T21:46:00.000,2012-03-12T16:44:00.000
Laser Marking,Case78,ID4882,Laser Marking,ID4882,Fluxicon Disco,Variant 198,198,2012-03-12T21:07:00.000,2012-03-12T19:31:00.000
Laser Marking,Case78,ID4882,Laser Marking,ID4882,Fluxicon Disco,Variant 198,198,2012-03-12T21:34:00.000,2012-03-12T21:19:00.000
Turning & Milling Q.C.,Case78,ID4493,Turning & Milling Q.C.,ID4493,Fluxicon Disco,Variant 198,198,2012-03-12T21:53:00.000,2012-03-12T21:47:00.000
Turning & Milling Q.C.,Case78,ID4493,Turning & Milling Q.C.,ID4493,Fluxicon Disco,Variant 198,198,2012-03-14T18:26:00.000,2012-03-14T17:11:00.000
Lapping,Case78,ID4882,Lapping,ID4882,Fluxicon Disco,Variant 198,198,2012-03-28T08:15:00.000,2012-03-28T07:00:00.000
Lapping,Case78,ID0998,Lapping,ID0998,Fluxicon Disco,Variant 198,198,2012-03-29T00:16:00.000,2012-03-28T20:23:00.000
Round Grinding,Case78,ID4385,Round Grinding,ID4385,Fluxicon Disco,Variant 198,198,2012-03-29T08:08:00.000,2012-03-29T06:07:00.000
Round Grinding,Case78,ID4385,Round Grinding,ID4385,Fluxicon Disco,Variant 198,198,2012-03-29T13:50:00.000,2012-03-29T08:09:00.000
Round Grinding,Case78,ID4445,Round Grinding,ID4445,Fluxicon Disco,Variant 198,198,2012-03-29T17:37:00.000,2012-03-29T14:02:00.000
Lapping,Case78,ID0998,Lapping,ID0998,Fluxicon Disco,Variant 198,198,2012-03-30T00:22:00.000,2012-03-29T21:39:00.000
Turning & Milling Q.C.,Case78,ID4955,Turning & Milling Q.C.,ID4955,Fluxicon Disco,Variant 198,198,2012-03-29T22:11:00.000,2012-03-29T22:07:00.000
Turning & Milling Q.C.,Case78,ID0420,Turning & Milling Q.C.,ID0420,Fluxicon Disco,Variant 198,198,2012-03-30T11:28:00.000,2012-03-30T02:14:00.000
Round Grinding,Case78,ID4355,Round Grinding,ID4355,Fluxicon Disco,Variant 198,198,2012-03-30T18:22:00.000,2012-03-30T13:03:00.000
Lapping,Case78,ID0998,Lapping,ID0998,Fluxicon Disco,Variant 198,198,2012-03-30T19:46:00.000,2012-03-30T18:31:00.000
End,Case78,End,End,End,Fluxicon Disco,Variant 198,198,2012-03-30T19:46:00.000,2012-03-30T19:46:00.000
Start,Case79,Start,Start,Start,Fluxicon Disco,Variant 199,199,2012-03-12T23:00:00.000,2012-03-12T23:00:00.000
Turning & Milling Q.C.,Case79,ID4287,Turning & Milling Q.C.,ID4287,Fluxicon Disco,Variant 199,199,2012-03-13T00:01:00.000,2012-03-12T23:00:00.000
Laser Marking,Case79,ID4355,Laser Marking,ID4355,Fluxicon Disco,Variant 199,199,2012-03-13T20:36:00.000,2012-03-13T16:47:00.000
Lapping,Case79,ID4882,Lapping,ID4882,Fluxicon Disco,Variant 199,199,2012-03-14T07:15:00.000,2012-03-14T06:00:00.000
Lapping,Case79,ID0998,Lapping,ID0998,Fluxicon Disco,Variant 199,199,2012-03-14T18:44:00.000,2012-03-14T17:17:00.000
Final Inspection Q.C.,Case79,ID4287,Final Inspection Q.C.,ID4287,Fluxicon Disco,Variant 199,199,2012-03-15T21:57:00.000,2012-03-15T20:30:00.000
Packing,Case79,ID4820,Packing,ID4820,Fluxicon Disco,Variant 199,199,2012-03-18T07:00:00.000,2012-03-18T06:00:00.000
End,Case79,End,End,End,Fluxicon Disco,Variant 199,199,2012-03-18T07:00:00.000,2012-03-18T07:00:00.000
Start,Case80,Start,Start,Start,Fluxicon Disco,Variant 200,200,2012-03-07T02:21:00.000,2012-03-07T02:21:00.000
Turning & Milling,Case80,ID4529,Turning & Milling,ID4529,Fluxicon Disco,Variant 200,200,2012-03-07T05:51:00.000,2012-03-07T02:21:00.000
Turning & Milling,Case80,ID4529,Turning & Milling,ID4529,Fluxicon Disco,Variant 200,200,2012-03-07T12:52:00.000,2012-03-07T05:51:00.000
Turning & Milling Q.C.,Case80,ID4287,Turning & Milling Q.C.,ID4287,Fluxicon Disco,Variant 200,200,2012-03-07T21:38:00.000,2012-03-07T19:20:00.000
Laser Marking,Case80,ID0998,Laser Marking,ID0998,Fluxicon Disco,Variant 200,200,2012-03-07T22:11:00.000,2012-03-07T21:50:00.000
Lapping,Case80,ID4882,Lapping,ID4882,Fluxicon Disco,Variant 200,200,2012-03-29T08:15:00.000,2012-03-29T07:00:00.000
Lapping,Case80,ID0998,Lapping,ID0998,Fluxicon Disco,Variant 200,200,2012-03-29T21:51:00.000,2012-03-29T21:32:00.000
Round Grinding,Case80,ID4385,Round Grinding,ID4385,Fluxicon Disco,Variant 200,200,2012-03-30T04:09:00.000,2012-03-30T02:26:00.000
Round Grinding,Case80,ID4385,Round Grinding,ID4385,Fluxicon Disco,Variant 200,200,2012-03-30T10:35:00.000,2012-03-30T07:27:00.000
Round Grinding,Case80,ID4445,Round Grinding,ID4445,Fluxicon Disco,Variant 200,200,2012-03-30T13:30:00.000,2012-03-30T08:00:00.000
Round Grinding,Case80,ID4355,Round Grinding,ID4355,Fluxicon Disco,Variant 200,200,2012-03-30T18:23:00.000,2012-03-30T12:51:00.000
Round Grinding,Case80,ID4445,Round Grinding,ID4445,Fluxicon Disco,Variant 200,200,2012-03-31T08:00:00.000,2012-03-31T05:00:00.000
End,Case80,End,End,End,Fluxicon Disco,Variant 200,200,2012-03-31T08:00:00.000,2012-03-31T08:00:00.000
Start,Case81,Start,Start,Start,Fluxicon Disco,Variant 6,6,2012-03-23T17:25:00.000,2012-03-23T17:25:00.000
Turning & Milling Q.C.,Case81,ID4618,Turning & Milling Q.C.,ID4618,Fluxicon Disco,Variant 6,6,2012-03-23T18:44:00.000,2012-03-23T17:25:00.000
Turning & Milling Q.C.,Case81,ID4618,Turning & Milling Q.C.,ID4618,Fluxicon Disco,Variant 6,6,2012-03-26T00:59:00.000,2012-03-25T18:48:00.000
Turning & Milling Q.C.,Case81,ID4618,Turning & Milling Q.C.,ID4618,Fluxicon Disco,Variant 6,6,2012-03-26T23:08:00.000,2012-03-26T13:48:00.000
End,Case81,End,End,End,Fluxicon Disco,Variant 6,6,2012-03-26T23:08:00.000,2012-03-26T23:08:00.000
Start,Case82,Start,Start,Start,Fluxicon Disco,Variant 201,201,2012-03-07T15:11:00.000,2012-03-07T15:11:00.000
Turning & Milling,Case82,ID4429,Turning & Milling,ID4429,Fluxicon Disco,Variant 201,201,2012-03-07T23:05:00.000,2012-03-07T15:11:00.000
Turning & Milling,Case82,ID4429,Turning & Milling,ID4429,Fluxicon Disco,Variant 201,201,2012-03-07T23:22:00.000,2012-03-07T23:05:00.000
Turning & Milling,Case82,ID4529,Turning & Milling,ID4529,Fluxicon Disco,Variant 201,201,2012-03-08T03:05:00.000,2012-03-08T02:18:00.000
Turning & Milling,Case82,ID4529,Turning & Milling,ID4529,Fluxicon Disco,Variant 201,201,2012-03-08T11:30:00.000,2012-03-08T03:05:00.000
Turning & Milling Q.C.,Case82,ID4287,Turning & Milling Q.C.,ID4287,Fluxicon Disco,Variant 201,201,2012-03-09T16:52:00.000,2012-03-09T13:00:00.000
Laser Marking,Case82,ID0998,Laser Marking,ID0998,Fluxicon Disco,Variant 201,201,2012-03-11T15:37:00.000,2012-03-11T14:37:00.000
Grinding Rework,Case82,ID4882,Grinding Rework,ID4882,Fluxicon Disco,Variant 201,201,2012-03-22T21:43:00.000,2012-03-22T20:29:00.000
Lapping,Case82,ID0998,Lapping,ID0998,Fluxicon Disco,Variant 201,201,2012-03-23T17:35:00.000,2012-03-23T13:53:00.000
Lapping,Case82,ID4882,Lapping,ID4882,Fluxicon Disco,Variant 201,201,2012-03-25T16:03:00.000,2012-03-25T14:42:00.000
Round Grinding,Case82,ID4355,Round Grinding,ID4355,Fluxicon Disco,Variant 201,201,2012-03-25T21:01:00.000,2012-03-25T18:50:00.000
Round Grinding,Case82,ID4355,Round Grinding,ID4355,Fluxicon Disco,Variant 201,201,2012-03-26T00:41:00.000,2012-03-25T21:02:00.000
Round Grinding,Case82,ID4385,Round Grinding,ID4385,Fluxicon Disco,Variant 201,201,2012-03-26T11:19:00.000,2012-03-26T03:41:00.000
End,Case82,End,End,End,Fluxicon Disco,Variant 201,201,2012-03-26T11:19:00.000,2012-03-26T11:19:00.000
Start,Case83,Start,Start,Start,Fluxicon Disco,Variant 202,202,2012-03-13T06:00:00.000,2012-03-13T06:00:00.000
Turning & Milling,Case83,ID4429,Turning & Milling,ID4429,Fluxicon Disco,Variant 202,202,2012-03-13T07:15:00.000,2012-03-13T06:00:00.000
Turning & Milling,Case83,ID4429,Turning & Milling,ID4429,Fluxicon Disco,Variant 202,202,2012-03-20T23:56:00.000,2012-03-20T17:08:00.000
Turning & Milling,Case83,ID4167,Turning & Milling,ID4167,Fluxicon Disco,Variant 202,202,2012-03-21T06:12:00.000,2012-03-21T04:34:00.000
Turning & Milling,Case83,ID4529,Turning & Milling,ID4529,Fluxicon Disco,Variant 202,202,2012-03-21T12:32:00.000,2012-03-21T06:13:00.000
Turning & Milling,Case83,ID4429,Turning & Milling,ID4429,Fluxicon Disco,Variant 202,202,2012-03-21T16:10:00.000,2012-03-21T12:57:00.000
Turning & Milling Q.C.,Case83,ID4287,Turning & Milling Q.C.,ID4287,Fluxicon Disco,Variant 202,202,2012-03-21T14:30:00.000,2012-03-21T13:30:00.000
Turning & Milling,Case83,ID4932,Turning & Milling,ID4932,Fluxicon Disco,Variant 202,202,2012-03-21T21:58:00.000,2012-03-21T16:31:00.000
Turning & Milling,Case83,ID4529,Turning & Milling,ID4529,Fluxicon Disco,Variant 202,202,2012-03-22T03:30:00.000,2012-03-21T22:00:00.000
Turning & Milling Q.C.,Case83,ID4287,Turning & Milling Q.C.,ID4287,Fluxicon Disco,Variant 202,202,2012-03-22T22:30:00.000,2012-03-22T21:00:00.000
Lapping,Case83,ID4882,Lapping,ID4882,Fluxicon Disco,Variant 202,202,2012-03-25T08:15:00.000,2012-03-25T07:00:00.000
Laser Marking,Case83,ID4882,Laser Marking,ID4882,Fluxicon Disco,Variant 202,202,2012-03-25T17:41:00.000,2012-03-25T17:08:00.000
Flat Grinding,Case83,ID0998,Flat Grinding,ID0998,Fluxicon Disco,Variant 202,202,2012-03-25T19:54:00.000,2012-03-25T18:38:00.000
Lapping,Case83,ID0998,Lapping,ID0998,Fluxicon Disco,Variant 202,202,2012-03-25T22:19:00.000,2012-03-25T19:54:00.000
Flat Grinding,Case83,ID0998,Flat Grinding,ID0998,Fluxicon Disco,Variant 202,202,2012-03-25T22:41:00.000,2012-03-25T22:19:00.000
Lapping,Case83,ID0998,Lapping,ID0998,Fluxicon Disco,Variant 202,202,2012-03-25T23:10:00.000,2012-03-25T22:41:00.000
End,Case83,End,End,End,Fluxicon Disco,Variant 202,202,2012-03-25T23:10:00.000,2012-03-25T23:10:00.000
Start,Case84,Start,Start,Start,Fluxicon Disco,Variant 203,203,2012-02-23T16:44:00.000,2012-02-23T16:44:00.000
Turning & Milling,Case84,ID4219,Turning & Milling,ID4219,Fluxicon Disco,Variant 203,203,2012-02-23T22:48:00.000,2012-02-23T16:44:00.000
Turning & Milling,Case84,ID4219,Turning & Milling,ID4219,Fluxicon Disco,Variant 203,203,2012-02-23T23:52:00.000,2012-02-23T22:49:00.000
Turning & Milling,Case84,ID4219,Turning & Milling,ID4219,Fluxicon Disco,Variant 203,203,2012-02-24T13:39:00.000,2012-02-24T13:10:00.000
Turning & Milling,Case84,ID4219,Turning & Milling,ID4219,Fluxicon Disco,Variant 203,203,2012-02-24T13:55:00.000,2012-02-24T13:39:00.000
Turning & Milling,Case84,ID4219,Turning & Milling,ID4219,Fluxicon Disco,Variant 203,203,2012-02-24T19:06:00.000,2012-02-24T13:55:00.000
Turning & Milling Q.C.,Case84,ID4618,Turning & Milling Q.C.,ID4618,Fluxicon Disco,Variant 203,203,2012-02-26T16:33:00.000,2012-02-26T15:32:00.000
Turning & Milling,Case84,ID0997,Turning & Milling,ID0997,Fluxicon Disco,Variant 203,203,2012-02-26T20:52:00.000,2012-02-26T18:12:00.000
Turning & Milling Q.C.,Case84,ID4618,Turning & Milling Q.C.,ID4618,Fluxicon Disco,Variant 203,203,2012-02-26T20:58:00.000,2012-02-26T20:57:00.000
Laser Marking,Case84,ID0998,Laser Marking,ID0998,Fluxicon Disco,Variant 203,203,2012-02-26T23:31:00.000,2012-02-26T22:38:00.000
Flat Grinding,Case84,ID0998,Flat Grinding,ID0998,Fluxicon Disco,Variant 203,203,2012-02-29T16:49:00.000,2012-02-29T16:14:00.000
Round Grinding,Case84,ID4528,Round Grinding,ID4528,Fluxicon Disco,Variant 203,203,2012-03-02T00:44:00.000,2012-03-01T21:47:00.000
Round Grinding,Case84,ID4528,Round Grinding,ID4528,Fluxicon Disco,Variant 203,203,2012-03-02T05:21:00.000,2012-03-02T00:44:00.000
Final Inspection Q.C.,Case84,ID4618,Final Inspection Q.C.,ID4618,Fluxicon Disco,Variant 203,203,2012-03-04T23:55:00.000,2012-03-04T17:38:00.000
Packing,Case84,ID4820,Packing,ID4820,Fluxicon Disco,Variant 203,203,2012-03-05T07:00:00.000,2012-03-05T06:00:00.000
Final Inspection Q.C.,Case84,ID4618,Final Inspection Q.C.,ID4618,Fluxicon Disco,Variant 203,203,2012-03-05T15:30:00.000,2012-03-05T15:29:00.000
Final Inspection Q.C.,Case84,ID4618,Final Inspection Q.C.,ID4618,Fluxicon Disco,Variant 203,203,2012-03-06T19:34:00.000,2012-03-06T16:49:00.000
Final Inspection Q.C.,Case84,ID4618,Final Inspection Q.C.,ID4618,Fluxicon Disco,Variant 203,203,2012-03-06T21:26:00.000,2012-03-06T20:11:00.000
Grinding Rework,Case84,ID4872,Grinding Rework,ID4872,Fluxicon Disco,Variant 203,203,2012-03-07T00:05:00.000,2012-03-06T22:05:00.000
Packing,Case84,ID4820,Packing,ID4820,Fluxicon Disco,Variant 203,203,2012-03-07T07:00:00.000,2012-03-07T06:00:00.000
Packing,Case84,ID4820,Packing,ID4820,Fluxicon Disco,Variant 203,203,2012-03-07T07:00:00.000,2012-03-07T06:00:00.000
Final Inspection Q.C.,Case84,ID4618,Final Inspection Q.C.,ID4618,Fluxicon Disco,Variant 203,203,2012-03-07T15:20:00.000,2012-03-07T14:16:00.000
End,Case84,End,End,End,Fluxicon Disco,Variant 203,203,2012-03-07T15:20:00.000,2012-03-07T15:20:00.000
Start,Case85,Start,Start,Start,Fluxicon Disco,Variant 204,204,2012-03-21T13:21:00.000,2012-03-21T13:21:00.000
Turning & Milling,Case85,ID4794,Turning & Milling,ID4794,Fluxicon Disco,Variant 204,204,2012-03-21T22:57:00.000,2012-03-21T13:21:00.000
Turning & Milling,Case85,ID4794,Turning & Milling,ID4794,Fluxicon Disco,Variant 204,204,2012-03-22T00:00:00.000,2012-03-21T22:58:00.000
Turning & Milling,Case85,ID4529,Turning & Milling,ID4529,Fluxicon Disco,Variant 204,204,2012-03-22T06:31:00.000,2012-03-22T02:22:00.000
Turning & Milling,Case85,ID0937,Turning & Milling,ID0937,Fluxicon Disco,Variant 204,204,2012-03-22T07:15:00.000,2012-03-22T06:00:00.000
Turning & Milling,Case85,ID0997,Turning & Milling,ID0997,Fluxicon Disco,Variant 204,204,2012-03-22T09:08:00.000,2012-03-22T06:04:00.000
Turning & Milling Q.C.,Case85,ID4618,Turning & Milling Q.C.,ID4618,Fluxicon Disco,Variant 204,204,2012-03-22T13:34:00.000,2012-03-22T12:56:00.000
End,Case85,End,End,End,Fluxicon Disco,Variant 204,204,2012-03-22T13:34:00.000,2012-03-22T13:34:00.000
Start,Case86,Start,Start,Start,Fluxicon Disco,Variant 205,205,2012-03-25T11:03:00.000,2012-03-25T11:03:00.000
Turning & Milling,Case86,ID4794,Turning & Milling,ID4794,Fluxicon Disco,Variant 205,205,2012-03-25T13:44:00.000,2012-03-25T11:03:00.000
Turning & Milling,Case86,ID4718,Turning & Milling,ID4718,Fluxicon Disco,Variant 205,205,2012-03-25T22:58:00.000,2012-03-25T16:49:00.000
Turning & Milling,Case86,ID4529,Turning & Milling,ID4529,Fluxicon Disco,Variant 205,205,2012-03-26T00:54:00.000,2012-03-25T23:20:00.000
Turning & Milling,Case86,ID4794,Turning & Milling,ID4794,Fluxicon Disco,Variant 205,205,2012-03-26T13:38:00.000,2012-03-26T03:09:00.000
Turning & Milling,Case86,ID4718,Turning & Milling,ID4718,Fluxicon Disco,Variant 205,205,2012-03-26T15:01:00.000,2012-03-26T13:51:00.000
Turning & Milling,Case86,ID4718,Turning & Milling,ID4718,Fluxicon Disco,Variant 205,205,2012-03-26T15:38:00.000,2012-03-26T15:37:00.000
Turning & Milling Q.C.,Case86,ID4287,Turning & Milling Q.C.,ID4287,Fluxicon Disco,Variant 205,205,2012-03-26T23:40:00.000,2012-03-26T23:00:00.000
Turning & Milling Q.C.,Case86,ID4287,Turning & Milling Q.C.,ID4287,Fluxicon Disco,Variant 205,205,2012-03-27T19:47:00.000,2012-03-27T18:00:00.000
End,Case86,End,End,End,Fluxicon Disco,Variant 205,205,2012-03-27T19:47:00.000,2012-03-27T19:47:00.000
Start,Case87,Start,Start,Start,Fluxicon Disco,Variant 206,206,2012-02-12T16:47:00.000,2012-02-12T16:47:00.000
Turning & Milling,Case87,ID4167,Turning & Milling,ID4167,Fluxicon Disco,Variant 206,206,2012-02-12T23:55:00.000,2012-02-12T16:47:00.000
Turning & Milling,Case87,ID4932,Turning & Milling,ID4932,Fluxicon Disco,Variant 206,206,2012-02-13T07:06:00.000,2012-02-13T01:55:00.000
Turning & Milling,Case87,ID4932,Turning & Milling,ID4932,Fluxicon Disco,Variant 206,206,2012-02-13T12:52:00.000,2012-02-13T07:07:00.000
Turning & Milling Q.C.,Case87,ID4618,Turning & Milling Q.C.,ID4618,Fluxicon Disco,Variant 206,206,2012-02-13T14:01:00.000,2012-02-13T12:50:00.000
Turning & Milling,Case87,ID0997,Turning & Milling,ID0997,Fluxicon Disco,Variant 206,206,2012-02-13T23:12:00.000,2012-02-13T21:57:00.000
Turning & Milling,Case87,ID4429,Turning & Milling,ID4429,Fluxicon Disco,Variant 206,206,2012-02-14T02:00:00.000,2012-02-13T22:26:00.000
Turning & Milling,Case87,ID4932,Turning & Milling,ID4932,Fluxicon Disco,Variant 206,206,2012-02-14T05:44:00.000,2012-02-14T01:49:00.000
Turning & Milling,Case87,ID4794,Turning & Milling,ID4794,Fluxicon Disco,Variant 206,206,2012-02-14T12:41:00.000,2012-02-14T05:43:00.000
Turning & Milling Q.C.,Case87,ID4618,Turning & Milling Q.C.,ID4618,Fluxicon Disco,Variant 206,206,2012-02-14T13:46:00.000,2012-02-14T13:28:00.000
Turning & Milling,Case87,ID0997,Turning & Milling,ID0997,Fluxicon Disco,Variant 206,206,2012-02-14T23:46:00.000,2012-02-14T14:03:00.000
Turning & Milling,Case87,ID4429,Turning & Milling,ID4429,Fluxicon Disco,Variant 206,206,2012-02-15T01:52:00.000,2012-02-14T23:59:00.000
Turning & Milling,Case87,ID4932,Turning & Milling,ID4932,Fluxicon Disco,Variant 206,206,2012-02-15T12:42:00.000,2012-02-15T01:54:00.000
Turning & Milling,Case87,ID4167,Turning & Milling,ID4167,Fluxicon Disco,Variant 206,206,2012-02-15T23:49:00.000,2012-02-15T12:49:00.000
Turning & Milling Q.C.,Case87,ID4618,Turning & Milling Q.C.,ID4618,Fluxicon Disco,Variant 206,206,2012-02-15T13:26:00.000,2012-02-15T12:54:00.000
Turning & Milling,Case87,ID4429,Turning & Milling,ID4429,Fluxicon Disco,Variant 206,206,2012-02-16T01:51:00.000,2012-02-16T00:20:00.000
Turning & Milling,Case87,ID4932,Turning & Milling,ID4932,Fluxicon Disco,Variant 206,206,2012-02-16T05:36:00.000,2012-02-16T01:51:00.000
Turning & Milling,Case87,ID4794,Turning & Milling,ID4794,Fluxicon Disco,Variant 206,206,2012-02-16T12:39:00.000,2012-02-16T05:47:00.000
Turning & Milling,Case87,ID4618,Turning & Milling,ID4618,Fluxicon Disco,Variant 206,206,2012-02-16T14:36:00.000,2012-02-16T12:50:00.000
Turning & Milling,Case87,ID4167,Turning & Milling,ID4167,Fluxicon Disco,Variant 206,206,2012-02-16T22:06:00.000,2012-02-16T13:09:00.000
Turning & Milling,Case87,ID4932,Turning & Milling,ID4932,Fluxicon Disco,Variant 206,206,2012-02-17T12:51:00.000,2012-02-17T02:02:00.000
Turning & Milling,Case87,ID4167,Turning & Milling,ID4167,Fluxicon Disco,Variant 206,206,2012-02-17T17:21:00.000,2012-02-17T11:21:00.000
Turning & Milling Q.C.,Case87,ID4618,Turning & Milling Q.C.,ID4618,Fluxicon Disco,Variant 206,206,2012-02-17T13:35:00.000,2012-02-17T13:00:00.000
Turning & Milling Q.C.,Case87,ID4618,Turning & Milling Q.C.,ID4618,Fluxicon Disco,Variant 206,206,2012-02-17T17:23:00.000,2012-02-17T17:17:00.000
Turning & Milling,Case87,ID4529,Turning & Milling,ID4529,Fluxicon Disco,Variant 206,206,2012-02-19T05:15:00.000,2012-02-18T19:15:00.000
Turning & Milling,Case87,ID4641,Turning & Milling,ID4641,Fluxicon Disco,Variant 206,206,2012-02-19T12:48:00.000,2012-02-19T04:10:00.000
Turning & Milling,Case87,ID4932,Turning & Milling,ID4932,Fluxicon Disco,Variant 206,206,2012-02-19T22:04:00.000,2012-02-19T12:54:00.000
Turning & Milling,Case87,ID4167,Turning & Milling,ID4167,Fluxicon Disco,Variant 206,206,2012-02-20T05:46:00.000,2012-02-19T22:25:00.000
Turning & Milling,Case87,ID4529,Turning & Milling,ID4529,Fluxicon Disco,Variant 206,206,2012-02-20T12:16:00.000,2012-02-20T05:47:00.000
Turning & Milling Q.C.,Case87,ID4618,Turning & Milling Q.C.,ID4618,Fluxicon Disco,Variant 206,206,2012-02-20T13:17:00.000,2012-02-20T12:50:00.000
Turning & Milling,Case87,ID4932,Turning & Milling,ID4932,Fluxicon Disco,Variant 206,206,2012-02-20T21:57:00.000,2012-02-20T13:00:00.000
Turning & Milling,Case87,ID4167,Turning & Milling,ID4167,Fluxicon Disco,Variant 206,206,2012-02-21T05:45:00.000,2012-02-20T21:58:00.000
Turning & Milling,Case87,ID4529,Turning & Milling,ID4529,Fluxicon Disco,Variant 206,206,2012-02-21T12:25:00.000,2012-02-21T09:00:00.000
Turning & Milling,Case87,ID4932,Turning & Milling,ID4932,Fluxicon Disco,Variant 206,206,2012-02-21T23:51:00.000,2012-02-21T12:47:00.000
Turning & Milling,Case87,ID4167,Turning & Milling,ID4167,Fluxicon Disco,Variant 206,206,2012-02-22T05:42:00.000,2012-02-21T23:53:00.000
Turning & Milling,Case87,ID4529,Turning & Milling,ID4529,Fluxicon Disco,Variant 206,206,2012-02-22T12:38:00.000,2012-02-22T06:37:00.000
Turning & Milling,Case87,ID4932,Turning & Milling,ID4932,Fluxicon Disco,Variant 206,206,2012-02-22T13:42:00.000,2012-02-22T12:54:00.000
Turning & Milling,Case87,ID4794,Turning & Milling,ID4794,Fluxicon Disco,Variant 206,206,2012-02-22T21:58:00.000,2012-02-22T13:42:00.000
Turning & Milling,Case87,ID4167,Turning & Milling,ID4167,Fluxicon Disco,Variant 206,206,2012-02-23T05:45:00.000,2012-02-23T00:12:00.000
Turning & Milling,Case87,ID4529,Turning & Milling,ID4529,Fluxicon Disco,Variant 206,206,2012-02-23T12:30:00.000,2012-02-23T05:50:00.000
Turning & Milling,Case87,ID4932,Turning & Milling,ID4932,Fluxicon Disco,Variant 206,206,2012-02-23T21:48:00.000,2012-02-23T12:52:00.000
Turning & Milling Q.C.,Case87,ID4618,Turning & Milling Q.C.,ID4618,Fluxicon Disco,Variant 206,206,2012-02-23T13:45:00.000,2012-02-23T12:53:00.000
Turning & Milling,Case87,ID4167,Turning & Milling,ID4167,Fluxicon Disco,Variant 206,206,2012-02-24T05:43:00.000,2012-02-23T22:23:00.000
Turning & Milling,Case87,ID4529,Turning & Milling,ID4529,Fluxicon Disco,Variant 206,206,2012-02-24T12:31:00.000,2012-02-24T06:09:00.000
Turning & Milling,Case87,ID4932,Turning & Milling,ID4932,Fluxicon Disco,Variant 206,206,2012-02-24T18:55:00.000,2012-02-24T13:01:00.000
Turning & Milling,Case87,ID4794,Turning & Milling,ID4794,Fluxicon Disco,Variant 206,206,2012-02-26T02:15:00.000,2012-02-25T16:00:00.000
Turning & Milling,Case87,ID4794,Turning & Milling,ID4794,Fluxicon Disco,Variant 206,206,2012-02-26T12:42:00.000,2012-02-25T19:07:00.000
Turning & Milling,Case87,ID4932,Turning & Milling,ID4932,Fluxicon Disco,Variant 206,206,2012-02-26T15:57:00.000,2012-02-26T04:17:00.000
Turning & Milling Q.C.,Case87,ID4618,Turning & Milling Q.C.,ID4618,Fluxicon Disco,Variant 206,206,2012-02-26T20:46:00.000,2012-02-26T16:44:00.000
Turning & Milling,Case87,ID4794,Turning & Milling,ID4794,Fluxicon Disco,Variant 206,206,2012-02-27T07:16:00.000,2012-02-27T02:12:00.000
Laser Marking,Case87,ID4882,Laser Marking,ID4882,Fluxicon Disco,Variant 206,206,2012-02-27T14:37:00.000,2012-02-27T13:39:00.000
Lapping,Case87,ID0998,Lapping,ID0998,Fluxicon Disco,Variant 206,206,2012-02-27T16:04:00.000,2012-02-27T14:38:00.000
Round Grinding,Case87,ID4445,Round Grinding,ID4445,Fluxicon Disco,Variant 206,206,2012-02-27T23:47:00.000,2012-02-27T16:05:00.000
Lapping,Case87,ID0998,Lapping,ID0998,Fluxicon Disco,Variant 206,206,2012-02-27T17:27:00.000,2012-02-27T16:05:00.000
Round Grinding,Case87,ID4445,Round Grinding,ID4445,Fluxicon Disco,Variant 206,206,2012-02-27T23:48:00.000,2012-02-27T17:28:00.000
Laser Marking,Case87,ID0998,Laser Marking,ID0998,Fluxicon Disco,Variant 206,206,2012-02-27T19:13:00.000,2012-02-27T19:12:00.000
Round Grinding,Case87,ID0420,Round Grinding,ID0420,Fluxicon Disco,Variant 206,206,2012-02-28T02:28:00.000,2012-02-28T02:12:00.000
Round Grinding,Case87,ID0420,Round Grinding,ID0420,Fluxicon Disco,Variant 206,206,2012-02-28T12:43:00.000,2012-02-28T04:11:00.000
Round Grinding,Case87,ID4445,Round Grinding,ID4445,Fluxicon Disco,Variant 206,206,2012-02-28T19:18:00.000,2012-02-28T13:00:00.000
Final Inspection Q.C.,Case87,ID4618,Final Inspection Q.C.,ID4618,Fluxicon Disco,Variant 206,206,2012-02-28T22:05:00.000,2012-02-28T21:37:00.000
Laser Marking,Case87,ID0998,Laser Marking,ID0998,Fluxicon Disco,Variant 206,206,2012-02-28T23:06:00.000,2012-02-28T21:51:00.000
Lapping,Case87,ID0998,Lapping,ID0998,Fluxicon Disco,Variant 206,206,2012-02-28T23:07:00.000,2012-02-28T21:52:00.000
Round Grinding,Case87,ID4445,Round Grinding,ID4445,Fluxicon Disco,Variant 206,206,2012-02-28T23:09:00.000,2012-02-28T21:54:00.000
Packing,Case87,ID4820,Packing,ID4820,Fluxicon Disco,Variant 206,206,2012-02-29T07:00:00.000,2012-02-29T06:00:00.000
Final Inspection Q.C.,Case87,ID4618,Final Inspection Q.C.,ID4618,Fluxicon Disco,Variant 206,206,2012-02-29T14:09:00.000,2012-02-29T14:08:00.000
Turning & Milling,Case87,ID4429,Turning & Milling,ID4429,Fluxicon Disco,Variant 206,206,2012-03-05T13:29:00.000,2012-03-05T11:29:00.000
Turning & Milling Q.C.,Case87,ID4618,Turning & Milling Q.C.,ID4618,Fluxicon Disco,Variant 206,206,2012-03-05T13:31:00.000,2012-03-05T13:27:00.000
Laser Marking,Case87,ID4882,Laser Marking,ID4882,Fluxicon Disco,Variant 206,206,2012-03-11T14:28:00.000,2012-03-11T13:02:00.000
Laser Marking,Case87,ID4445,Laser Marking,ID4445,Fluxicon Disco,Variant 206,206,2012-03-11T20:44:00.000,2012-03-11T17:43:00.000
Lapping,Case87,ID0998,Lapping,ID0998,Fluxicon Disco,Variant 206,206,2012-03-12T23:18:00.000,2012-03-12T22:22:00.000
Round Grinding,Case87,ID4385,Round Grinding,ID4385,Fluxicon Disco,Variant 206,206,2012-03-13T02:06:00.000,2012-03-13T01:14:00.000
Round Grinding,Case87,ID0420,Round Grinding,ID0420,Fluxicon Disco,Variant 206,206,2012-03-13T09:16:00.000,2012-03-13T02:11:00.000
Lapping,Case87,ID4882,Lapping,ID4882,Fluxicon Disco,Variant 206,206,2012-03-13T07:15:00.000,2012-03-13T06:00:00.000
Lapping,Case87,ID4882,Lapping,ID4882,Fluxicon Disco,Variant 206,206,2012-03-13T07:15:00.000,2012-03-13T06:00:00.000
Lapping,Case87,ID4882,Lapping,ID4882,Fluxicon Disco,Variant 206,206,2012-03-13T19:23:00.000,2012-03-13T15:05:00.000
Round Grinding,Case87,ID4445,Round Grinding,ID4445,Fluxicon Disco,Variant 206,206,2012-03-13T21:35:00.000,2012-03-13T21:12:00.000
Round Grinding,Case87,ID4445,Round Grinding,ID4445,Fluxicon Disco,Variant 206,206,2012-03-13T21:56:00.000,2012-03-13T21:36:00.000
Round Grinding,Case87,ID4385,Round Grinding,ID4385,Fluxicon Disco,Variant 206,206,2012-03-14T05:39:00.000,2012-03-13T21:57:00.000
Lapping,Case87,ID4882,Lapping,ID4882,Fluxicon Disco,Variant 206,206,2012-03-14T07:15:00.000,2012-03-14T06:00:00.000
Round Grinding,Case87,ID0420,Round Grinding,ID0420,Fluxicon Disco,Variant 206,206,2012-03-14T12:48:00.000,2012-03-14T06:15:00.000
Round Grinding,Case87,ID4445,Round Grinding,ID4445,Fluxicon Disco,Variant 206,206,2012-03-14T16:44:00.000,2012-03-14T12:49:00.000
Lapping,Case87,ID4882,Lapping,ID4882,Fluxicon Disco,Variant 206,206,2012-03-14T13:03:00.000,2012-03-14T13:02:00.000
Lapping,Case87,ID0998,Lapping,ID0998,Fluxicon Disco,Variant 206,206,2012-03-14T17:16:00.000,2012-03-14T14:05:00.000
Round Grinding,Case87,ID4355,Round Grinding,ID4355,Fluxicon Disco,Variant 206,206,2012-03-14T18:08:00.000,2012-03-14T16:46:00.000
Round Grinding,Case87,ID4385,Round Grinding,ID4385,Fluxicon Disco,Variant 206,206,2012-03-15T02:37:00.000,2012-03-15T01:16:00.000
Round Grinding,Case87,ID0420,Round Grinding,ID0420,Fluxicon Disco,Variant 206,206,2012-03-15T12:45:00.000,2012-03-15T03:47:00.000
Round Grinding,Case87,ID4445,Round Grinding,ID4445,Fluxicon Disco,Variant 206,206,2012-03-15T15:14:00.000,2012-03-15T12:52:00.000
Packing,Case87,ID4820,Packing,ID4820,Fluxicon Disco,Variant 206,206,2012-03-20T07:00:00.000,2012-03-20T06:00:00.000
Final Inspection Q.C.,Case87,ID4618,Final Inspection Q.C.,ID4618,Fluxicon Disco,Variant 206,206,2012-03-20T18:18:00.000,2012-03-20T15:00:00.000
Final Inspection Q.C.,Case87,ID4618,Final Inspection Q.C.,ID4618,Fluxicon Disco,Variant 206,206,2012-03-20T19:34:00.000,2012-03-20T18:19:00.000
End,Case87,End,End,End,Fluxicon Disco,Variant 206,206,2012-03-20T19:34:00.000,2012-03-20T19:34:00.000
Start,Case89,Start,Start,Start,Fluxicon Disco,Variant 207,207,2012-02-23T19:27:00.000,2012-02-23T19:27:00.000
SETUP     Turning & Milling,Case89,ID4932,SETUP     Turning & Milling,ID4932,Fluxicon Disco,Variant 207,207,2012-02-23T21:48:00.000,2012-02-23T19:27:00.000
Turning & Milling,Case89,ID4167,Turning & Milling,ID4167,Fluxicon Disco,Variant 207,207,2012-02-24T02:14:00.000,2012-02-23T22:22:00.000
Turning & Milling,Case89,ID4529,Turning & Milling,ID4529,Fluxicon Disco,Variant 207,207,2012-02-24T06:07:00.000,2012-02-24T02:15:00.000
Turning & Milling,Case89,ID4529,Turning & Milling,ID4529,Fluxicon Disco,Variant 207,207,2012-02-24T12:34:00.000,2012-02-24T06:46:00.000
Turning & Milling,Case89,ID4932,Turning & Milling,ID4932,Fluxicon Disco,Variant 207,207,2012-02-24T18:54:00.000,2012-02-24T13:02:00.000
Turning & Milling,Case89,ID4932,Turning & Milling,ID4932,Fluxicon Disco,Variant 207,207,2012-02-25T15:58:00.000,2012-02-25T14:08:00.000
Turning & Milling,Case89,ID4794,Turning & Milling,ID4794,Fluxicon Disco,Variant 207,207,2012-02-26T05:08:00.000,2012-02-25T19:07:00.000
Turning & Milling,Case89,ID4794,Turning & Milling,ID4794,Fluxicon Disco,Variant 207,207,2012-02-26T12:41:00.000,2012-02-26T04:14:00.000
Turning & Milling,Case89,ID4932,Turning & Milling,ID4932,Fluxicon Disco,Variant 207,207,2012-02-26T15:57:00.000,2012-02-26T05:08:00.000
Turning & Milling Q.C.,Case89,ID4618,Turning & Milling Q.C.,ID4618,Fluxicon Disco,Variant 207,207,2012-02-26T21:52:00.000,2012-02-26T20:49:00.000
Packing,Case89,ID4491,Packing,ID4491,Fluxicon Disco,Variant 207,207,2012-02-27T07:00:00.000,2012-02-27T06:00:00.000
Laser Marking,Case89,ID0998,Laser Marking,ID0998,Fluxicon Disco,Variant 207,207,2012-02-27T18:23:00.000,2012-02-27T17:08:00.000
Final Inspection Q.C.,Case89,ID4618,Final Inspection Q.C.,ID4618,Fluxicon Disco,Variant 207,207,2012-02-27T17:10:00.000,2012-02-27T17:09:00.000
End,Case89,End,End,End,Fluxicon Disco,Variant 207,207,2012-02-27T17:10:00.000,2012-02-27T17:10:00.000
Start,Case9,Start,Start,Start,Fluxicon Disco,Variant 208,208,2012-01-30T20:38:00.000,2012-01-30T20:38:00.000
Turning,Case9,ID4641,Turning,ID4641,Fluxicon Disco,Variant 208,208,2012-01-30T21:59:00.000,2012-01-30T20:38:00.000
Turning,Case9,ID3846,Turning,ID3846,Fluxicon Disco,Variant 208,208,2012-01-30T23:34:00.000,2012-01-30T22:07:00.000
Turning,Case9,ID3846,Turning,ID3846,Fluxicon Disco,Variant 208,208,2012-01-31T03:03:00.000,2012-01-30T23:35:00.000
Turning Q.C.,Case9,ID4618,Turning Q.C.,ID4618,Fluxicon Disco,Variant 208,208,2012-02-01T13:30:00.000,2012-02-01T13:23:00.000
Lapping,Case9,ID0998,Lapping,ID0998,Fluxicon Disco,Variant 208,208,2012-02-01T17:18:00.000,2012-02-01T15:54:00.000
Lapping,Case9,ID0998,Lapping,ID0998,Fluxicon Disco,Variant 208,208,2012-02-14T23:18:00.000,2012-02-14T21:13:00.000
Round Grinding,Case9,ID4872,Round Grinding,ID4872,Fluxicon Disco,Variant 208,208,2012-02-16T14:09:00.000,2012-02-16T12:58:00.000
Round Grinding,Case9,ID4872,Round Grinding,ID4872,Fluxicon Disco,Variant 208,208,2012-02-16T17:11:00.000,2012-02-16T14:09:00.000
Laser Marking,Case9,ID0998,Laser Marking,ID0998,Fluxicon Disco,Variant 208,208,2012-02-16T17:30:00.000,2012-02-16T17:29:00.000
Final Inspection Q.C.,Case9,ID4287,Final Inspection Q.C.,ID4287,Fluxicon Disco,Variant 208,208,2012-02-19T21:00:00.000,2012-02-19T19:20:00.000
Final Inspection Q.C.,Case9,ID4618,Final Inspection Q.C.,ID4618,Fluxicon Disco,Variant 208,208,2012-02-20T15:08:00.000,2012-02-20T15:07:00.000
Packing,Case9,ID4820,Packing,ID4820,Fluxicon Disco,Variant 208,208,2012-02-21T07:00:00.000,2012-02-21T06:00:00.000
End,Case9,End,End,End,Fluxicon Disco,Variant 208,208,2012-02-21T07:00:00.000,2012-02-21T07:00:00.000
Start,Case90,Start,Start,Start,Fluxicon Disco,Variant 209,209,2012-02-23T13:05:00.000,2012-02-23T13:05:00.000
Turning & Milling,Case90,ID4794,Turning & Milling,ID4794,Fluxicon Disco,Variant 209,209,2012-02-23T21:49:00.000,2012-02-23T13:05:00.000
Turning & Milling,Case90,ID4167,Turning & Milling,ID4167,Fluxicon Disco,Variant 209,209,2012-02-24T05:43:00.000,2012-02-23T22:21:00.000
Turning & Milling,Case90,ID4529,Turning & Milling,ID4529,Fluxicon Disco,Variant 209,209,2012-02-24T12:29:00.000,2012-02-24T06:10:00.000
Turning & Milling,Case90,ID4932,Turning & Milling,ID4932,Fluxicon Disco,Variant 209,209,2012-02-24T18:54:00.000,2012-02-24T13:00:00.000
Turning & Milling,Case90,ID4794,Turning & Milling,ID4794,Fluxicon Disco,Variant 209,209,2012-02-26T11:11:00.000,2012-02-25T19:59:00.000
Turning & Milling,Case90,ID4718,Turning & Milling,ID4718,Fluxicon Disco,Variant 209,209,2012-02-26T15:09:00.000,2012-02-26T03:58:00.000
Turning & Milling,Case90,ID4932,Turning & Milling,ID4932,Fluxicon Disco,Variant 209,209,2012-02-26T15:59:00.000,2012-02-26T13:00:00.000
Turning & Milling,Case90,ID4718,Turning & Milling,ID4718,Fluxicon Disco,Variant 209,209,2012-02-26T17:34:00.000,2012-02-26T17:18:00.000
Turning & Milling,Case90,ID4794,Turning & Milling,ID4794,Fluxicon Disco,Variant 209,209,2012-02-27T12:43:00.000,2012-02-27T01:58:00.000
Turning & Milling,Case90,ID4932,Turning & Milling,ID4932,Fluxicon Disco,Variant 209,209,2012-02-27T12:50:00.000,2012-02-27T04:00:00.000
Turning & Milling,Case90,ID4529,Turning & Milling,ID4529,Fluxicon Disco,Variant 209,209,2012-02-27T21:50:00.000,2012-02-27T15:22:00.000
Turning Q.C.,Case90,ID4618,Turning Q.C.,ID4618,Fluxicon Disco,Variant 209,209,2012-02-28T21:37:00.000,2012-02-28T15:52:00.000
Turning Q.C.,Case90,ID4618,Turning Q.C.,ID4618,Fluxicon Disco,Variant 209,209,2012-02-28T22:51:00.000,2012-02-28T21:36:00.000
Laser Marking,Case90,ID0998,Laser Marking,ID0998,Fluxicon Disco,Variant 209,209,2012-02-28T22:25:00.000,2012-02-28T21:53:00.000
Final Inspection Q.C.,Case90,ID4618,Final Inspection Q.C.,ID4618,Fluxicon Disco,Variant 209,209,2012-02-28T22:42:00.000,2012-02-28T22:28:00.000
Packing,Case90,ID4820,Packing,ID4820,Fluxicon Disco,Variant 209,209,2012-02-29T07:00:00.000,2012-02-29T06:00:00.000
End,Case90,End,End,End,Fluxicon Disco,Variant 209,209,2012-02-29T07:00:00.000,2012-02-29T07:00:00.000
Start,Case91,Start,Start,Start,Fluxicon Disco,Variant 210,210,2012-02-21T20:20:00.000,2012-02-21T20:20:00.000
Turning & Milling,Case91,ID4429,Turning & Milling,ID4429,Fluxicon Disco,Variant 210,210,2012-02-21T22:02:00.000,2012-02-21T20:20:00.000
Turning & Milling,Case91,ID4167,Turning & Milling,ID4167,Fluxicon Disco,Variant 210,210,2012-02-22T03:56:00.000,2012-02-21T22:04:00.000
Turning & Milling,Case91,ID4167,Turning & Milling,ID4167,Fluxicon Disco,Variant 210,210,2012-02-22T05:41:00.000,2012-02-22T03:56:00.000
Turning & Milling,Case91,ID4529,Turning & Milling,ID4529,Fluxicon Disco,Variant 210,210,2012-02-22T12:34:00.000,2012-02-22T05:08:00.000
Turning Q.C.,Case91,ID4618,Turning Q.C.,ID4618,Fluxicon Disco,Variant 210,210,2012-02-22T12:58:00.000,2012-02-22T12:52:00.000
Turning & Milling,Case91,ID4794,Turning & Milling,ID4794,Fluxicon Disco,Variant 210,210,2012-02-22T13:42:00.000,2012-02-22T13:22:00.000
Turning & Milling,Case91,ID4932,Turning & Milling,ID4932,Fluxicon Disco,Variant 210,210,2012-02-22T21:56:00.000,2012-02-22T13:42:00.000
Turning & Milling,Case91,ID4167,Turning & Milling,ID4167,Fluxicon Disco,Variant 210,210,2012-02-23T02:22:00.000,2012-02-23T00:13:00.000
Turning & Milling,Case91,ID4529,Turning & Milling,ID4529,Fluxicon Disco,Variant 210,210,2012-02-23T12:30:00.000,2012-02-23T02:23:00.000
Turning & Milling,Case91,ID4932,Turning & Milling,ID4932,Fluxicon Disco,Variant 210,210,2012-02-23T19:26:00.000,2012-02-23T12:52:00.000
Turning Q.C.,Case91,ID4618,Turning Q.C.,ID4618,Fluxicon Disco,Variant 210,210,2012-02-23T18:52:00.000,2012-02-23T15:09:00.000
Turning Q.C.,Case91,ID4618,Turning Q.C.,ID4618,Fluxicon Disco,Variant 210,210,2012-02-26T21:52:00.000,2012-02-26T21:20:00.000
Laser Marking,Case91,ID0998,Laser Marking,ID0998,Fluxicon Disco,Variant 210,210,2012-02-27T21:41:00.000,2012-02-27T21:40:00.000
Turning Q.C.,Case91,ID4618,Turning Q.C.,ID4618,Fluxicon Disco,Variant 210,210,2012-02-27T21:50:00.000,2012-02-27T21:47:00.000
Laser Marking,Case91,ID0998,Laser Marking,ID0998,Fluxicon Disco,Variant 210,210,2012-02-27T23:03:00.000,2012-02-27T21:48:00.000
Final Inspection Q.C.,Case91,ID4618,Final Inspection Q.C.,ID4618,Fluxicon Disco,Variant 210,210,2012-02-27T21:52:00.000,2012-02-27T21:51:00.000
Turning & Milling,Case91,ID0937,Turning & Milling,ID0937,Fluxicon Disco,Variant 210,210,2012-02-28T07:15:00.000,2012-02-28T06:00:00.000
Packing,Case91,ID4491,Packing,ID4491,Fluxicon Disco,Variant 210,210,2012-02-28T07:00:00.000,2012-02-28T06:00:00.000
End,Case91,End,End,End,Fluxicon Disco,Variant 210,210,2012-02-28T07:00:00.000,2012-02-28T07:00:00.000
Start,Case92,Start,Start,Start,Fluxicon Disco,Variant 211,211,2012-02-13T10:32:00.000,2012-02-13T10:32:00.000
Turning & Milling,Case92,ID4794,Turning & Milling,ID4794,Fluxicon Disco,Variant 211,211,2012-02-13T12:43:00.000,2012-02-13T10:32:00.000
Turning & Milling,Case92,ID4794,Turning & Milling,ID4794,Fluxicon Disco,Variant 211,211,2012-02-14T05:40:00.000,2012-02-14T02:32:00.000
Turning & Milling,Case92,ID4794,Turning & Milling,ID4794,Fluxicon Disco,Variant 211,211,2012-02-14T06:46:00.000,2012-02-14T05:41:00.000
Turning & Milling Q.C.,Case92,ID4618,Turning & Milling Q.C.,ID4618,Fluxicon Disco,Variant 211,211,2012-02-14T16:46:00.000,2012-02-14T13:47:00.000
Turning & Milling Q.C.,Case92,ID4618,Turning & Milling Q.C.,ID4618,Fluxicon Disco,Variant 211,211,2012-02-14T18:04:00.000,2012-02-14T16:49:00.000
Turning & Milling Q.C.,Case92,ID4618,Turning & Milling Q.C.,ID4618,Fluxicon Disco,Variant 211,211,2012-02-27T13:08:00.000,2012-02-27T12:50:00.000
Round Grinding,Case92,ID4528,Round Grinding,ID4528,Fluxicon Disco,Variant 211,211,2012-03-01T01:00:00.000,2012-03-01T00:21:00.000
Laser Marking,Case92,ID4528,Laser Marking,ID4528,Fluxicon Disco,Variant 211,211,2012-03-01T01:02:00.000,2012-03-01T01:00:00.000
Lapping,Case92,ID4528,Lapping,ID4528,Fluxicon Disco,Variant 211,211,2012-03-01T02:17:00.000,2012-03-01T01:02:00.000
Round Grinding,Case92,ID4528,Round Grinding,ID4528,Fluxicon Disco,Variant 211,211,2012-03-01T01:49:00.000,2012-03-01T01:02:00.000
Round Grinding,Case92,ID4618,Round Grinding,ID4618,Fluxicon Disco,Variant 211,211,2012-03-05T23:58:00.000,2012-03-05T17:26:00.000
Round Grinding,Case92,ID4618,Round Grinding,ID4618,Fluxicon Disco,Variant 211,211,2012-03-06T16:27:00.000,2012-03-06T14:00:00.000
Packing,Case92,ID4820,Packing,ID4820,Fluxicon Disco,Variant 211,211,2012-03-07T07:00:00.000,2012-03-07T06:00:00.000
End,Case92,End,End,End,Fluxicon Disco,Variant 211,211,2012-03-07T07:00:00.000,2012-03-07T07:00:00.000
Start,Case93,Start,Start,Start,Fluxicon Disco,Variant 212,212,2012-02-15T13:21:00.000,2012-02-15T13:21:00.000
Turning,Case93,ID0997,Turning,ID0997,Fluxicon Disco,Variant 212,212,2012-02-15T18:18:00.000,2012-02-15T13:21:00.000
Turning,Case93,ID0997,Turning,ID0997,Fluxicon Disco,Variant 212,212,2012-02-15T21:56:00.000,2012-02-15T18:08:00.000
Turning,Case93,ID4219,Turning,ID4219,Fluxicon Disco,Variant 212,212,2012-02-16T01:17:00.000,2012-02-15T22:45:00.000
Turning,Case93,ID4219,Turning,ID4219,Fluxicon Disco,Variant 212,212,2012-02-16T02:30:00.000,2012-02-16T01:18:00.000
Turning,Case93,ID4219,Turning,ID4219,Fluxicon Disco,Variant 212,212,2012-02-16T05:15:00.000,2012-02-16T02:30:00.000
Turning Q.C.,Case93,ID4163,Turning Q.C.,ID4163,Fluxicon Disco,Variant 212,212,2012-02-16T13:15:00.000,2012-02-16T13:00:00.000
Stress Relief,Case93,ID3998,Stress Relief,ID3998,Fluxicon Disco,Variant 212,212,2012-02-16T15:15:00.000,2012-02-16T13:15:00.000
Turning & Milling,Case93,ID4641,Turning & Milling,ID4641,Fluxicon Disco,Variant 212,212,2012-03-13T21:55:00.000,2012-03-13T16:27:00.000
Turning & Milling,Case93,ID4132,Turning & Milling,ID4132,Fluxicon Disco,Variant 212,212,2012-03-14T03:23:00.000,2012-03-13T22:05:00.000
Turning & Milling,Case93,ID4641,Turning & Milling,ID4641,Fluxicon Disco,Variant 212,212,2012-03-14T14:04:00.000,2012-03-14T13:12:00.000
Turning & Milling,Case93,ID4641,Turning & Milling,ID4641,Fluxicon Disco,Variant 212,212,2012-03-14T21:39:00.000,2012-03-14T17:00:00.000
Turning & Milling Q.C.,Case93,ID4287,Turning & Milling Q.C.,ID4287,Fluxicon Disco,Variant 212,212,2012-03-14T23:57:00.000,2012-03-14T20:30:00.000
Turning & Milling Q.C.,Case93,ID4287,Turning & Milling Q.C.,ID4287,Fluxicon Disco,Variant 212,212,2012-03-15T20:00:00.000,2012-03-15T14:04:00.000
Turning & Milling,Case93,ID4132,Turning & Milling,ID4132,Fluxicon Disco,Variant 212,212,2012-03-16T05:27:00.000,2012-03-15T22:09:00.000
Turning & Milling Q.C.,Case93,ID4287,Turning & Milling Q.C.,ID4287,Fluxicon Disco,Variant 212,212,2012-03-16T18:45:00.000,2012-03-16T15:09:00.000
Turning & Milling,Case93,ID4641,Turning & Milling,ID4641,Fluxicon Disco,Variant 212,212,2012-03-18T12:50:00.000,2012-03-18T05:43:00.000
Turning & Milling Q.C.,Case93,ID4287,Turning & Milling Q.C.,ID4287,Fluxicon Disco,Variant 212,212,2012-03-18T18:00:00.000,2012-03-18T14:00:00.000
Turning & Milling,Case93,ID4132,Turning & Milling,ID4132,Fluxicon Disco,Variant 212,212,2012-03-18T21:39:00.000,2012-03-18T15:06:00.000
Turning & Milling Q.C.,Case93,ID4287,Turning & Milling Q.C.,ID4287,Fluxicon Disco,Variant 212,212,2012-03-19T17:30:00.000,2012-03-19T14:00:00.000
Lapping,Case93,ID0998,Lapping,ID0998,Fluxicon Disco,Variant 212,212,2012-03-19T22:00:00.000,2012-03-19T20:00:00.000
Round Grinding,Case93,ID4385,Round Grinding,ID4385,Fluxicon Disco,Variant 212,212,2012-03-20T13:59:00.000,2012-03-20T13:18:00.000
Round Grinding,Case93,ID4385,Round Grinding,ID4385,Fluxicon Disco,Variant 212,212,2012-03-20T18:50:00.000,2012-03-20T16:04:00.000
Round Grinding,Case93,ID4385,Round Grinding,ID4385,Fluxicon Disco,Variant 212,212,2012-03-20T23:06:00.000,2012-03-20T19:00:00.000
Round Grinding,Case93,ID4385,Round Grinding,ID4385,Fluxicon Disco,Variant 212,212,2012-03-21T01:13:00.000,2012-03-20T23:06:00.000
Round Grinding,Case93,ID4355,Round Grinding,ID4355,Fluxicon Disco,Variant 212,212,2012-03-21T08:36:00.000,2012-03-21T02:13:00.000
Round Grinding,Case93,ID4163,Round Grinding,ID4163,Fluxicon Disco,Variant 212,212,2012-03-21T14:40:00.000,2012-03-21T13:00:00.000
Round Grinding,Case93,ID4163,Round Grinding,ID4163,Fluxicon Disco,Variant 212,212,2012-03-21T18:00:00.000,2012-03-21T15:00:00.000
Round Grinding,Case93,ID4163,Round Grinding,ID4163,Fluxicon Disco,Variant 212,212,2012-03-22T13:02:00.000,2012-03-22T13:01:00.000
Lapping,Case93,ID4528,Lapping,ID4528,Fluxicon Disco,Variant 212,212,2012-03-27T02:44:00.000,2012-03-27T01:22:00.000
Round Grinding,Case93,ID4385,Round Grinding,ID4385,Fluxicon Disco,Variant 212,212,2012-03-27T06:04:00.000,2012-03-27T03:18:00.000
Round Grinding,Case93,ID4385,Round Grinding,ID4385,Fluxicon Disco,Variant 212,212,2012-03-27T10:01:00.000,2012-03-27T06:05:00.000
Round Grinding,Case93,ID4385,Round Grinding,ID4385,Fluxicon Disco,Variant 212,212,2012-03-27T11:44:00.000,2012-03-27T10:01:00.000
Round Grinding,Case93,ID4355,Round Grinding,ID4355,Fluxicon Disco,Variant 212,212,2012-03-27T19:30:00.000,2012-03-27T14:00:00.000
Round Grinding,Case93,ID4163,Round Grinding,ID4163,Fluxicon Disco,Variant 212,212,2012-03-28T19:50:00.000,2012-03-28T18:45:00.000
Round Grinding,Case93,ID4163,Round Grinding,ID4163,Fluxicon Disco,Variant 212,212,2012-03-29T01:01:00.000,2012-03-28T20:20:00.000
Packing,Case93,ID4291,Packing,ID4291,Fluxicon Disco,Variant 212,212,2012-03-29T08:00:00.000,2012-03-29T07:00:00.000
Final Inspection Q.C.,Case93,ID4163,Final Inspection Q.C.,ID4163,Fluxicon Disco,Variant 212,212,2012-03-29T19:50:00.000,2012-03-29T16:00:00.000
Laser Marking,Case93,ID0998,Laser Marking,ID0998,Fluxicon Disco,Variant 212,212,2012-03-29T21:30:00.000,2012-03-29T19:51:00.000
Final Inspection Q.C.,Case93,ID4163,Final Inspection Q.C.,ID4163,Fluxicon Disco,Variant 212,212,2012-03-29T22:57:00.000,2012-03-29T20:20:00.000
Final Inspection Q.C.,Case93,ID4163,Final Inspection Q.C.,ID4163,Fluxicon Disco,Variant 212,212,2012-03-30T00:00:00.000,2012-03-29T22:57:00.000
Packing,Case93,ID4491,Packing,ID4491,Fluxicon Disco,Variant 212,212,2012-03-30T08:00:00.000,2012-03-30T07:00:00.000
Final Inspection Q.C.,Case93,ID4163,Final Inspection Q.C.,ID4163,Fluxicon Disco,Variant 212,212,2012-03-30T14:20:00.000,2012-03-30T14:00:00.000
End,Case93,End,End,End,Fluxicon Disco,Variant 212,212,2012-03-30T14:20:00.000,2012-03-30T14:20:00.000
Start,Case95,Start,Start,Start,Fluxicon Disco,Variant 213,213,2012-02-27T20:06:00.000,2012-02-27T20:06:00.000
Turning & Milling,Case95,ID4529,Turning & Milling,ID4529,Fluxicon Disco,Variant 213,213,2012-02-27T21:50:00.000,2012-02-27T20:06:00.000
Turning & Milling,Case95,ID4932,Turning & Milling,ID4932,Fluxicon Disco,Variant 213,213,2012-02-28T12:17:00.000,2012-02-28T01:46:00.000
Turning & Milling Q.C.,Case95,ID4618,Turning & Milling Q.C.,ID4618,Fluxicon Disco,Variant 213,213,2012-02-28T14:17:00.000,2012-02-28T12:54:00.000
Turning & Milling,Case95,ID4167,Turning & Milling,ID4167,Fluxicon Disco,Variant 213,213,2012-02-28T22:09:00.000,2012-02-28T13:09:00.000
Turning & Milling,Case95,ID4529,Turning & Milling,ID4529,Fluxicon Disco,Variant 213,213,2012-02-28T23:47:00.000,2012-02-28T22:11:00.000
Turning & Milling,Case95,ID4932,Turning & Milling,ID4932,Fluxicon Disco,Variant 213,213,2012-02-29T12:54:00.000,2012-02-29T00:00:00.000
Turning & Milling Q.C.,Case95,ID4618,Turning & Milling Q.C.,ID4618,Fluxicon Disco,Variant 213,213,2012-02-29T13:20:00.000,2012-02-29T12:56:00.000
Turning & Milling,Case95,ID4167,Turning & Milling,ID4167,Fluxicon Disco,Variant 213,213,2012-02-29T14:02:00.000,2012-02-29T13:07:00.000
Turning & Milling,Case95,ID4718,Turning & Milling,ID4718,Fluxicon Disco,Variant 213,213,2012-02-29T22:07:00.000,2012-02-29T13:07:00.000
Turning & Milling,Case95,ID4932,Turning & Milling,ID4932,Fluxicon Disco,Variant 213,213,2012-03-01T12:41:00.000,2012-03-01T02:01:00.000
Turning & Milling,Case95,ID4167,Turning & Milling,ID4167,Fluxicon Disco,Variant 213,213,2012-03-01T22:06:00.000,2012-03-01T12:58:00.000
Turning & Milling,Case95,ID4932,Turning & Milling,ID4932,Fluxicon Disco,Variant 213,213,2012-03-02T12:44:00.000,2012-03-02T02:19:00.000
Turning & Milling,Case95,ID4167,Turning & Milling,ID4167,Fluxicon Disco,Variant 213,213,2012-03-02T18:45:00.000,2012-03-02T12:44:00.000
Turning & Milling,Case95,ID4529,Turning & Milling,ID4529,Fluxicon Disco,Variant 213,213,2012-03-04T01:57:00.000,2012-03-03T18:57:00.000
Turning & Milling,Case95,ID4641,Turning & Milling,ID4641,Fluxicon Disco,Variant 213,213,2012-03-04T12:47:00.000,2012-03-04T04:23:00.000
Turning & Milling,Case95,ID4932,Turning & Milling,ID4932,Fluxicon Disco,Variant 213,213,2012-03-04T17:11:00.000,2012-03-04T12:56:00.000
Turning & Milling Q.C.,Case95,ID4618,Turning & Milling Q.C.,ID4618,Fluxicon Disco,Variant 213,213,2012-03-04T15:23:00.000,2012-03-04T13:16:00.000
Turning & Milling Q.C.,Case95,ID4618,Turning & Milling Q.C.,ID4618,Fluxicon Disco,Variant 213,213,2012-03-05T13:39:00.000,2012-03-05T13:38:00.000
Turning & Milling Q.C.,Case95,ID4618,Turning & Milling Q.C.,ID4618,Fluxicon Disco,Variant 213,213,2012-03-06T12:57:00.000,2012-03-06T12:56:00.000
Turning & Milling,Case95,ID4932,Turning & Milling,ID4932,Fluxicon Disco,Variant 213,213,2012-03-06T14:16:00.000,2012-03-06T14:15:00.000
Turning & Milling Q.C.,Case95,ID4618,Turning & Milling Q.C.,ID4618,Fluxicon Disco,Variant 213,213,2012-03-06T15:32:00.000,2012-03-06T14:17:00.000
Laser Marking,Case95,ID4872,Laser Marking,ID4872,Fluxicon Disco,Variant 213,213,2012-03-12T18:39:00.000,2012-03-12T18:00:00.000
Laser Marking,Case95,ID4882,Laser Marking,ID4882,Fluxicon Disco,Variant 213,213,2012-03-12T23:39:00.000,2012-03-12T23:19:00.000
Laser Marking,Case95,ID0420,Laser Marking,ID0420,Fluxicon Disco,Variant 213,213,2012-03-13T10:48:00.000,2012-03-13T09:20:00.000
Laser Marking,Case95,ID4882,Laser Marking,ID4882,Fluxicon Disco,Variant 213,213,2012-03-13T14:03:00.000,2012-03-13T13:19:00.000
Lapping,Case95,ID4882,Lapping,ID4882,Fluxicon Disco,Variant 213,213,2012-03-20T20:54:00.000,2012-03-20T19:51:00.000
Lapping,Case95,ID0998,Lapping,ID0998,Fluxicon Disco,Variant 213,213,2012-03-20T23:53:00.000,2012-03-20T21:51:00.000
Lapping,Case95,ID4882,Lapping,ID4882,Fluxicon Disco,Variant 213,213,2012-03-21T07:15:00.000,2012-03-21T06:00:00.000
Lapping,Case95,ID4882,Lapping,ID4882,Fluxicon Disco,Variant 213,213,2012-03-21T07:15:00.000,2012-03-21T06:00:00.000
Lapping,Case95,ID4882,Lapping,ID4882,Fluxicon Disco,Variant 213,213,2012-03-21T19:23:00.000,2012-03-21T19:21:00.000
Lapping,Case95,ID0998,Lapping,ID0998,Fluxicon Disco,Variant 213,213,2012-03-21T22:18:00.000,2012-03-21T22:01:00.000
Lapping,Case95,ID4445,Lapping,ID4445,Fluxicon Disco,Variant 213,213,2012-03-22T06:55:00.000,2012-03-22T02:28:00.000
Round Grinding,Case95,ID4445,Round Grinding,ID4445,Fluxicon Disco,Variant 213,213,2012-03-23T12:08:00.000,2012-03-23T10:09:00.000
Round Grinding,Case95,ID4445,Round Grinding,ID4445,Fluxicon Disco,Variant 213,213,2012-03-23T12:47:00.000,2012-03-23T12:09:00.000
Turning & Milling Q.C.,Case95,ID4618,Turning & Milling Q.C.,ID4618,Fluxicon Disco,Variant 213,213,2012-03-23T18:15:00.000,2012-03-23T12:50:00.000
Round Grinding,Case95,ID0420,Round Grinding,ID0420,Fluxicon Disco,Variant 213,213,2012-03-23T13:24:00.000,2012-03-23T12:50:00.000
Round Grinding,Case95,ID4445,Round Grinding,ID4445,Fluxicon Disco,Variant 213,213,2012-03-25T22:57:00.000,2012-03-25T15:39:00.000
Round Grinding,Case95,ID4355,Round Grinding,ID4355,Fluxicon Disco,Variant 213,213,2012-03-26T00:58:00.000,2012-03-25T23:14:00.000
Round Grinding,Case95,ID0420,Round Grinding,ID0420,Fluxicon Disco,Variant 213,213,2012-03-26T06:30:00.000,2012-03-26T03:00:00.000
Round Grinding,Case95,ID0420,Round Grinding,ID0420,Fluxicon Disco,Variant 213,213,2012-03-26T13:40:00.000,2012-03-26T06:45:00.000
Round Grinding,Case95,ID4445,Round Grinding,ID4445,Fluxicon Disco,Variant 213,213,2012-03-27T00:43:00.000,2012-03-26T14:00:00.000
Round Grinding,Case36,ID4385,Round Grinding,ID4385,Fluxicon Disco,Variant 155,155,2012-03-30T06:54:00.000,2012-03-30T04:09:00.000
Grinding Rework,Case36,ID4528,Grinding Rework,ID4528,Fluxicon Disco,Variant 155,155,2012-03-30T06:45:00.000,2012-03-30T05:20:00.000
Grinding Rework,Case36,ID4872,Grinding Rework,ID4872,Fluxicon Disco,Variant 155,155,2012-03-30T18:45:00.000,2012-03-30T14:00:00.000
End,Case36,End,End,End,Fluxicon Disco,Variant 155,155,2012-03-30T18:45:00.000,2012-03-30T18:45:00.000
Start,Case37,Start,Start,Start,Fluxicon Disco,Variant 156,156,2012-01-30T15:47:00.000,2012-01-30T15:47:00.000
Turning & Milling,Case37,ID0997,Turning & Milling,ID0997,Fluxicon Disco,Variant 156,156,2012-01-30T20:46:00.000,2012-01-30T15:47:00.000
Turning,Case37,ID4641,Turning,ID4641,Fluxicon Disco,Variant 156,156,2012-01-30T20:19:00.000,2012-01-30T16:20:00.000
Turning & Milling,Case37,ID0997,Turning & Milling,ID0997,Fluxicon Disco,Variant 156,156,2012-01-31T00:02:00.000,2012-01-30T20:47:00.000
Turning & Milling,Case37,ID4794,Turning & Milling,ID4794,Fluxicon Disco,Variant 156,156,2012-01-31T12:45:00.000,2012-01-31T02:04:00.000
Turning & Milling,Case37,ID4783,Turning & Milling,ID4783,Fluxicon Disco,Variant 156,156,2012-02-01T00:00:00.000,2012-01-31T13:00:00.000
Turning & Milling,Case37,ID0997,Turning & Milling,ID0997,Fluxicon Disco,Variant 156,156,2012-02-01T22:39:00.000,2012-02-01T13:00:00.000
Turning & Milling,Case37,ID0997,Turning & Milling,ID0997,Fluxicon Disco,Variant 156,156,2012-02-01T23:57:00.000,2012-02-01T22:39:00.000
Turning & Milling,Case37,ID4932,Turning & Milling,ID4932,Fluxicon Disco,Variant 156,156,2012-02-02T09:48:00.000,2012-02-02T03:19:00.000
Flat Grinding,Case37,ID0998,Flat Grinding,ID0998,Fluxicon Disco,Variant 156,156,2012-02-03T16:00:00.000,2012-02-03T14:00:00.000
Turning & Milling Q.C.,Case37,ID4618,Turning & Milling Q.C.,ID4618,Fluxicon Disco,Variant 156,156,2012-02-06T13:42:00.000,2012-02-06T13:41:00.000
Round Grinding,Case37,ID0420,Round Grinding,ID0420,Fluxicon Disco,Variant 156,156,2012-02-12T11:00:00.000,2012-02-12T06:00:00.000
Lapping,Case37,ID0998,Lapping,ID0998,Fluxicon Disco,Variant 156,156,2012-02-12T21:26:00.000,2012-02-12T18:06:00.000
Round Grinding,Case37,ID4385,Round Grinding,ID4385,Fluxicon Disco,Variant 156,156,2012-02-13T04:30:00.000,2012-02-13T02:00:00.000
Round Grinding,Case37,ID4385,Round Grinding,ID4385,Fluxicon Disco,Variant 156,156,2012-02-13T05:30:00.000,2012-02-13T04:30:00.000
Round Grinding,Case37,ID4355,Round Grinding,ID4355,Fluxicon Disco,Variant 156,156,2012-02-13T15:08:00.000,2012-02-13T13:00:00.000
Laser Marking,Case37,ID4618,Laser Marking,ID4618,Fluxicon Disco,Variant 156,156,2012-02-21T07:15:00.000,2012-02-21T06:00:00.000
Round Grinding,Case37,ID4618,Round Grinding,ID4618,Fluxicon Disco,Variant 156,156,2012-02-21T07:15:00.000,2012-02-21T06:00:00.000
Laser Marking,Case37,ID0998,Laser Marking,ID0998,Fluxicon Disco,Variant 156,156,2012-02-21T20:00:00.000,2012-02-21T19:59:00.000
Final Inspection Q.C.,Case37,ID4618,Final Inspection Q.C.,ID4618,Fluxicon Disco,Variant 156,156,2012-02-21T22:34:00.000,2012-02-21T22:17:00.000
Final Inspection Q.C.,Case37,ID4618,Final Inspection Q.C.,ID4618,Fluxicon Disco,Variant 156,156,2012-02-21T22:35:00.000,2012-02-21T22:18:00.000
Packing,Case37,ID4820,Packing,ID4820,Fluxicon Disco,Variant 156,156,2012-02-22T07:00:00.000,2012-02-22T06:00:00.000
End,Case37,End,End,End,Fluxicon Disco,Variant 156,156,2012-02-22T07:00:00.000,2012-02-22T07:00:00.000
Start,Case38,Start,Start,Start,Fluxicon Disco,Variant 157,157,2012-02-01T17:29:00.000,2012-02-01T17:29:00.000
Turning & Milling,Case38,ID4167,Turning & Milling,ID4167,Fluxicon Disco,Variant 157,157,2012-02-01T22:02:00.000,2012-02-01T17:29:00.000
Turning & Milling,Case38,ID4429,Turning & Milling,ID4429,Fluxicon Disco,Variant 157,157,2012-02-01T22:43:00.000,2012-02-01T22:02:00.000
Turning & Milling,Case38,ID4932,Turning & Milling,ID4932,Fluxicon Disco,Variant 157,157,2012-02-02T03:18:00.000,2012-02-02T01:46:00.000
Turning & Milling,Case38,ID4932,Turning & Milling,ID4932,Fluxicon Disco,Variant 157,157,2012-02-02T04:56:00.000,2012-02-02T03:18:00.000
Turning & Milling,Case38,ID4932,Turning & Milling,ID4932,Fluxicon Disco,Variant 157,157,2012-02-02T05:38:00.000,2012-02-02T04:57:00.000
Turning & Milling,Case38,ID4932,Turning & Milling,ID4932,Fluxicon Disco,Variant 157,157,2012-02-02T12:44:00.000,2012-02-02T05:39:00.000
Turning & Milling,Case38,ID0997,Turning & Milling,ID0997,Fluxicon Disco,Variant 157,157,2012-02-02T15:13:00.000,2012-02-02T14:08:00.000
Turning & Milling,Case38,ID0997,Turning & Milling,ID0997,Fluxicon Disco,Variant 157,157,2012-02-02T15:23:00.000,2012-02-02T14:09:00.000
Turning & Milling,Case38,ID4167,Turning & Milling,ID4167,Fluxicon Disco,Variant 157,157,2012-02-02T22:08:00.000,2012-02-02T15:23:00.000
Turning & Milling,Case38,ID4429,Turning & Milling,ID4429,Fluxicon Disco,Variant 157,157,2012-02-03T01:44:00.000,2012-02-02T22:14:00.000
Turning & Milling,Case38,ID4932,Turning & Milling,ID4932,Fluxicon Disco,Variant 157,157,2012-02-03T06:06:00.000,2012-02-03T01:47:00.000
Turning & Milling Q.C.,Case38,ID4493,Turning & Milling Q.C.,ID4493,Fluxicon Disco,Variant 157,157,2012-02-05T17:29:00.000,2012-02-05T15:28:00.000
Laser Marking,Case38,ID0998,Laser Marking,ID0998,Fluxicon Disco,Variant 157,157,2012-02-06T15:39:00.000,2012-02-06T14:20:00.000
Lapping,Case38,ID4882,Lapping,ID4882,Fluxicon Disco,Variant 157,157,2012-03-04T07:15:00.000,2012-03-04T06:00:00.000
Lapping,Case38,ID0998,Lapping,ID0998,Fluxicon Disco,Variant 157,157,2012-03-04T22:56:00.000,2012-03-04T17:34:00.000
Round Grinding,Case38,ID4385,Round Grinding,ID4385,Fluxicon Disco,Variant 157,157,2012-03-04T23:56:00.000,2012-03-04T22:24:00.000
Round Grinding,Case38,ID4445,Round Grinding,ID4445,Fluxicon Disco,Variant 157,157,2012-03-05T13:11:00.000,2012-03-05T02:26:00.000
Round Grinding,Case38,ID4385,Round Grinding,ID4385,Fluxicon Disco,Variant 157,157,2012-03-05T21:45:00.000,2012-03-05T13:10:00.000
Final Inspection Q.C.,Case38,ID4493,Final Inspection Q.C.,ID4493,Fluxicon Disco,Variant 157,157,2012-03-09T18:03:00.000,2012-03-09T13:25:00.000
Final Inspection Q.C.,Case38,ID4493,Final Inspection Q.C.,ID4493,Fluxicon Disco,Variant 157,157,2012-03-13T23:44:00.000,2012-03-13T22:44:00.000
Packing,Case38,ID4820,Packing,ID4820,Fluxicon Disco,Variant 157,157,2012-03-14T07:00:00.000,2012-03-14T06:00:00.000
Final Inspection Q.C.,Case38,ID4493,Final Inspection Q.C.,ID4493,Fluxicon Disco,Variant 157,157,2012-03-14T12:54:00.000,2012-03-14T12:53:00.000
Packing,Case38,ID4820,Packing,ID4820,Fluxicon Disco,Variant 157,157,2012-03-28T08:00:00.000,2012-03-28T07:00:00.000
Grinding Rework,Case38,ID4872,Grinding Rework,ID4872,Fluxicon Disco,Variant 157,157,2012-03-28T18:27:00.000,2012-03-28T17:05:00.000
Final Inspection Q.C.,Case38,ID4493,Final Inspection Q.C.,ID4493,Fluxicon Disco,Variant 157,157,2012-03-28T18:51:00.000,2012-03-28T17:36:00.000
End,Case38,End,End,End,Fluxicon Disco,Variant 157,157,2012-03-28T18:51:00.000,2012-03-28T18:51:00.000
Start,Case39,Start,Start,Start,Fluxicon Disco,Variant 158,158,2012-02-13T13:39:00.000,2012-02-13T13:39:00.000
Turning & Milling,Case39,ID4641,Turning & Milling,ID4641,Fluxicon Disco,Variant 158,158,2012-02-13T21:22:00.000,2012-02-13T13:39:00.000
Turning & Milling,Case39,ID4641,Turning & Milling,ID4641,Fluxicon Disco,Variant 158,158,2012-02-14T17:01:00.000,2012-02-14T13:53:00.000
Turning & Milling Q.C.,Case39,ID4287,Turning & Milling Q.C.,ID4287,Fluxicon Disco,Variant 158,158,2012-02-14T16:13:00.000,2012-02-14T15:00:00.000
Turning & Milling,Case39,ID4641,Turning & Milling,ID4641,Fluxicon Disco,Variant 158,158,2012-02-14T20:10:00.000,2012-02-14T17:02:00.000
Turning & Milling Q.C.,Case39,ID4287,Turning & Milling Q.C.,ID4287,Fluxicon Disco,Variant 158,158,2012-02-14T20:10:00.000,2012-02-14T19:20:00.000
Round Grinding,Case95,ID0420,Round Grinding,ID0420,Fluxicon Disco,Variant 213,213,2012-03-27T13:44:00.000,2012-03-27T03:19:00.000
Round Grinding,Case95,ID4445,Round Grinding,ID4445,Fluxicon Disco,Variant 213,213,2012-03-27T23:00:00.000,2012-03-27T14:10:00.000
Final Inspection Q.C.,Case95,ID4618,Final Inspection Q.C.,ID4618,Fluxicon Disco,Variant 213,213,2012-03-27T16:35:00.000,2012-03-27T14:27:00.000
Round Grinding,Case95,ID0420,Round Grinding,ID0420,Fluxicon Disco,Variant 213,213,2012-03-28T09:58:00.000,2012-03-28T03:12:00.000
Round Grinding,Case95,ID0420,Round Grinding,ID0420,Fluxicon Disco,Variant 213,213,2012-03-28T12:45:00.000,2012-03-28T10:54:00.000
Final Inspection Q.C.,Case95,ID4618,Final Inspection Q.C.,ID4618,Fluxicon Disco,Variant 213,213,2012-03-28T17:36:00.000,2012-03-28T14:47:00.000
Final Inspection Q.C.,Case95,ID4618,Final Inspection Q.C.,ID4618,Fluxicon Disco,Variant 213,213,2012-03-28T18:49:00.000,2012-03-28T17:37:00.000
Final Inspection Q.C.,Case95,ID4618,Final Inspection Q.C.,ID4618,Fluxicon Disco,Variant 213,213,2012-03-28T19:39:00.000,2012-03-28T19:38:00.000
Packing,Case95,ID4491,Packing,ID4491,Fluxicon Disco,Variant 213,213,2012-03-30T08:00:00.000,2012-03-30T07:00:00.000
End,Case95,End,End,End,Fluxicon Disco,Variant 213,213,2012-03-30T08:00:00.000,2012-03-30T08:00:00.000
Start,Case96,Start,Start,Start,Fluxicon Disco,Variant 214,214,2012-03-18T18:00:00.000,2012-03-18T18:00:00.000
Turning & Milling Q.C.,Case96,ID4287,Turning & Milling Q.C.,ID4287,Fluxicon Disco,Variant 214,214,2012-03-18T19:53:00.000,2012-03-18T18:00:00.000
Turning & Milling Q.C.,Case96,ID4287,Turning & Milling Q.C.,ID4287,Fluxicon Disco,Variant 214,214,2012-03-28T00:41:00.000,2012-03-27T22:12:00.000
Lapping,Case96,ID4882,Lapping,ID4882,Fluxicon Disco,Variant 214,214,2012-03-28T08:15:00.000,2012-03-28T07:00:00.000
Lapping,Case96,ID4882,Lapping,ID4882,Fluxicon Disco,Variant 214,214,2012-03-28T17:13:00.000,2012-03-28T16:04:00.000
Laser Marking,Case96,ID4718,Laser Marking,ID4718,Fluxicon Disco,Variant 214,214,2012-03-28T19:00:00.000,2012-03-28T16:30:00.000
Lapping,Case96,ID0998,Lapping,ID0998,Fluxicon Disco,Variant 214,214,2012-03-28T20:22:00.000,2012-03-28T17:40:00.000
Packing,Case96,ID4291,Packing,ID4291,Fluxicon Disco,Variant 214,214,2012-03-29T08:00:00.000,2012-03-29T07:00:00.000
Packing,Case96,ID4820,Packing,ID4820,Fluxicon Disco,Variant 214,214,2012-03-29T08:00:00.000,2012-03-29T07:00:00.000
Final Inspection Q.C.,Case96,ID4287,Final Inspection Q.C.,ID4287,Fluxicon Disco,Variant 214,214,2012-03-29T15:40:00.000,2012-03-29T14:00:00.000
End,Case96,End,End,End,Fluxicon Disco,Variant 214,214,2012-03-29T15:40:00.000,2012-03-29T15:40:00.000
Start,Case97,Start,Start,Start,Fluxicon Disco,Variant 215,215,2012-03-09T17:30:00.000,2012-03-09T17:30:00.000
Turning & Milling Q.C.,Case97,ID4287,Turning & Milling Q.C.,ID4287,Fluxicon Disco,Variant 215,215,2012-03-09T18:45:00.000,2012-03-09T17:30:00.000
Laser Marking,Case97,ID4445,Laser Marking,ID4445,Fluxicon Disco,Variant 215,215,2012-03-11T21:53:00.000,2012-03-11T20:56:00.000
Laser Marking,Case97,ID4882,Laser Marking,ID4882,Fluxicon Disco,Variant 215,215,2012-03-11T22:48:00.000,2012-03-11T22:02:00.000
Lapping,Case97,ID4882,Lapping,ID4882,Fluxicon Disco,Variant 215,215,2012-03-12T07:15:00.000,2012-03-12T06:00:00.000
Lapping,Case97,ID4882,Lapping,ID4882,Fluxicon Disco,Variant 215,215,2012-03-12T07:15:00.000,2012-03-12T06:00:00.000
Flat Grinding,Case97,ID0998,Flat Grinding,ID0998,Fluxicon Disco,Variant 215,215,2012-03-12T17:19:00.000,2012-03-12T17:18:00.000
Lapping,Case97,ID0998,Lapping,ID0998,Fluxicon Disco,Variant 215,215,2012-03-12T20:10:00.000,2012-03-12T17:19:00.000
Final Inspection Q.C.,Case97,ID4287,Final Inspection Q.C.,ID4287,Fluxicon Disco,Variant 215,215,2012-03-18T21:00:00.000,2012-03-18T19:54:00.000
Final Inspection Q.C.,Case97,ID4287,Final Inspection Q.C.,ID4287,Fluxicon Disco,Variant 215,215,2012-03-19T22:00:00.000,2012-03-19T19:39:00.000
Packing,Case97,ID4820,Packing,ID4820,Fluxicon Disco,Variant 215,215,2012-03-22T07:00:00.000,2012-03-22T06:00:00.000
Packing,Case97,ID4820,Packing,ID4820,Fluxicon Disco,Variant 215,215,2012-03-22T07:00:00.000,2012-03-22T06:00:00.000
Final Inspection Q.C.,Case97,ID4287,Final Inspection Q.C.,ID4287,Fluxicon Disco,Variant 215,215,2012-03-22T14:40:00.000,2012-03-22T14:00:00.000
End,Case97,End,End,End,Fluxicon Disco,Variant 215,215,2012-03-22T14:40:00.000,2012-03-22T14:40:00.000
Start,Case98,Start,Start,Start,Fluxicon Disco,Variant 216,216,2012-03-28T17:00:00.000,2012-03-28T17:00:00.000
Turning & Milling Q.C.,Case98,ID4287,Turning & Milling Q.C.,ID4287,Fluxicon Disco,Variant 216,216,2012-03-28T19:38:00.000,2012-03-28T17:00:00.000
Laser Marking,Case98,ID4718,Laser Marking,ID4718,Fluxicon Disco,Variant 216,216,2012-03-28T22:30:00.000,2012-03-28T22:00:00.000
Laser Marking,Case98,ID4882,Laser Marking,ID4882,Fluxicon Disco,Variant 216,216,2012-03-29T15:20:00.000,2012-03-29T14:25:00.000
Laser Marking,Case98,ID4718,Laser Marking,ID4718,Fluxicon Disco,Variant 216,216,2012-03-29T16:30:00.000,2012-03-29T16:00:00.000
End,Case98,End,End,End,Fluxicon Disco,Variant 216,216,2012-03-29T16:30:00.000,2012-03-29T16:30:00.000
Start,Case99,Start,Start,Start,Fluxicon Disco,Variant 217,217,2012-03-22T17:59:00.000,2012-03-22T17:59:00.000
Turning & Milling Q.C.,Case99,ID4618,Turning & Milling Q.C.,ID4618,Fluxicon Disco,Variant 217,217,2012-03-22T22:03:00.000,2012-03-22T17:59:00.000
Turning & Milling Q.C.,Case99,ID4618,Turning & Milling Q.C.,ID4618,Fluxicon Disco,Variant 217,217,2012-03-23T17:25:00.000,2012-03-23T17:13:00.000
Turning & Milling Q.C.,Case99,ID4618,Turning & Milling Q.C.,ID4618,Fluxicon Disco,Variant 217,217,2012-03-25T20:27:00.000,2012-03-25T19:12:00.000
Lapping,Case99,ID4882,Lapping,ID4882,Fluxicon Disco,Variant 217,217,2012-03-26T08:15:00.000,2012-03-26T07:00:00.000
Laser Marking,Case99,ID0998,Laser Marking,ID0998,Fluxicon Disco,Variant 217,217,2012-03-26T17:12:00.000,2012-03-26T16:14:00.000
Lapping,Case99,ID0998,Lapping,ID0998,Fluxicon Disco,Variant 217,217,2012-03-26T19:12:00.000,2012-03-26T17:12:00.000
Final Inspection Q.C.,Case99,ID4618,Final Inspection Q.C.,ID4618,Fluxicon Disco,Variant 217,217,2012-03-29T00:59:00.000,2012-03-29T00:35:00.000
Final Inspection Q.C.,Case99,ID4618,Final Inspection Q.C.,ID4618,Fluxicon Disco,Variant 217,217,2012-03-29T18:54:00.000,2012-03-29T15:00:00.000
Packing,Case99,ID4820,Packing,ID4820,Fluxicon Disco,Variant 217,217,2012-03-30T08:00:00.000,2012-03-30T07:00:00.000
End,Case99,End,End,End,Fluxicon Disco,Variant 217,217,2012-03-30T08:00:00.000,2012-03-30T08:00:00.000
Final Inspection Q.C.,Case242,ID4287,Final Inspection Q.C.,ID4287,Fluxicon Disco,Variant 111,111,2012-02-13T18:00:00.000,2012-02-13T16:00:00.000
Round Grinding,Case242,ID4528,Round Grinding,ID4528,Fluxicon Disco,Variant 111,111,2012-02-14T10:53:00.000,2012-02-14T02:09:00.000
Round Grinding,Case242,ID4528,Round Grinding,ID4528,Fluxicon Disco,Variant 111,111,2012-02-14T10:53:00.000,2012-02-14T02:33:00.000
Packing,Case242,ID4820,Packing,ID4820,Fluxicon Disco,Variant 111,111,2012-02-14T07:00:00.000,2012-02-14T06:00:00.000
Final Inspection Q.C.,Case242,ID4287,Final Inspection Q.C.,ID4287,Fluxicon Disco,Variant 111,111,2012-02-14T13:19:00.000,2012-02-14T13:00:00.000
Final Inspection Q.C.,Case242,ID4287,Final Inspection Q.C.,ID4287,Fluxicon Disco,Variant 111,111,2012-02-16T21:30:00.000,2012-02-16T19:30:00.000
Packing,Case242,ID4820,Packing,ID4820,Fluxicon Disco,Variant 111,111,2012-02-17T07:00:00.000,2012-02-17T06:00:00.000
Final Inspection Q.C.,Case242,ID4287,Final Inspection Q.C.,ID4287,Fluxicon Disco,Variant 111,111,2012-02-17T15:30:00.000,2012-02-17T15:00:00.000
End,Case242,End,End,End,Fluxicon Disco,Variant 111,111,2012-02-17T15:30:00.000,2012-02-17T15:30:00.000
Start,Case243,Start,Start,Start,Fluxicon Disco,Variant 112,112,2012-01-16T08:38:00.000,2012-01-16T08:38:00.000
Turning & Milling,Case243,ID4794,Turning & Milling,ID4794,Fluxicon Disco,Variant 112,112,2012-01-16T12:36:00.000,2012-01-16T08:38:00.000
Turning & Milling,Case243,ID4529,Turning & Milling,ID4529,Fluxicon Disco,Variant 112,112,2012-01-16T17:00:00.000,2012-01-16T13:00:00.000
Turning & Milling Q.C.,Case243,ID4287,Turning & Milling Q.C.,ID4287,Fluxicon Disco,Variant 112,112,2012-01-16T18:48:00.000,2012-01-16T16:30:00.000
Turning & Milling,Case243,ID4529,Turning & Milling,ID4529,Fluxicon Disco,Variant 112,112,2012-01-16T22:39:00.000,2012-01-16T17:01:00.000
Turning & Milling Q.C.,Case243,ID4618,Turning & Milling Q.C.,ID4618,Fluxicon Disco,Variant 112,112,2012-01-17T16:44:00.000,2012-01-17T14:38:00.000
Laser Marking,Case243,ID0998,Laser Marking,ID0998,Fluxicon Disco,Variant 112,112,2012-01-24T20:32:00.000,2012-01-24T19:38:00.000
Lapping,Case243,ID0998,Lapping,ID0998,Fluxicon Disco,Variant 112,112,2012-01-24T22:42:00.000,2012-01-24T20:32:00.000
Round Grinding,Case243,ID4385,Round Grinding,ID4385,Fluxicon Disco,Variant 112,112,2012-01-25T20:36:00.000,2012-01-25T18:09:00.000
Round Grinding,Case243,ID4385,Round Grinding,ID4385,Fluxicon Disco,Variant 112,112,2012-01-25T21:54:00.000,2012-01-25T20:36:00.000
Final Inspection Q.C.,Case243,ID4618,Final Inspection Q.C.,ID4618,Fluxicon Disco,Variant 112,112,2012-01-26T21:18:00.000,2012-01-26T15:21:00.000
Final Inspection Q.C.,Case243,ID4618,Final Inspection Q.C.,ID4618,Fluxicon Disco,Variant 112,112,2012-01-27T18:00:00.000,2012-01-27T13:38:00.000
Packing,Case243,ID4820,Packing,ID4820,Fluxicon Disco,Variant 112,112,2012-01-29T07:00:00.000,2012-01-29T06:00:00.000
Final Inspection Q.C.,Case243,ID4493,Final Inspection Q.C.,ID4493,Fluxicon Disco,Variant 112,112,2012-01-29T14:37:00.000,2012-01-29T13:22:00.000
End,Case243,End,End,End,Fluxicon Disco,Variant 112,112,2012-01-29T14:37:00.000,2012-01-29T14:37:00.000
Start,Case244,Start,Start,Start,Fluxicon Disco,Variant 113,113,2012-01-09T23:15:00.000,2012-01-09T23:15:00.000
Lapping,Case244,ID4528,Lapping,ID4528,Fluxicon Disco,Variant 113,113,2012-01-09T23:49:00.000,2012-01-09T23:15:00.000
Lapping,Case244,ID4528,Lapping,ID4528,Fluxicon Disco,Variant 113,113,2012-01-10T14:12:00.000,2012-01-10T12:57:00.000
Round Grinding,Case244,ID4528,Round Grinding,ID4528,Fluxicon Disco,Variant 113,113,2012-01-10T15:50:00.000,2012-01-10T14:12:00.000
Round Grinding,Case244,ID4528,Round Grinding,ID4528,Fluxicon Disco,Variant 113,113,2012-01-10T21:55:00.000,2012-01-10T15:51:00.000
Round Grinding,Case244,ID4528,Round Grinding,ID4528,Fluxicon Disco,Variant 113,113,2012-01-11T17:19:00.000,2012-01-11T12:57:00.000
Final Inspection Q.C.,Case244,ID4287,Final Inspection Q.C.,ID4287,Fluxicon Disco,Variant 113,113,2012-01-11T18:40:00.000,2012-01-11T17:00:00.000
Round Grinding,Case244,ID4528,Round Grinding,ID4528,Fluxicon Disco,Variant 113,113,2012-01-11T18:38:00.000,2012-01-11T17:20:00.000
Round Grinding,Case244,ID4528,Round Grinding,ID4528,Fluxicon Disco,Variant 113,113,2012-01-11T20:05:00.000,2012-01-11T18:38:00.000
Final Inspection Q.C.,Case244,ID4287,Final Inspection Q.C.,ID4287,Fluxicon Disco,Variant 113,113,2012-01-12T18:30:00.000,2012-01-12T15:00:00.000
Final Inspection Q.C.,Case244,ID4287,Final Inspection Q.C.,ID4287,Fluxicon Disco,Variant 113,113,2012-01-13T18:52:00.000,2012-01-13T18:25:00.000
Packing,Case244,ID4820,Packing,ID4820,Fluxicon Disco,Variant 113,113,2012-01-15T07:00:00.000,2012-01-15T06:00:00.000
End,Case244,End,End,End,Fluxicon Disco,Variant 113,113,2012-01-15T07:00:00.000,2012-01-15T07:00:00.000
Start,Case245,Start,Start,Start,Fluxicon Disco,Variant 114,114,2012-01-19T13:07:00.000,2012-01-19T13:07:00.000
Turning & Milling,Case245,ID3846,Turning & Milling,ID3846,Fluxicon Disco,Variant 114,114,2012-01-19T22:37:00.000,2012-01-19T13:07:00.000
Turning & Milling,Case245,ID3846,Turning & Milling,ID3846,Fluxicon Disco,Variant 114,114,2012-01-20T12:57:00.000,2012-01-19T21:22:00.000
Turning & Milling Q.C.,Case245,ID4163,Turning & Milling Q.C.,ID4163,Fluxicon Disco,Variant 114,114,2012-01-20T00:04:00.000,2012-01-19T22:50:00.000
Turning & Milling,Case245,ID3846,Turning & Milling,ID3846,Fluxicon Disco,Variant 114,114,2012-01-20T17:04:00.000,2012-01-20T15:22:00.000
Turning & Milling,Case245,ID3846,Turning & Milling,ID3846,Fluxicon Disco,Variant 114,114,2012-01-20T18:28:00.000,2012-01-20T17:05:00.000
Turning & Milling,Case245,ID4641,Turning & Milling,ID4641,Fluxicon Disco,Variant 114,114,2012-01-23T09:30:00.000,2012-01-23T02:22:00.000
Turning & Milling,Case245,ID4641,Turning & Milling,ID4641,Fluxicon Disco,Variant 114,114,2012-01-23T11:20:00.000,2012-01-23T09:31:00.000
Turning & Milling Q.C.,Case245,ID4493,Turning & Milling Q.C.,ID4493,Fluxicon Disco,Variant 114,114,2012-01-23T14:43:00.000,2012-01-23T13:43:00.000
Round Grinding,Case187,ID4385,Round Grinding,ID4385,Fluxicon Disco,Variant 63,63,2012-01-17T03:20:00.000,2012-01-17T01:28:00.000
Round Grinding,Case187,ID4385,Round Grinding,ID4385,Fluxicon Disco,Variant 63,63,2012-01-17T05:40:00.000,2012-01-17T03:21:00.000
Final Inspection Q.C.,Case187,ID4493,Final Inspection Q.C.,ID4493,Fluxicon Disco,Variant 63,63,2012-01-19T22:02:00.000,2012-01-19T16:11:00.000
Final Inspection Q.C.,Case187,ID4493,Final Inspection Q.C.,ID4493,Fluxicon Disco,Variant 63,63,2012-01-22T22:01:00.000,2012-01-22T16:14:00.000
Final Inspection Q.C.,Case187,ID4493,Final Inspection Q.C.,ID4493,Fluxicon Disco,Variant 63,63,2012-01-23T22:01:00.000,2012-01-23T16:05:00.000
Final Inspection Q.C.,Case187,ID4493,Final Inspection Q.C.,ID4493,Fluxicon Disco,Variant 63,63,2012-01-24T21:52:00.000,2012-01-24T15:51:00.000
Packing,Case187,ID4820,Packing,ID4820,Fluxicon Disco,Variant 63,63,2012-01-25T07:00:00.000,2012-01-25T06:00:00.000
Final Inspection Q.C.,Case187,ID4493,Final Inspection Q.C.,ID4493,Fluxicon Disco,Variant 63,63,2012-01-25T18:01:00.000,2012-01-25T16:01:00.000
Final Inspection Q.C.,Case187,ID4493,Final Inspection Q.C.,ID4493,Fluxicon Disco,Variant 63,63,2012-01-27T14:00:00.000,2012-01-27T12:49:00.000
Round Grinding,Case187,ID4385,Round Grinding,ID4385,Fluxicon Disco,Variant 63,63,2012-01-29T07:15:00.000,2012-01-29T06:00:00.000
Final Inspection Q.C.,Case187,ID4493,Final Inspection Q.C.,ID4493,Fluxicon Disco,Variant 63,63,2012-01-29T13:05:00.000,2012-01-29T12:50:00.000
Final Inspection Q.C.,Case187,ID4493,Final Inspection Q.C.,ID4493,Fluxicon Disco,Variant 63,63,2012-01-29T13:14:00.000,2012-01-29T13:05:00.000
Final Inspection Q.C.,Case187,ID4493,Final Inspection Q.C.,ID4493,Fluxicon Disco,Variant 63,63,2012-01-29T16:36:00.000,2012-01-29T15:35:00.000
Final Inspection Q.C.,Case187,ID4493,Final Inspection Q.C.,ID4493,Fluxicon Disco,Variant 63,63,2012-01-29T18:19:00.000,2012-01-29T16:24:00.000
Final Inspection Q.C.,Case187,ID4493,Final Inspection Q.C.,ID4493,Fluxicon Disco,Variant 63,63,2012-01-29T19:44:00.000,2012-01-29T19:42:00.000
Packing,Case187,ID4820,Packing,ID4820,Fluxicon Disco,Variant 63,63,2012-01-30T07:00:00.000,2012-01-30T06:00:00.000
Packing,Case187,ID4291,Packing,ID4291,Fluxicon Disco,Variant 63,63,2012-01-31T07:00:00.000,2012-01-31T06:00:00.000
Packing,Case187,ID4491,Packing,ID4491,Fluxicon Disco,Variant 63,63,2012-02-09T07:00:00.000,2012-02-09T06:00:00.000
Final Inspection Q.C.,Case187,ID4493,Final Inspection Q.C.,ID4493,Fluxicon Disco,Variant 63,63,2012-02-09T15:51:00.000,2012-02-09T12:50:00.000
Laser Marking,Case187,ID0998,Laser Marking,ID0998,Fluxicon Disco,Variant 63,63,2012-02-27T07:15:00.000,2012-02-27T06:00:00.000
End,Case187,End,End,End,Fluxicon Disco,Variant 63,63,2012-02-27T07:15:00.000,2012-02-27T07:15:00.000
Start,Case188,Start,Start,Start,Fluxicon Disco,Variant 64,64,2012-01-02T18:15:00.000,2012-01-02T18:15:00.000
Laser Marking,Case188,ID0998,Laser Marking,ID0998,Fluxicon Disco,Variant 64,64,2012-01-02T20:00:00.000,2012-01-02T18:15:00.000
Lapping,Case188,ID4882,Lapping,ID4882,Fluxicon Disco,Variant 64,64,2012-01-02T18:50:00.000,2012-01-02T18:20:00.000
Lapping,Case188,ID4882,Lapping,ID4882,Fluxicon Disco,Variant 64,64,2012-01-02T22:00:00.000,2012-01-02T19:20:00.000
Lapping,Case188,ID0998,Lapping,ID0998,Fluxicon Disco,Variant 64,64,2012-01-02T23:00:00.000,2012-01-02T22:00:00.000
Turning & Milling Q.C.,Case188,ID4618,Turning & Milling Q.C.,ID4618,Fluxicon Disco,Variant 64,64,2012-01-17T17:22:00.000,2012-01-17T17:18:00.000
Round Grinding,Case188,ID4445,Round Grinding,ID4445,Fluxicon Disco,Variant 64,64,2012-02-01T20:34:00.000,2012-02-01T18:24:00.000
Round Grinding,Case188,ID4445,Round Grinding,ID4445,Fluxicon Disco,Variant 64,64,2012-02-01T23:59:00.000,2012-02-01T20:34:00.000
Round Grinding,Case188,ID0420,Round Grinding,ID0420,Fluxicon Disco,Variant 64,64,2012-02-02T12:47:00.000,2012-02-02T02:24:00.000